>>> 13:14:43 TRAIN phase4 TrackA (pre-aligned curriculum)
pybullet build time: Nov 28 2023 23:45:17
[train] phase=4 algo=ppo n_envs=12 steps=4,000,000 frame_stack=3 -> runs/phase4_ppo
pybullet build time: Nov 28 2023 23:45:17
pybullet build time: Nov 28 2023 23:45:17
pybullet build time: Nov 28 2023 23:45:17
pybullet build time: Nov 28 2023 23:45:17
pybullet build time: Nov 28 2023 23:45:17
pybullet build time: Nov 28 2023 23:45:17
pybullet build time: Nov 28 2023 23:45:17
pybullet build time: Nov 28 2023 23:45:17
pybullet build time: Nov 28 2023 23:45:17
pybullet build time: Nov 28 2023 23:45:17
pybullet build time: Nov 28 2023 23:45:17
pybullet build time: Nov 28 2023 23:45:17
[train] warm-starting from runs/phase3_ppo/model.zip
[train] align-curriculum anneal 0.6 -> 0.0 over 50% of training
Logging to runs/phase4_ppo/tb/PPO_1
--------------------------------------
| manipularl/             |          |
|    align_curriculum     | 0.598    |
|    collision_rate       | 0.167    |
|    grasp_failure_rate   | 0.801    |
|    insert_depth_mean    | 0        |
|    insert_tilt_deg_mean | 0.000858 |
|    success_rate         | 0        |
| rollout/                |          |
|    ep_len_mean          | 400      |
|    ep_rew_mean          | -39.3    |
| time/                   |          |
|    fps                  | 531      |
|    iterations           | 1        |
|    time_elapsed         | 11       |
|    total_timesteps      | 6144     |
--------------------------------------
-----------------------------------------
| manipularl/             |             |
|    align_curriculum     | 0.596       |
|    collision_rate       | 0.167       |
|    grasp_failure_rate   | 0.763       |
|    insert_depth_mean    | 0           |
|    insert_tilt_deg_mean | 1.01        |
|    success_rate         | 0           |
| rollout/                |             |
|    ep_len_mean          | 400         |
|    ep_rew_mean          | -23.4       |
| time/                   |             |
|    fps                  | 499         |
|    iterations           | 2           |
|    time_elapsed         | 24          |
|    total_timesteps      | 12288       |
| train/                  |             |
|    approx_kl            | 0.029099144 |
|    clip_fraction        | 0.221       |
|    clip_range           | 0.2         |
|    entropy_loss         | -15.3       |
|    explained_variance   | 0.783       |
|    learning_rate        | 0.0003      |
|    loss                 | 5.57        |
|    n_updates            | 6740        |
|    policy_gradient_loss | -0.0225     |
|    std                  | 1.68        |
|    value_loss           | 24.3        |
-----------------------------------------
-----------------------------------------
| manipularl/             |             |
|    align_curriculum     | 0.594       |
|    collision_rate       | 0.444       |
|    grasp_failure_rate   | 0.657       |
|    insert_depth_mean    | 0           |
|    insert_tilt_deg_mean | 1.98        |
|    success_rate         | 0           |
| rollout/                |             |
|    ep_len_mean          | 400         |
|    ep_rew_mean          | -27.8       |
| time/                   |             |
|    fps                  | 508         |
|    iterations           | 3           |
|    time_elapsed         | 36          |
|    total_timesteps      | 18432       |
| train/                  |             |
|    approx_kl            | 0.023055816 |
|    clip_fraction        | 0.234       |
|    clip_range           | 0.2         |
|    entropy_loss         | -15.3       |
|    explained_variance   | 0.782       |
|    learning_rate        | 0.0003      |
|    loss                 | 4.16        |
|    n_updates            | 6750        |
|    policy_gradient_loss | -0.0245     |
|    std                  | 1.69        |
|    value_loss           | 15.8        |
-----------------------------------------
----------------------------------------
| manipularl/             |            |
|    align_curriculum     | 0.593      |
|    collision_rate       | 0.533      |
|    grasp_failure_rate   | 0.673      |
|    insert_depth_mean    | 0          |
|    insert_tilt_deg_mean | 3.63       |
|    success_rate         | 0          |
| rollout/                |            |
|    ep_len_mean          | 400        |
|    ep_rew_mean          | -27        |
| time/                   |            |
|    fps                  | 501        |
|    iterations           | 4          |
|    time_elapsed         | 48         |
|    total_timesteps      | 24576      |
| train/                  |            |
|    approx_kl            | 0.02682229 |
|    clip_fraction        | 0.198      |
|    clip_range           | 0.2        |
|    entropy_loss         | -15.3      |
|    explained_variance   | 0.677      |
|    learning_rate        | 0.0003     |
|    loss                 | 1.63       |
|    n_updates            | 6760       |
|    policy_gradient_loss | -0.027     |
|    std                  | 1.69       |
|    value_loss           | 9.72       |
----------------------------------------
-----------------------------------------
| manipularl/             |             |
|    align_curriculum     | 0.591       |
|    collision_rate       | 0.611       |
|    grasp_failure_rate   | 0.679       |
|    insert_depth_mean    | 0           |
|    insert_tilt_deg_mean | 3.7         |
|    success_rate         | 0           |
| rollout/                |             |
|    ep_len_mean          | 400         |
|    ep_rew_mean          | -34         |
| time/                   |             |
|    fps                  | 529         |
|    iterations           | 5           |
|    time_elapsed         | 57          |
|    total_timesteps      | 30720       |
| train/                  |             |
|    approx_kl            | 0.028962655 |
|    clip_fraction        | 0.214       |
|    clip_range           | 0.2         |
|    entropy_loss         | -15.4       |
|    explained_variance   | 0.809       |
|    learning_rate        | 0.0003      |
|    loss                 | 2.51        |
|    n_updates            | 6770        |
|    policy_gradient_loss | -0.0382     |
|    std                  | 1.69        |
|    value_loss           | 9.87        |
-----------------------------------------
-----------------------------------------
| manipularl/             |             |
|    align_curriculum     | 0.589       |
|    collision_rate       | 0.619       |
|    grasp_failure_rate   | 0.662       |
|    insert_depth_mean    | 0           |
|    insert_tilt_deg_mean | 3.76        |
|    success_rate         | 0           |
| rollout/                |             |
|    ep_len_mean          | 400         |
|    ep_rew_mean          | -31.7       |
| time/                   |             |
|    fps                  | 556         |
|    iterations           | 6           |
|    time_elapsed         | 66          |
|    total_timesteps      | 36864       |
| train/                  |             |
|    approx_kl            | 0.026525298 |
|    clip_fraction        | 0.207       |
|    clip_range           | 0.2         |
|    entropy_loss         | -15.4       |
|    explained_variance   | 0.79        |
|    learning_rate        | 0.0003      |
|    loss                 | 2.52        |
|    n_updates            | 6780        |
|    policy_gradient_loss | -0.0287     |
|    std                  | 1.69        |
|    value_loss           | 13.1        |
-----------------------------------------
----------------------------------------
| manipularl/             |            |
|    align_curriculum     | 0.587      |
|    collision_rate       | 0.604      |
|    grasp_failure_rate   | 0.677      |
|    insert_depth_mean    | 0          |
|    insert_tilt_deg_mean | 3.8        |
|    success_rate         | 0          |
| rollout/                |            |
|    ep_len_mean          | 400        |
|    ep_rew_mean          | -29.6      |
| time/                   |            |
|    fps                  | 567        |
|    iterations           | 7          |
|    time_elapsed         | 75         |
|    total_timesteps      | 43008      |
| train/                  |            |
|    approx_kl            | 0.02590614 |
|    clip_fraction        | 0.216      |
|    clip_range           | 0.2        |
|    entropy_loss         | -15.4      |
|    explained_variance   | 0.777      |
|    learning_rate        | 0.0003     |
|    loss                 | 1.5        |
|    n_updates            | 6790       |
|    policy_gradient_loss | -0.0362    |
|    std                  | 1.69       |
|    value_loss           | 5.8        |
----------------------------------------
----------------------------------------
| manipularl/             |            |
|    align_curriculum     | 0.585      |
|    collision_rate       | 0.73       |
|    grasp_failure_rate   | 0.689      |
|    insert_depth_mean    | 0          |
|    insert_tilt_deg_mean | 4.89       |
|    success_rate         | 0          |
| rollout/                |            |
|    ep_len_mean          | 400        |
|    ep_rew_mean          | -30.8      |
| time/                   |            |
|    fps                  | 568        |
|    iterations           | 8          |
|    time_elapsed         | 86         |
|    total_timesteps      | 49152      |
| train/                  |            |
|    approx_kl            | 0.03404516 |
|    clip_fraction        | 0.284      |
|    clip_range           | 0.2        |
|    entropy_loss         | -15.4      |
|    explained_variance   | 0.798      |
|    learning_rate        | 0.0003     |
|    loss                 | 1.15       |
|    n_updates            | 6800       |
|    policy_gradient_loss | -0.0345    |
|    std                  | 1.7        |
|    value_loss           | 5.15       |
----------------------------------------
-----------------------------------------
| manipularl/             |             |
|    align_curriculum     | 0.583       |
|    collision_rate       | 0.69        |
|    grasp_failure_rate   | 0.717       |
|    insert_depth_mean    | 0           |
|    insert_tilt_deg_mean | 5           |
|    success_rate         | 0           |
| rollout/                |             |
|    ep_len_mean          | 400         |
|    ep_rew_mean          | -28.3       |
| time/                   |             |
|    fps                  | 579         |
|    iterations           | 9           |
|    time_elapsed         | 95          |
|    total_timesteps      | 55296       |
| train/                  |             |
|    approx_kl            | 0.026007181 |
|    clip_fraction        | 0.2         |
|    clip_range           | 0.2         |
|    entropy_loss         | -15.4       |
|    explained_variance   | 0.5         |
|    learning_rate        | 0.0003      |
|    loss                 | 2.6         |
|    n_updates            | 6810        |
|    policy_gradient_loss | -0.0239     |
|    std                  | 1.7         |
|    value_loss           | 10          |
-----------------------------------------
---------------------------------------
| manipularl/             |           |
|    align_curriculum     | 0.582     |
|    collision_rate       | 0.63      |
|    grasp_failure_rate   | 0.719     |
|    insert_depth_mean    | 0         |
|    insert_tilt_deg_mean | 4.96      |
|    success_rate         | 0         |
| rollout/                |           |
|    ep_len_mean          | 400       |
|    ep_rew_mean          | -24.6     |
| time/                   |           |
|    fps                  | 566       |
|    iterations           | 10        |
|    time_elapsed         | 108       |
|    total_timesteps      | 61440     |
| train/                  |           |
|    approx_kl            | 0.0711208 |
|    clip_fraction        | 0.348     |
|    clip_range           | 0.2       |
|    entropy_loss         | -15.4     |
|    explained_variance   | 0.783     |
|    learning_rate        | 0.0003    |
|    loss                 | 0.585     |
|    n_updates            | 6820      |
|    policy_gradient_loss | -0.0507   |
|    std                  | 1.7       |
|    value_loss           | 3.66      |
---------------------------------------
-----------------------------------------
| manipularl/             |             |
|    align_curriculum     | 0.58        |
|    collision_rate       | 0.61        |
|    grasp_failure_rate   | 0.689       |
|    insert_depth_mean    | 0           |
|    insert_tilt_deg_mean | 5.22        |
|    success_rate         | 0           |
| rollout/                |             |
|    ep_len_mean          | 400         |
|    ep_rew_mean          | -25.5       |
| time/                   |             |
|    fps                  | 565         |
|    iterations           | 11          |
|    time_elapsed         | 119         |
|    total_timesteps      | 67584       |
| train/                  |             |
|    approx_kl            | 0.053255033 |
|    clip_fraction        | 0.348       |
|    clip_range           | 0.2         |
|    entropy_loss         | -15.4       |
|    explained_variance   | 0.721       |
|    learning_rate        | 0.0003      |
|    loss                 | 0.976       |
|    n_updates            | 6830        |
|    policy_gradient_loss | -0.0309     |
|    std                  | 1.7         |
|    value_loss           | 5.53        |
-----------------------------------------
----------------------------------------
| manipularl/             |            |
|    align_curriculum     | 0.578      |
|    collision_rate       | 0.65       |
|    grasp_failure_rate   | 0.719      |
|    insert_depth_mean    | 0          |
|    insert_tilt_deg_mean | 4.92       |
|    success_rate         | 0          |
| rollout/                |            |
|    ep_len_mean          | 400        |
|    ep_rew_mean          | -31.8      |
| time/                   |            |
|    fps                  | 550        |
|    iterations           | 12         |
|    time_elapsed         | 133        |
|    total_timesteps      | 73728      |
| train/                  |            |
|    approx_kl            | 0.04070878 |
|    clip_fraction        | 0.351      |
|    clip_range           | 0.2        |
|    entropy_loss         | -15.4      |
|    explained_variance   | 0.567      |
|    learning_rate        | 0.0003     |
|    loss                 | 0.987      |
|    n_updates            | 6840       |
|    policy_gradient_loss | -0.02      |
|    std                  | 1.71       |
|    value_loss           | 8.66       |
----------------------------------------
-----------------------------------------
| manipularl/             |             |
|    align_curriculum     | 0.576       |
|    collision_rate       | 0.56        |
|    grasp_failure_rate   | 0.719       |
|    insert_depth_mean    | 0           |
|    insert_tilt_deg_mean | 8.52        |
|    success_rate         | 0           |
| rollout/                |             |
|    ep_len_mean          | 400         |
|    ep_rew_mean          | -29.7       |
| time/                   |             |
|    fps                  | 538         |
|    iterations           | 13          |
|    time_elapsed         | 148         |
|    total_timesteps      | 79872       |
| train/                  |             |
|    approx_kl            | 0.020969441 |
|    clip_fraction        | 0.221       |
|    clip_range           | 0.2         |
|    entropy_loss         | -15.5       |
|    explained_variance   | 0.741       |
|    learning_rate        | 0.0003      |
|    loss                 | 1.96        |
|    n_updates            | 6850        |
|    policy_gradient_loss | -0.0307     |
|    std                  | 1.71        |
|    value_loss           | 12.5        |
-----------------------------------------
----------------------------------------
| manipularl/             |            |
|    align_curriculum     | 0.574      |
|    collision_rate       | 0.56       |
|    grasp_failure_rate   | 0.715      |
|    insert_depth_mean    | 0          |
|    insert_tilt_deg_mean | 7.98       |
|    success_rate         | 0          |
| rollout/                |            |
|    ep_len_mean          | 400        |
|    ep_rew_mean          | -31        |
| time/                   |            |
|    fps                  | 542        |
|    iterations           | 14         |
|    time_elapsed         | 158        |
|    total_timesteps      | 86016      |
| train/                  |            |
|    approx_kl            | 0.02806514 |
|    clip_fraction        | 0.204      |
|    clip_range           | 0.2        |
|    entropy_loss         | -15.5      |
|    explained_variance   | 0.835      |
|    learning_rate        | 0.0003     |
|    loss                 | 1.44       |
|    n_updates            | 6860       |
|    policy_gradient_loss | -0.0353    |
|    std                  | 1.72       |
|    value_loss           | 5.1        |
----------------------------------------
-----------------------------------------
| manipularl/             |             |
|    align_curriculum     | 0.572       |
|    collision_rate       | 0.57        |
|    grasp_failure_rate   | 0.702       |
|    insert_depth_mean    | 0           |
|    insert_tilt_deg_mean | 7.88        |
|    success_rate         | 0           |
| rollout/                |             |
|    ep_len_mean          | 400         |
|    ep_rew_mean          | -29.9       |
| time/                   |             |
|    fps                  | 544         |
|    iterations           | 15          |
|    time_elapsed         | 169         |
|    total_timesteps      | 92160       |
| train/                  |             |
|    approx_kl            | 0.023277285 |
|    clip_fraction        | 0.171       |
|    clip_range           | 0.2         |
|    entropy_loss         | -15.5       |
|    explained_variance   | 0.691       |
|    learning_rate        | 0.0003      |
|    loss                 | 1.74        |
|    n_updates            | 6870        |
|    policy_gradient_loss | -0.0344     |
|    std                  | 1.72        |
|    value_loss           | 9.1         |
-----------------------------------------
-----------------------------------------
| manipularl/             |             |
|    align_curriculum     | 0.571       |
|    collision_rate       | 0.59        |
|    grasp_failure_rate   | 0.712       |
|    insert_depth_mean    | 0           |
|    insert_tilt_deg_mean | 8.61        |
|    success_rate         | 0           |
| rollout/                |             |
|    ep_len_mean          | 400         |
|    ep_rew_mean          | -35.1       |
| time/                   |             |
|    fps                  | 547         |
|    iterations           | 16          |
|    time_elapsed         | 179         |
|    total_timesteps      | 98304       |
| train/                  |             |
|    approx_kl            | 0.043789748 |
|    clip_fraction        | 0.269       |
|    clip_range           | 0.2         |
|    entropy_loss         | -15.5       |
|    explained_variance   | 0.836       |
|    learning_rate        | 0.0003      |
|    loss                 | 0.359       |
|    n_updates            | 6880        |
|    policy_gradient_loss | -0.0484     |
|    std                  | 1.72        |
|    value_loss           | 3.46        |
-----------------------------------------
-----------------------------------------
| manipularl/             |             |
|    align_curriculum     | 0.569       |
|    collision_rate       | 0.54        |
|    grasp_failure_rate   | 0.739       |
|    insert_depth_mean    | 0           |
|    insert_tilt_deg_mean | 8.64        |
|    success_rate         | 0           |
| rollout/                |             |
|    ep_len_mean          | 400         |
|    ep_rew_mean          | -33.4       |
| time/                   |             |
|    fps                  | 554         |
|    iterations           | 17          |
|    time_elapsed         | 188         |
|    total_timesteps      | 104448      |
| train/                  |             |
|    approx_kl            | 0.038026467 |
|    clip_fraction        | 0.323       |
|    clip_range           | 0.2         |
|    entropy_loss         | -15.5       |
|    explained_variance   | 0.727       |
|    learning_rate        | 0.0003      |
|    loss                 | 1.03        |
|    n_updates            | 6890        |
|    policy_gradient_loss | -0.0332     |
|    std                  | 1.72        |
|    value_loss           | 6.47        |
-----------------------------------------
-----------------------------------------
| manipularl/             |             |
|    align_curriculum     | 0.567       |
|    collision_rate       | 0.6         |
|    grasp_failure_rate   | 0.739       |
|    insert_depth_mean    | 0           |
|    insert_tilt_deg_mean | 9.49        |
|    success_rate         | 0           |
| rollout/                |             |
|    ep_len_mean          | 400         |
|    ep_rew_mean          | -29.9       |
| time/                   |             |
|    fps                  | 555         |
|    iterations           | 18          |
|    time_elapsed         | 199         |
|    total_timesteps      | 110592      |
| train/                  |             |
|    approx_kl            | 0.054524437 |
|    clip_fraction        | 0.294       |
|    clip_range           | 0.2         |
|    entropy_loss         | -15.5       |
|    explained_variance   | 0.888       |
|    learning_rate        | 0.0003      |
|    loss                 | 0.482       |
|    n_updates            | 6900        |
|    policy_gradient_loss | -0.0529     |
|    std                  | 1.72        |
|    value_loss           | 3.81        |
-----------------------------------------
-----------------------------------------
| manipularl/             |             |
|    align_curriculum     | 0.565       |
|    collision_rate       | 0.6         |
|    grasp_failure_rate   | 0.747       |
|    insert_depth_mean    | 0.003       |
|    insert_tilt_deg_mean | 5.77        |
|    success_rate         | 0.05        |
| rollout/                |             |
|    ep_len_mean          | 380         |
|    ep_rew_mean          | -24.7       |
| time/                   |             |
|    fps                  | 548         |
|    iterations           | 19          |
|    time_elapsed         | 212         |
|    total_timesteps      | 116736      |
| train/                  |             |
|    approx_kl            | 0.035130348 |
|    clip_fraction        | 0.224       |
|    clip_range           | 0.2         |
|    entropy_loss         | -15.5       |
|    explained_variance   | 0.797       |
|    learning_rate        | 0.0003      |
|    loss                 | 1.57        |
|    n_updates            | 6910        |
|    policy_gradient_loss | -0.0317     |
|    std                  | 1.73        |
|    value_loss           | 7.33        |
-----------------------------------------
-----------------------------------------
| manipularl/             |             |
|    align_curriculum     | 0.563       |
|    collision_rate       | 0.59        |
|    grasp_failure_rate   | 0.749       |
|    insert_depth_mean    | 0.003       |
|    insert_tilt_deg_mean | 6.03        |
|    success_rate         | 0.05        |
| rollout/                |             |
|    ep_len_mean          | 380         |
|    ep_rew_mean          | -23.1       |
| time/                   |             |
|    fps                  | 546         |
|    iterations           | 20          |
|    time_elapsed         | 224         |
|    total_timesteps      | 122880      |
| train/                  |             |
|    approx_kl            | 0.029222274 |
|    clip_fraction        | 0.236       |
|    clip_range           | 0.2         |
|    entropy_loss         | -15.5       |
|    explained_variance   | 0.637       |
|    learning_rate        | 0.0003      |
|    loss                 | 0.679       |
|    n_updates            | 6920        |
|    policy_gradient_loss | -0.0186     |
|    std                  | 1.73        |
|    value_loss           | 8.15        |
-----------------------------------------
----------------------------------------
| manipularl/             |            |
|    align_curriculum     | 0.561      |
|    collision_rate       | 0.57       |
|    grasp_failure_rate   | 0.72       |
|    insert_depth_mean    | 0.003      |
|    insert_tilt_deg_mean | 5.87       |
|    success_rate         | 0.05       |
| rollout/                |            |
|    ep_len_mean          | 380        |
|    ep_rew_mean          | -20.3      |
| time/                   |            |
|    fps                  | 542        |
|    iterations           | 21         |
|    time_elapsed         | 237        |
|    total_timesteps      | 129024     |
| train/                  |            |
|    approx_kl            | 0.04601841 |
|    clip_fraction        | 0.315      |
|    clip_range           | 0.2        |
|    entropy_loss         | -15.5      |
|    explained_variance   | 0.798      |
|    learning_rate        | 0.0003     |
|    loss                 | 0.965      |
|    n_updates            | 6930       |
|    policy_gradient_loss | -0.042     |
|    std                  | 1.73       |
|    value_loss           | 5.09       |
----------------------------------------
-----------------------------------------
| manipularl/             |             |
|    align_curriculum     | 0.559       |
|    collision_rate       | 0.61        |
|    grasp_failure_rate   | 0.733       |
|    insert_depth_mean    | 0.003       |
|    insert_tilt_deg_mean | 5.02        |
|    success_rate         | 0.05        |
| rollout/                |             |
|    ep_len_mean          | 380         |
|    ep_rew_mean          | -22         |
| time/                   |             |
|    fps                  | 541         |
|    iterations           | 22          |
|    time_elapsed         | 249         |
|    total_timesteps      | 135168      |
| train/                  |             |
|    approx_kl            | 0.035893973 |
|    clip_fraction        | 0.309       |
|    clip_range           | 0.2         |
|    entropy_loss         | -15.6       |
|    explained_variance   | 0.848       |
|    learning_rate        | 0.0003      |
|    loss                 | 1.54        |
|    n_updates            | 6940        |
|    policy_gradient_loss | -0.0331     |
|    std                  | 1.73        |
|    value_loss           | 8.37        |
-----------------------------------------
----------------------------------------
| manipularl/             |            |
|    align_curriculum     | 0.558      |
|    collision_rate       | 0.67       |
|    grasp_failure_rate   | 0.696      |
|    insert_depth_mean    | 0.003      |
|    insert_tilt_deg_mean | 4.61       |
|    success_rate         | 0.05       |
| rollout/                |            |
|    ep_len_mean          | 380        |
|    ep_rew_mean          | -26.2      |
| time/                   |            |
|    fps                  | 541        |
|    iterations           | 23         |
|    time_elapsed         | 260        |
|    total_timesteps      | 141312     |
| train/                  |            |
|    approx_kl            | 0.06226316 |
|    clip_fraction        | 0.327      |
|    clip_range           | 0.2        |
|    entropy_loss         | -15.6      |
|    explained_variance   | 0.79       |
|    learning_rate        | 0.0003     |
|    loss                 | 1.15       |
|    n_updates            | 6950       |
|    policy_gradient_loss | -0.0447    |
|    std                  | 1.74       |
|    value_loss           | 5.1        |
----------------------------------------
-----------------------------------------
| manipularl/             |             |
|    align_curriculum     | 0.556       |
|    collision_rate       | 0.65        |
|    grasp_failure_rate   | 0.678       |
|    insert_depth_mean    | 0.003       |
|    insert_tilt_deg_mean | 3.95        |
|    success_rate         | 0.05        |
| rollout/                |             |
|    ep_len_mean          | 380         |
|    ep_rew_mean          | -24.9       |
| time/                   |             |
|    fps                  | 544         |
|    iterations           | 24          |
|    time_elapsed         | 270         |
|    total_timesteps      | 147456      |
| train/                  |             |
|    approx_kl            | 0.052837458 |
|    clip_fraction        | 0.332       |
|    clip_range           | 0.2         |
|    entropy_loss         | -15.6       |
|    explained_variance   | 0.837       |
|    learning_rate        | 0.0003      |
|    loss                 | 1.44        |
|    n_updates            | 6960        |
|    policy_gradient_loss | -0.0466     |
|    std                  | 1.74        |
|    value_loss           | 5.22        |
-----------------------------------------
-----------------------------------------
| manipularl/             |             |
|    align_curriculum     | 0.554       |
|    collision_rate       | 0.58        |
|    grasp_failure_rate   | 0.641       |
|    insert_depth_mean    | 0.003       |
|    insert_tilt_deg_mean | 4.9         |
|    success_rate         | 0.05        |
| rollout/                |             |
|    ep_len_mean          | 380         |
|    ep_rew_mean          | -25         |
| time/                   |             |
|    fps                  | 548         |
|    iterations           | 25          |
|    time_elapsed         | 280         |
|    total_timesteps      | 153600      |
| train/                  |             |
|    approx_kl            | 0.028196855 |
|    clip_fraction        | 0.255       |
|    clip_range           | 0.2         |
|    entropy_loss         | -15.6       |
|    explained_variance   | 0.819       |
|    learning_rate        | 0.0003      |
|    loss                 | 0.862       |
|    n_updates            | 6970        |
|    policy_gradient_loss | -0.0323     |
|    std                  | 1.74        |
|    value_loss           | 6.98        |
-----------------------------------------
-----------------------------------------
| manipularl/             |             |
|    align_curriculum     | 0.552       |
|    collision_rate       | 0.67        |
|    grasp_failure_rate   | 0.667       |
|    insert_depth_mean    | 0           |
|    insert_tilt_deg_mean | 6.13        |
|    success_rate         | 0           |
| rollout/                |             |
|    ep_len_mean          | 400         |
|    ep_rew_mean          | -29.5       |
| time/                   |             |
|    fps                  | 551         |
|    iterations           | 26          |
|    time_elapsed         | 289         |
|    total_timesteps      | 159744      |
| train/                  |             |
|    approx_kl            | 0.040485684 |
|    clip_fraction        | 0.263       |
|    clip_range           | 0.2         |
|    entropy_loss         | -15.6       |
|    explained_variance   | 0.899       |
|    learning_rate        | 0.0003      |
|    loss                 | 0.862       |
|    n_updates            | 6980        |
|    policy_gradient_loss | -0.0382     |
|    std                  | 1.75        |
|    value_loss           | 5.13        |
-----------------------------------------
-----------------------------------------
| manipularl/             |             |
|    align_curriculum     | 0.55        |
|    collision_rate       | 0.69        |
|    grasp_failure_rate   | 0.652       |
|    insert_depth_mean    | 0           |
|    insert_tilt_deg_mean | 6.07        |
|    success_rate         | 0           |
| rollout/                |             |
|    ep_len_mean          | 400         |
|    ep_rew_mean          | -31.4       |
| time/                   |             |
|    fps                  | 554         |
|    iterations           | 27          |
|    time_elapsed         | 298         |
|    total_timesteps      | 165888      |
| train/                  |             |
|    approx_kl            | 0.046917412 |
|    clip_fraction        | 0.29        |
|    clip_range           | 0.2         |
|    entropy_loss         | -15.6       |
|    explained_variance   | 0.869       |
|    learning_rate        | 0.0003      |
|    loss                 | 0.606       |
|    n_updates            | 6990        |
|    policy_gradient_loss | -0.0435     |
|    std                  | 1.75        |
|    value_loss           | 4.94        |
-----------------------------------------
-----------------------------------------
| manipularl/             |             |
|    align_curriculum     | 0.548       |
|    collision_rate       | 0.63        |
|    grasp_failure_rate   | 0.629       |
|    insert_depth_mean    | 0           |
|    insert_tilt_deg_mean | 6.35        |
|    success_rate         | 0           |
| rollout/                |             |
|    ep_len_mean          | 400         |
|    ep_rew_mean          | -30.3       |
| time/                   |             |
|    fps                  | 560         |
|    iterations           | 28          |
|    time_elapsed         | 307         |
|    total_timesteps      | 172032      |
| train/                  |             |
|    approx_kl            | 0.034053694 |
|    clip_fraction        | 0.319       |
|    clip_range           | 0.2         |
|    entropy_loss         | -15.7       |
|    explained_variance   | 0.887       |
|    learning_rate        | 0.0003      |
|    loss                 | 1.18        |
|    n_updates            | 7000        |
|    policy_gradient_loss | -0.0285     |
|    std                  | 1.76        |
|    value_loss           | 7.66        |
-----------------------------------------
----------------------------------------
| manipularl/             |            |
|    align_curriculum     | 0.547      |
|    collision_rate       | 0.59       |
|    grasp_failure_rate   | 0.635      |
|    insert_depth_mean    | 0          |
|    insert_tilt_deg_mean | 7.3        |
|    success_rate         | 0          |
| rollout/                |            |
|    ep_len_mean          | 400        |
|    ep_rew_mean          | -26.5      |
| time/                   |            |
|    fps                  | 563        |
|    iterations           | 29         |
|    time_elapsed         | 316        |
|    total_timesteps      | 178176     |
| train/                  |            |
|    approx_kl            | 0.04221749 |
|    clip_fraction        | 0.258      |
|    clip_range           | 0.2        |
|    entropy_loss         | -15.7      |
|    explained_variance   | 0.805      |
|    learning_rate        | 0.0003     |
|    loss                 | 0.53       |
|    n_updates            | 7010       |
|    policy_gradient_loss | -0.0363    |
|    std                  | 1.76       |
|    value_loss           | 4.68       |
----------------------------------------
-----------------------------------------
| manipularl/             |             |
|    align_curriculum     | 0.545       |
|    collision_rate       | 0.58        |
|    grasp_failure_rate   | 0.657       |
|    insert_depth_mean    | 0           |
|    insert_tilt_deg_mean | 6.58        |
|    success_rate         | 0           |
| rollout/                |             |
|    ep_len_mean          | 400         |
|    ep_rew_mean          | -24.5       |
| time/                   |             |
|    fps                  | 563         |
|    iterations           | 30          |
|    time_elapsed         | 327         |
|    total_timesteps      | 184320      |
| train/                  |             |
|    approx_kl            | 0.042125184 |
|    clip_fraction        | 0.3         |
|    clip_range           | 0.2         |
|    entropy_loss         | -15.7       |
|    explained_variance   | 0.913       |
|    learning_rate        | 0.0003      |
|    loss                 | 0.629       |
|    n_updates            | 7020        |
|    policy_gradient_loss | -0.0532     |
|    std                  | 1.76        |
|    value_loss           | 4.29        |
-----------------------------------------
-----------------------------------------
| manipularl/             |             |
|    align_curriculum     | 0.543       |
|    collision_rate       | 0.58        |
|    grasp_failure_rate   | 0.663       |
|    insert_depth_mean    | 0           |
|    insert_tilt_deg_mean | 5.91        |
|    success_rate         | 0           |
| rollout/                |             |
|    ep_len_mean          | 400         |
|    ep_rew_mean          | -24.1       |
| time/                   |             |
|    fps                  | 563         |
|    iterations           | 31          |
|    time_elapsed         | 337         |
|    total_timesteps      | 190464      |
| train/                  |             |
|    approx_kl            | 0.050368328 |
|    clip_fraction        | 0.308       |
|    clip_range           | 0.2         |
|    entropy_loss         | -15.7       |
|    explained_variance   | 0.886       |
|    learning_rate        | 0.0003      |
|    loss                 | 0.891       |
|    n_updates            | 7030        |
|    policy_gradient_loss | -0.0545     |
|    std                  | 1.76        |
|    value_loss           | 3.96        |
-----------------------------------------
-----------------------------------------
| manipularl/             |             |
|    align_curriculum     | 0.541       |
|    collision_rate       | 0.65        |
|    grasp_failure_rate   | 0.683       |
|    insert_depth_mean    | 0           |
|    insert_tilt_deg_mean | 6.15        |
|    success_rate         | 0           |
| rollout/                |             |
|    ep_len_mean          | 400         |
|    ep_rew_mean          | -23.6       |
| time/                   |             |
|    fps                  | 564         |
|    iterations           | 32          |
|    time_elapsed         | 348         |
|    total_timesteps      | 196608      |
| train/                  |             |
|    approx_kl            | 0.030140245 |
|    clip_fraction        | 0.235       |
|    clip_range           | 0.2         |
|    entropy_loss         | -15.7       |
|    explained_variance   | 0.737       |
|    learning_rate        | 0.0003      |
|    loss                 | 1.71        |
|    n_updates            | 7040        |
|    policy_gradient_loss | -0.0294     |
|    std                  | 1.77        |
|    value_loss           | 9.2         |
-----------------------------------------
-----------------------------------------
| manipularl/             |             |
|    align_curriculum     | 0.539       |
|    collision_rate       | 0.64        |
|    grasp_failure_rate   | 0.702       |
|    insert_depth_mean    | 0           |
|    insert_tilt_deg_mean | 4.82        |
|    success_rate         | 0           |
| rollout/                |             |
|    ep_len_mean          | 400         |
|    ep_rew_mean          | -27.1       |
| time/                   |             |
|    fps                  | 565         |
|    iterations           | 33          |
|    time_elapsed         | 358         |
|    total_timesteps      | 202752      |
| train/                  |             |
|    approx_kl            | 0.042962838 |
|    clip_fraction        | 0.269       |
|    clip_range           | 0.2         |
|    entropy_loss         | -15.7       |
|    explained_variance   | 0.861       |
|    learning_rate        | 0.0003      |
|    loss                 | 1.64        |
|    n_updates            | 7050        |
|    policy_gradient_loss | -0.0455     |
|    std                  | 1.77        |
|    value_loss           | 5.95        |
-----------------------------------------
----------------------------------------
| manipularl/             |            |
|    align_curriculum     | 0.537      |
|    collision_rate       | 0.67       |
|    grasp_failure_rate   | 0.725      |
|    insert_depth_mean    | 0          |
|    insert_tilt_deg_mean | 4.8        |
|    success_rate         | 0          |
| rollout/                |            |
|    ep_len_mean          | 400        |
|    ep_rew_mean          | -27        |
| time/                   |            |
|    fps                  | 567        |
|    iterations           | 34         |
|    time_elapsed         | 367        |
|    total_timesteps      | 208896     |
| train/                  |            |
|    approx_kl            | 0.03113144 |
|    clip_fraction        | 0.268      |
|    clip_range           | 0.2        |
|    entropy_loss         | -15.7      |
|    explained_variance   | 0.816      |
|    learning_rate        | 0.0003     |
|    loss                 | 3.14       |
|    n_updates            | 7060       |
|    policy_gradient_loss | -0.0318    |
|    std                  | 1.77       |
|    value_loss           | 11.3       |
----------------------------------------
----------------------------------------
| manipularl/             |            |
|    align_curriculum     | 0.535      |
|    collision_rate       | 0.7        |
|    grasp_failure_rate   | 0.69       |
|    insert_depth_mean    | 0          |
|    insert_tilt_deg_mean | 5.4        |
|    success_rate         | 0          |
| rollout/                |            |
|    ep_len_mean          | 400        |
|    ep_rew_mean          | -35.3      |
| time/                   |            |
|    fps                  | 571        |
|    iterations           | 35         |
|    time_elapsed         | 376        |
|    total_timesteps      | 215040     |
| train/                  |            |
|    approx_kl            | 0.03055402 |
|    clip_fraction        | 0.219      |
|    clip_range           | 0.2        |
|    entropy_loss         | -15.7      |
|    explained_variance   | 0.836      |
|    learning_rate        | 0.0003     |
|    loss                 | 2.61       |
|    n_updates            | 7070       |
|    policy_gradient_loss | -0.0352    |
|    std                  | 1.77       |
|    value_loss           | 10.7       |
----------------------------------------
-----------------------------------------
| manipularl/             |             |
|    align_curriculum     | 0.534       |
|    collision_rate       | 0.71        |
|    grasp_failure_rate   | 0.711       |
|    insert_depth_mean    | 0           |
|    insert_tilt_deg_mean | 5.09        |
|    success_rate         | 0           |
| rollout/                |             |
|    ep_len_mean          | 400         |
|    ep_rew_mean          | -39.2       |
| time/                   |             |
|    fps                  | 575         |
|    iterations           | 36          |
|    time_elapsed         | 384         |
|    total_timesteps      | 221184      |
| train/                  |             |
|    approx_kl            | 0.027460957 |
|    clip_fraction        | 0.2         |
|    clip_range           | 0.2         |
|    entropy_loss         | -15.7       |
|    explained_variance   | 0.837       |
|    learning_rate        | 0.0003      |
|    loss                 | 1.79        |
|    n_updates            | 7080        |
|    policy_gradient_loss | -0.033      |
|    std                  | 1.77        |
|    value_loss           | 11.1        |
-----------------------------------------
-----------------------------------------
| manipularl/             |             |
|    align_curriculum     | 0.532       |
|    collision_rate       | 0.71        |
|    grasp_failure_rate   | 0.693       |
|    insert_depth_mean    | 0           |
|    insert_tilt_deg_mean | 5.36        |
|    success_rate         | 0           |
| rollout/                |             |
|    ep_len_mean          | 400         |
|    ep_rew_mean          | -39.3       |
| time/                   |             |
|    fps                  | 576         |
|    iterations           | 37          |
|    time_elapsed         | 394         |
|    total_timesteps      | 227328      |
| train/                  |             |
|    approx_kl            | 0.043520182 |
|    clip_fraction        | 0.273       |
|    clip_range           | 0.2         |
|    entropy_loss         | -15.7       |
|    explained_variance   | 0.916       |
|    learning_rate        | 0.0003      |
|    loss                 | 1.34        |
|    n_updates            | 7090        |
|    policy_gradient_loss | -0.0551     |
|    std                  | 1.78        |
|    value_loss           | 6           |
-----------------------------------------
-----------------------------------------
| manipularl/             |             |
|    align_curriculum     | 0.53        |
|    collision_rate       | 0.64        |
|    grasp_failure_rate   | 0.71        |
|    insert_depth_mean    | 0           |
|    insert_tilt_deg_mean | 5.79        |
|    success_rate         | 0           |
| rollout/                |             |
|    ep_len_mean          | 400         |
|    ep_rew_mean          | -35.3       |
| time/                   |             |
|    fps                  | 575         |
|    iterations           | 38          |
|    time_elapsed         | 405         |
|    total_timesteps      | 233472      |
| train/                  |             |
|    approx_kl            | 0.041936237 |
|    clip_fraction        | 0.244       |
|    clip_range           | 0.2         |
|    entropy_loss         | -15.7       |
|    explained_variance   | 0.893       |
|    learning_rate        | 0.0003      |
|    loss                 | 1.02        |
|    n_updates            | 7100        |
|    policy_gradient_loss | -0.0398     |
|    std                  | 1.78        |
|    value_loss           | 4.99        |
-----------------------------------------
-----------------------------------------
| manipularl/             |             |
|    align_curriculum     | 0.528       |
|    collision_rate       | 0.62        |
|    grasp_failure_rate   | 0.697       |
|    insert_depth_mean    | 0           |
|    insert_tilt_deg_mean | 5.33        |
|    success_rate         | 0           |
| rollout/                |             |
|    ep_len_mean          | 400         |
|    ep_rew_mean          | -33.5       |
| time/                   |             |
|    fps                  | 574         |
|    iterations           | 39          |
|    time_elapsed         | 416         |
|    total_timesteps      | 239616      |
| train/                  |             |
|    approx_kl            | 0.043629456 |
|    clip_fraction        | 0.329       |
|    clip_range           | 0.2         |
|    entropy_loss         | -15.7       |
|    explained_variance   | 0.845       |
|    learning_rate        | 0.0003      |
|    loss                 | 0.998       |
|    n_updates            | 7110        |
|    policy_gradient_loss | -0.0368     |
|    std                  | 1.78        |
|    value_loss           | 4.38        |
-----------------------------------------
----------------------------------------
| manipularl/             |            |
|    align_curriculum     | 0.526      |
|    collision_rate       | 0.52       |
|    grasp_failure_rate   | 0.699      |
|    insert_depth_mean    | 0          |
|    insert_tilt_deg_mean | 6.23       |
|    success_rate         | 0          |
| rollout/                |            |
|    ep_len_mean          | 400        |
|    ep_rew_mean          | -34.5      |
| time/                   |            |
|    fps                  | 570        |
|    iterations           | 40         |
|    time_elapsed         | 430        |
|    total_timesteps      | 245760     |
| train/                  |            |
|    approx_kl            | 0.06525209 |
|    clip_fraction        | 0.354      |
|    clip_range           | 0.2        |
|    entropy_loss         | -15.7      |
|    explained_variance   | 0.965      |
|    learning_rate        | 0.0003     |
|    loss                 | 0.0506     |
|    n_updates            | 7120       |
|    policy_gradient_loss | -0.0578    |
|    std                  | 1.78       |
|    value_loss           | 1.62       |
----------------------------------------
Eval num_timesteps=249996, episode_reward=-5.08 +/- 20.03
Episode length: 400.00 +/- 0.00
-----------------------------------------
| eval/                   |             |
|    mean_ep_length       | 400         |
|    mean_reward          | -5.08       |
| manipularl/             |             |
|    align_curriculum     | 0.525       |
|    collision_rate       | 0.54        |
|    grasp_failure_rate   | 0.677       |
|    insert_depth_mean    | 0           |
|    insert_tilt_deg_mean | 6.38        |
|    success_rate         | 0           |
| time/                   |             |
|    total_timesteps      | 249996      |
| train/                  |             |
|    approx_kl            | 0.027324287 |
|    clip_fraction        | 0.26        |
|    clip_range           | 0.2         |
|    entropy_loss         | -15.8       |
|    explained_variance   | 0.828       |
|    learning_rate        | 0.0003      |
|    loss                 | 2.31        |
|    n_updates            | 7130        |
|    policy_gradient_loss | -0.0313     |
|    std                  | 1.78        |
|    value_loss           | 12.2        |
-----------------------------------------
New best mean reward!
--------------------------------------
| manipularl/             |          |
|    align_curriculum     | 0.524    |
|    collision_rate       | 0.54     |
|    grasp_failure_rate   | 0.677    |
|    insert_depth_mean    | 0        |
|    insert_tilt_deg_mean | 6.38     |
|    success_rate         | 0        |
| rollout/                |          |
|    ep_len_mean          | 400      |
|    ep_rew_mean          | -30.7    |
| time/                   |          |
|    fps                  | 540      |
|    iterations           | 41       |
|    time_elapsed         | 465      |
|    total_timesteps      | 251904   |
--------------------------------------
-----------------------------------------
| manipularl/             |             |
|    align_curriculum     | 0.523       |
|    collision_rate       | 0.53        |
|    grasp_failure_rate   | 0.697       |
|    insert_depth_mean    | 0           |
|    insert_tilt_deg_mean | 5.58        |
|    success_rate         | 0           |
| rollout/                |             |
|    ep_len_mean          | 400         |
|    ep_rew_mean          | -37.5       |
| time/                   |             |
|    fps                  | 543         |
|    iterations           | 42          |
|    time_elapsed         | 474         |
|    total_timesteps      | 258048      |
| train/                  |             |
|    approx_kl            | 0.019539522 |
|    clip_fraction        | 0.174       |
|    clip_range           | 0.2         |
|    entropy_loss         | -15.8       |
|    explained_variance   | 0.77        |
|    learning_rate        | 0.0003      |
|    loss                 | 1.46        |
|    n_updates            | 7140        |
|    policy_gradient_loss | -0.0312     |
|    std                  | 1.79        |
|    value_loss           | 11.7        |
-----------------------------------------
-----------------------------------------
| manipularl/             |             |
|    align_curriculum     | 0.521       |
|    collision_rate       | 0.52        |
|    grasp_failure_rate   | 0.689       |
|    insert_depth_mean    | 0           |
|    insert_tilt_deg_mean | 5.57        |
|    success_rate         | 0           |
| rollout/                |             |
|    ep_len_mean          | 400         |
|    ep_rew_mean          | -36.4       |
| time/                   |             |
|    fps                  | 545         |
|    iterations           | 43          |
|    time_elapsed         | 484         |
|    total_timesteps      | 264192      |
| train/                  |             |
|    approx_kl            | 0.022450626 |
|    clip_fraction        | 0.163       |
|    clip_range           | 0.2         |
|    entropy_loss         | -15.8       |
|    explained_variance   | 0.752       |
|    learning_rate        | 0.0003      |
|    loss                 | 2.42        |
|    n_updates            | 7150        |
|    policy_gradient_loss | -0.0364     |
|    std                  | 1.79        |
|    value_loss           | 11.7        |
-----------------------------------------
----------------------------------------
| manipularl/             |            |
|    align_curriculum     | 0.519      |
|    collision_rate       | 0.58       |
|    grasp_failure_rate   | 0.705      |
|    insert_depth_mean    | 0          |
|    insert_tilt_deg_mean | 5.59       |
|    success_rate         | 0          |
| rollout/                |            |
|    ep_len_mean          | 400        |
|    ep_rew_mean          | -39.3      |
| time/                   |            |
|    fps                  | 549        |
|    iterations           | 44         |
|    time_elapsed         | 492        |
|    total_timesteps      | 270336     |
| train/                  |            |
|    approx_kl            | 0.06717897 |
|    clip_fraction        | 0.364      |
|    clip_range           | 0.2        |
|    entropy_loss         | -15.8      |
|    explained_variance   | 0.91       |
|    learning_rate        | 0.0003     |
|    loss                 | 0.284      |
|    n_updates            | 7160       |
|    policy_gradient_loss | -0.058     |
|    std                  | 1.8        |
|    value_loss           | 2.12       |
----------------------------------------
--------------------------------------
| manipularl/             |          |
|    align_curriculum     | 0.517    |
|    collision_rate       | 0.61     |
|    grasp_failure_rate   | 0.683    |
|    insert_depth_mean    | 0        |
|    insert_tilt_deg_mean | 5.52     |
|    success_rate         | 0        |
| rollout/                |          |
|    ep_len_mean          | 400      |
|    ep_rew_mean          | -45.7    |
| time/                   |          |
|    fps                  | 552      |
|    iterations           | 45       |
|    time_elapsed         | 500      |
|    total_timesteps      | 276480   |
| train/                  |          |
|    approx_kl            | 0.050689 |
|    clip_fraction        | 0.319    |
|    clip_range           | 0.2      |
|    entropy_loss         | -15.8    |
|    explained_variance   | 0.883    |
|    learning_rate        | 0.0003   |
|    loss                 | 1.09     |
|    n_updates            | 7170     |
|    policy_gradient_loss | -0.0481  |
|    std                  | 1.8      |
|    value_loss           | 6.7      |
--------------------------------------
-----------------------------------------
| manipularl/             |             |
|    align_curriculum     | 0.515       |
|    collision_rate       | 0.65        |
|    grasp_failure_rate   | 0.682       |
|    insert_depth_mean    | 0           |
|    insert_tilt_deg_mean | 5.14        |
|    success_rate         | 0           |
| rollout/                |             |
|    ep_len_mean          | 400         |
|    ep_rew_mean          | -49.1       |
| time/                   |             |
|    fps                  | 556         |
|    iterations           | 46          |
|    time_elapsed         | 507         |
|    total_timesteps      | 282624      |
| train/                  |             |
|    approx_kl            | 0.028621912 |
|    clip_fraction        | 0.243       |
|    clip_range           | 0.2         |
|    entropy_loss         | -15.8       |
|    explained_variance   | 0.822       |
|    learning_rate        | 0.0003      |
|    loss                 | 2.72        |
|    n_updates            | 7180        |
|    policy_gradient_loss | -0.0256     |
|    std                  | 1.8         |
|    value_loss           | 13.2        |
-----------------------------------------
-----------------------------------------
| manipularl/             |             |
|    align_curriculum     | 0.513       |
|    collision_rate       | 0.6         |
|    grasp_failure_rate   | 0.703       |
|    insert_depth_mean    | 0           |
|    insert_tilt_deg_mean | 5.16        |
|    success_rate         | 0           |
| rollout/                |             |
|    ep_len_mean          | 400         |
|    ep_rew_mean          | -35.5       |
| time/                   |             |
|    fps                  | 559         |
|    iterations           | 47          |
|    time_elapsed         | 516         |
|    total_timesteps      | 288768      |
| train/                  |             |
|    approx_kl            | 0.033443138 |
|    clip_fraction        | 0.237       |
|    clip_range           | 0.2         |
|    entropy_loss         | -15.8       |
|    explained_variance   | 0.864       |
|    learning_rate        | 0.0003      |
|    loss                 | 1.85        |
|    n_updates            | 7190        |
|    policy_gradient_loss | -0.0468     |
|    std                  | 1.81        |
|    value_loss           | 7.14        |
-----------------------------------------
-----------------------------------------
| manipularl/             |             |
|    align_curriculum     | 0.512       |
|    collision_rate       | 0.57        |
|    grasp_failure_rate   | 0.69        |
|    insert_depth_mean    | 0           |
|    insert_tilt_deg_mean | 5.39        |
|    success_rate         | 0           |
| rollout/                |             |
|    ep_len_mean          | 400         |
|    ep_rew_mean          | -25.7       |
| time/                   |             |
|    fps                  | 562         |
|    iterations           | 48          |
|    time_elapsed         | 524         |
|    total_timesteps      | 294912      |
| train/                  |             |
|    approx_kl            | 0.047691703 |
|    clip_fraction        | 0.284       |
|    clip_range           | 0.2         |
|    entropy_loss         | -15.8       |
|    explained_variance   | 0.906       |
|    learning_rate        | 0.0003      |
|    loss                 | 0.319       |
|    n_updates            | 7200        |
|    policy_gradient_loss | -0.0566     |
|    std                  | 1.81        |
|    value_loss           | 3.23        |
-----------------------------------------
-----------------------------------------
| manipularl/             |             |
|    align_curriculum     | 0.51        |
|    collision_rate       | 0.58        |
|    grasp_failure_rate   | 0.716       |
|    insert_depth_mean    | 1.18e-05    |
|    insert_tilt_deg_mean | 5.9         |
|    success_rate         | 0           |
| rollout/                |             |
|    ep_len_mean          | 400         |
|    ep_rew_mean          | -26.2       |
| time/                   |             |
|    fps                  | 566         |
|    iterations           | 49          |
|    time_elapsed         | 531         |
|    total_timesteps      | 301056      |
| train/                  |             |
|    approx_kl            | 0.040592574 |
|    clip_fraction        | 0.277       |
|    clip_range           | 0.2         |
|    entropy_loss         | -15.9       |
|    explained_variance   | 0.853       |
|    learning_rate        | 0.0003      |
|    loss                 | 0.453       |
|    n_updates            | 7210        |
|    policy_gradient_loss | -0.053      |
|    std                  | 1.81        |
|    value_loss           | 3.47        |
-----------------------------------------
-----------------------------------------
| manipularl/             |             |
|    align_curriculum     | 0.508       |
|    collision_rate       | 0.57        |
|    grasp_failure_rate   | 0.696       |
|    insert_depth_mean    | 6.73e-05    |
|    insert_tilt_deg_mean | 5.61        |
|    success_rate         | 0           |
| rollout/                |             |
|    ep_len_mean          | 400         |
|    ep_rew_mean          | -38.9       |
| time/                   |             |
|    fps                  | 568         |
|    iterations           | 50          |
|    time_elapsed         | 540         |
|    total_timesteps      | 307200      |
| train/                  |             |
|    approx_kl            | 0.027989348 |
|    clip_fraction        | 0.218       |
|    clip_range           | 0.2         |
|    entropy_loss         | -15.9       |
|    explained_variance   | 0.759       |
|    learning_rate        | 0.0003      |
|    loss                 | 0.645       |
|    n_updates            | 7220        |
|    policy_gradient_loss | -0.0351     |
|    std                  | 1.81        |
|    value_loss           | 4           |
-----------------------------------------
-----------------------------------------
| manipularl/             |             |
|    align_curriculum     | 0.506       |
|    collision_rate       | 0.56        |
|    grasp_failure_rate   | 0.7         |
|    insert_depth_mean    | 6.73e-05    |
|    insert_tilt_deg_mean | 5.1         |
|    success_rate         | 0           |
| rollout/                |             |
|    ep_len_mean          | 400         |
|    ep_rew_mean          | -38.5       |
| time/                   |             |
|    fps                  | 570         |
|    iterations           | 51          |
|    time_elapsed         | 549         |
|    total_timesteps      | 313344      |
| train/                  |             |
|    approx_kl            | 0.018182168 |
|    clip_fraction        | 0.228       |
|    clip_range           | 0.2         |
|    entropy_loss         | -15.9       |
|    explained_variance   | 0.787       |
|    learning_rate        | 0.0003      |
|    loss                 | 1.96        |
|    n_updates            | 7230        |
|    policy_gradient_loss | -0.0121     |
|    std                  | 1.81        |
|    value_loss           | 10          |
-----------------------------------------
-----------------------------------------
| manipularl/             |             |
|    align_curriculum     | 0.504       |
|    collision_rate       | 0.55        |
|    grasp_failure_rate   | 0.656       |
|    insert_depth_mean    | 6.73e-05    |
|    insert_tilt_deg_mean | 5.49        |
|    success_rate         | 0           |
| rollout/                |             |
|    ep_len_mean          | 400         |
|    ep_rew_mean          | -34.8       |
| time/                   |             |
|    fps                  | 572         |
|    iterations           | 52          |
|    time_elapsed         | 558         |
|    total_timesteps      | 319488      |
| train/                  |             |
|    approx_kl            | 0.023588538 |
|    clip_fraction        | 0.218       |
|    clip_range           | 0.2         |
|    entropy_loss         | -15.9       |
|    explained_variance   | 0.808       |
|    learning_rate        | 0.0003      |
|    loss                 | 2.18        |
|    n_updates            | 7240        |
|    policy_gradient_loss | -0.0248     |
|    std                  | 1.82        |
|    value_loss           | 10.9        |
-----------------------------------------
-----------------------------------------
| manipularl/             |             |
|    align_curriculum     | 0.502       |
|    collision_rate       | 0.6         |
|    grasp_failure_rate   | 0.67        |
|    insert_depth_mean    | 6.73e-05    |
|    insert_tilt_deg_mean | 5.26        |
|    success_rate         | 0           |
| rollout/                |             |
|    ep_len_mean          | 400         |
|    ep_rew_mean          | -37.6       |
| time/                   |             |
|    fps                  | 571         |
|    iterations           | 53          |
|    time_elapsed         | 569         |
|    total_timesteps      | 325632      |
| train/                  |             |
|    approx_kl            | 0.029495412 |
|    clip_fraction        | 0.211       |
|    clip_range           | 0.2         |
|    entropy_loss         | -15.9       |
|    explained_variance   | 0.796       |
|    learning_rate        | 0.0003      |
|    loss                 | 1.29        |
|    n_updates            | 7250        |
|    policy_gradient_loss | -0.0336     |
|    std                  | 1.82        |
|    value_loss           | 8.49        |
-----------------------------------------
----------------------------------------
| manipularl/             |            |
|    align_curriculum     | 0.5        |
|    collision_rate       | 0.68       |
|    grasp_failure_rate   | 0.657      |
|    insert_depth_mean    | 6.73e-05   |
|    insert_tilt_deg_mean | 4.98       |
|    success_rate         | 0          |
| rollout/                |            |
|    ep_len_mean          | 400        |
|    ep_rew_mean          | -45.8      |
| time/                   |            |
|    fps                  | 570        |
|    iterations           | 54         |
|    time_elapsed         | 581        |
|    total_timesteps      | 331776     |
| train/                  |            |
|    approx_kl            | 0.02541464 |
|    clip_fraction        | 0.2        |
|    clip_range           | 0.2        |
|    entropy_loss         | -15.9      |
|    explained_variance   | 0.841      |
|    learning_rate        | 0.0003     |
|    loss                 | 1.88       |
|    n_updates            | 7260       |
|    policy_gradient_loss | -0.0386    |
|    std                  | 1.83       |
|    value_loss           | 10.6       |
----------------------------------------
-----------------------------------------
| manipularl/             |             |
|    align_curriculum     | 0.499       |
|    collision_rate       | 0.68        |
|    grasp_failure_rate   | 0.665       |
|    insert_depth_mean    | 5.55e-05    |
|    insert_tilt_deg_mean | 4.39        |
|    success_rate         | 0           |
| rollout/                |             |
|    ep_len_mean          | 400         |
|    ep_rew_mean          | -44.8       |
| time/                   |             |
|    fps                  | 568         |
|    iterations           | 55          |
|    time_elapsed         | 594         |
|    total_timesteps      | 337920      |
| train/                  |             |
|    approx_kl            | 0.027305469 |
|    clip_fraction        | 0.184       |
|    clip_range           | 0.2         |
|    entropy_loss         | -15.9       |
|    explained_variance   | 0.604       |
|    learning_rate        | 0.0003      |
|    loss                 | 0.752       |
|    n_updates            | 7270        |
|    policy_gradient_loss | -0.0338     |
|    std                  | 1.83        |
|    value_loss           | 8.71        |
-----------------------------------------
---------------------------------------
| manipularl/             |           |
|    align_curriculum     | 0.497     |
|    collision_rate       | 0.67      |
|    grasp_failure_rate   | 0.661     |
|    insert_depth_mean    | 5.55e-05  |
|    insert_tilt_deg_mean | 4.18      |
|    success_rate         | 0         |
| rollout/                |           |
|    ep_len_mean          | 400       |
|    ep_rew_mean          | -47.6     |
| time/                   |           |
|    fps                  | 566       |
|    iterations           | 56        |
|    time_elapsed         | 606       |
|    total_timesteps      | 344064    |
| train/                  |           |
|    approx_kl            | 0.0678727 |
|    clip_fraction        | 0.355     |
|    clip_range           | 0.2       |
|    entropy_loss         | -15.9     |
|    explained_variance   | 0.853     |
|    learning_rate        | 0.0003    |
|    loss                 | 0.672     |
|    n_updates            | 7280      |
|    policy_gradient_loss | -0.0515   |
|    std                  | 1.83      |
|    value_loss           | 3.38      |
---------------------------------------
---------------------------------------
| manipularl/             |           |
|    align_curriculum     | 0.495     |
|    collision_rate       | 0.61      |
|    grasp_failure_rate   | 0.657     |
|    insert_depth_mean    | 0         |
|    insert_tilt_deg_mean | 4.04      |
|    success_rate         | 0         |
| rollout/                |           |
|    ep_len_mean          | 400       |
|    ep_rew_mean          | -33.7     |
| time/                   |           |
|    fps                  | 567       |
|    iterations           | 57        |
|    time_elapsed         | 616       |
|    total_timesteps      | 350208    |
| train/                  |           |
|    approx_kl            | 0.0442173 |
|    clip_fraction        | 0.305     |
|    clip_range           | 0.2       |
|    entropy_loss         | -15.9     |
|    explained_variance   | 0.884     |
|    learning_rate        | 0.0003    |
|    loss                 | 0.622     |
|    n_updates            | 7290      |
|    policy_gradient_loss | -0.0374   |
|    std                  | 1.83      |
|    value_loss           | 4.69      |
---------------------------------------
-----------------------------------------
| manipularl/             |             |
|    align_curriculum     | 0.493       |
|    collision_rate       | 0.58        |
|    grasp_failure_rate   | 0.67        |
|    insert_depth_mean    | 0           |
|    insert_tilt_deg_mean | 3.69        |
|    success_rate         | 0           |
| rollout/                |             |
|    ep_len_mean          | 400         |
|    ep_rew_mean          | -27.6       |
| time/                   |             |
|    fps                  | 570         |
|    iterations           | 58          |
|    time_elapsed         | 624         |
|    total_timesteps      | 356352      |
| train/                  |             |
|    approx_kl            | 0.042794567 |
|    clip_fraction        | 0.285       |
|    clip_range           | 0.2         |
|    entropy_loss         | -15.9       |
|    explained_variance   | 0.853       |
|    learning_rate        | 0.0003      |
|    loss                 | 0.751       |
|    n_updates            | 7300        |
|    policy_gradient_loss | -0.045      |
|    std                  | 1.83        |
|    value_loss           | 3.58        |
-----------------------------------------
----------------------------------------
| manipularl/             |            |
|    align_curriculum     | 0.491      |
|    collision_rate       | 0.57       |
|    grasp_failure_rate   | 0.699      |
|    insert_depth_mean    | 2.11e-05   |
|    insert_tilt_deg_mean | 3.37       |
|    success_rate         | 0          |
| rollout/                |            |
|    ep_len_mean          | 400        |
|    ep_rew_mean          | -24.3      |
| time/                   |            |
|    fps                  | 573        |
|    iterations           | 59         |
|    time_elapsed         | 632        |
|    total_timesteps      | 362496     |
| train/                  |            |
|    approx_kl            | 0.04177612 |
|    clip_fraction        | 0.256      |
|    clip_range           | 0.2        |
|    entropy_loss         | -16        |
|    explained_variance   | 0.874      |
|    learning_rate        | 0.0003     |
|    loss                 | 1.86       |
|    n_updates            | 7310       |
|    policy_gradient_loss | -0.0453    |
|    std                  | 1.83       |
|    value_loss           | 6.4        |
----------------------------------------
-----------------------------------------
| manipularl/             |             |
|    align_curriculum     | 0.489       |
|    collision_rate       | 0.56        |
|    grasp_failure_rate   | 0.69        |
|    insert_depth_mean    | 2.11e-05    |
|    insert_tilt_deg_mean | 3.6         |
|    success_rate         | 0           |
| rollout/                |             |
|    ep_len_mean          | 400         |
|    ep_rew_mean          | -18.6       |
| time/                   |             |
|    fps                  | 576         |
|    iterations           | 60          |
|    time_elapsed         | 639         |
|    total_timesteps      | 368640      |
| train/                  |             |
|    approx_kl            | 0.041656718 |
|    clip_fraction        | 0.262       |
|    clip_range           | 0.2         |
|    entropy_loss         | -16         |
|    explained_variance   | 0.833       |
|    learning_rate        | 0.0003      |
|    loss                 | 0.762       |
|    n_updates            | 7320        |
|    policy_gradient_loss | -0.0496     |
|    std                  | 1.84        |
|    value_loss           | 4.07        |
-----------------------------------------
-----------------------------------------
| manipularl/             |             |
|    align_curriculum     | 0.488       |
|    collision_rate       | 0.64        |
|    grasp_failure_rate   | 0.716       |
|    insert_depth_mean    | 2.11e-05    |
|    insert_tilt_deg_mean | 3.49        |
|    success_rate         | 0           |
| rollout/                |             |
|    ep_len_mean          | 400         |
|    ep_rew_mean          | -23.2       |
| time/                   |             |
|    fps                  | 578         |
|    iterations           | 61          |
|    time_elapsed         | 648         |
|    total_timesteps      | 374784      |
| train/                  |             |
|    approx_kl            | 0.031749804 |
|    clip_fraction        | 0.242       |
|    clip_range           | 0.2         |
|    entropy_loss         | -16         |
|    explained_variance   | 0.794       |
|    learning_rate        | 0.0003      |
|    loss                 | 0.516       |
|    n_updates            | 7330        |
|    policy_gradient_loss | -0.0416     |
|    std                  | 1.84        |
|    value_loss           | 4.82        |
-----------------------------------------
-----------------------------------------
| manipularl/             |             |
|    align_curriculum     | 0.486       |
|    collision_rate       | 0.68        |
|    grasp_failure_rate   | 0.71        |
|    insert_depth_mean    | 2.11e-05    |
|    insert_tilt_deg_mean | 3.66        |
|    success_rate         | 0           |
| rollout/                |             |
|    ep_len_mean          | 400         |
|    ep_rew_mean          | -27.5       |
| time/                   |             |
|    fps                  | 579         |
|    iterations           | 62          |
|    time_elapsed         | 656         |
|    total_timesteps      | 380928      |
| train/                  |             |
|    approx_kl            | 0.016918352 |
|    clip_fraction        | 0.182       |
|    clip_range           | 0.2         |
|    entropy_loss         | -16         |
|    explained_variance   | 0.579       |
|    learning_rate        | 0.0003      |
|    loss                 | 2.35        |
|    n_updates            | 7340        |
|    policy_gradient_loss | -0.0211     |
|    std                  | 1.84        |
|    value_loss           | 14.4        |
-----------------------------------------
-----------------------------------------
| manipularl/             |             |
|    align_curriculum     | 0.484       |
|    collision_rate       | 0.71        |
|    grasp_failure_rate   | 0.73        |
|    insert_depth_mean    | 2.11e-05    |
|    insert_tilt_deg_mean | 4.05        |
|    success_rate         | 0           |
| rollout/                |             |
|    ep_len_mean          | 400         |
|    ep_rew_mean          | -33.2       |
| time/                   |             |
|    fps                  | 581         |
|    iterations           | 63          |
|    time_elapsed         | 665         |
|    total_timesteps      | 387072      |
| train/                  |             |
|    approx_kl            | 0.019219069 |
|    clip_fraction        | 0.126       |
|    clip_range           | 0.2         |
|    entropy_loss         | -16         |
|    explained_variance   | 0.682       |
|    learning_rate        | 0.0003      |
|    loss                 | 2.37        |
|    n_updates            | 7350        |
|    policy_gradient_loss | -0.0301     |
|    std                  | 1.84        |
|    value_loss           | 12.8        |
-----------------------------------------
---------------------------------------
| manipularl/             |           |
|    align_curriculum     | 0.482     |
|    collision_rate       | 0.76      |
|    grasp_failure_rate   | 0.752     |
|    insert_depth_mean    | 2.11e-05  |
|    insert_tilt_deg_mean | 4.13      |
|    success_rate         | 0         |
| rollout/                |           |
|    ep_len_mean          | 400       |
|    ep_rew_mean          | -37.7     |
| time/                   |           |
|    fps                  | 584       |
|    iterations           | 64        |
|    time_elapsed         | 672       |
|    total_timesteps      | 393216    |
| train/                  |           |
|    approx_kl            | 0.0349156 |
|    clip_fraction        | 0.21      |
|    clip_range           | 0.2       |
|    entropy_loss         | -16       |
|    explained_variance   | 0.861     |
|    learning_rate        | 0.0003    |
|    loss                 | 1.81      |
|    n_updates            | 7360      |
|    policy_gradient_loss | -0.0312   |
|    std                  | 1.84      |
|    value_loss           | 8.74      |
---------------------------------------
-----------------------------------------
| manipularl/             |             |
|    align_curriculum     | 0.48        |
|    collision_rate       | 0.67        |
|    grasp_failure_rate   | 0.736       |
|    insert_depth_mean    | 0           |
|    insert_tilt_deg_mean | 4.63        |
|    success_rate         | 0           |
| rollout/                |             |
|    ep_len_mean          | 400         |
|    ep_rew_mean          | -39.6       |
| time/                   |             |
|    fps                  | 586         |
|    iterations           | 65          |
|    time_elapsed         | 680         |
|    total_timesteps      | 399360      |
| train/                  |             |
|    approx_kl            | 0.023086071 |
|    clip_fraction        | 0.216       |
|    clip_range           | 0.2         |
|    entropy_loss         | -16         |
|    explained_variance   | 0.845       |
|    learning_rate        | 0.0003      |
|    loss                 | 0.886       |
|    n_updates            | 7370        |
|    policy_gradient_loss | -0.0254     |
|    std                  | 1.84        |
|    value_loss           | 8.45        |
-----------------------------------------
----------------------------------------
| manipularl/             |            |
|    align_curriculum     | 0.478      |
|    collision_rate       | 0.64       |
|    grasp_failure_rate   | 0.735      |
|    insert_depth_mean    | 0          |
|    insert_tilt_deg_mean | 4.86       |
|    success_rate         | 0          |
| rollout/                |            |
|    ep_len_mean          | 400        |
|    ep_rew_mean          | -40        |
| time/                   |            |
|    fps                  | 587        |
|    iterations           | 66         |
|    time_elapsed         | 689        |
|    total_timesteps      | 405504     |
| train/                  |            |
|    approx_kl            | 0.03513806 |
|    clip_fraction        | 0.232      |
|    clip_range           | 0.2        |
|    entropy_loss         | -16        |
|    explained_variance   | 0.851      |
|    learning_rate        | 0.0003     |
|    loss                 | 0.766      |
|    n_updates            | 7380       |
|    policy_gradient_loss | -0.0453    |
|    std                  | 1.84       |
|    value_loss           | 4.01       |
----------------------------------------
-----------------------------------------
| manipularl/             |             |
|    align_curriculum     | 0.477       |
|    collision_rate       | 0.61        |
|    grasp_failure_rate   | 0.726       |
|    insert_depth_mean    | 0           |
|    insert_tilt_deg_mean | 4.68        |
|    success_rate         | 0           |
| rollout/                |             |
|    ep_len_mean          | 400         |
|    ep_rew_mean          | -44.1       |
| time/                   |             |
|    fps                  | 588         |
|    iterations           | 67          |
|    time_elapsed         | 699         |
|    total_timesteps      | 411648      |
| train/                  |             |
|    approx_kl            | 0.038556546 |
|    clip_fraction        | 0.256       |
|    clip_range           | 0.2         |
|    entropy_loss         | -16         |
|    explained_variance   | 0.819       |
|    learning_rate        | 0.0003      |
|    loss                 | 0.907       |
|    n_updates            | 7390        |
|    policy_gradient_loss | -0.0476     |
|    std                  | 1.85        |
|    value_loss           | 4.77        |
-----------------------------------------
-----------------------------------------
| manipularl/             |             |
|    align_curriculum     | 0.475       |
|    collision_rate       | 0.5         |
|    grasp_failure_rate   | 0.647       |
|    insert_depth_mean    | 0           |
|    insert_tilt_deg_mean | 4.3         |
|    success_rate         | 0           |
| rollout/                |             |
|    ep_len_mean          | 400         |
|    ep_rew_mean          | -40.9       |
| time/                   |             |
|    fps                  | 589         |
|    iterations           | 68          |
|    time_elapsed         | 708         |
|    total_timesteps      | 417792      |
| train/                  |             |
|    approx_kl            | 0.020165695 |
|    clip_fraction        | 0.183       |
|    clip_range           | 0.2         |
|    entropy_loss         | -16         |
|    explained_variance   | 0.714       |
|    learning_rate        | 0.0003      |
|    loss                 | 1.82        |
|    n_updates            | 7400        |
|    policy_gradient_loss | -0.0259     |
|    std                  | 1.85        |
|    value_loss           | 13.1        |
-----------------------------------------
-----------------------------------------
| manipularl/             |             |
|    align_curriculum     | 0.473       |
|    collision_rate       | 0.5         |
|    grasp_failure_rate   | 0.635       |
|    insert_depth_mean    | 0           |
|    insert_tilt_deg_mean | 3.83        |
|    success_rate         | 0           |
| rollout/                |             |
|    ep_len_mean          | 400         |
|    ep_rew_mean          | -41.9       |
| time/                   |             |
|    fps                  | 591         |
|    iterations           | 69          |
|    time_elapsed         | 717         |
|    total_timesteps      | 423936      |
| train/                  |             |
|    approx_kl            | 0.028863112 |
|    clip_fraction        | 0.196       |
|    clip_range           | 0.2         |
|    entropy_loss         | -16         |
|    explained_variance   | 0.851       |
|    learning_rate        | 0.0003      |
|    loss                 | 1.33        |
|    n_updates            | 7410        |
|    policy_gradient_loss | -0.0405     |
|    std                  | 1.85        |
|    value_loss           | 8.42        |
-----------------------------------------
----------------------------------------
| manipularl/             |            |
|    align_curriculum     | 0.471      |
|    collision_rate       | 0.51       |
|    grasp_failure_rate   | 0.628      |
|    insert_depth_mean    | 0          |
|    insert_tilt_deg_mean | 4.09       |
|    success_rate         | 0          |
| rollout/                |            |
|    ep_len_mean          | 400        |
|    ep_rew_mean          | -35.8      |
| time/                   |            |
|    fps                  | 592        |
|    iterations           | 70         |
|    time_elapsed         | 725        |
|    total_timesteps      | 430080     |
| train/                  |            |
|    approx_kl            | 0.03749774 |
|    clip_fraction        | 0.26       |
|    clip_range           | 0.2        |
|    entropy_loss         | -16        |
|    explained_variance   | 0.769      |
|    learning_rate        | 0.0003     |
|    loss                 | 1.54       |
|    n_updates            | 7420       |
|    policy_gradient_loss | -0.0391    |
|    std                  | 1.85       |
|    value_loss           | 6.4        |
----------------------------------------
-----------------------------------------
| manipularl/             |             |
|    align_curriculum     | 0.469       |
|    collision_rate       | 0.54        |
|    grasp_failure_rate   | 0.574       |
|    insert_depth_mean    | 0           |
|    insert_tilt_deg_mean | 4.25        |
|    success_rate         | 0           |
| rollout/                |             |
|    ep_len_mean          | 400         |
|    ep_rew_mean          | -33.7       |
| time/                   |             |
|    fps                  | 595         |
|    iterations           | 71          |
|    time_elapsed         | 733         |
|    total_timesteps      | 436224      |
| train/                  |             |
|    approx_kl            | 0.034966346 |
|    clip_fraction        | 0.253       |
|    clip_range           | 0.2         |
|    entropy_loss         | -16         |
|    explained_variance   | 0.881       |
|    learning_rate        | 0.0003      |
|    loss                 | 1.51        |
|    n_updates            | 7430        |
|    policy_gradient_loss | -0.0488     |
|    std                  | 1.86        |
|    value_loss           | 7.26        |
-----------------------------------------
----------------------------------------
| manipularl/             |            |
|    align_curriculum     | 0.467      |
|    collision_rate       | 0.6        |
|    grasp_failure_rate   | 0.577      |
|    insert_depth_mean    | 0          |
|    insert_tilt_deg_mean | 4.07       |
|    success_rate         | 0          |
| rollout/                |            |
|    ep_len_mean          | 400        |
|    ep_rew_mean          | -33.7      |
| time/                   |            |
|    fps                  | 594        |
|    iterations           | 72         |
|    time_elapsed         | 744        |
|    total_timesteps      | 442368     |
| train/                  |            |
|    approx_kl            | 0.04206507 |
|    clip_fraction        | 0.275      |
|    clip_range           | 0.2        |
|    entropy_loss         | -16.1      |
|    explained_variance   | 0.891      |
|    learning_rate        | 0.0003     |
|    loss                 | 0.414      |
|    n_updates            | 7440       |
|    policy_gradient_loss | -0.0465    |
|    std                  | 1.86       |
|    value_loss           | 2.92       |
----------------------------------------
-----------------------------------------
| manipularl/             |             |
|    align_curriculum     | 0.465       |
|    collision_rate       | 0.63        |
|    grasp_failure_rate   | 0.584       |
|    insert_depth_mean    | 0           |
|    insert_tilt_deg_mean | 4.1         |
|    success_rate         | 0           |
| rollout/                |             |
|    ep_len_mean          | 400         |
|    ep_rew_mean          | -34.3       |
| time/                   |             |
|    fps                  | 593         |
|    iterations           | 73          |
|    time_elapsed         | 756         |
|    total_timesteps      | 448512      |
| train/                  |             |
|    approx_kl            | 0.035257533 |
|    clip_fraction        | 0.27        |
|    clip_range           | 0.2         |
|    entropy_loss         | -16.1       |
|    explained_variance   | 0.839       |
|    learning_rate        | 0.0003      |
|    loss                 | 1.15        |
|    n_updates            | 7450        |
|    policy_gradient_loss | -0.0421     |
|    std                  | 1.86        |
|    value_loss           | 7.06        |
-----------------------------------------
-----------------------------------------
| manipularl/             |             |
|    align_curriculum     | 0.464       |
|    collision_rate       | 0.62        |
|    grasp_failure_rate   | 0.583       |
|    insert_depth_mean    | 0           |
|    insert_tilt_deg_mean | 4.22        |
|    success_rate         | 0           |
| rollout/                |             |
|    ep_len_mean          | 400         |
|    ep_rew_mean          | -26.8       |
| time/                   |             |
|    fps                  | 591         |
|    iterations           | 74          |
|    time_elapsed         | 768         |
|    total_timesteps      | 454656      |
| train/                  |             |
|    approx_kl            | 0.029610509 |
|    clip_fraction        | 0.205       |
|    clip_range           | 0.2         |
|    entropy_loss         | -16.1       |
|    explained_variance   | 0.786       |
|    learning_rate        | 0.0003      |
|    loss                 | 1.75        |
|    n_updates            | 7460        |
|    policy_gradient_loss | -0.0388     |
|    std                  | 1.86        |
|    value_loss           | 6.93        |
-----------------------------------------
-----------------------------------------
| manipularl/             |             |
|    align_curriculum     | 0.462       |
|    collision_rate       | 0.63        |
|    grasp_failure_rate   | 0.615       |
|    insert_depth_mean    | 0           |
|    insert_tilt_deg_mean | 4.3         |
|    success_rate         | 0           |
| rollout/                |             |
|    ep_len_mean          | 400         |
|    ep_rew_mean          | -32.9       |
| time/                   |             |
|    fps                  | 589         |
|    iterations           | 75          |
|    time_elapsed         | 781         |
|    total_timesteps      | 460800      |
| train/                  |             |
|    approx_kl            | 0.027791476 |
|    clip_fraction        | 0.216       |
|    clip_range           | 0.2         |
|    entropy_loss         | -16.1       |
|    explained_variance   | 0.901       |
|    learning_rate        | 0.0003      |
|    loss                 | 0.882       |
|    n_updates            | 7470        |
|    policy_gradient_loss | -0.0317     |
|    std                  | 1.87        |
|    value_loss           | 5.49        |
-----------------------------------------
----------------------------------------
| manipularl/             |            |
|    align_curriculum     | 0.46       |
|    collision_rate       | 0.65       |
|    grasp_failure_rate   | 0.635      |
|    insert_depth_mean    | 0          |
|    insert_tilt_deg_mean | 4.08       |
|    success_rate         | 0          |
| rollout/                |            |
|    ep_len_mean          | 400        |
|    ep_rew_mean          | -35.4      |
| time/                   |            |
|    fps                  | 590        |
|    iterations           | 76         |
|    time_elapsed         | 790        |
|    total_timesteps      | 466944     |
| train/                  |            |
|    approx_kl            | 0.02251183 |
|    clip_fraction        | 0.196      |
|    clip_range           | 0.2        |
|    entropy_loss         | -16.1      |
|    explained_variance   | 0.872      |
|    learning_rate        | 0.0003     |
|    loss                 | 2.49       |
|    n_updates            | 7480       |
|    policy_gradient_loss | -0.0239    |
|    std                  | 1.87       |
|    value_loss           | 11.6       |
----------------------------------------
-----------------------------------------
| manipularl/             |             |
|    align_curriculum     | 0.458       |
|    collision_rate       | 0.63        |
|    grasp_failure_rate   | 0.675       |
|    insert_depth_mean    | 0           |
|    insert_tilt_deg_mean | 3.53        |
|    success_rate         | 0           |
| rollout/                |             |
|    ep_len_mean          | 400         |
|    ep_rew_mean          | -35.6       |
| time/                   |             |
|    fps                  | 591         |
|    iterations           | 77          |
|    time_elapsed         | 799         |
|    total_timesteps      | 473088      |
| train/                  |             |
|    approx_kl            | 0.032631475 |
|    clip_fraction        | 0.219       |
|    clip_range           | 0.2         |
|    entropy_loss         | -16.1       |
|    explained_variance   | 0.926       |
|    learning_rate        | 0.0003      |
|    loss                 | 1.25        |
|    n_updates            | 7490        |
|    policy_gradient_loss | -0.048      |
|    std                  | 1.87        |
|    value_loss           | 6.93        |
-----------------------------------------
-----------------------------------------
| manipularl/             |             |
|    align_curriculum     | 0.456       |
|    collision_rate       | 0.65        |
|    grasp_failure_rate   | 0.656       |
|    insert_depth_mean    | 0           |
|    insert_tilt_deg_mean | 3.57        |
|    success_rate         | 0           |
| rollout/                |             |
|    ep_len_mean          | 400         |
|    ep_rew_mean          | -38.6       |
| time/                   |             |
|    fps                  | 592         |
|    iterations           | 78          |
|    time_elapsed         | 808         |
|    total_timesteps      | 479232      |
| train/                  |             |
|    approx_kl            | 0.026419511 |
|    clip_fraction        | 0.2         |
|    clip_range           | 0.2         |
|    entropy_loss         | -16.1       |
|    explained_variance   | 0.874       |
|    learning_rate        | 0.0003      |
|    loss                 | 1.05        |
|    n_updates            | 7500        |
|    policy_gradient_loss | -0.0364     |
|    std                  | 1.87        |
|    value_loss           | 6.27        |
-----------------------------------------
-----------------------------------------
| manipularl/             |             |
|    align_curriculum     | 0.454       |
|    collision_rate       | 0.75        |
|    grasp_failure_rate   | 0.69        |
|    insert_depth_mean    | 0           |
|    insert_tilt_deg_mean | 4.14        |
|    success_rate         | 0           |
| rollout/                |             |
|    ep_len_mean          | 400         |
|    ep_rew_mean          | -49.5       |
| time/                   |             |
|    fps                  | 594         |
|    iterations           | 79          |
|    time_elapsed         | 816         |
|    total_timesteps      | 485376      |
| train/                  |             |
|    approx_kl            | 0.018180816 |
|    clip_fraction        | 0.158       |
|    clip_range           | 0.2         |
|    entropy_loss         | -16.1       |
|    explained_variance   | 0.862       |
|    learning_rate        | 0.0003      |
|    loss                 | 2.91        |
|    n_updates            | 7510        |
|    policy_gradient_loss | -0.0267     |
|    std                  | 1.87        |
|    value_loss           | 15.2        |
-----------------------------------------
----------------------------------------
| manipularl/             |            |
|    align_curriculum     | 0.453      |
|    collision_rate       | 0.75       |
|    grasp_failure_rate   | 0.717      |
|    insert_depth_mean    | 0          |
|    insert_tilt_deg_mean | 4.23       |
|    success_rate         | 0          |
| rollout/                |            |
|    ep_len_mean          | 400        |
|    ep_rew_mean          | -46        |
| time/                   |            |
|    fps                  | 595        |
|    iterations           | 80         |
|    time_elapsed         | 824        |
|    total_timesteps      | 491520     |
| train/                  |            |
|    approx_kl            | 0.03387172 |
|    clip_fraction        | 0.228      |
|    clip_range           | 0.2        |
|    entropy_loss         | -16.1      |
|    explained_variance   | 0.866      |
|    learning_rate        | 0.0003     |
|    loss                 | 1.66       |
|    n_updates            | 7520       |
|    policy_gradient_loss | -0.0508    |
|    std                  | 1.88       |
|    value_loss           | 7.45       |
----------------------------------------
-----------------------------------------
| manipularl/             |             |
|    align_curriculum     | 0.451       |
|    collision_rate       | 0.76        |
|    grasp_failure_rate   | 0.684       |
|    insert_depth_mean    | 0           |
|    insert_tilt_deg_mean | 4.26        |
|    success_rate         | 0           |
| rollout/                |             |
|    ep_len_mean          | 400         |
|    ep_rew_mean          | -47.1       |
| time/                   |             |
|    fps                  | 596         |
|    iterations           | 81          |
|    time_elapsed         | 834         |
|    total_timesteps      | 497664      |
| train/                  |             |
|    approx_kl            | 0.025054542 |
|    clip_fraction        | 0.195       |
|    clip_range           | 0.2         |
|    entropy_loss         | -16.1       |
|    explained_variance   | 0.753       |
|    learning_rate        | 0.0003      |
|    loss                 | 1.77        |
|    n_updates            | 7530        |
|    policy_gradient_loss | -0.0327     |
|    std                  | 1.88        |
|    value_loss           | 8.91        |
-----------------------------------------
Eval num_timesteps=499992, episode_reward=-17.82 +/- 87.13
Episode length: 380.50 +/- 85.00
-----------------------------------------
| eval/                   |             |
|    mean_ep_length       | 380         |
|    mean_reward          | -17.8       |
| manipularl/             |             |
|    align_curriculum     | 0.45        |
|    collision_rate       | 0.73        |
|    grasp_failure_rate   | 0.683       |
|    insert_depth_mean    | 0           |
|    insert_tilt_deg_mean | 4.59        |
|    success_rate         | 0           |
| time/                   |             |
|    total_timesteps      | 499992      |
| train/                  |             |
|    approx_kl            | 0.029100144 |
|    clip_fraction        | 0.206       |
|    clip_range           | 0.2         |
|    entropy_loss         | -16.1       |
|    explained_variance   | 0.831       |
|    learning_rate        | 0.0003      |
|    loss                 | 1.43        |
|    n_updates            | 7540        |
|    policy_gradient_loss | -0.0431     |
|    std                  | 1.88        |
|    value_loss           | 7.44        |
-----------------------------------------
--------------------------------------
| manipularl/             |          |
|    align_curriculum     | 0.449    |
|    collision_rate       | 0.73     |
|    grasp_failure_rate   | 0.683    |
|    insert_depth_mean    | 0        |
|    insert_tilt_deg_mean | 4.59     |
|    success_rate         | 0        |
| rollout/                |          |
|    ep_len_mean          | 400      |
|    ep_rew_mean          | -43.9    |
| time/                   |          |
|    fps                  | 583      |
|    iterations           | 82       |
|    time_elapsed         | 863      |
|    total_timesteps      | 503808   |
--------------------------------------
-----------------------------------------
| manipularl/             |             |
|    align_curriculum     | 0.447       |
|    collision_rate       | 0.69        |
|    grasp_failure_rate   | 0.638       |
|    insert_depth_mean    | 0           |
|    insert_tilt_deg_mean | 5.11        |
|    success_rate         | 0           |
| rollout/                |             |
|    ep_len_mean          | 400         |
|    ep_rew_mean          | -37.1       |
| time/                   |             |
|    fps                  | 584         |
|    iterations           | 83          |
|    time_elapsed         | 872         |
|    total_timesteps      | 509952      |
| train/                  |             |
|    approx_kl            | 0.035554346 |
|    clip_fraction        | 0.242       |
|    clip_range           | 0.2         |
|    entropy_loss         | -16.1       |
|    explained_variance   | 0.867       |
|    learning_rate        | 0.0003      |
|    loss                 | 0.914       |
|    n_updates            | 7550        |
|    policy_gradient_loss | -0.0404     |
|    std                  | 1.88        |
|    value_loss           | 5           |
-----------------------------------------
-----------------------------------------
| manipularl/             |             |
|    align_curriculum     | 0.445       |
|    collision_rate       | 0.67        |
|    grasp_failure_rate   | 0.621       |
|    insert_depth_mean    | 0           |
|    insert_tilt_deg_mean | 5.33        |
|    success_rate         | 0           |
| rollout/                |             |
|    ep_len_mean          | 400         |
|    ep_rew_mean          | -36.7       |
| time/                   |             |
|    fps                  | 583         |
|    iterations           | 84          |
|    time_elapsed         | 884         |
|    total_timesteps      | 516096      |
| train/                  |             |
|    approx_kl            | 0.045135137 |
|    clip_fraction        | 0.298       |
|    clip_range           | 0.2         |
|    entropy_loss         | -16.1       |
|    explained_variance   | 0.648       |
|    learning_rate        | 0.0003      |
|    loss                 | 0.415       |
|    n_updates            | 7560        |
|    policy_gradient_loss | -0.0483     |
|    std                  | 1.88        |
|    value_loss           | 2.91        |
-----------------------------------------
----------------------------------------
| manipularl/             |            |
|    align_curriculum     | 0.443      |
|    collision_rate       | 0.6        |
|    grasp_failure_rate   | 0.651      |
|    insert_depth_mean    | 0          |
|    insert_tilt_deg_mean | 5.55       |
|    success_rate         | 0          |
| rollout/                |            |
|    ep_len_mean          | 400        |
|    ep_rew_mean          | -26.5      |
| time/                   |            |
|    fps                  | 583        |
|    iterations           | 85         |
|    time_elapsed         | 895        |
|    total_timesteps      | 522240     |
| train/                  |            |
|    approx_kl            | 0.05488488 |
|    clip_fraction        | 0.356      |
|    clip_range           | 0.2        |
|    entropy_loss         | -16.2      |
|    explained_variance   | 0.853      |
|    learning_rate        | 0.0003     |
|    loss                 | 0.457      |
|    n_updates            | 7570       |
|    policy_gradient_loss | -0.0467    |
|    std                  | 1.89       |
|    value_loss           | 2.76       |
----------------------------------------
----------------------------------------
| manipularl/             |            |
|    align_curriculum     | 0.441      |
|    collision_rate       | 0.54       |
|    grasp_failure_rate   | 0.629      |
|    insert_depth_mean    | 0          |
|    insert_tilt_deg_mean | 4.87       |
|    success_rate         | 0          |
| rollout/                |            |
|    ep_len_mean          | 400        |
|    ep_rew_mean          | -35.1      |
| time/                   |            |
|    fps                  | 581        |
|    iterations           | 86         |
|    time_elapsed         | 908        |
|    total_timesteps      | 528384     |
| train/                  |            |
|    approx_kl            | 0.02930396 |
|    clip_fraction        | 0.251      |
|    clip_range           | 0.2        |
|    entropy_loss         | -16.2      |
|    explained_variance   | 0.84       |
|    learning_rate        | 0.0003     |
|    loss                 | 0.792      |
|    n_updates            | 7580       |
|    policy_gradient_loss | -0.0309    |
|    std                  | 1.89       |
|    value_loss           | 5.26       |
----------------------------------------
-----------------------------------------
| manipularl/             |             |
|    align_curriculum     | 0.44        |
|    collision_rate       | 0.58        |
|    grasp_failure_rate   | 0.639       |
|    insert_depth_mean    | 0           |
|    insert_tilt_deg_mean | 4.94        |
|    success_rate         | 0           |
| rollout/                |             |
|    ep_len_mean          | 400         |
|    ep_rew_mean          | -34.4       |
| time/                   |             |
|    fps                  | 580         |
|    iterations           | 87          |
|    time_elapsed         | 920         |
|    total_timesteps      | 534528      |
| train/                  |             |
|    approx_kl            | 0.023596028 |
|    clip_fraction        | 0.239       |
|    clip_range           | 0.2         |
|    entropy_loss         | -16.2       |
|    explained_variance   | 0.829       |
|    learning_rate        | 0.0003      |
|    loss                 | 2.14        |
|    n_updates            | 7590        |
|    policy_gradient_loss | -0.0271     |
|    std                  | 1.9         |
|    value_loss           | 13.2        |
-----------------------------------------
-----------------------------------------
| manipularl/             |             |
|    align_curriculum     | 0.438       |
|    collision_rate       | 0.6         |
|    grasp_failure_rate   | 0.651       |
|    insert_depth_mean    | 0           |
|    insert_tilt_deg_mean | 4.61        |
|    success_rate         | 0           |
| rollout/                |             |
|    ep_len_mean          | 400         |
|    ep_rew_mean          | -32.9       |
| time/                   |             |
|    fps                  | 580         |
|    iterations           | 88          |
|    time_elapsed         | 931         |
|    total_timesteps      | 540672      |
| train/                  |             |
|    approx_kl            | 0.031659458 |
|    clip_fraction        | 0.232       |
|    clip_range           | 0.2         |
|    entropy_loss         | -16.2       |
|    explained_variance   | 0.821       |
|    learning_rate        | 0.0003      |
|    loss                 | 1.71        |
|    n_updates            | 7600        |
|    policy_gradient_loss | -0.0459     |
|    std                  | 1.9         |
|    value_loss           | 7.75        |
-----------------------------------------
-----------------------------------------
| manipularl/             |             |
|    align_curriculum     | 0.436       |
|    collision_rate       | 0.53        |
|    grasp_failure_rate   | 0.621       |
|    insert_depth_mean    | 0           |
|    insert_tilt_deg_mean | 4.27        |
|    success_rate         | 0           |
| rollout/                |             |
|    ep_len_mean          | 400         |
|    ep_rew_mean          | -26.7       |
| time/                   |             |
|    fps                  | 581         |
|    iterations           | 89          |
|    time_elapsed         | 941         |
|    total_timesteps      | 546816      |
| train/                  |             |
|    approx_kl            | 0.048294187 |
|    clip_fraction        | 0.3         |
|    clip_range           | 0.2         |
|    entropy_loss         | -16.2       |
|    explained_variance   | 0.9         |
|    learning_rate        | 0.0003      |
|    loss                 | 0.507       |
|    n_updates            | 7610        |
|    policy_gradient_loss | -0.0535     |
|    std                  | 1.9         |
|    value_loss           | 3.13        |
-----------------------------------------
-----------------------------------------
| manipularl/             |             |
|    align_curriculum     | 0.434       |
|    collision_rate       | 0.61        |
|    grasp_failure_rate   | 0.669       |
|    insert_depth_mean    | 0           |
|    insert_tilt_deg_mean | 4.15        |
|    success_rate         | 0           |
| rollout/                |             |
|    ep_len_mean          | 400         |
|    ep_rew_mean          | -34         |
| time/                   |             |
|    fps                  | 582         |
|    iterations           | 90          |
|    time_elapsed         | 950         |
|    total_timesteps      | 552960      |
| train/                  |             |
|    approx_kl            | 0.038799692 |
|    clip_fraction        | 0.29        |
|    clip_range           | 0.2         |
|    entropy_loss         | -16.2       |
|    explained_variance   | 0.858       |
|    learning_rate        | 0.0003      |
|    loss                 | 0.424       |
|    n_updates            | 7620        |
|    policy_gradient_loss | -0.0406     |
|    std                  | 1.9         |
|    value_loss           | 3.82        |
-----------------------------------------
-----------------------------------------
| manipularl/             |             |
|    align_curriculum     | 0.432       |
|    collision_rate       | 0.69        |
|    grasp_failure_rate   | 0.652       |
|    insert_depth_mean    | 0           |
|    insert_tilt_deg_mean | 4.02        |
|    success_rate         | 0           |
| rollout/                |             |
|    ep_len_mean          | 400         |
|    ep_rew_mean          | -38.4       |
| time/                   |             |
|    fps                  | 583         |
|    iterations           | 91          |
|    time_elapsed         | 957         |
|    total_timesteps      | 559104      |
| train/                  |             |
|    approx_kl            | 0.026759433 |
|    clip_fraction        | 0.239       |
|    clip_range           | 0.2         |
|    entropy_loss         | -16.2       |
|    explained_variance   | 0.75        |
|    learning_rate        | 0.0003      |
|    loss                 | 2.71        |
|    n_updates            | 7630        |
|    policy_gradient_loss | -0.0341     |
|    std                  | 1.9         |
|    value_loss           | 11          |
-----------------------------------------
-----------------------------------------
| manipularl/             |             |
|    align_curriculum     | 0.43        |
|    collision_rate       | 0.7         |
|    grasp_failure_rate   | 0.624       |
|    insert_depth_mean    | 0           |
|    insert_tilt_deg_mean | 3.77        |
|    success_rate         | 0           |
| rollout/                |             |
|    ep_len_mean          | 400         |
|    ep_rew_mean          | -38.6       |
| time/                   |             |
|    fps                  | 585         |
|    iterations           | 92          |
|    time_elapsed         | 964         |
|    total_timesteps      | 565248      |
| train/                  |             |
|    approx_kl            | 0.030938486 |
|    clip_fraction        | 0.241       |
|    clip_range           | 0.2         |
|    entropy_loss         | -16.2       |
|    explained_variance   | 0.779       |
|    learning_rate        | 0.0003      |
|    loss                 | 1.85        |
|    n_updates            | 7640        |
|    policy_gradient_loss | -0.0388     |
|    std                  | 1.91        |
|    value_loss           | 7.99        |
-----------------------------------------
-----------------------------------------
| manipularl/             |             |
|    align_curriculum     | 0.429       |
|    collision_rate       | 0.61        |
|    grasp_failure_rate   | 0.598       |
|    insert_depth_mean    | 0           |
|    insert_tilt_deg_mean | 3.84        |
|    success_rate         | 0           |
| rollout/                |             |
|    ep_len_mean          | 400         |
|    ep_rew_mean          | -24.9       |
| time/                   |             |
|    fps                  | 587         |
|    iterations           | 93          |
|    time_elapsed         | 973         |
|    total_timesteps      | 571392      |
| train/                  |             |
|    approx_kl            | 0.032681987 |
|    clip_fraction        | 0.232       |
|    clip_range           | 0.2         |
|    entropy_loss         | -16.3       |
|    explained_variance   | 0.922       |
|    learning_rate        | 0.0003      |
|    loss                 | 0.936       |
|    n_updates            | 7650        |
|    policy_gradient_loss | -0.047      |
|    std                  | 1.91        |
|    value_loss           | 5.43        |
-----------------------------------------
-----------------------------------------
| manipularl/             |             |
|    align_curriculum     | 0.427       |
|    collision_rate       | 0.63        |
|    grasp_failure_rate   | 0.608       |
|    insert_depth_mean    | 0           |
|    insert_tilt_deg_mean | 3.73        |
|    success_rate         | 0           |
| rollout/                |             |
|    ep_len_mean          | 400         |
|    ep_rew_mean          | -25         |
| time/                   |             |
|    fps                  | 588         |
|    iterations           | 94          |
|    time_elapsed         | 981         |
|    total_timesteps      | 577536      |
| train/                  |             |
|    approx_kl            | 0.051465247 |
|    clip_fraction        | 0.308       |
|    clip_range           | 0.2         |
|    entropy_loss         | -16.3       |
|    explained_variance   | 0.888       |
|    learning_rate        | 0.0003      |
|    loss                 | 0.439       |
|    n_updates            | 7660        |
|    policy_gradient_loss | -0.0463     |
|    std                  | 1.91        |
|    value_loss           | 2.28        |
-----------------------------------------
-----------------------------------------
| manipularl/             |             |
|    align_curriculum     | 0.425       |
|    collision_rate       | 0.62        |
|    grasp_failure_rate   | 0.622       |
|    insert_depth_mean    | 3.95e-05    |
|    insert_tilt_deg_mean | 3.56        |
|    success_rate         | 0           |
| rollout/                |             |
|    ep_len_mean          | 400         |
|    ep_rew_mean          | -25.1       |
| time/                   |             |
|    fps                  | 589         |
|    iterations           | 95          |
|    time_elapsed         | 989         |
|    total_timesteps      | 583680      |
| train/                  |             |
|    approx_kl            | 0.047758225 |
|    clip_fraction        | 0.339       |
|    clip_range           | 0.2         |
|    entropy_loss         | -16.3       |
|    explained_variance   | 0.714       |
|    learning_rate        | 0.0003      |
|    loss                 | 0.696       |
|    n_updates            | 7670        |
|    policy_gradient_loss | -0.042      |
|    std                  | 1.91        |
|    value_loss           | 3.65        |
-----------------------------------------
-----------------------------------------
| manipularl/             |             |
|    align_curriculum     | 0.423       |
|    collision_rate       | 0.64        |
|    grasp_failure_rate   | 0.615       |
|    insert_depth_mean    | 3.95e-05    |
|    insert_tilt_deg_mean | 3.18        |
|    success_rate         | 0           |
| rollout/                |             |
|    ep_len_mean          | 400         |
|    ep_rew_mean          | -28         |
| time/                   |             |
|    fps                  | 591         |
|    iterations           | 96          |
|    time_elapsed         | 997         |
|    total_timesteps      | 589824      |
| train/                  |             |
|    approx_kl            | 0.039963555 |
|    clip_fraction        | 0.322       |
|    clip_range           | 0.2         |
|    entropy_loss         | -16.3       |
|    explained_variance   | 0.801       |
|    learning_rate        | 0.0003      |
|    loss                 | 0.72        |
|    n_updates            | 7680        |
|    policy_gradient_loss | -0.0267     |
|    std                  | 1.92        |
|    value_loss           | 4.81        |
-----------------------------------------
-----------------------------------------
| manipularl/             |             |
|    align_curriculum     | 0.421       |
|    collision_rate       | 0.54        |
|    grasp_failure_rate   | 0.596       |
|    insert_depth_mean    | 3.95e-05    |
|    insert_tilt_deg_mean | 3.26        |
|    success_rate         | 0           |
| rollout/                |             |
|    ep_len_mean          | 400         |
|    ep_rew_mean          | -17.4       |
| time/                   |             |
|    fps                  | 592         |
|    iterations           | 97          |
|    time_elapsed         | 1005        |
|    total_timesteps      | 595968      |
| train/                  |             |
|    approx_kl            | 0.034584288 |
|    clip_fraction        | 0.252       |
|    clip_range           | 0.2         |
|    entropy_loss         | -16.3       |
|    explained_variance   | 0.897       |
|    learning_rate        | 0.0003      |
|    loss                 | 0.627       |
|    n_updates            | 7690        |
|    policy_gradient_loss | -0.037      |
|    std                  | 1.92        |
|    value_loss           | 4.28        |
-----------------------------------------
----------------------------------------
| manipularl/             |            |
|    align_curriculum     | 0.419      |
|    collision_rate       | 0.54       |
|    grasp_failure_rate   | 0.656      |
|    insert_depth_mean    | 3.95e-05   |
|    insert_tilt_deg_mean | 3.25       |
|    success_rate         | 0          |
| rollout/                |            |
|    ep_len_mean          | 400        |
|    ep_rew_mean          | -20.3      |
| time/                   |            |
|    fps                  | 593        |
|    iterations           | 98         |
|    time_elapsed         | 1013       |
|    total_timesteps      | 602112     |
| train/                  |            |
|    approx_kl            | 0.05580595 |
|    clip_fraction        | 0.312      |
|    clip_range           | 0.2        |
|    entropy_loss         | -16.3      |
|    explained_variance   | 0.885      |
|    learning_rate        | 0.0003     |
|    loss                 | 0.195      |
|    n_updates            | 7700       |
|    policy_gradient_loss | -0.0483    |
|    std                  | 1.93       |
|    value_loss           | 1.87       |
----------------------------------------
-----------------------------------------
| manipularl/             |             |
|    align_curriculum     | 0.418       |
|    collision_rate       | 0.55        |
|    grasp_failure_rate   | 0.659       |
|    insert_depth_mean    | 3.95e-05    |
|    insert_tilt_deg_mean | 3.34        |
|    success_rate         | 0           |
| rollout/                |             |
|    ep_len_mean          | 400         |
|    ep_rew_mean          | -24.5       |
| time/                   |             |
|    fps                  | 595         |
|    iterations           | 99          |
|    time_elapsed         | 1021        |
|    total_timesteps      | 608256      |
| train/                  |             |
|    approx_kl            | 0.019543462 |
|    clip_fraction        | 0.244       |
|    clip_range           | 0.2         |
|    entropy_loss         | -16.4       |
|    explained_variance   | 0.836       |
|    learning_rate        | 0.0003      |
|    loss                 | 2.22        |
|    n_updates            | 7710        |
|    policy_gradient_loss | -0.0191     |
|    std                  | 1.93        |
|    value_loss           | 10.2        |
-----------------------------------------
-----------------------------------------
| manipularl/             |             |
|    align_curriculum     | 0.416       |
|    collision_rate       | 0.56        |
|    grasp_failure_rate   | 0.667       |
|    insert_depth_mean    | 3.95e-05    |
|    insert_tilt_deg_mean | 2.61        |
|    success_rate         | 0           |
| rollout/                |             |
|    ep_len_mean          | 400         |
|    ep_rew_mean          | -23.4       |
| time/                   |             |
|    fps                  | 596         |
|    iterations           | 100         |
|    time_elapsed         | 1030        |
|    total_timesteps      | 614400      |
| train/                  |             |
|    approx_kl            | 0.021472633 |
|    clip_fraction        | 0.171       |
|    clip_range           | 0.2         |
|    entropy_loss         | -16.4       |
|    explained_variance   | 0.842       |
|    learning_rate        | 0.0003      |
|    loss                 | 1.65        |
|    n_updates            | 7720        |
|    policy_gradient_loss | -0.0367     |
|    std                  | 1.94        |
|    value_loss           | 7.26        |
-----------------------------------------
-----------------------------------------
| manipularl/             |             |
|    align_curriculum     | 0.414       |
|    collision_rate       | 0.51        |
|    grasp_failure_rate   | 0.615       |
|    insert_depth_mean    | 0           |
|    insert_tilt_deg_mean | 3.22        |
|    success_rate         | 0           |
| rollout/                |             |
|    ep_len_mean          | 400         |
|    ep_rew_mean          | -23         |
| time/                   |             |
|    fps                  | 596         |
|    iterations           | 101         |
|    time_elapsed         | 1040        |
|    total_timesteps      | 620544      |
| train/                  |             |
|    approx_kl            | 0.044977885 |
|    clip_fraction        | 0.284       |
|    clip_range           | 0.2         |
|    entropy_loss         | -16.4       |
|    explained_variance   | 0.904       |
|    learning_rate        | 0.0003      |
|    loss                 | 0.365       |
|    n_updates            | 7730        |
|    policy_gradient_loss | -0.0467     |
|    std                  | 1.93        |
|    value_loss           | 2.12        |
-----------------------------------------
-----------------------------------------
| manipularl/             |             |
|    align_curriculum     | 0.412       |
|    collision_rate       | 0.47        |
|    grasp_failure_rate   | 0.601       |
|    insert_depth_mean    | 0           |
|    insert_tilt_deg_mean | 3.65        |
|    success_rate         | 0           |
| rollout/                |             |
|    ep_len_mean          | 400         |
|    ep_rew_mean          | -19.4       |
| time/                   |             |
|    fps                  | 598         |
|    iterations           | 102         |
|    time_elapsed         | 1047        |
|    total_timesteps      | 626688      |
| train/                  |             |
|    approx_kl            | 0.033421524 |
|    clip_fraction        | 0.294       |
|    clip_range           | 0.2         |
|    entropy_loss         | -16.4       |
|    explained_variance   | 0.645       |
|    learning_rate        | 0.0003      |
|    loss                 | 0.479       |
|    n_updates            | 7740        |
|    policy_gradient_loss | -0.0361     |
|    std                  | 1.94        |
|    value_loss           | 3.42        |
-----------------------------------------
----------------------------------------
| manipularl/             |            |
|    align_curriculum     | 0.41       |
|    collision_rate       | 0.46       |
|    grasp_failure_rate   | 0.604      |
|    insert_depth_mean    | 0          |
|    insert_tilt_deg_mean | 3.53       |
|    success_rate         | 0          |
| rollout/                |            |
|    ep_len_mean          | 400        |
|    ep_rew_mean          | -19.3      |
| time/                   |            |
|    fps                  | 599        |
|    iterations           | 103        |
|    time_elapsed         | 1055       |
|    total_timesteps      | 632832     |
| train/                  |            |
|    approx_kl            | 0.04355398 |
|    clip_fraction        | 0.278      |
|    clip_range           | 0.2        |
|    entropy_loss         | -16.4      |
|    explained_variance   | 0.821      |
|    learning_rate        | 0.0003     |
|    loss                 | 0.259      |
|    n_updates            | 7750       |
|    policy_gradient_loss | -0.0498    |
|    std                  | 1.94       |
|    value_loss           | 2.25       |
----------------------------------------
-----------------------------------------
| manipularl/             |             |
|    align_curriculum     | 0.408       |
|    collision_rate       | 0.53        |
|    grasp_failure_rate   | 0.598       |
|    insert_depth_mean    | 0           |
|    insert_tilt_deg_mean | 3.59        |
|    success_rate         | 0           |
| rollout/                |             |
|    ep_len_mean          | 400         |
|    ep_rew_mean          | -21.7       |
| time/                   |             |
|    fps                  | 599         |
|    iterations           | 104         |
|    time_elapsed         | 1065        |
|    total_timesteps      | 638976      |
| train/                  |             |
|    approx_kl            | 0.062134337 |
|    clip_fraction        | 0.375       |
|    clip_range           | 0.2         |
|    entropy_loss         | -16.4       |
|    explained_variance   | 0.919       |
|    learning_rate        | 0.0003      |
|    loss                 | 0.13        |
|    n_updates            | 7760        |
|    policy_gradient_loss | -0.0599     |
|    std                  | 1.94        |
|    value_loss           | 1.44        |
-----------------------------------------
----------------------------------------
| manipularl/             |            |
|    align_curriculum     | 0.406      |
|    collision_rate       | 0.53       |
|    grasp_failure_rate   | 0.567      |
|    insert_depth_mean    | 0          |
|    insert_tilt_deg_mean | 3.51       |
|    success_rate         | 0          |
| rollout/                |            |
|    ep_len_mean          | 400        |
|    ep_rew_mean          | -16.2      |
| time/                   |            |
|    fps                  | 597        |
|    iterations           | 105        |
|    time_elapsed         | 1079       |
|    total_timesteps      | 645120     |
| train/                  |            |
|    approx_kl            | 0.05338594 |
|    clip_fraction        | 0.35       |
|    clip_range           | 0.2        |
|    entropy_loss         | -16.4      |
|    explained_variance   | 0.569      |
|    learning_rate        | 0.0003     |
|    loss                 | 0.655      |
|    n_updates            | 7770       |
|    policy_gradient_loss | -0.0438    |
|    std                  | 1.95       |
|    value_loss           | 2.8        |
----------------------------------------
----------------------------------------
| manipularl/             |            |
|    align_curriculum     | 0.405      |
|    collision_rate       | 0.48       |
|    grasp_failure_rate   | 0.546      |
|    insert_depth_mean    | 0          |
|    insert_tilt_deg_mean | 3.48       |
|    success_rate         | 0          |
| rollout/                |            |
|    ep_len_mean          | 400        |
|    ep_rew_mean          | -14.5      |
| time/                   |            |
|    fps                  | 596        |
|    iterations           | 106        |
|    time_elapsed         | 1091       |
|    total_timesteps      | 651264     |
| train/                  |            |
|    approx_kl            | 0.02716417 |
|    clip_fraction        | 0.313      |
|    clip_range           | 0.2        |
|    entropy_loss         | -16.4      |
|    explained_variance   | 0.465      |
|    learning_rate        | 0.0003     |
|    loss                 | 0.978      |
|    n_updates            | 7780       |
|    policy_gradient_loss | -0.0303    |
|    std                  | 1.95       |
|    value_loss           | 6.11       |
----------------------------------------
-----------------------------------------
| manipularl/             |             |
|    align_curriculum     | 0.403       |
|    collision_rate       | 0.53        |
|    grasp_failure_rate   | 0.549       |
|    insert_depth_mean    | 0           |
|    insert_tilt_deg_mean | 3.43        |
|    success_rate         | 0           |
| rollout/                |             |
|    ep_len_mean          | 400         |
|    ep_rew_mean          | -14.6       |
| time/                   |             |
|    fps                  | 596         |
|    iterations           | 107         |
|    time_elapsed         | 1102        |
|    total_timesteps      | 657408      |
| train/                  |             |
|    approx_kl            | 0.040692855 |
|    clip_fraction        | 0.288       |
|    clip_range           | 0.2         |
|    entropy_loss         | -16.4       |
|    explained_variance   | 0.881       |
|    learning_rate        | 0.0003      |
|    loss                 | 0.227       |
|    n_updates            | 7790        |
|    policy_gradient_loss | -0.0529     |
|    std                  | 1.95        |
|    value_loss           | 1.72        |
-----------------------------------------
-----------------------------------------
| manipularl/             |             |
|    align_curriculum     | 0.401       |
|    collision_rate       | 0.56        |
|    grasp_failure_rate   | 0.625       |
|    insert_depth_mean    | 0           |
|    insert_tilt_deg_mean | 2.45        |
|    success_rate         | 0           |
| rollout/                |             |
|    ep_len_mean          | 400         |
|    ep_rew_mean          | -14.1       |
| time/                   |             |
|    fps                  | 596         |
|    iterations           | 108         |
|    time_elapsed         | 1112        |
|    total_timesteps      | 663552      |
| train/                  |             |
|    approx_kl            | 0.047190994 |
|    clip_fraction        | 0.327       |
|    clip_range           | 0.2         |
|    entropy_loss         | -16.4       |
|    explained_variance   | 0.904       |
|    learning_rate        | 0.0003      |
|    loss                 | 0.129       |
|    n_updates            | 7800        |
|    policy_gradient_loss | -0.0479     |
|    std                  | 1.96        |
|    value_loss           | 1.59        |
-----------------------------------------
----------------------------------------
| manipularl/             |            |
|    align_curriculum     | 0.399      |
|    collision_rate       | 0.56       |
|    grasp_failure_rate   | 0.612      |
|    insert_depth_mean    | 0          |
|    insert_tilt_deg_mean | 2.38       |
|    success_rate         | 0          |
| rollout/                |            |
|    ep_len_mean          | 400        |
|    ep_rew_mean          | -14.1      |
| time/                   |            |
|    fps                  | 597        |
|    iterations           | 109        |
|    time_elapsed         | 1120       |
|    total_timesteps      | 669696     |
| train/                  |            |
|    approx_kl            | 0.04677287 |
|    clip_fraction        | 0.282      |
|    clip_range           | 0.2        |
|    entropy_loss         | -16.4      |
|    explained_variance   | 0.895      |
|    learning_rate        | 0.0003     |
|    loss                 | 0.306      |
|    n_updates            | 7810       |
|    policy_gradient_loss | -0.0481    |
|    std                  | 1.96       |
|    value_loss           | 2.34       |
----------------------------------------
-----------------------------------------
| manipularl/             |             |
|    align_curriculum     | 0.397       |
|    collision_rate       | 0.59        |
|    grasp_failure_rate   | 0.639       |
|    insert_depth_mean    | 0           |
|    insert_tilt_deg_mean | 2.4         |
|    success_rate         | 0           |
| rollout/                |             |
|    ep_len_mean          | 400         |
|    ep_rew_mean          | -18.5       |
| time/                   |             |
|    fps                  | 598         |
|    iterations           | 110         |
|    time_elapsed         | 1128        |
|    total_timesteps      | 675840      |
| train/                  |             |
|    approx_kl            | 0.030848831 |
|    clip_fraction        | 0.249       |
|    clip_range           | 0.2         |
|    entropy_loss         | -16.5       |
|    explained_variance   | 0.782       |
|    learning_rate        | 0.0003      |
|    loss                 | 0.487       |
|    n_updates            | 7820        |
|    policy_gradient_loss | -0.039      |
|    std                  | 1.96        |
|    value_loss           | 3.19        |
-----------------------------------------
-----------------------------------------
| manipularl/             |             |
|    align_curriculum     | 0.395       |
|    collision_rate       | 0.6         |
|    grasp_failure_rate   | 0.63        |
|    insert_depth_mean    | 0           |
|    insert_tilt_deg_mean | 2.67        |
|    success_rate         | 0           |
| rollout/                |             |
|    ep_len_mean          | 400         |
|    ep_rew_mean          | -26.4       |
| time/                   |             |
|    fps                  | 599         |
|    iterations           | 111         |
|    time_elapsed         | 1137        |
|    total_timesteps      | 681984      |
| train/                  |             |
|    approx_kl            | 0.017359095 |
|    clip_fraction        | 0.142       |
|    clip_range           | 0.2         |
|    entropy_loss         | -16.5       |
|    explained_variance   | 0.728       |
|    learning_rate        | 0.0003      |
|    loss                 | 1.32        |
|    n_updates            | 7830        |
|    policy_gradient_loss | -0.0276     |
|    std                  | 1.96        |
|    value_loss           | 9.52        |
-----------------------------------------
-----------------------------------------
| manipularl/             |             |
|    align_curriculum     | 0.394       |
|    collision_rate       | 0.59        |
|    grasp_failure_rate   | 0.661       |
|    insert_depth_mean    | 0           |
|    insert_tilt_deg_mean | 2.61        |
|    success_rate         | 0           |
| rollout/                |             |
|    ep_len_mean          | 400         |
|    ep_rew_mean          | -27.3       |
| time/                   |             |
|    fps                  | 601         |
|    iterations           | 112         |
|    time_elapsed         | 1144        |
|    total_timesteps      | 688128      |
| train/                  |             |
|    approx_kl            | 0.023786388 |
|    clip_fraction        | 0.156       |
|    clip_range           | 0.2         |
|    entropy_loss         | -16.5       |
|    explained_variance   | 0.788       |
|    learning_rate        | 0.0003      |
|    loss                 | 0.899       |
|    n_updates            | 7840        |
|    policy_gradient_loss | -0.0376     |
|    std                  | 1.97        |
|    value_loss           | 5.99        |
-----------------------------------------
-----------------------------------------
| manipularl/             |             |
|    align_curriculum     | 0.392       |
|    collision_rate       | 0.62        |
|    grasp_failure_rate   | 0.694       |
|    insert_depth_mean    | 0           |
|    insert_tilt_deg_mean | 3.01        |
|    success_rate         | 0           |
| rollout/                |             |
|    ep_len_mean          | 400         |
|    ep_rew_mean          | -30.2       |
| time/                   |             |
|    fps                  | 602         |
|    iterations           | 113         |
|    time_elapsed         | 1152        |
|    total_timesteps      | 694272      |
| train/                  |             |
|    approx_kl            | 0.023663258 |
|    clip_fraction        | 0.179       |
|    clip_range           | 0.2         |
|    entropy_loss         | -16.5       |
|    explained_variance   | 0.865       |
|    learning_rate        | 0.0003      |
|    loss                 | 1.02        |
|    n_updates            | 7850        |
|    policy_gradient_loss | -0.0364     |
|    std                  | 1.97        |
|    value_loss           | 4.5         |
-----------------------------------------
-----------------------------------------
| manipularl/             |             |
|    align_curriculum     | 0.39        |
|    collision_rate       | 0.62        |
|    grasp_failure_rate   | 0.706       |
|    insert_depth_mean    | 0           |
|    insert_tilt_deg_mean | 3.07        |
|    success_rate         | 0           |
| rollout/                |             |
|    ep_len_mean          | 400         |
|    ep_rew_mean          | -31.3       |
| time/                   |             |
|    fps                  | 603         |
|    iterations           | 114         |
|    time_elapsed         | 1160        |
|    total_timesteps      | 700416      |
| train/                  |             |
|    approx_kl            | 0.024534589 |
|    clip_fraction        | 0.225       |
|    clip_range           | 0.2         |
|    entropy_loss         | -16.5       |
|    explained_variance   | 0.821       |
|    learning_rate        | 0.0003      |
|    loss                 | 0.452       |
|    n_updates            | 7860        |
|    policy_gradient_loss | -0.0312     |
|    std                  | 1.97        |
|    value_loss           | 3.99        |
-----------------------------------------
-----------------------------------------
| manipularl/             |             |
|    align_curriculum     | 0.388       |
|    collision_rate       | 0.71        |
|    grasp_failure_rate   | 0.675       |
|    insert_depth_mean    | 0           |
|    insert_tilt_deg_mean | 3.11        |
|    success_rate         | 0           |
| rollout/                |             |
|    ep_len_mean          | 400         |
|    ep_rew_mean          | -40.4       |
| time/                   |             |
|    fps                  | 605         |
|    iterations           | 115         |
|    time_elapsed         | 1167        |
|    total_timesteps      | 706560      |
| train/                  |             |
|    approx_kl            | 0.023955142 |
|    clip_fraction        | 0.183       |
|    clip_range           | 0.2         |
|    entropy_loss         | -16.5       |
|    explained_variance   | 0.851       |
|    learning_rate        | 0.0003      |
|    loss                 | 1.2         |
|    n_updates            | 7870        |
|    policy_gradient_loss | -0.0343     |
|    std                  | 1.98        |
|    value_loss           | 7.01        |
-----------------------------------------
-----------------------------------------
| manipularl/             |             |
|    align_curriculum     | 0.386       |
|    collision_rate       | 0.71        |
|    grasp_failure_rate   | 0.624       |
|    insert_depth_mean    | 0           |
|    insert_tilt_deg_mean | 3.6         |
|    success_rate         | 0           |
| rollout/                |             |
|    ep_len_mean          | 400         |
|    ep_rew_mean          | -33.9       |
| time/                   |             |
|    fps                  | 606         |
|    iterations           | 116         |
|    time_elapsed         | 1175        |
|    total_timesteps      | 712704      |
| train/                  |             |
|    approx_kl            | 0.023881331 |
|    clip_fraction        | 0.174       |
|    clip_range           | 0.2         |
|    entropy_loss         | -16.5       |
|    explained_variance   | 0.851       |
|    learning_rate        | 0.0003      |
|    loss                 | 1.78        |
|    n_updates            | 7880        |
|    policy_gradient_loss | -0.0372     |
|    std                  | 1.98        |
|    value_loss           | 8.38        |
-----------------------------------------
-----------------------------------------
| manipularl/             |             |
|    align_curriculum     | 0.384       |
|    collision_rate       | 0.72        |
|    grasp_failure_rate   | 0.613       |
|    insert_depth_mean    | 0           |
|    insert_tilt_deg_mean | 3.59        |
|    success_rate         | 0           |
| rollout/                |             |
|    ep_len_mean          | 400         |
|    ep_rew_mean          | -35.3       |
| time/                   |             |
|    fps                  | 607         |
|    iterations           | 117         |
|    time_elapsed         | 1183        |
|    total_timesteps      | 718848      |
| train/                  |             |
|    approx_kl            | 0.030160801 |
|    clip_fraction        | 0.212       |
|    clip_range           | 0.2         |
|    entropy_loss         | -16.5       |
|    explained_variance   | 0.92        |
|    learning_rate        | 0.0003      |
|    loss                 | 0.4         |
|    n_updates            | 7890        |
|    policy_gradient_loss | -0.0403     |
|    std                  | 1.98        |
|    value_loss           | 3.28        |
-----------------------------------------
-----------------------------------------
| manipularl/             |             |
|    align_curriculum     | 0.383       |
|    collision_rate       | 0.7         |
|    grasp_failure_rate   | 0.622       |
|    insert_depth_mean    | 0           |
|    insert_tilt_deg_mean | 4.15        |
|    success_rate         | 0           |
| rollout/                |             |
|    ep_len_mean          | 400         |
|    ep_rew_mean          | -27.1       |
| time/                   |             |
|    fps                  | 608         |
|    iterations           | 118         |
|    time_elapsed         | 1192        |
|    total_timesteps      | 724992      |
| train/                  |             |
|    approx_kl            | 0.034886643 |
|    clip_fraction        | 0.259       |
|    clip_range           | 0.2         |
|    entropy_loss         | -16.5       |
|    explained_variance   | 0.894       |
|    learning_rate        | 0.0003      |
|    loss                 | 1.17        |
|    n_updates            | 7900        |
|    policy_gradient_loss | -0.0458     |
|    std                  | 1.98        |
|    value_loss           | 4.27        |
-----------------------------------------
----------------------------------------
| manipularl/             |            |
|    align_curriculum     | 0.381      |
|    collision_rate       | 0.72       |
|    grasp_failure_rate   | 0.609      |
|    insert_depth_mean    | 0          |
|    insert_tilt_deg_mean | 4.24       |
|    success_rate         | 0          |
| rollout/                |            |
|    ep_len_mean          | 400        |
|    ep_rew_mean          | -26.1      |
| time/                   |            |
|    fps                  | 609        |
|    iterations           | 119        |
|    time_elapsed         | 1200       |
|    total_timesteps      | 731136     |
| train/                  |            |
|    approx_kl            | 0.03458692 |
|    clip_fraction        | 0.252      |
|    clip_range           | 0.2        |
|    entropy_loss         | -16.5      |
|    explained_variance   | 0.93       |
|    learning_rate        | 0.0003     |
|    loss                 | 0.365      |
|    n_updates            | 7910       |
|    policy_gradient_loss | -0.0472    |
|    std                  | 1.98       |
|    value_loss           | 2.9        |
----------------------------------------
-----------------------------------------
| manipularl/             |             |
|    align_curriculum     | 0.379       |
|    collision_rate       | 0.75        |
|    grasp_failure_rate   | 0.6         |
|    insert_depth_mean    | 0           |
|    insert_tilt_deg_mean | 4.32        |
|    success_rate         | 0           |
| rollout/                |             |
|    ep_len_mean          | 400         |
|    ep_rew_mean          | -24.7       |
| time/                   |             |
|    fps                  | 610         |
|    iterations           | 120         |
|    time_elapsed         | 1208        |
|    total_timesteps      | 737280      |
| train/                  |             |
|    approx_kl            | 0.043119956 |
|    clip_fraction        | 0.246       |
|    clip_range           | 0.2         |
|    entropy_loss         | -16.6       |
|    explained_variance   | 0.909       |
|    learning_rate        | 0.0003      |
|    loss                 | 0.71        |
|    n_updates            | 7920        |
|    policy_gradient_loss | -0.0463     |
|    std                  | 1.99        |
|    value_loss           | 3.67        |
-----------------------------------------
-----------------------------------------
| manipularl/             |             |
|    align_curriculum     | 0.377       |
|    collision_rate       | 0.78        |
|    grasp_failure_rate   | 0.574       |
|    insert_depth_mean    | 0           |
|    insert_tilt_deg_mean | 4.15        |
|    success_rate         | 0           |
| rollout/                |             |
|    ep_len_mean          | 400         |
|    ep_rew_mean          | -26         |
| time/                   |             |
|    fps                  | 610         |
|    iterations           | 121         |
|    time_elapsed         | 1217        |
|    total_timesteps      | 743424      |
| train/                  |             |
|    approx_kl            | 0.043542072 |
|    clip_fraction        | 0.303       |
|    clip_range           | 0.2         |
|    entropy_loss         | -16.6       |
|    explained_variance   | 0.903       |
|    learning_rate        | 0.0003      |
|    loss                 | 0.584       |
|    n_updates            | 7930        |
|    policy_gradient_loss | -0.0402     |
|    std                  | 1.99        |
|    value_loss           | 3.12        |
-----------------------------------------
----------------------------------------
| manipularl/             |            |
|    align_curriculum     | 0.375      |
|    collision_rate       | 0.74       |
|    grasp_failure_rate   | 0.558      |
|    insert_depth_mean    | 0          |
|    insert_tilt_deg_mean | 4.29       |
|    success_rate         | 0          |
| rollout/                |            |
|    ep_len_mean          | 400        |
|    ep_rew_mean          | -22.9      |
| time/                   |            |
|    fps                  | 611        |
|    iterations           | 122        |
|    time_elapsed         | 1225       |
|    total_timesteps      | 749568     |
| train/                  |            |
|    approx_kl            | 0.03664928 |
|    clip_fraction        | 0.264      |
|    clip_range           | 0.2        |
|    entropy_loss         | -16.6      |
|    explained_variance   | 0.853      |
|    learning_rate        | 0.0003     |
|    loss                 | 0.446      |
|    n_updates            | 7940       |
|    policy_gradient_loss | -0.0429    |
|    std                  | 1.99       |
|    value_loss           | 3.84       |
----------------------------------------
Eval num_timesteps=749988, episode_reward=-34.22 +/- 111.70
Episode length: 400.00 +/- 0.00
----------------------------------------
| eval/                   |            |
|    mean_ep_length       | 400        |
|    mean_reward          | -34.2      |
| manipularl/             |            |
|    align_curriculum     | 0.375      |
|    collision_rate       | 0.74       |
|    grasp_failure_rate   | 0.558      |
|    insert_depth_mean    | 0          |
|    insert_tilt_deg_mean | 4.29       |
|    success_rate         | 0          |
| time/                   |            |
|    total_timesteps      | 749988     |
| train/                  |            |
|    approx_kl            | 0.02295809 |
|    clip_fraction        | 0.2        |
|    clip_range           | 0.2        |
|    entropy_loss         | -16.6      |
|    explained_variance   | 0.699      |
|    learning_rate        | 0.0003     |
|    loss                 | 1.24       |
|    n_updates            | 7950       |
|    policy_gradient_loss | -0.0337    |
|    std                  | 2          |
|    value_loss           | 9.22       |
----------------------------------------
--------------------------------------
| manipularl/             |          |
|    align_curriculum     | 0.373    |
|    collision_rate       | 0.79     |
|    grasp_failure_rate   | 0.582    |
|    insert_depth_mean    | 0        |
|    insert_tilt_deg_mean | 4.16     |
|    success_rate         | 0        |
| rollout/                |          |
|    ep_len_mean          | 400      |
|    ep_rew_mean          | -23.2    |
| time/                   |          |
|    fps                  | 598      |
|    iterations           | 123      |
|    time_elapsed         | 1262     |
|    total_timesteps      | 755712   |
--------------------------------------
----------------------------------------
| manipularl/             |            |
|    align_curriculum     | 0.371      |
|    collision_rate       | 0.72       |
|    grasp_failure_rate   | 0.562      |
|    insert_depth_mean    | 0          |
|    insert_tilt_deg_mean | 3.97       |
|    success_rate         | 0          |
| rollout/                |            |
|    ep_len_mean          | 400        |
|    ep_rew_mean          | -21.1      |
| time/                   |            |
|    fps                  | 597        |
|    iterations           | 124        |
|    time_elapsed         | 1276       |
|    total_timesteps      | 761856     |
| train/                  |            |
|    approx_kl            | 0.03253485 |
|    clip_fraction        | 0.211      |
|    clip_range           | 0.2        |
|    entropy_loss         | -16.6      |
|    explained_variance   | 0.893      |
|    learning_rate        | 0.0003     |
|    loss                 | 0.638      |
|    n_updates            | 7960       |
|    policy_gradient_loss | -0.0406    |
|    std                  | 2          |
|    value_loss           | 3.75       |
----------------------------------------
-----------------------------------------
| manipularl/             |             |
|    align_curriculum     | 0.37        |
|    collision_rate       | 0.65        |
|    grasp_failure_rate   | 0.576       |
|    insert_depth_mean    | 0           |
|    insert_tilt_deg_mean | 4.14        |
|    success_rate         | 0           |
| rollout/                |             |
|    ep_len_mean          | 400         |
|    ep_rew_mean          | -21.2       |
| time/                   |             |
|    fps                  | 597         |
|    iterations           | 125         |
|    time_elapsed         | 1284        |
|    total_timesteps      | 768000      |
| train/                  |             |
|    approx_kl            | 0.038717162 |
|    clip_fraction        | 0.267       |
|    clip_range           | 0.2         |
|    entropy_loss         | -16.6       |
|    explained_variance   | 0.774       |
|    learning_rate        | 0.0003      |
|    loss                 | 0.506       |
|    n_updates            | 7970        |
|    policy_gradient_loss | -0.0469     |
|    std                  | 2           |
|    value_loss           | 3.25        |
-----------------------------------------
-----------------------------------------
| manipularl/             |             |
|    align_curriculum     | 0.368       |
|    collision_rate       | 0.55        |
|    grasp_failure_rate   | 0.589       |
|    insert_depth_mean    | 0           |
|    insert_tilt_deg_mean | 3.35        |
|    success_rate         | 0           |
| rollout/                |             |
|    ep_len_mean          | 400         |
|    ep_rew_mean          | -18.6       |
| time/                   |             |
|    fps                  | 597         |
|    iterations           | 126         |
|    time_elapsed         | 1296        |
|    total_timesteps      | 774144      |
| train/                  |             |
|    approx_kl            | 0.026065579 |
|    clip_fraction        | 0.199       |
|    clip_range           | 0.2         |
|    entropy_loss         | -16.6       |
|    explained_variance   | 0.787       |
|    learning_rate        | 0.0003      |
|    loss                 | 0.598       |
|    n_updates            | 7980        |
|    policy_gradient_loss | -0.04       |
|    std                  | 2           |
|    value_loss           | 4.95        |
-----------------------------------------
-----------------------------------------
| manipularl/             |             |
|    align_curriculum     | 0.366       |
|    collision_rate       | 0.51        |
|    grasp_failure_rate   | 0.609       |
|    insert_depth_mean    | 0           |
|    insert_tilt_deg_mean | 3.93        |
|    success_rate         | 0           |
| rollout/                |             |
|    ep_len_mean          | 400         |
|    ep_rew_mean          | -19.4       |
| time/                   |             |
|    fps                  | 596         |
|    iterations           | 127         |
|    time_elapsed         | 1308        |
|    total_timesteps      | 780288      |
| train/                  |             |
|    approx_kl            | 0.028575314 |
|    clip_fraction        | 0.203       |
|    clip_range           | 0.2         |
|    entropy_loss         | -16.6       |
|    explained_variance   | 0.766       |
|    learning_rate        | 0.0003      |
|    loss                 | 0.775       |
|    n_updates            | 7990        |
|    policy_gradient_loss | -0.0438     |
|    std                  | 2           |
|    value_loss           | 3.7         |
-----------------------------------------
----------------------------------------
| manipularl/             |            |
|    align_curriculum     | 0.364      |
|    collision_rate       | 0.43       |
|    grasp_failure_rate   | 0.612      |
|    insert_depth_mean    | 0          |
|    insert_tilt_deg_mean | 3.45       |
|    success_rate         | 0          |
| rollout/                |            |
|    ep_len_mean          | 400        |
|    ep_rew_mean          | -16        |
| time/                   |            |
|    fps                  | 595        |
|    iterations           | 128        |
|    time_elapsed         | 1319       |
|    total_timesteps      | 786432     |
| train/                  |            |
|    approx_kl            | 0.06521419 |
|    clip_fraction        | 0.339      |
|    clip_range           | 0.2        |
|    entropy_loss         | -16.6      |
|    explained_variance   | 0.904      |
|    learning_rate        | 0.0003     |
|    loss                 | 0.128      |
|    n_updates            | 8000       |
|    policy_gradient_loss | -0.056     |
|    std                  | 2          |
|    value_loss           | 1.5        |
----------------------------------------
-----------------------------------------
| manipularl/             |             |
|    align_curriculum     | 0.362       |
|    collision_rate       | 0.5         |
|    grasp_failure_rate   | 0.603       |
|    insert_depth_mean    | 0           |
|    insert_tilt_deg_mean | 3.13        |
|    success_rate         | 0           |
| rollout/                |             |
|    ep_len_mean          | 400         |
|    ep_rew_mean          | -17.3       |
| time/                   |             |
|    fps                  | 596         |
|    iterations           | 129         |
|    time_elapsed         | 1328        |
|    total_timesteps      | 792576      |
| train/                  |             |
|    approx_kl            | 0.038973108 |
|    clip_fraction        | 0.384       |
|    clip_range           | 0.2         |
|    entropy_loss         | -16.6       |
|    explained_variance   | 0.75        |
|    learning_rate        | 0.0003      |
|    loss                 | 0.846       |
|    n_updates            | 8010        |
|    policy_gradient_loss | -0.0265     |
|    std                  | 2.01        |
|    value_loss           | 3.5         |
-----------------------------------------
----------------------------------------
| manipularl/             |            |
|    align_curriculum     | 0.36       |
|    collision_rate       | 0.53       |
|    grasp_failure_rate   | 0.634      |
|    insert_depth_mean    | 0          |
|    insert_tilt_deg_mean | 2.99       |
|    success_rate         | 0          |
| rollout/                |            |
|    ep_len_mean          | 400        |
|    ep_rew_mean          | -20.2      |
| time/                   |            |
|    fps                  | 597        |
|    iterations           | 130        |
|    time_elapsed         | 1336       |
|    total_timesteps      | 798720     |
| train/                  |            |
|    approx_kl            | 0.04453664 |
|    clip_fraction        | 0.312      |
|    clip_range           | 0.2        |
|    entropy_loss         | -16.7      |
|    explained_variance   | 0.804      |
|    learning_rate        | 0.0003     |
|    loss                 | 1.03       |
|    n_updates            | 8020       |
|    policy_gradient_loss | -0.0436    |
|    std                  | 2.01       |
|    value_loss           | 4.36       |
----------------------------------------
-----------------------------------------
| manipularl/             |             |
|    align_curriculum     | 0.359       |
|    collision_rate       | 0.58        |
|    grasp_failure_rate   | 0.651       |
|    insert_depth_mean    | 0           |
|    insert_tilt_deg_mean | 2.75        |
|    success_rate         | 0           |
| rollout/                |             |
|    ep_len_mean          | 400         |
|    ep_rew_mean          | -22.7       |
| time/                   |             |
|    fps                  | 597         |
|    iterations           | 131         |
|    time_elapsed         | 1346        |
|    total_timesteps      | 804864      |
| train/                  |             |
|    approx_kl            | 0.023530161 |
|    clip_fraction        | 0.202       |
|    clip_range           | 0.2         |
|    entropy_loss         | -16.7       |
|    explained_variance   | 0.803       |
|    learning_rate        | 0.0003      |
|    loss                 | 1.88        |
|    n_updates            | 8030        |
|    policy_gradient_loss | -0.0273     |
|    std                  | 2.01        |
|    value_loss           | 8.09        |
-----------------------------------------
-----------------------------------------
| manipularl/             |             |
|    align_curriculum     | 0.357       |
|    collision_rate       | 0.66        |
|    grasp_failure_rate   | 0.651       |
|    insert_depth_mean    | 0           |
|    insert_tilt_deg_mean | 2.7         |
|    success_rate         | 0           |
| rollout/                |             |
|    ep_len_mean          | 400         |
|    ep_rew_mean          | -28.1       |
| time/                   |             |
|    fps                  | 598         |
|    iterations           | 132         |
|    time_elapsed         | 1355        |
|    total_timesteps      | 811008      |
| train/                  |             |
|    approx_kl            | 0.019502876 |
|    clip_fraction        | 0.164       |
|    clip_range           | 0.2         |
|    entropy_loss         | -16.7       |
|    explained_variance   | 0.791       |
|    learning_rate        | 0.0003      |
|    loss                 | 2.27        |
|    n_updates            | 8040        |
|    policy_gradient_loss | -0.0317     |
|    std                  | 2.02        |
|    value_loss           | 11.2        |
-----------------------------------------
-----------------------------------------
| manipularl/             |             |
|    align_curriculum     | 0.355       |
|    collision_rate       | 0.79        |
|    grasp_failure_rate   | 0.649       |
|    insert_depth_mean    | 0           |
|    insert_tilt_deg_mean | 2.68        |
|    success_rate         | 0           |
| rollout/                |             |
|    ep_len_mean          | 400         |
|    ep_rew_mean          | -36.6       |
| time/                   |             |
|    fps                  | 599         |
|    iterations           | 133         |
|    time_elapsed         | 1364        |
|    total_timesteps      | 817152      |
| train/                  |             |
|    approx_kl            | 0.025625058 |
|    clip_fraction        | 0.181       |
|    clip_range           | 0.2         |
|    entropy_loss         | -16.7       |
|    explained_variance   | 0.9         |
|    learning_rate        | 0.0003      |
|    loss                 | 1.13        |
|    n_updates            | 8050        |
|    policy_gradient_loss | -0.0393     |
|    std                  | 2.02        |
|    value_loss           | 5.78        |
-----------------------------------------
----------------------------------------
| manipularl/             |            |
|    align_curriculum     | 0.353      |
|    collision_rate       | 0.83       |
|    grasp_failure_rate   | 0.669      |
|    insert_depth_mean    | 0          |
|    insert_tilt_deg_mean | 2.72       |
|    success_rate         | 0          |
| rollout/                |            |
|    ep_len_mean          | 400        |
|    ep_rew_mean          | -37        |
| time/                   |            |
|    fps                  | 600        |
|    iterations           | 134        |
|    time_elapsed         | 1371       |
|    total_timesteps      | 823296     |
| train/                  |            |
|    approx_kl            | 0.02969926 |
|    clip_fraction        | 0.249      |
|    clip_range           | 0.2        |
|    entropy_loss         | -16.7      |
|    explained_variance   | 0.922      |
|    learning_rate        | 0.0003     |
|    loss                 | 2.07       |
|    n_updates            | 8060       |
|    policy_gradient_loss | -0.0378    |
|    std                  | 2.02       |
|    value_loss           | 6.64       |
----------------------------------------
----------------------------------------
| manipularl/             |            |
|    align_curriculum     | 0.351      |
|    collision_rate       | 0.84       |
|    grasp_failure_rate   | 0.707      |
|    insert_depth_mean    | 0          |
|    insert_tilt_deg_mean | 2.71       |
|    success_rate         | 0          |
| rollout/                |            |
|    ep_len_mean          | 400        |
|    ep_rew_mean          | -40.7      |
| time/                   |            |
|    fps                  | 600        |
|    iterations           | 135        |
|    time_elapsed         | 1380       |
|    total_timesteps      | 829440     |
| train/                  |            |
|    approx_kl            | 0.03548113 |
|    clip_fraction        | 0.236      |
|    clip_range           | 0.2        |
|    entropy_loss         | -16.7      |
|    explained_variance   | 0.893      |
|    learning_rate        | 0.0003     |
|    loss                 | 0.826      |
|    n_updates            | 8070       |
|    policy_gradient_loss | -0.044     |
|    std                  | 2.02       |
|    value_loss           | 3.49       |
----------------------------------------
-----------------------------------------
| manipularl/             |             |
|    align_curriculum     | 0.349       |
|    collision_rate       | 0.74        |
|    grasp_failure_rate   | 0.679       |
|    insert_depth_mean    | 0           |
|    insert_tilt_deg_mean | 3.23        |
|    success_rate         | 0           |
| rollout/                |             |
|    ep_len_mean          | 400         |
|    ep_rew_mean          | -41.5       |
| time/                   |             |
|    fps                  | 601         |
|    iterations           | 136         |
|    time_elapsed         | 1388        |
|    total_timesteps      | 835584      |
| train/                  |             |
|    approx_kl            | 0.030311191 |
|    clip_fraction        | 0.216       |
|    clip_range           | 0.2         |
|    entropy_loss         | -16.7       |
|    explained_variance   | 0.879       |
|    learning_rate        | 0.0003      |
|    loss                 | 0.686       |
|    n_updates            | 8080        |
|    policy_gradient_loss | -0.0342     |
|    std                  | 2.02        |
|    value_loss           | 4.72        |
-----------------------------------------
----------------------------------------
| manipularl/             |            |
|    align_curriculum     | 0.347      |
|    collision_rate       | 0.71       |
|    grasp_failure_rate   | 0.683      |
|    insert_depth_mean    | 0          |
|    insert_tilt_deg_mean | 3.89       |
|    success_rate         | 0          |
| rollout/                |            |
|    ep_len_mean          | 400        |
|    ep_rew_mean          | -39.3      |
| time/                   |            |
|    fps                  | 602        |
|    iterations           | 137        |
|    time_elapsed         | 1395       |
|    total_timesteps      | 841728     |
| train/                  |            |
|    approx_kl            | 0.03678368 |
|    clip_fraction        | 0.248      |
|    clip_range           | 0.2        |
|    entropy_loss         | -16.7      |
|    explained_variance   | 0.859      |
|    learning_rate        | 0.0003     |
|    loss                 | 0.67       |
|    n_updates            | 8090       |
|    policy_gradient_loss | -0.0444    |
|    std                  | 2.03       |
|    value_loss           | 2.83       |
----------------------------------------
-----------------------------------------
| manipularl/             |             |
|    align_curriculum     | 0.346       |
|    collision_rate       | 0.67        |
|    grasp_failure_rate   | 0.692       |
|    insert_depth_mean    | 0           |
|    insert_tilt_deg_mean | 3.89        |
|    success_rate         | 0           |
| rollout/                |             |
|    ep_len_mean          | 400         |
|    ep_rew_mean          | -37.6       |
| time/                   |             |
|    fps                  | 603         |
|    iterations           | 138         |
|    time_elapsed         | 1404        |
|    total_timesteps      | 847872      |
| train/                  |             |
|    approx_kl            | 0.021139674 |
|    clip_fraction        | 0.173       |
|    clip_range           | 0.2         |
|    entropy_loss         | -16.7       |
|    explained_variance   | 0.816       |
|    learning_rate        | 0.0003      |
|    loss                 | 1.15        |
|    n_updates            | 8100        |
|    policy_gradient_loss | -0.0339     |
|    std                  | 2.03        |
|    value_loss           | 6.93        |
-----------------------------------------
-----------------------------------------
| manipularl/             |             |
|    align_curriculum     | 0.344       |
|    collision_rate       | 0.64        |
|    grasp_failure_rate   | 0.704       |
|    insert_depth_mean    | 0           |
|    insert_tilt_deg_mean | 3.8         |
|    success_rate         | 0           |
| rollout/                |             |
|    ep_len_mean          | 400         |
|    ep_rew_mean          | -32.9       |
| time/                   |             |
|    fps                  | 604         |
|    iterations           | 139         |
|    time_elapsed         | 1412        |
|    total_timesteps      | 854016      |
| train/                  |             |
|    approx_kl            | 0.027227754 |
|    clip_fraction        | 0.208       |
|    clip_range           | 0.2         |
|    entropy_loss         | -16.7       |
|    explained_variance   | 0.848       |
|    learning_rate        | 0.0003      |
|    loss                 | 2.67        |
|    n_updates            | 8110        |
|    policy_gradient_loss | -0.0414     |
|    std                  | 2.03        |
|    value_loss           | 7.11        |
-----------------------------------------
----------------------------------------
| manipularl/             |            |
|    align_curriculum     | 0.342      |
|    collision_rate       | 0.66       |
|    grasp_failure_rate   | 0.693      |
|    insert_depth_mean    | 0          |
|    insert_tilt_deg_mean | 3.42       |
|    success_rate         | 0          |
| rollout/                |            |
|    ep_len_mean          | 400        |
|    ep_rew_mean          | -28.6      |
| time/                   |            |
|    fps                  | 605        |
|    iterations           | 140        |
|    time_elapsed         | 1420       |
|    total_timesteps      | 860160     |
| train/                  |            |
|    approx_kl            | 0.03389145 |
|    clip_fraction        | 0.232      |
|    clip_range           | 0.2        |
|    entropy_loss         | -16.7      |
|    explained_variance   | 0.891      |
|    learning_rate        | 0.0003     |
|    loss                 | 0.374      |
|    n_updates            | 8120       |
|    policy_gradient_loss | -0.0441    |
|    std                  | 2.03       |
|    value_loss           | 2.76       |
----------------------------------------
-----------------------------------------
| manipularl/             |             |
|    align_curriculum     | 0.34        |
|    collision_rate       | 0.6         |
|    grasp_failure_rate   | 0.675       |
|    insert_depth_mean    | 0           |
|    insert_tilt_deg_mean | 3.47        |
|    success_rate         | 0           |
| rollout/                |             |
|    ep_len_mean          | 400         |
|    ep_rew_mean          | -25.6       |
| time/                   |             |
|    fps                  | 606         |
|    iterations           | 141         |
|    time_elapsed         | 1428        |
|    total_timesteps      | 866304      |
| train/                  |             |
|    approx_kl            | 0.044944208 |
|    clip_fraction        | 0.273       |
|    clip_range           | 0.2         |
|    entropy_loss         | -16.7       |
|    explained_variance   | 0.925       |
|    learning_rate        | 0.0003      |
|    loss                 | 0.829       |
|    n_updates            | 8130        |
|    policy_gradient_loss | -0.0437     |
|    std                  | 2.03        |
|    value_loss           | 4.15        |
-----------------------------------------
-----------------------------------------
| manipularl/             |             |
|    align_curriculum     | 0.338       |
|    collision_rate       | 0.65        |
|    grasp_failure_rate   | 0.644       |
|    insert_depth_mean    | 0           |
|    insert_tilt_deg_mean | 3.4         |
|    success_rate         | 0           |
| rollout/                |             |
|    ep_len_mean          | 400         |
|    ep_rew_mean          | -18         |
| time/                   |             |
|    fps                  | 607         |
|    iterations           | 142         |
|    time_elapsed         | 1436        |
|    total_timesteps      | 872448      |
| train/                  |             |
|    approx_kl            | 0.033719465 |
|    clip_fraction        | 0.255       |
|    clip_range           | 0.2         |
|    entropy_loss         | -16.7       |
|    explained_variance   | 0.809       |
|    learning_rate        | 0.0003      |
|    loss                 | 0.341       |
|    n_updates            | 8140        |
|    policy_gradient_loss | -0.0391     |
|    std                  | 2.03        |
|    value_loss           | 2.71        |
-----------------------------------------
-----------------------------------------
| manipularl/             |             |
|    align_curriculum     | 0.336       |
|    collision_rate       | 0.63        |
|    grasp_failure_rate   | 0.672       |
|    insert_depth_mean    | 0           |
|    insert_tilt_deg_mean | 2.96        |
|    success_rate         | 0           |
| rollout/                |             |
|    ep_len_mean          | 400         |
|    ep_rew_mean          | -21.7       |
| time/                   |             |
|    fps                  | 606         |
|    iterations           | 143         |
|    time_elapsed         | 1447        |
|    total_timesteps      | 878592      |
| train/                  |             |
|    approx_kl            | 0.040084213 |
|    clip_fraction        | 0.263       |
|    clip_range           | 0.2         |
|    entropy_loss         | -16.7       |
|    explained_variance   | 0.727       |
|    learning_rate        | 0.0003      |
|    loss                 | 0.311       |
|    n_updates            | 8150        |
|    policy_gradient_loss | -0.0374     |
|    std                  | 2.04        |
|    value_loss           | 2.57        |
-----------------------------------------
----------------------------------------
| manipularl/             |            |
|    align_curriculum     | 0.335      |
|    collision_rate       | 0.65       |
|    grasp_failure_rate   | 0.673      |
|    insert_depth_mean    | 0          |
|    insert_tilt_deg_mean | 2.69       |
|    success_rate         | 0          |
| rollout/                |            |
|    ep_len_mean          | 400        |
|    ep_rew_mean          | -21.7      |
| time/                   |            |
|    fps                  | 605        |
|    iterations           | 144        |
|    time_elapsed         | 1460       |
|    total_timesteps      | 884736     |
| train/                  |            |
|    approx_kl            | 0.01982844 |
|    clip_fraction        | 0.215      |
|    clip_range           | 0.2        |
|    entropy_loss         | -16.8      |
|    explained_variance   | 0.862      |
|    learning_rate        | 0.0003     |
|    loss                 | 0.81       |
|    n_updates            | 8160       |
|    policy_gradient_loss | -0.021     |
|    std                  | 2.04       |
|    value_loss           | 8.48       |
----------------------------------------
-----------------------------------------
| manipularl/             |             |
|    align_curriculum     | 0.333       |
|    collision_rate       | 0.66        |
|    grasp_failure_rate   | 0.633       |
|    insert_depth_mean    | 0           |
|    insert_tilt_deg_mean | 2.58        |
|    success_rate         | 0           |
| rollout/                |             |
|    ep_len_mean          | 400         |
|    ep_rew_mean          | -23         |
| time/                   |             |
|    fps                  | 605         |
|    iterations           | 145         |
|    time_elapsed         | 1471        |
|    total_timesteps      | 890880      |
| train/                  |             |
|    approx_kl            | 0.017536102 |
|    clip_fraction        | 0.215       |
|    clip_range           | 0.2         |
|    entropy_loss         | -16.8       |
|    explained_variance   | 0.731       |
|    learning_rate        | 0.0003      |
|    loss                 | 1.86        |
|    n_updates            | 8170        |
|    policy_gradient_loss | -0.0168     |
|    std                  | 2.04        |
|    value_loss           | 7.3         |
-----------------------------------------
-----------------------------------------
| manipularl/             |             |
|    align_curriculum     | 0.331       |
|    collision_rate       | 0.62        |
|    grasp_failure_rate   | 0.643       |
|    insert_depth_mean    | 0           |
|    insert_tilt_deg_mean | 2.57        |
|    success_rate         | 0           |
| rollout/                |             |
|    ep_len_mean          | 400         |
|    ep_rew_mean          | -25.8       |
| time/                   |             |
|    fps                  | 604         |
|    iterations           | 146         |
|    time_elapsed         | 1483        |
|    total_timesteps      | 897024      |
| train/                  |             |
|    approx_kl            | 0.018085629 |
|    clip_fraction        | 0.158       |
|    clip_range           | 0.2         |
|    entropy_loss         | -16.8       |
|    explained_variance   | 0.713       |
|    learning_rate        | 0.0003      |
|    loss                 | 1.63        |
|    n_updates            | 8180        |
|    policy_gradient_loss | -0.0251     |
|    std                  | 2.05        |
|    value_loss           | 6.77        |
-----------------------------------------
-----------------------------------------
| manipularl/             |             |
|    align_curriculum     | 0.329       |
|    collision_rate       | 0.63        |
|    grasp_failure_rate   | 0.652       |
|    insert_depth_mean    | 0           |
|    insert_tilt_deg_mean | 3.27        |
|    success_rate         | 0           |
| rollout/                |             |
|    ep_len_mean          | 400         |
|    ep_rew_mean          | -34.1       |
| time/                   |             |
|    fps                  | 604         |
|    iterations           | 147         |
|    time_elapsed         | 1493        |
|    total_timesteps      | 903168      |
| train/                  |             |
|    approx_kl            | 0.015685515 |
|    clip_fraction        | 0.162       |
|    clip_range           | 0.2         |
|    entropy_loss         | -16.8       |
|    explained_variance   | 0.884       |
|    learning_rate        | 0.0003      |
|    loss                 | 3.36        |
|    n_updates            | 8190        |
|    policy_gradient_loss | -0.0241     |
|    std                  | 2.05        |
|    value_loss           | 11.4        |
-----------------------------------------
----------------------------------------
| manipularl/             |            |
|    align_curriculum     | 0.327      |
|    collision_rate       | 0.6        |
|    grasp_failure_rate   | 0.649      |
|    insert_depth_mean    | 0          |
|    insert_tilt_deg_mean | 3.21       |
|    success_rate         | 0          |
| rollout/                |            |
|    ep_len_mean          | 400        |
|    ep_rew_mean          | -33.6      |
| time/                   |            |
|    fps                  | 604        |
|    iterations           | 148        |
|    time_elapsed         | 1504       |
|    total_timesteps      | 909312     |
| train/                  |            |
|    approx_kl            | 0.02733711 |
|    clip_fraction        | 0.191      |
|    clip_range           | 0.2        |
|    entropy_loss         | -16.8      |
|    explained_variance   | 0.858      |
|    learning_rate        | 0.0003     |
|    loss                 | 1.31       |
|    n_updates            | 8200       |
|    policy_gradient_loss | -0.0411    |
|    std                  | 2.06       |
|    value_loss           | 5.23       |
----------------------------------------
-----------------------------------------
| manipularl/             |             |
|    align_curriculum     | 0.325       |
|    collision_rate       | 0.53        |
|    grasp_failure_rate   | 0.639       |
|    insert_depth_mean    | 0           |
|    insert_tilt_deg_mean | 3.33        |
|    success_rate         | 0           |
| rollout/                |             |
|    ep_len_mean          | 400         |
|    ep_rew_mean          | -31.3       |
| time/                   |             |
|    fps                  | 605         |
|    iterations           | 149         |
|    time_elapsed         | 1512        |
|    total_timesteps      | 915456      |
| train/                  |             |
|    approx_kl            | 0.030372178 |
|    clip_fraction        | 0.22        |
|    clip_range           | 0.2         |
|    entropy_loss         | -16.8       |
|    explained_variance   | 0.813       |
|    learning_rate        | 0.0003      |
|    loss                 | 0.717       |
|    n_updates            | 8210        |
|    policy_gradient_loss | -0.0362     |
|    std                  | 2.06        |
|    value_loss           | 3.75        |
-----------------------------------------
-----------------------------------------
| manipularl/             |             |
|    align_curriculum     | 0.324       |
|    collision_rate       | 0.51        |
|    grasp_failure_rate   | 0.644       |
|    insert_depth_mean    | 0           |
|    insert_tilt_deg_mean | 2.98        |
|    success_rate         | 0           |
| rollout/                |             |
|    ep_len_mean          | 400         |
|    ep_rew_mean          | -24.1       |
| time/                   |             |
|    fps                  | 606         |
|    iterations           | 150         |
|    time_elapsed         | 1520        |
|    total_timesteps      | 921600      |
| train/                  |             |
|    approx_kl            | 0.042460237 |
|    clip_fraction        | 0.314       |
|    clip_range           | 0.2         |
|    entropy_loss         | -16.8       |
|    explained_variance   | 0.911       |
|    learning_rate        | 0.0003      |
|    loss                 | 0.535       |
|    n_updates            | 8220        |
|    policy_gradient_loss | -0.0421     |
|    std                  | 2.06        |
|    value_loss           | 2.52        |
-----------------------------------------
-----------------------------------------
| manipularl/             |             |
|    align_curriculum     | 0.322       |
|    collision_rate       | 0.48        |
|    grasp_failure_rate   | 0.651       |
|    insert_depth_mean    | 0           |
|    insert_tilt_deg_mean | 3           |
|    success_rate         | 0           |
| rollout/                |             |
|    ep_len_mean          | 400         |
|    ep_rew_mean          | -22.2       |
| time/                   |             |
|    fps                  | 607         |
|    iterations           | 151         |
|    time_elapsed         | 1528        |
|    total_timesteps      | 927744      |
| train/                  |             |
|    approx_kl            | 0.016735805 |
|    clip_fraction        | 0.179       |
|    clip_range           | 0.2         |
|    entropy_loss         | -16.8       |
|    explained_variance   | 0.796       |
|    learning_rate        | 0.0003      |
|    loss                 | 1.47        |
|    n_updates            | 8230        |
|    policy_gradient_loss | -0.0257     |
|    std                  | 2.06        |
|    value_loss           | 9.46        |
-----------------------------------------
-----------------------------------------
| manipularl/             |             |
|    align_curriculum     | 0.32        |
|    collision_rate       | 0.52        |
|    grasp_failure_rate   | 0.674       |
|    insert_depth_mean    | 0           |
|    insert_tilt_deg_mean | 3.16        |
|    success_rate         | 0           |
| rollout/                |             |
|    ep_len_mean          | 400         |
|    ep_rew_mean          | -28.9       |
| time/                   |             |
|    fps                  | 607         |
|    iterations           | 152         |
|    time_elapsed         | 1536        |
|    total_timesteps      | 933888      |
| train/                  |             |
|    approx_kl            | 0.023420587 |
|    clip_fraction        | 0.167       |
|    clip_range           | 0.2         |
|    entropy_loss         | -16.8       |
|    explained_variance   | 0.878       |
|    learning_rate        | 0.0003      |
|    loss                 | 1.06        |
|    n_updates            | 8240        |
|    policy_gradient_loss | -0.0393     |
|    std                  | 2.06        |
|    value_loss           | 6.19        |
-----------------------------------------
-----------------------------------------
| manipularl/             |             |
|    align_curriculum     | 0.318       |
|    collision_rate       | 0.52        |
|    grasp_failure_rate   | 0.661       |
|    insert_depth_mean    | 0           |
|    insert_tilt_deg_mean | 3.28        |
|    success_rate         | 0           |
| rollout/                |             |
|    ep_len_mean          | 400         |
|    ep_rew_mean          | -21.9       |
| time/                   |             |
|    fps                  | 608         |
|    iterations           | 153         |
|    time_elapsed         | 1544        |
|    total_timesteps      | 940032      |
| train/                  |             |
|    approx_kl            | 0.016523374 |
|    clip_fraction        | 0.158       |
|    clip_range           | 0.2         |
|    entropy_loss         | -16.8       |
|    explained_variance   | 0.879       |
|    learning_rate        | 0.0003      |
|    loss                 | 1.91        |
|    n_updates            | 8250        |
|    policy_gradient_loss | -0.0277     |
|    std                  | 2.06        |
|    value_loss           | 10.5        |
-----------------------------------------
-----------------------------------------
| manipularl/             |             |
|    align_curriculum     | 0.316       |
|    collision_rate       | 0.5         |
|    grasp_failure_rate   | 0.658       |
|    insert_depth_mean    | 0           |
|    insert_tilt_deg_mean | 2.75        |
|    success_rate         | 0           |
| rollout/                |             |
|    ep_len_mean          | 400         |
|    ep_rew_mean          | -27.6       |
| time/                   |             |
|    fps                  | 608         |
|    iterations           | 154         |
|    time_elapsed         | 1554        |
|    total_timesteps      | 946176      |
| train/                  |             |
|    approx_kl            | 0.028030789 |
|    clip_fraction        | 0.203       |
|    clip_range           | 0.2         |
|    entropy_loss         | -16.9       |
|    explained_variance   | 0.852       |
|    learning_rate        | 0.0003      |
|    loss                 | 0.664       |
|    n_updates            | 8260        |
|    policy_gradient_loss | -0.0383     |
|    std                  | 2.07        |
|    value_loss           | 3.51        |
-----------------------------------------
-----------------------------------------
| manipularl/             |             |
|    align_curriculum     | 0.314       |
|    collision_rate       | 0.6         |
|    grasp_failure_rate   | 0.675       |
|    insert_depth_mean    | 0           |
|    insert_tilt_deg_mean | 2.37        |
|    success_rate         | 0           |
| rollout/                |             |
|    ep_len_mean          | 400         |
|    ep_rew_mean          | -37.6       |
| time/                   |             |
|    fps                  | 609         |
|    iterations           | 155         |
|    time_elapsed         | 1563        |
|    total_timesteps      | 952320      |
| train/                  |             |
|    approx_kl            | 0.018550474 |
|    clip_fraction        | 0.164       |
|    clip_range           | 0.2         |
|    entropy_loss         | -16.9       |
|    explained_variance   | 0.67        |
|    learning_rate        | 0.0003      |
|    loss                 | 1.8         |
|    n_updates            | 8270        |
|    policy_gradient_loss | -0.0224     |
|    std                  | 2.07        |
|    value_loss           | 10.6        |
-----------------------------------------
-----------------------------------------
| manipularl/             |             |
|    align_curriculum     | 0.312       |
|    collision_rate       | 0.66        |
|    grasp_failure_rate   | 0.668       |
|    insert_depth_mean    | 0           |
|    insert_tilt_deg_mean | 2.51        |
|    success_rate         | 0           |
| rollout/                |             |
|    ep_len_mean          | 400         |
|    ep_rew_mean          | -49.2       |
| time/                   |             |
|    fps                  | 609         |
|    iterations           | 156         |
|    time_elapsed         | 1572        |
|    total_timesteps      | 958464      |
| train/                  |             |
|    approx_kl            | 0.011736415 |
|    clip_fraction        | 0.134       |
|    clip_range           | 0.2         |
|    entropy_loss         | -16.9       |
|    explained_variance   | 0.831       |
|    learning_rate        | 0.0003      |
|    loss                 | 2.98        |
|    n_updates            | 8280        |
|    policy_gradient_loss | -0.0187     |
|    std                  | 2.07        |
|    value_loss           | 15.1        |
-----------------------------------------
-----------------------------------------
| manipularl/             |             |
|    align_curriculum     | 0.311       |
|    collision_rate       | 0.69        |
|    grasp_failure_rate   | 0.644       |
|    insert_depth_mean    | 0           |
|    insert_tilt_deg_mean | 2.32        |
|    success_rate         | 0           |
| rollout/                |             |
|    ep_len_mean          | 400         |
|    ep_rew_mean          | -48         |
| time/                   |             |
|    fps                  | 610         |
|    iterations           | 157         |
|    time_elapsed         | 1580        |
|    total_timesteps      | 964608      |
| train/                  |             |
|    approx_kl            | 0.020845056 |
|    clip_fraction        | 0.105       |
|    clip_range           | 0.2         |
|    entropy_loss         | -16.9       |
|    explained_variance   | 0.906       |
|    learning_rate        | 0.0003      |
|    loss                 | 1.04        |
|    n_updates            | 8290        |
|    policy_gradient_loss | -0.0297     |
|    std                  | 2.08        |
|    value_loss           | 6.43        |
-----------------------------------------
-----------------------------------------
| manipularl/             |             |
|    align_curriculum     | 0.309       |
|    collision_rate       | 0.58        |
|    grasp_failure_rate   | 0.605       |
|    insert_depth_mean    | 0           |
|    insert_tilt_deg_mean | 2.28        |
|    success_rate         | 0           |
| rollout/                |             |
|    ep_len_mean          | 400         |
|    ep_rew_mean          | -37.5       |
| time/                   |             |
|    fps                  | 611         |
|    iterations           | 158         |
|    time_elapsed         | 1588        |
|    total_timesteps      | 970752      |
| train/                  |             |
|    approx_kl            | 0.036844395 |
|    clip_fraction        | 0.265       |
|    clip_range           | 0.2         |
|    entropy_loss         | -16.9       |
|    explained_variance   | 0.811       |
|    learning_rate        | 0.0003      |
|    loss                 | 0.841       |
|    n_updates            | 8300        |
|    policy_gradient_loss | -0.0463     |
|    std                  | 2.08        |
|    value_loss           | 2.64        |
-----------------------------------------
-----------------------------------------
| manipularl/             |             |
|    align_curriculum     | 0.307       |
|    collision_rate       | 0.52        |
|    grasp_failure_rate   | 0.634       |
|    insert_depth_mean    | 0           |
|    insert_tilt_deg_mean | 2.11        |
|    success_rate         | 0           |
| rollout/                |             |
|    ep_len_mean          | 400         |
|    ep_rew_mean          | -32.6       |
| time/                   |             |
|    fps                  | 612         |
|    iterations           | 159         |
|    time_elapsed         | 1595        |
|    total_timesteps      | 976896      |
| train/                  |             |
|    approx_kl            | 0.037705556 |
|    clip_fraction        | 0.271       |
|    clip_range           | 0.2         |
|    entropy_loss         | -16.9       |
|    explained_variance   | 0.63        |
|    learning_rate        | 0.0003      |
|    loss                 | 1.15        |
|    n_updates            | 8310        |
|    policy_gradient_loss | -0.041      |
|    std                  | 2.08        |
|    value_loss           | 4.76        |
-----------------------------------------
-----------------------------------------
| manipularl/             |             |
|    align_curriculum     | 0.305       |
|    collision_rate       | 0.55        |
|    grasp_failure_rate   | 0.632       |
|    insert_depth_mean    | 0           |
|    insert_tilt_deg_mean | 2.25        |
|    success_rate         | 0           |
| rollout/                |             |
|    ep_len_mean          | 400         |
|    ep_rew_mean          | -32.9       |
| time/                   |             |
|    fps                  | 612         |
|    iterations           | 160         |
|    time_elapsed         | 1604        |
|    total_timesteps      | 983040      |
| train/                  |             |
|    approx_kl            | 0.024987638 |
|    clip_fraction        | 0.174       |
|    clip_range           | 0.2         |
|    entropy_loss         | -16.9       |
|    explained_variance   | 0.856       |
|    learning_rate        | 0.0003      |
|    loss                 | 1.16        |
|    n_updates            | 8320        |
|    policy_gradient_loss | -0.0347     |
|    std                  | 2.09        |
|    value_loss           | 4.99        |
-----------------------------------------
----------------------------------------
| manipularl/             |            |
|    align_curriculum     | 0.303      |
|    collision_rate       | 0.55       |
|    grasp_failure_rate   | 0.647      |
|    insert_depth_mean    | 0          |
|    insert_tilt_deg_mean | 2.31       |
|    success_rate         | 0          |
| rollout/                |            |
|    ep_len_mean          | 400        |
|    ep_rew_mean          | -29.3      |
| time/                   |            |
|    fps                  | 613        |
|    iterations           | 161        |
|    time_elapsed         | 1612       |
|    total_timesteps      | 989184     |
| train/                  |            |
|    approx_kl            | 0.02116037 |
|    clip_fraction        | 0.154      |
|    clip_range           | 0.2        |
|    entropy_loss         | -16.9      |
|    explained_variance   | 0.875      |
|    learning_rate        | 0.0003     |
|    loss                 | 0.816      |
|    n_updates            | 8330       |
|    policy_gradient_loss | -0.0325    |
|    std                  | 2.09       |
|    value_loss           | 3.49       |
----------------------------------------
-----------------------------------------
| manipularl/             |             |
|    align_curriculum     | 0.301       |
|    collision_rate       | 0.47        |
|    grasp_failure_rate   | 0.63        |
|    insert_depth_mean    | 0           |
|    insert_tilt_deg_mean | 2.48        |
|    success_rate         | 0           |
| rollout/                |             |
|    ep_len_mean          | 400         |
|    ep_rew_mean          | -12.7       |
| time/                   |             |
|    fps                  | 614         |
|    iterations           | 162         |
|    time_elapsed         | 1620        |
|    total_timesteps      | 995328      |
| train/                  |             |
|    approx_kl            | 0.039247617 |
|    clip_fraction        | 0.246       |
|    clip_range           | 0.2         |
|    entropy_loss         | -16.9       |
|    explained_variance   | 0.878       |
|    learning_rate        | 0.0003      |
|    loss                 | 0.674       |
|    n_updates            | 8340        |
|    policy_gradient_loss | -0.0508     |
|    std                  | 2.09        |
|    value_loss           | 3.22        |
-----------------------------------------
Eval num_timesteps=999984, episode_reward=-30.65 +/- 90.58
Episode length: 400.00 +/- 0.00
----------------------------------------
| eval/                   |            |
|    mean_ep_length       | 400        |
|    mean_reward          | -30.6      |
| manipularl/             |            |
|    align_curriculum     | 0.3        |
|    collision_rate       | 0.41       |
|    grasp_failure_rate   | 0.64       |
|    insert_depth_mean    | 0          |
|    insert_tilt_deg_mean | 2.31       |
|    success_rate         | 0          |
| time/                   |            |
|    total_timesteps      | 999984     |
| train/                  |            |
|    approx_kl            | 0.02775968 |
|    clip_fraction        | 0.208      |
|    clip_range           | 0.2        |
|    entropy_loss         | -17        |
|    explained_variance   | 0.851      |
|    learning_rate        | 0.0003     |
|    loss                 | 0.793      |
|    n_updates            | 8350       |
|    policy_gradient_loss | -0.0372    |
|    std                  | 2.1        |
|    value_loss           | 3.89       |
----------------------------------------
--------------------------------------
| manipularl/             |          |
|    align_curriculum     | 0.3      |
|    collision_rate       | 0.41     |
|    grasp_failure_rate   | 0.64     |
|    insert_depth_mean    | 0        |
|    insert_tilt_deg_mean | 2.31     |
|    success_rate         | 0        |
| rollout/                |          |
|    ep_len_mean          | 400      |
|    ep_rew_mean          | -15.8    |
| time/                   |          |
|    fps                  | 604      |
|    iterations           | 163      |
|    time_elapsed         | 1655     |
|    total_timesteps      | 1001472  |
--------------------------------------
-----------------------------------------
| manipularl/             |             |
|    align_curriculum     | 0.298       |
|    collision_rate       | 0.48        |
|    grasp_failure_rate   | 0.692       |
|    insert_depth_mean    | 0           |
|    insert_tilt_deg_mean | 2.22        |
|    success_rate         | 0           |
| rollout/                |             |
|    ep_len_mean          | 400         |
|    ep_rew_mean          | -23.2       |
| time/                   |             |
|    fps                  | 604         |
|    iterations           | 164         |
|    time_elapsed         | 1666        |
|    total_timesteps      | 1007616     |
| train/                  |             |
|    approx_kl            | 0.016703792 |
|    clip_fraction        | 0.148       |
|    clip_range           | 0.2         |
|    entropy_loss         | -17         |
|    explained_variance   | 0.85        |
|    learning_rate        | 0.0003      |
|    loss                 | 2.27        |
|    n_updates            | 8360        |
|    policy_gradient_loss | -0.0228     |
|    std                  | 2.1         |
|    value_loss           | 9.79        |
-----------------------------------------
----------------------------------------
| manipularl/             |            |
|    align_curriculum     | 0.296      |
|    collision_rate       | 0.49       |
|    grasp_failure_rate   | 0.71       |
|    insert_depth_mean    | 0          |
|    insert_tilt_deg_mean | 2.06       |
|    success_rate         | 0          |
| rollout/                |            |
|    ep_len_mean          | 400        |
|    ep_rew_mean          | -29.8      |
| time/                   |            |
|    fps                  | 604        |
|    iterations           | 165        |
|    time_elapsed         | 1677       |
|    total_timesteps      | 1013760    |
| train/                  |            |
|    approx_kl            | 0.03509399 |
|    clip_fraction        | 0.245      |
|    clip_range           | 0.2        |
|    entropy_loss         | -17        |
|    explained_variance   | 0.826      |
|    learning_rate        | 0.0003     |
|    loss                 | 0.577      |
|    n_updates            | 8370       |
|    policy_gradient_loss | -0.0473    |
|    std                  | 2.1        |
|    value_loss           | 3.02       |
----------------------------------------
-----------------------------------------
| manipularl/             |             |
|    align_curriculum     | 0.294       |
|    collision_rate       | 0.58        |
|    grasp_failure_rate   | 0.719       |
|    insert_depth_mean    | 0           |
|    insert_tilt_deg_mean | 2.18        |
|    success_rate         | 0           |
| rollout/                |             |
|    ep_len_mean          | 400         |
|    ep_rew_mean          | -49.8       |
| time/                   |             |
|    fps                  | 603         |
|    iterations           | 166         |
|    time_elapsed         | 1688        |
|    total_timesteps      | 1019904     |
| train/                  |             |
|    approx_kl            | 0.026168302 |
|    clip_fraction        | 0.197       |
|    clip_range           | 0.2         |
|    entropy_loss         | -17         |
|    explained_variance   | 0.832       |
|    learning_rate        | 0.0003      |
|    loss                 | 1.5         |
|    n_updates            | 8380        |
|    policy_gradient_loss | -0.0173     |
|    std                  | 2.1         |
|    value_loss           | 7.45        |
-----------------------------------------
-----------------------------------------
| manipularl/             |             |
|    align_curriculum     | 0.292       |
|    collision_rate       | 0.55        |
|    grasp_failure_rate   | 0.749       |
|    insert_depth_mean    | 0           |
|    insert_tilt_deg_mean | 2.23        |
|    success_rate         | 0           |
| rollout/                |             |
|    ep_len_mean          | 400         |
|    ep_rew_mean          | -54.4       |
| time/                   |             |
|    fps                  | 604         |
|    iterations           | 167         |
|    time_elapsed         | 1698        |
|    total_timesteps      | 1026048     |
| train/                  |             |
|    approx_kl            | 0.016464958 |
|    clip_fraction        | 0.158       |
|    clip_range           | 0.2         |
|    entropy_loss         | -17         |
|    explained_variance   | 0.841       |
|    learning_rate        | 0.0003      |
|    loss                 | 2.67        |
|    n_updates            | 8390        |
|    policy_gradient_loss | -0.021      |
|    std                  | 2.1         |
|    value_loss           | 17.3        |
-----------------------------------------
-----------------------------------------
| manipularl/             |             |
|    align_curriculum     | 0.29        |
|    collision_rate       | 0.52        |
|    grasp_failure_rate   | 0.786       |
|    insert_depth_mean    | 0           |
|    insert_tilt_deg_mean | 2.66        |
|    success_rate         | 0           |
| rollout/                |             |
|    ep_len_mean          | 400         |
|    ep_rew_mean          | -73         |
| time/                   |             |
|    fps                  | 604         |
|    iterations           | 168         |
|    time_elapsed         | 1708        |
|    total_timesteps      | 1032192     |
| train/                  |             |
|    approx_kl            | 0.014970894 |
|    clip_fraction        | 0.105       |
|    clip_range           | 0.2         |
|    entropy_loss         | -17         |
|    explained_variance   | 0.84        |
|    learning_rate        | 0.0003      |
|    loss                 | 2.13        |
|    n_updates            | 8400        |
|    policy_gradient_loss | -0.0228     |
|    std                  | 2.11        |
|    value_loss           | 17          |
-----------------------------------------
-----------------------------------------
| manipularl/             |             |
|    align_curriculum     | 0.288       |
|    collision_rate       | 0.55        |
|    grasp_failure_rate   | 0.767       |
|    insert_depth_mean    | 0           |
|    insert_tilt_deg_mean | 3.35        |
|    success_rate         | 0           |
| rollout/                |             |
|    ep_len_mean          | 400         |
|    ep_rew_mean          | -78.9       |
| time/                   |             |
|    fps                  | 604         |
|    iterations           | 169         |
|    time_elapsed         | 1716        |
|    total_timesteps      | 1038336     |
| train/                  |             |
|    approx_kl            | 0.020850444 |
|    clip_fraction        | 0.133       |
|    clip_range           | 0.2         |
|    entropy_loss         | -17         |
|    explained_variance   | 0.912       |
|    learning_rate        | 0.0003      |
|    loss                 | 0.688       |
|    n_updates            | 8410        |
|    policy_gradient_loss | -0.0328     |
|    std                  | 2.11        |
|    value_loss           | 4.87        |
-----------------------------------------
-----------------------------------------
| manipularl/             |             |
|    align_curriculum     | 0.287       |
|    collision_rate       | 0.5         |
|    grasp_failure_rate   | 0.76        |
|    insert_depth_mean    | 0           |
|    insert_tilt_deg_mean | 3.71        |
|    success_rate         | 0           |
| rollout/                |             |
|    ep_len_mean          | 400         |
|    ep_rew_mean          | -69.1       |
| time/                   |             |
|    fps                  | 605         |
|    iterations           | 170         |
|    time_elapsed         | 1725        |
|    total_timesteps      | 1044480     |
| train/                  |             |
|    approx_kl            | 0.018357793 |
|    clip_fraction        | 0.148       |
|    clip_range           | 0.2         |
|    entropy_loss         | -17         |
|    explained_variance   | 0.898       |
|    learning_rate        | 0.0003      |
|    loss                 | 1.44        |
|    n_updates            | 8420        |
|    policy_gradient_loss | -0.025      |
|    std                  | 2.12        |
|    value_loss           | 7.41        |
-----------------------------------------
----------------------------------------
| manipularl/             |            |
|    align_curriculum     | 0.285      |
|    collision_rate       | 0.48       |
|    grasp_failure_rate   | 0.743      |
|    insert_depth_mean    | 0          |
|    insert_tilt_deg_mean | 4.06       |
|    success_rate         | 0          |
| rollout/                |            |
|    ep_len_mean          | 400        |
|    ep_rew_mean          | -69.1      |
| time/                   |            |
|    fps                  | 605        |
|    iterations           | 171        |
|    time_elapsed         | 1734       |
|    total_timesteps      | 1050624    |
| train/                  |            |
|    approx_kl            | 0.03009075 |
|    clip_fraction        | 0.18       |
|    clip_range           | 0.2        |
|    entropy_loss         | -17        |
|    explained_variance   | 0.856      |
|    learning_rate        | 0.0003     |
|    loss                 | 0.734      |
|    n_updates            | 8430       |
|    policy_gradient_loss | -0.035     |
|    std                  | 2.12       |
|    value_loss           | 4.86       |
----------------------------------------
-----------------------------------------
| manipularl/             |             |
|    align_curriculum     | 0.283       |
|    collision_rate       | 0.51        |
|    grasp_failure_rate   | 0.724       |
|    insert_depth_mean    | 0           |
|    insert_tilt_deg_mean | 4.16        |
|    success_rate         | 0           |
| rollout/                |             |
|    ep_len_mean          | 400         |
|    ep_rew_mean          | -57.7       |
| time/                   |             |
|    fps                  | 606         |
|    iterations           | 172         |
|    time_elapsed         | 1743        |
|    total_timesteps      | 1056768     |
| train/                  |             |
|    approx_kl            | 0.030556083 |
|    clip_fraction        | 0.211       |
|    clip_range           | 0.2         |
|    entropy_loss         | -17.1       |
|    explained_variance   | 0.853       |
|    learning_rate        | 0.0003      |
|    loss                 | 1.38        |
|    n_updates            | 8440        |
|    policy_gradient_loss | -0.0372     |
|    std                  | 2.12        |
|    value_loss           | 5.14        |
-----------------------------------------
-----------------------------------------
| manipularl/             |             |
|    align_curriculum     | 0.281       |
|    collision_rate       | 0.49        |
|    grasp_failure_rate   | 0.688       |
|    insert_depth_mean    | 0           |
|    insert_tilt_deg_mean | 4.37        |
|    success_rate         | 0           |
| rollout/                |             |
|    ep_len_mean          | 400         |
|    ep_rew_mean          | -48.5       |
| time/                   |             |
|    fps                  | 607         |
|    iterations           | 173         |
|    time_elapsed         | 1750        |
|    total_timesteps      | 1062912     |
| train/                  |             |
|    approx_kl            | 0.017973576 |
|    clip_fraction        | 0.143       |
|    clip_range           | 0.2         |
|    entropy_loss         | -17.1       |
|    explained_variance   | 0.832       |
|    learning_rate        | 0.0003      |
|    loss                 | 2.2         |
|    n_updates            | 8450        |
|    policy_gradient_loss | -0.0285     |
|    std                  | 2.13        |
|    value_loss           | 10          |
-----------------------------------------
----------------------------------------
| manipularl/             |            |
|    align_curriculum     | 0.279      |
|    collision_rate       | 0.46       |
|    grasp_failure_rate   | 0.673      |
|    insert_depth_mean    | 0          |
|    insert_tilt_deg_mean | 3.88       |
|    success_rate         | 0          |
| rollout/                |            |
|    ep_len_mean          | 400        |
|    ep_rew_mean          | -41.8      |
| time/                   |            |
|    fps                  | 608        |
|    iterations           | 174        |
|    time_elapsed         | 1758       |
|    total_timesteps      | 1069056    |
| train/                  |            |
|    approx_kl            | 0.02529054 |
|    clip_fraction        | 0.201      |
|    clip_range           | 0.2        |
|    entropy_loss         | -17.1      |
|    explained_variance   | 0.911      |
|    learning_rate        | 0.0003     |
|    loss                 | 1.22       |
|    n_updates            | 8460       |
|    policy_gradient_loss | -0.0432    |
|    std                  | 2.13       |
|    value_loss           | 5.29       |
----------------------------------------
-----------------------------------------
| manipularl/             |             |
|    align_curriculum     | 0.277       |
|    collision_rate       | 0.47        |
|    grasp_failure_rate   | 0.66        |
|    insert_depth_mean    | 0           |
|    insert_tilt_deg_mean | 3.12        |
|    success_rate         | 0           |
| rollout/                |             |
|    ep_len_mean          | 400         |
|    ep_rew_mean          | -34.6       |
| time/                   |             |
|    fps                  | 609         |
|    iterations           | 175         |
|    time_elapsed         | 1765        |
|    total_timesteps      | 1075200     |
| train/                  |             |
|    approx_kl            | 0.020036506 |
|    clip_fraction        | 0.163       |
|    clip_range           | 0.2         |
|    entropy_loss         | -17.1       |
|    explained_variance   | 0.905       |
|    learning_rate        | 0.0003      |
|    loss                 | 1.02        |
|    n_updates            | 8470        |
|    policy_gradient_loss | -0.0285     |
|    std                  | 2.13        |
|    value_loss           | 10          |
-----------------------------------------
-----------------------------------------
| manipularl/             |             |
|    align_curriculum     | 0.276       |
|    collision_rate       | 0.52        |
|    grasp_failure_rate   | 0.682       |
|    insert_depth_mean    | 0           |
|    insert_tilt_deg_mean | 2.61        |
|    success_rate         | 0           |
| rollout/                |             |
|    ep_len_mean          | 400         |
|    ep_rew_mean          | -31         |
| time/                   |             |
|    fps                  | 609         |
|    iterations           | 176         |
|    time_elapsed         | 1773        |
|    total_timesteps      | 1081344     |
| train/                  |             |
|    approx_kl            | 0.041883532 |
|    clip_fraction        | 0.249       |
|    clip_range           | 0.2         |
|    entropy_loss         | -17.1       |
|    explained_variance   | 0.881       |
|    learning_rate        | 0.0003      |
|    loss                 | 0.747       |
|    n_updates            | 8480        |
|    policy_gradient_loss | -0.037      |
|    std                  | 2.13        |
|    value_loss           | 3.22        |
-----------------------------------------
----------------------------------------
| manipularl/             |            |
|    align_curriculum     | 0.274      |
|    collision_rate       | 0.58       |
|    grasp_failure_rate   | 0.7        |
|    insert_depth_mean    | 0          |
|    insert_tilt_deg_mean | 2.32       |
|    success_rate         | 0          |
| rollout/                |            |
|    ep_len_mean          | 400        |
|    ep_rew_mean          | -37.1      |
| time/                   |            |
|    fps                  | 609        |
|    iterations           | 177        |
|    time_elapsed         | 1783       |
|    total_timesteps      | 1087488    |
| train/                  |            |
|    approx_kl            | 0.02536206 |
|    clip_fraction        | 0.245      |
|    clip_range           | 0.2        |
|    entropy_loss         | -17.1      |
|    explained_variance   | 0.884      |
|    learning_rate        | 0.0003     |
|    loss                 | 2.2        |
|    n_updates            | 8490       |
|    policy_gradient_loss | -0.0327    |
|    std                  | 2.13       |
|    value_loss           | 6.95       |
----------------------------------------
----------------------------------------
| manipularl/             |            |
|    align_curriculum     | 0.272      |
|    collision_rate       | 0.62       |
|    grasp_failure_rate   | 0.665      |
|    insert_depth_mean    | 0          |
|    insert_tilt_deg_mean | 2.41       |
|    success_rate         | 0          |
| rollout/                |            |
|    ep_len_mean          | 400        |
|    ep_rew_mean          | -37.5      |
| time/                   |            |
|    fps                  | 610        |
|    iterations           | 178        |
|    time_elapsed         | 1791       |
|    total_timesteps      | 1093632    |
| train/                  |            |
|    approx_kl            | 0.03618152 |
|    clip_fraction        | 0.258      |
|    clip_range           | 0.2        |
|    entropy_loss         | -17.1      |
|    explained_variance   | 0.96       |
|    learning_rate        | 0.0003     |
|    loss                 | 1.25       |
|    n_updates            | 8500       |
|    policy_gradient_loss | -0.0423    |
|    std                  | 2.13       |
|    value_loss           | 4.8        |
----------------------------------------
-----------------------------------------
| manipularl/             |             |
|    align_curriculum     | 0.27        |
|    collision_rate       | 0.53        |
|    grasp_failure_rate   | 0.709       |
|    insert_depth_mean    | 0           |
|    insert_tilt_deg_mean | 1.78        |
|    success_rate         | 0           |
| rollout/                |             |
|    ep_len_mean          | 400         |
|    ep_rew_mean          | -29.8       |
| time/                   |             |
|    fps                  | 610         |
|    iterations           | 179         |
|    time_elapsed         | 1800        |
|    total_timesteps      | 1099776     |
| train/                  |             |
|    approx_kl            | 0.037688337 |
|    clip_fraction        | 0.277       |
|    clip_range           | 0.2         |
|    entropy_loss         | -17.1       |
|    explained_variance   | 0.941       |
|    learning_rate        | 0.0003      |
|    loss                 | 0.54        |
|    n_updates            | 8510        |
|    policy_gradient_loss | -0.0432     |
|    std                  | 2.13        |
|    value_loss           | 4.06        |
-----------------------------------------
-----------------------------------------
| manipularl/             |             |
|    align_curriculum     | 0.268       |
|    collision_rate       | 0.61        |
|    grasp_failure_rate   | 0.713       |
|    insert_depth_mean    | 0           |
|    insert_tilt_deg_mean | 1.57        |
|    success_rate         | 0           |
| rollout/                |             |
|    ep_len_mean          | 400         |
|    ep_rew_mean          | -31.5       |
| time/                   |             |
|    fps                  | 611         |
|    iterations           | 180         |
|    time_elapsed         | 1808        |
|    total_timesteps      | 1105920     |
| train/                  |             |
|    approx_kl            | 0.029641293 |
|    clip_fraction        | 0.221       |
|    clip_range           | 0.2         |
|    entropy_loss         | -17.1       |
|    explained_variance   | 0.896       |
|    learning_rate        | 0.0003      |
|    loss                 | 1.21        |
|    n_updates            | 8520        |
|    policy_gradient_loss | -0.0394     |
|    std                  | 2.13        |
|    value_loss           | 6.3         |
-----------------------------------------
----------------------------------------
| manipularl/             |            |
|    align_curriculum     | 0.266      |
|    collision_rate       | 0.67       |
|    grasp_failure_rate   | 0.686      |
|    insert_depth_mean    | 0          |
|    insert_tilt_deg_mean | 1.49       |
|    success_rate         | 0          |
| rollout/                |            |
|    ep_len_mean          | 400        |
|    ep_rew_mean          | -27.9      |
| time/                   |            |
|    fps                  | 610        |
|    iterations           | 181        |
|    time_elapsed         | 1820       |
|    total_timesteps      | 1112064    |
| train/                  |            |
|    approx_kl            | 0.02991614 |
|    clip_fraction        | 0.221      |
|    clip_range           | 0.2        |
|    entropy_loss         | -17.1      |
|    explained_variance   | 0.863      |
|    learning_rate        | 0.0003     |
|    loss                 | 0.842      |
|    n_updates            | 8530       |
|    policy_gradient_loss | -0.0405    |
|    std                  | 2.14       |
|    value_loss           | 3.58       |
----------------------------------------
----------------------------------------
| manipularl/             |            |
|    align_curriculum     | 0.265      |
|    collision_rate       | 0.66       |
|    grasp_failure_rate   | 0.694      |
|    insert_depth_mean    | 0          |
|    insert_tilt_deg_mean | 1.39       |
|    success_rate         | 0          |
| rollout/                |            |
|    ep_len_mean          | 400        |
|    ep_rew_mean          | -26        |
| time/                   |            |
|    fps                  | 610        |
|    iterations           | 182        |
|    time_elapsed         | 1832       |
|    total_timesteps      | 1118208    |
| train/                  |            |
|    approx_kl            | 0.06793954 |
|    clip_fraction        | 0.364      |
|    clip_range           | 0.2        |
|    entropy_loss         | -17.1      |
|    explained_variance   | 0.899      |
|    learning_rate        | 0.0003     |
|    loss                 | 0.247      |
|    n_updates            | 8540       |
|    policy_gradient_loss | -0.0474    |
|    std                  | 2.13       |
|    value_loss           | 1.57       |
----------------------------------------
-----------------------------------------
| manipularl/             |             |
|    align_curriculum     | 0.263       |
|    collision_rate       | 0.66        |
|    grasp_failure_rate   | 0.655       |
|    insert_depth_mean    | 0           |
|    insert_tilt_deg_mean | 1.67        |
|    success_rate         | 0           |
| rollout/                |             |
|    ep_len_mean          | 400         |
|    ep_rew_mean          | -30.6       |
| time/                   |             |
|    fps                  | 609         |
|    iterations           | 183         |
|    time_elapsed         | 1846        |
|    total_timesteps      | 1124352     |
| train/                  |             |
|    approx_kl            | 0.024623362 |
|    clip_fraction        | 0.28        |
|    clip_range           | 0.2         |
|    entropy_loss         | -17.1       |
|    explained_variance   | 0.908       |
|    learning_rate        | 0.0003      |
|    loss                 | 1.06        |
|    n_updates            | 8550        |
|    policy_gradient_loss | -0.0184     |
|    std                  | 2.14        |
|    value_loss           | 7.44        |
-----------------------------------------
-----------------------------------------
| manipularl/             |             |
|    align_curriculum     | 0.261       |
|    collision_rate       | 0.67        |
|    grasp_failure_rate   | 0.645       |
|    insert_depth_mean    | 0           |
|    insert_tilt_deg_mean | 1.82        |
|    success_rate         | 0           |
| rollout/                |             |
|    ep_len_mean          | 400         |
|    ep_rew_mean          | -26         |
| time/                   |             |
|    fps                  | 607         |
|    iterations           | 184         |
|    time_elapsed         | 1861        |
|    total_timesteps      | 1130496     |
| train/                  |             |
|    approx_kl            | 0.020678828 |
|    clip_fraction        | 0.161       |
|    clip_range           | 0.2         |
|    entropy_loss         | -17.1       |
|    explained_variance   | 0.906       |
|    learning_rate        | 0.0003      |
|    loss                 | 2.48        |
|    n_updates            | 8560        |
|    policy_gradient_loss | -0.0361     |
|    std                  | 2.14        |
|    value_loss           | 9.98        |
-----------------------------------------
-----------------------------------------
| manipularl/             |             |
|    align_curriculum     | 0.259       |
|    collision_rate       | 0.65        |
|    grasp_failure_rate   | 0.639       |
|    insert_depth_mean    | 0           |
|    insert_tilt_deg_mean | 2.03        |
|    success_rate         | 0           |
| rollout/                |             |
|    ep_len_mean          | 400         |
|    ep_rew_mean          | -26.8       |
| time/                   |             |
|    fps                  | 607         |
|    iterations           | 185         |
|    time_elapsed         | 1871        |
|    total_timesteps      | 1136640     |
| train/                  |             |
|    approx_kl            | 0.030507594 |
|    clip_fraction        | 0.222       |
|    clip_range           | 0.2         |
|    entropy_loss         | -17.2       |
|    explained_variance   | 0.927       |
|    learning_rate        | 0.0003      |
|    loss                 | 0.742       |
|    n_updates            | 8570        |
|    policy_gradient_loss | -0.0437     |
|    std                  | 2.15        |
|    value_loss           | 4.23        |
-----------------------------------------
-----------------------------------------
| manipularl/             |             |
|    align_curriculum     | 0.257       |
|    collision_rate       | 0.62        |
|    grasp_failure_rate   | 0.617       |
|    insert_depth_mean    | 0           |
|    insert_tilt_deg_mean | 2.52        |
|    success_rate         | 0           |
| rollout/                |             |
|    ep_len_mean          | 400         |
|    ep_rew_mean          | -18.6       |
| time/                   |             |
|    fps                  | 607         |
|    iterations           | 186         |
|    time_elapsed         | 1881        |
|    total_timesteps      | 1142784     |
| train/                  |             |
|    approx_kl            | 0.029653028 |
|    clip_fraction        | 0.201       |
|    clip_range           | 0.2         |
|    entropy_loss         | -17.2       |
|    explained_variance   | 0.942       |
|    learning_rate        | 0.0003      |
|    loss                 | 0.346       |
|    n_updates            | 8580        |
|    policy_gradient_loss | -0.0386     |
|    std                  | 2.15        |
|    value_loss           | 3.23        |
-----------------------------------------
----------------------------------------
| manipularl/             |            |
|    align_curriculum     | 0.255      |
|    collision_rate       | 0.57       |
|    grasp_failure_rate   | 0.632      |
|    insert_depth_mean    | 0          |
|    insert_tilt_deg_mean | 2.67       |
|    success_rate         | 0          |
| rollout/                |            |
|    ep_len_mean          | 400        |
|    ep_rew_mean          | -18.2      |
| time/                   |            |
|    fps                  | 607        |
|    iterations           | 187        |
|    time_elapsed         | 1889       |
|    total_timesteps      | 1148928    |
| train/                  |            |
|    approx_kl            | 0.03298701 |
|    clip_fraction        | 0.23       |
|    clip_range           | 0.2        |
|    entropy_loss         | -17.2      |
|    explained_variance   | 0.876      |
|    learning_rate        | 0.0003     |
|    loss                 | 1.1        |
|    n_updates            | 8590       |
|    policy_gradient_loss | -0.0289    |
|    std                  | 2.15       |
|    value_loss           | 4          |
----------------------------------------
-----------------------------------------
| manipularl/             |             |
|    align_curriculum     | 0.253       |
|    collision_rate       | 0.54        |
|    grasp_failure_rate   | 0.628       |
|    insert_depth_mean    | 0           |
|    insert_tilt_deg_mean | 2.9         |
|    success_rate         | 0           |
| rollout/                |             |
|    ep_len_mean          | 400         |
|    ep_rew_mean          | -18.3       |
| time/                   |             |
|    fps                  | 608         |
|    iterations           | 188         |
|    time_elapsed         | 1897        |
|    total_timesteps      | 1155072     |
| train/                  |             |
|    approx_kl            | 0.030492494 |
|    clip_fraction        | 0.209       |
|    clip_range           | 0.2         |
|    entropy_loss         | -17.2       |
|    explained_variance   | 0.776       |
|    learning_rate        | 0.0003      |
|    loss                 | 0.59        |
|    n_updates            | 8600        |
|    policy_gradient_loss | -0.0411     |
|    std                  | 2.16        |
|    value_loss           | 3.8         |
-----------------------------------------
-----------------------------------------
| manipularl/             |             |
|    align_curriculum     | 0.252       |
|    collision_rate       | 0.52        |
|    grasp_failure_rate   | 0.628       |
|    insert_depth_mean    | 0           |
|    insert_tilt_deg_mean | 3.12        |
|    success_rate         | 0           |
| rollout/                |             |
|    ep_len_mean          | 400         |
|    ep_rew_mean          | -15.4       |
| time/                   |             |
|    fps                  | 609         |
|    iterations           | 189         |
|    time_elapsed         | 1906        |
|    total_timesteps      | 1161216     |
| train/                  |             |
|    approx_kl            | 0.042538296 |
|    clip_fraction        | 0.257       |
|    clip_range           | 0.2         |
|    entropy_loss         | -17.2       |
|    explained_variance   | 0.905       |
|    learning_rate        | 0.0003      |
|    loss                 | 0.175       |
|    n_updates            | 8610        |
|    policy_gradient_loss | -0.0487     |
|    std                  | 2.17        |
|    value_loss           | 2.03        |
-----------------------------------------
----------------------------------------
| manipularl/             |            |
|    align_curriculum     | 0.25       |
|    collision_rate       | 0.42       |
|    grasp_failure_rate   | 0.633      |
|    insert_depth_mean    | 0          |
|    insert_tilt_deg_mean | 3.64       |
|    success_rate         | 0          |
| rollout/                |            |
|    ep_len_mean          | 400        |
|    ep_rew_mean          | -10.3      |
| time/                   |            |
|    fps                  | 609        |
|    iterations           | 190        |
|    time_elapsed         | 1914       |
|    total_timesteps      | 1167360    |
| train/                  |            |
|    approx_kl            | 0.03774475 |
|    clip_fraction        | 0.263      |
|    clip_range           | 0.2        |
|    entropy_loss         | -17.2      |
|    explained_variance   | 0.729      |
|    learning_rate        | 0.0003     |
|    loss                 | 0.331      |
|    n_updates            | 8620       |
|    policy_gradient_loss | -0.0382    |
|    std                  | 2.17       |
|    value_loss           | 2.23       |
----------------------------------------
-----------------------------------------
| manipularl/             |             |
|    align_curriculum     | 0.248       |
|    collision_rate       | 0.41        |
|    grasp_failure_rate   | 0.647       |
|    insert_depth_mean    | 0           |
|    insert_tilt_deg_mean | 3.13        |
|    success_rate         | 0           |
| rollout/                |             |
|    ep_len_mean          | 400         |
|    ep_rew_mean          | -9.51       |
| time/                   |             |
|    fps                  | 610         |
|    iterations           | 191         |
|    time_elapsed         | 1922        |
|    total_timesteps      | 1173504     |
| train/                  |             |
|    approx_kl            | 0.037973985 |
|    clip_fraction        | 0.261       |
|    clip_range           | 0.2         |
|    entropy_loss         | -17.2       |
|    explained_variance   | 0.819       |
|    learning_rate        | 0.0003      |
|    loss                 | 0.265       |
|    n_updates            | 8630        |
|    policy_gradient_loss | -0.0456     |
|    std                  | 2.17        |
|    value_loss           | 2.12        |
-----------------------------------------
----------------------------------------
| manipularl/             |            |
|    align_curriculum     | 0.246      |
|    collision_rate       | 0.44       |
|    grasp_failure_rate   | 0.66       |
|    insert_depth_mean    | 0          |
|    insert_tilt_deg_mean | 3.39       |
|    success_rate         | 0          |
| rollout/                |            |
|    ep_len_mean          | 400        |
|    ep_rew_mean          | -20.6      |
| time/                   |            |
|    fps                  | 611        |
|    iterations           | 192        |
|    time_elapsed         | 1930       |
|    total_timesteps      | 1179648    |
| train/                  |            |
|    approx_kl            | 0.01685162 |
|    clip_fraction        | 0.184      |
|    clip_range           | 0.2        |
|    entropy_loss         | -17.2      |
|    explained_variance   | 0.811      |
|    learning_rate        | 0.0003     |
|    loss                 | 0.871      |
|    n_updates            | 8640       |
|    policy_gradient_loss | -0.0211    |
|    std                  | 2.17       |
|    value_loss           | 7.66       |
----------------------------------------
-----------------------------------------
| manipularl/             |             |
|    align_curriculum     | 0.244       |
|    collision_rate       | 0.45        |
|    grasp_failure_rate   | 0.678       |
|    insert_depth_mean    | 0           |
|    insert_tilt_deg_mean | 3.11        |
|    success_rate         | 0           |
| rollout/                |             |
|    ep_len_mean          | 400         |
|    ep_rew_mean          | -35         |
| time/                   |             |
|    fps                  | 611         |
|    iterations           | 193         |
|    time_elapsed         | 1938        |
|    total_timesteps      | 1185792     |
| train/                  |             |
|    approx_kl            | 0.015243091 |
|    clip_fraction        | 0.173       |
|    clip_range           | 0.2         |
|    entropy_loss         | -17.2       |
|    explained_variance   | 0.913       |
|    learning_rate        | 0.0003      |
|    loss                 | 2.58        |
|    n_updates            | 8650        |
|    policy_gradient_loss | -0.0128     |
|    std                  | 2.17        |
|    value_loss           | 14.7        |
-----------------------------------------
-----------------------------------------
| manipularl/             |             |
|    align_curriculum     | 0.242       |
|    collision_rate       | 0.47        |
|    grasp_failure_rate   | 0.672       |
|    insert_depth_mean    | 0           |
|    insert_tilt_deg_mean | 3.02        |
|    success_rate         | 0           |
| rollout/                |             |
|    ep_len_mean          | 400         |
|    ep_rew_mean          | -37         |
| time/                   |             |
|    fps                  | 612         |
|    iterations           | 194         |
|    time_elapsed         | 1947        |
|    total_timesteps      | 1191936     |
| train/                  |             |
|    approx_kl            | 0.027303407 |
|    clip_fraction        | 0.17        |
|    clip_range           | 0.2         |
|    entropy_loss         | -17.2       |
|    explained_variance   | 0.909       |
|    learning_rate        | 0.0003      |
|    loss                 | 0.976       |
|    n_updates            | 8660        |
|    policy_gradient_loss | -0.0366     |
|    std                  | 2.17        |
|    value_loss           | 5.73        |
-----------------------------------------
-----------------------------------------
| manipularl/             |             |
|    align_curriculum     | 0.241       |
|    collision_rate       | 0.53        |
|    grasp_failure_rate   | 0.672       |
|    insert_depth_mean    | 0           |
|    insert_tilt_deg_mean | 3.1         |
|    success_rate         | 0           |
| rollout/                |             |
|    ep_len_mean          | 400         |
|    ep_rew_mean          | -39.4       |
| time/                   |             |
|    fps                  | 613         |
|    iterations           | 195         |
|    time_elapsed         | 1954        |
|    total_timesteps      | 1198080     |
| train/                  |             |
|    approx_kl            | 0.026597897 |
|    clip_fraction        | 0.164       |
|    clip_range           | 0.2         |
|    entropy_loss         | -17.3       |
|    explained_variance   | 0.797       |
|    learning_rate        | 0.0003      |
|    loss                 | 0.63        |
|    n_updates            | 8670        |
|    policy_gradient_loss | -0.03       |
|    std                  | 2.18        |
|    value_loss           | 6.12        |
-----------------------------------------
-----------------------------------------
| manipularl/             |             |
|    align_curriculum     | 0.239       |
|    collision_rate       | 0.6         |
|    grasp_failure_rate   | 0.685       |
|    insert_depth_mean    | 0           |
|    insert_tilt_deg_mean | 3.05        |
|    success_rate         | 0           |
| rollout/                |             |
|    ep_len_mean          | 400         |
|    ep_rew_mean          | -40.4       |
| time/                   |             |
|    fps                  | 613         |
|    iterations           | 196         |
|    time_elapsed         | 1963        |
|    total_timesteps      | 1204224     |
| train/                  |             |
|    approx_kl            | 0.036216017 |
|    clip_fraction        | 0.264       |
|    clip_range           | 0.2         |
|    entropy_loss         | -17.3       |
|    explained_variance   | 0.885       |
|    learning_rate        | 0.0003      |
|    loss                 | 0.239       |
|    n_updates            | 8680        |
|    policy_gradient_loss | -0.0436     |
|    std                  | 2.18        |
|    value_loss           | 2.87        |
-----------------------------------------
----------------------------------------
| manipularl/             |            |
|    align_curriculum     | 0.237      |
|    collision_rate       | 0.59       |
|    grasp_failure_rate   | 0.7        |
|    insert_depth_mean    | 0          |
|    insert_tilt_deg_mean | 2.24       |
|    success_rate         | 0          |
| rollout/                |            |
|    ep_len_mean          | 400        |
|    ep_rew_mean          | -37.5      |
| time/                   |            |
|    fps                  | 613        |
|    iterations           | 197        |
|    time_elapsed         | 1972       |
|    total_timesteps      | 1210368    |
| train/                  |            |
|    approx_kl            | 0.03615111 |
|    clip_fraction        | 0.257      |
|    clip_range           | 0.2        |
|    entropy_loss         | -17.3      |
|    explained_variance   | 0.857      |
|    learning_rate        | 0.0003     |
|    loss                 | 0.524      |
|    n_updates            | 8690       |
|    policy_gradient_loss | -0.0381    |
|    std                  | 2.18       |
|    value_loss           | 2.38       |
----------------------------------------
-----------------------------------------
| manipularl/             |             |
|    align_curriculum     | 0.235       |
|    collision_rate       | 0.61        |
|    grasp_failure_rate   | 0.705       |
|    insert_depth_mean    | 0           |
|    insert_tilt_deg_mean | 1.93        |
|    success_rate         | 0           |
| rollout/                |             |
|    ep_len_mean          | 400         |
|    ep_rew_mean          | -38.6       |
| time/                   |             |
|    fps                  | 614         |
|    iterations           | 198         |
|    time_elapsed         | 1980        |
|    total_timesteps      | 1216512     |
| train/                  |             |
|    approx_kl            | 0.030576264 |
|    clip_fraction        | 0.27        |
|    clip_range           | 0.2         |
|    entropy_loss         | -17.3       |
|    explained_variance   | 0.49        |
|    learning_rate        | 0.0003      |
|    loss                 | 1.14        |
|    n_updates            | 8700        |
|    policy_gradient_loss | -0.0343     |
|    std                  | 2.19        |
|    value_loss           | 4.51        |
-----------------------------------------
-----------------------------------------
| manipularl/             |             |
|    align_curriculum     | 0.233       |
|    collision_rate       | 0.55        |
|    grasp_failure_rate   | 0.655       |
|    insert_depth_mean    | 0           |
|    insert_tilt_deg_mean | 1.7         |
|    success_rate         | 0           |
| rollout/                |             |
|    ep_len_mean          | 400         |
|    ep_rew_mean          | -12.6       |
| time/                   |             |
|    fps                  | 614         |
|    iterations           | 199         |
|    time_elapsed         | 1990        |
|    total_timesteps      | 1222656     |
| train/                  |             |
|    approx_kl            | 0.028331295 |
|    clip_fraction        | 0.201       |
|    clip_range           | 0.2         |
|    entropy_loss         | -17.3       |
|    explained_variance   | 0.891       |
|    learning_rate        | 0.0003      |
|    loss                 | 0.698       |
|    n_updates            | 8710        |
|    policy_gradient_loss | -0.0371     |
|    std                  | 2.19        |
|    value_loss           | 4.09        |
-----------------------------------------
-----------------------------------------
| manipularl/             |             |
|    align_curriculum     | 0.231       |
|    collision_rate       | 0.6         |
|    grasp_failure_rate   | 0.641       |
|    insert_depth_mean    | 0           |
|    insert_tilt_deg_mean | 1.72        |
|    success_rate         | 0           |
| rollout/                |             |
|    ep_len_mean          | 400         |
|    ep_rew_mean          | -16.2       |
| time/                   |             |
|    fps                  | 613         |
|    iterations           | 200         |
|    time_elapsed         | 2002        |
|    total_timesteps      | 1228800     |
| train/                  |             |
|    approx_kl            | 0.052280683 |
|    clip_fraction        | 0.334       |
|    clip_range           | 0.2         |
|    entropy_loss         | -17.3       |
|    explained_variance   | 0.829       |
|    learning_rate        | 0.0003      |
|    loss                 | 0.311       |
|    n_updates            | 8720        |
|    policy_gradient_loss | -0.0488     |
|    std                  | 2.19        |
|    value_loss           | 1.44        |
-----------------------------------------
-----------------------------------------
| manipularl/             |             |
|    align_curriculum     | 0.23        |
|    collision_rate       | 0.53        |
|    grasp_failure_rate   | 0.672       |
|    insert_depth_mean    | 0           |
|    insert_tilt_deg_mean | 1.19        |
|    success_rate         | 0           |
| rollout/                |             |
|    ep_len_mean          | 400         |
|    ep_rew_mean          | -13.4       |
| time/                   |             |
|    fps                  | 612         |
|    iterations           | 201         |
|    time_elapsed         | 2015        |
|    total_timesteps      | 1234944     |
| train/                  |             |
|    approx_kl            | 0.021434793 |
|    clip_fraction        | 0.206       |
|    clip_range           | 0.2         |
|    entropy_loss         | -17.3       |
|    explained_variance   | 0.892       |
|    learning_rate        | 0.0003      |
|    loss                 | 0.981       |
|    n_updates            | 8730        |
|    policy_gradient_loss | -0.0331     |
|    std                  | 2.19        |
|    value_loss           | 6.35        |
-----------------------------------------
-----------------------------------------
| manipularl/             |             |
|    align_curriculum     | 0.228       |
|    collision_rate       | 0.55        |
|    grasp_failure_rate   | 0.658       |
|    insert_depth_mean    | 0           |
|    insert_tilt_deg_mean | 1.7         |
|    success_rate         | 0           |
| rollout/                |             |
|    ep_len_mean          | 400         |
|    ep_rew_mean          | -14.4       |
| time/                   |             |
|    fps                  | 611         |
|    iterations           | 202         |
|    time_elapsed         | 2028        |
|    total_timesteps      | 1241088     |
| train/                  |             |
|    approx_kl            | 0.028943859 |
|    clip_fraction        | 0.199       |
|    clip_range           | 0.2         |
|    entropy_loss         | -17.3       |
|    explained_variance   | 0.908       |
|    learning_rate        | 0.0003      |
|    loss                 | 0.852       |
|    n_updates            | 8740        |
|    policy_gradient_loss | -0.0444     |
|    std                  | 2.19        |
|    value_loss           | 4.69        |
-----------------------------------------
-----------------------------------------
| manipularl/             |             |
|    align_curriculum     | 0.226       |
|    collision_rate       | 0.54        |
|    grasp_failure_rate   | 0.608       |
|    insert_depth_mean    | 0           |
|    insert_tilt_deg_mean | 1.88        |
|    success_rate         | 0           |
| rollout/                |             |
|    ep_len_mean          | 400         |
|    ep_rew_mean          | -13.7       |
| time/                   |             |
|    fps                  | 611         |
|    iterations           | 203         |
|    time_elapsed         | 2040        |
|    total_timesteps      | 1247232     |
| train/                  |             |
|    approx_kl            | 0.033864688 |
|    clip_fraction        | 0.245       |
|    clip_range           | 0.2         |
|    entropy_loss         | -17.3       |
|    explained_variance   | 0.879       |
|    learning_rate        | 0.0003      |
|    loss                 | 0.231       |
|    n_updates            | 8750        |
|    policy_gradient_loss | -0.0452     |
|    std                  | 2.19        |
|    value_loss           | 2.08        |
-----------------------------------------
Eval num_timesteps=1249980, episode_reward=-27.95 +/- 73.47
Episode length: 380.50 +/- 85.00
-----------------------------------------
| eval/                   |             |
|    mean_ep_length       | 380         |
|    mean_reward          | -28         |
| manipularl/             |             |
|    align_curriculum     | 0.225       |
|    collision_rate       | 0.52        |
|    grasp_failure_rate   | 0.596       |
|    insert_depth_mean    | 0           |
|    insert_tilt_deg_mean | 2.28        |
|    success_rate         | 0           |
| time/                   |             |
|    total_timesteps      | 1249980     |
| train/                  |             |
|    approx_kl            | 0.053436056 |
|    clip_fraction        | 0.318       |
|    clip_range           | 0.2         |
|    entropy_loss         | -17.3       |
|    explained_variance   | 0.868       |
|    learning_rate        | 0.0003      |
|    loss                 | 0.386       |
|    n_updates            | 8760        |
|    policy_gradient_loss | -0.0451     |
|    std                  | 2.19        |
|    value_loss           | 1.75        |
-----------------------------------------
--------------------------------------
| manipularl/             |          |
|    align_curriculum     | 0.224    |
|    collision_rate       | 0.5      |
|    grasp_failure_rate   | 0.561    |
|    insert_depth_mean    | 0        |
|    insert_tilt_deg_mean | 2.27     |
|    success_rate         | 0        |
| rollout/                |          |
|    ep_len_mean          | 400      |
|    ep_rew_mean          | -14      |
| time/                   |          |
|    fps                  | 605      |
|    iterations           | 204      |
|    time_elapsed         | 2069     |
|    total_timesteps      | 1253376  |
--------------------------------------
-----------------------------------------
| manipularl/             |             |
|    align_curriculum     | 0.222       |
|    collision_rate       | 0.48        |
|    grasp_failure_rate   | 0.559       |
|    insert_depth_mean    | 0           |
|    insert_tilt_deg_mean | 2.41        |
|    success_rate         | 0           |
| rollout/                |             |
|    ep_len_mean          | 400         |
|    ep_rew_mean          | -13.6       |
| time/                   |             |
|    fps                  | 606         |
|    iterations           | 205         |
|    time_elapsed         | 2077        |
|    total_timesteps      | 1259520     |
| train/                  |             |
|    approx_kl            | 0.038828176 |
|    clip_fraction        | 0.281       |
|    clip_range           | 0.2         |
|    entropy_loss         | -17.3       |
|    explained_variance   | 0.726       |
|    learning_rate        | 0.0003      |
|    loss                 | 0.752       |
|    n_updates            | 8770        |
|    policy_gradient_loss | -0.0413     |
|    std                  | 2.19        |
|    value_loss           | 3.8         |
-----------------------------------------
-----------------------------------------
| manipularl/             |             |
|    align_curriculum     | 0.22        |
|    collision_rate       | 0.49        |
|    grasp_failure_rate   | 0.589       |
|    insert_depth_mean    | 0           |
|    insert_tilt_deg_mean | 2.37        |
|    success_rate         | 0           |
| rollout/                |             |
|    ep_len_mean          | 400         |
|    ep_rew_mean          | -16.6       |
| time/                   |             |
|    fps                  | 606         |
|    iterations           | 206         |
|    time_elapsed         | 2086        |
|    total_timesteps      | 1265664     |
| train/                  |             |
|    approx_kl            | 0.029018745 |
|    clip_fraction        | 0.218       |
|    clip_range           | 0.2         |
|    entropy_loss         | -17.3       |
|    explained_variance   | 0.714       |
|    learning_rate        | 0.0003      |
|    loss                 | 0.565       |
|    n_updates            | 8780        |
|    policy_gradient_loss | -0.0348     |
|    std                  | 2.19        |
|    value_loss           | 3.42        |
-----------------------------------------
-----------------------------------------
| manipularl/             |             |
|    align_curriculum     | 0.218       |
|    collision_rate       | 0.49        |
|    grasp_failure_rate   | 0.598       |
|    insert_depth_mean    | 0           |
|    insert_tilt_deg_mean | 2.82        |
|    success_rate         | 0           |
| rollout/                |             |
|    ep_len_mean          | 400         |
|    ep_rew_mean          | -14.9       |
| time/                   |             |
|    fps                  | 607         |
|    iterations           | 207         |
|    time_elapsed         | 2094        |
|    total_timesteps      | 1271808     |
| train/                  |             |
|    approx_kl            | 0.033644076 |
|    clip_fraction        | 0.25        |
|    clip_range           | 0.2         |
|    entropy_loss         | -17.3       |
|    explained_variance   | 0.871       |
|    learning_rate        | 0.0003      |
|    loss                 | 0.277       |
|    n_updates            | 8790        |
|    policy_gradient_loss | -0.0426     |
|    std                  | 2.19        |
|    value_loss           | 2.24        |
-----------------------------------------
----------------------------------------
| manipularl/             |            |
|    align_curriculum     | 0.217      |
|    collision_rate       | 0.46       |
|    grasp_failure_rate   | 0.619      |
|    insert_depth_mean    | 0          |
|    insert_tilt_deg_mean | 3.47       |
|    success_rate         | 0          |
| rollout/                |            |
|    ep_len_mean          | 400        |
|    ep_rew_mean          | -10.2      |
| time/                   |            |
|    fps                  | 607        |
|    iterations           | 208        |
|    time_elapsed         | 2102       |
|    total_timesteps      | 1277952    |
| train/                  |            |
|    approx_kl            | 0.04767717 |
|    clip_fraction        | 0.269      |
|    clip_range           | 0.2        |
|    entropy_loss         | -17.3      |
|    explained_variance   | 0.882      |
|    learning_rate        | 0.0003     |
|    loss                 | 0.288      |
|    n_updates            | 8800       |
|    policy_gradient_loss | -0.0448    |
|    std                  | 2.2        |
|    value_loss           | 1.73       |
----------------------------------------
----------------------------------------
| manipularl/             |            |
|    align_curriculum     | 0.215      |
|    collision_rate       | 0.46       |
|    grasp_failure_rate   | 0.645      |
|    insert_depth_mean    | 0          |
|    insert_tilt_deg_mean | 3.51       |
|    success_rate         | 0          |
| rollout/                |            |
|    ep_len_mean          | 400        |
|    ep_rew_mean          | -13.2      |
| time/                   |            |
|    fps                  | 608        |
|    iterations           | 209        |
|    time_elapsed         | 2110       |
|    total_timesteps      | 1284096    |
| train/                  |            |
|    approx_kl            | 0.04054183 |
|    clip_fraction        | 0.265      |
|    clip_range           | 0.2        |
|    entropy_loss         | -17.4      |
|    explained_variance   | 0.787      |
|    learning_rate        | 0.0003     |
|    loss                 | 0.522      |
|    n_updates            | 8810       |
|    policy_gradient_loss | -0.0408    |
|    std                  | 2.2        |
|    value_loss           | 2.75       |
----------------------------------------
-----------------------------------------
| manipularl/             |             |
|    align_curriculum     | 0.213       |
|    collision_rate       | 0.53        |
|    grasp_failure_rate   | 0.67        |
|    insert_depth_mean    | 0           |
|    insert_tilt_deg_mean | 2.8         |
|    success_rate         | 0           |
| rollout/                |             |
|    ep_len_mean          | 400         |
|    ep_rew_mean          | -13.1       |
| time/                   |             |
|    fps                  | 609         |
|    iterations           | 210         |
|    time_elapsed         | 2118        |
|    total_timesteps      | 1290240     |
| train/                  |             |
|    approx_kl            | 0.037079513 |
|    clip_fraction        | 0.299       |
|    clip_range           | 0.2         |
|    entropy_loss         | -17.4       |
|    explained_variance   | 0.868       |
|    learning_rate        | 0.0003      |
|    loss                 | 0.449       |
|    n_updates            | 8820        |
|    policy_gradient_loss | -0.0377     |
|    std                  | 2.21        |
|    value_loss           | 2.42        |
-----------------------------------------
----------------------------------------
| manipularl/             |            |
|    align_curriculum     | 0.211      |
|    collision_rate       | 0.54       |
|    grasp_failure_rate   | 0.729      |
|    insert_depth_mean    | 0          |
|    insert_tilt_deg_mean | 3.28       |
|    success_rate         | 0          |
| rollout/                |            |
|    ep_len_mean          | 400        |
|    ep_rew_mean          | -14.7      |
| time/                   |            |
|    fps                  | 609        |
|    iterations           | 211        |
|    time_elapsed         | 2127       |
|    total_timesteps      | 1296384    |
| train/                  |            |
|    approx_kl            | 0.03913058 |
|    clip_fraction        | 0.264      |
|    clip_range           | 0.2        |
|    entropy_loss         | -17.4      |
|    explained_variance   | 0.747      |
|    learning_rate        | 0.0003     |
|    loss                 | 0.467      |
|    n_updates            | 8830       |
|    policy_gradient_loss | -0.0467    |
|    std                  | 2.21       |
|    value_loss           | 2.58       |
----------------------------------------
----------------------------------------
| manipularl/             |            |
|    align_curriculum     | 0.209      |
|    collision_rate       | 0.64       |
|    grasp_failure_rate   | 0.768      |
|    insert_depth_mean    | 0          |
|    insert_tilt_deg_mean | 3.33       |
|    success_rate         | 0          |
| rollout/                |            |
|    ep_len_mean          | 400        |
|    ep_rew_mean          | -21.9      |
| time/                   |            |
|    fps                  | 610        |
|    iterations           | 212        |
|    time_elapsed         | 2135       |
|    total_timesteps      | 1302528    |
| train/                  |            |
|    approx_kl            | 0.02255329 |
|    clip_fraction        | 0.236      |
|    clip_range           | 0.2        |
|    entropy_loss         | -17.4      |
|    explained_variance   | 0.726      |
|    learning_rate        | 0.0003     |
|    loss                 | 1.19       |
|    n_updates            | 8840       |
|    policy_gradient_loss | -0.028     |
|    std                  | 2.22       |
|    value_loss           | 6.43       |
----------------------------------------
-----------------------------------------
| manipularl/             |             |
|    align_curriculum     | 0.207       |
|    collision_rate       | 0.59        |
|    grasp_failure_rate   | 0.768       |
|    insert_depth_mean    | 0           |
|    insert_tilt_deg_mean | 3.39        |
|    success_rate         | 0           |
| rollout/                |             |
|    ep_len_mean          | 400         |
|    ep_rew_mean          | -20         |
| time/                   |             |
|    fps                  | 608         |
|    iterations           | 213         |
|    time_elapsed         | 2149        |
|    total_timesteps      | 1308672     |
| train/                  |             |
|    approx_kl            | 0.020337699 |
|    clip_fraction        | 0.15        |
|    clip_range           | 0.2         |
|    entropy_loss         | -17.4       |
|    explained_variance   | 0.801       |
|    learning_rate        | 0.0003      |
|    loss                 | 2.01        |
|    n_updates            | 8850        |
|    policy_gradient_loss | -0.0254     |
|    std                  | 2.22        |
|    value_loss           | 8.48        |
-----------------------------------------
----------------------------------------
| manipularl/             |            |
|    align_curriculum     | 0.206      |
|    collision_rate       | 0.6        |
|    grasp_failure_rate   | 0.743      |
|    insert_depth_mean    | 0          |
|    insert_tilt_deg_mean | 2.47       |
|    success_rate         | 0          |
| rollout/                |            |
|    ep_len_mean          | 400        |
|    ep_rew_mean          | -18.7      |
| time/                   |            |
|    fps                  | 608        |
|    iterations           | 214        |
|    time_elapsed         | 2161       |
|    total_timesteps      | 1314816    |
| train/                  |            |
|    approx_kl            | 0.03715537 |
|    clip_fraction        | 0.242      |
|    clip_range           | 0.2        |
|    entropy_loss         | -17.4      |
|    explained_variance   | 0.765      |
|    learning_rate        | 0.0003     |
|    loss                 | 0.24       |
|    n_updates            | 8860       |
|    policy_gradient_loss | -0.047     |
|    std                  | 2.22       |
|    value_loss           | 1.68       |
----------------------------------------
-----------------------------------------
| manipularl/             |             |
|    align_curriculum     | 0.204       |
|    collision_rate       | 0.52        |
|    grasp_failure_rate   | 0.724       |
|    insert_depth_mean    | 0           |
|    insert_tilt_deg_mean | 1.94        |
|    success_rate         | 0           |
| rollout/                |             |
|    ep_len_mean          | 400         |
|    ep_rew_mean          | -23.9       |
| time/                   |             |
|    fps                  | 608         |
|    iterations           | 215         |
|    time_elapsed         | 2172        |
|    total_timesteps      | 1320960     |
| train/                  |             |
|    approx_kl            | 0.046447616 |
|    clip_fraction        | 0.296       |
|    clip_range           | 0.2         |
|    entropy_loss         | -17.4       |
|    explained_variance   | 0.801       |
|    learning_rate        | 0.0003      |
|    loss                 | -0.0271     |
|    n_updates            | 8870        |
|    policy_gradient_loss | -0.0486     |
|    std                  | 2.23        |
|    value_loss           | 0.872       |
-----------------------------------------
----------------------------------------
| manipularl/             |            |
|    align_curriculum     | 0.202      |
|    collision_rate       | 0.53       |
|    grasp_failure_rate   | 0.74       |
|    insert_depth_mean    | 0          |
|    insert_tilt_deg_mean | 2.03       |
|    success_rate         | 0          |
| rollout/                |            |
|    ep_len_mean          | 400        |
|    ep_rew_mean          | -39.9      |
| time/                   |            |
|    fps                  | 607        |
|    iterations           | 216        |
|    time_elapsed         | 2184       |
|    total_timesteps      | 1327104    |
| train/                  |            |
|    approx_kl            | 0.02250958 |
|    clip_fraction        | 0.311      |
|    clip_range           | 0.2        |
|    entropy_loss         | -17.4      |
|    explained_variance   | 0.649      |
|    learning_rate        | 0.0003     |
|    loss                 | 1.08       |
|    n_updates            | 8880       |
|    policy_gradient_loss | -0.013     |
|    std                  | 2.23       |
|    value_loss           | 6.1        |
----------------------------------------
-----------------------------------------
| manipularl/             |             |
|    align_curriculum     | 0.2         |
|    collision_rate       | 0.47        |
|    grasp_failure_rate   | 0.742       |
|    insert_depth_mean    | 0           |
|    insert_tilt_deg_mean | 2.01        |
|    success_rate         | 0           |
| rollout/                |             |
|    ep_len_mean          | 400         |
|    ep_rew_mean          | -42.2       |
| time/                   |             |
|    fps                  | 607         |
|    iterations           | 217         |
|    time_elapsed         | 2193        |
|    total_timesteps      | 1333248     |
| train/                  |             |
|    approx_kl            | 0.013181583 |
|    clip_fraction        | 0.138       |
|    clip_range           | 0.2         |
|    entropy_loss         | -17.4       |
|    explained_variance   | 0.756       |
|    learning_rate        | 0.0003      |
|    loss                 | 2.93        |
|    n_updates            | 8890        |
|    policy_gradient_loss | -0.0156     |
|    std                  | 2.23        |
|    value_loss           | 15.1        |
-----------------------------------------
----------------------------------------
| manipularl/             |            |
|    align_curriculum     | 0.198      |
|    collision_rate       | 0.44       |
|    grasp_failure_rate   | 0.707      |
|    insert_depth_mean    | 0          |
|    insert_tilt_deg_mean | 1.69       |
|    success_rate         | 0          |
| rollout/                |            |
|    ep_len_mean          | 400        |
|    ep_rew_mean          | -32.7      |
| time/                   |            |
|    fps                  | 608        |
|    iterations           | 218        |
|    time_elapsed         | 2201       |
|    total_timesteps      | 1339392    |
| train/                  |            |
|    approx_kl            | 0.02203092 |
|    clip_fraction        | 0.153      |
|    clip_range           | 0.2        |
|    entropy_loss         | -17.5      |
|    explained_variance   | 0.786      |
|    learning_rate        | 0.0003     |
|    loss                 | 1.08       |
|    n_updates            | 8900       |
|    policy_gradient_loss | -0.0303    |
|    std                  | 2.23       |
|    value_loss           | 5.07       |
----------------------------------------
-----------------------------------------
| manipularl/             |             |
|    align_curriculum     | 0.196       |
|    collision_rate       | 0.43        |
|    grasp_failure_rate   | 0.688       |
|    insert_depth_mean    | 0           |
|    insert_tilt_deg_mean | 1.34        |
|    success_rate         | 0           |
| rollout/                |             |
|    ep_len_mean          | 400         |
|    ep_rew_mean          | -29.6       |
| time/                   |             |
|    fps                  | 608         |
|    iterations           | 219         |
|    time_elapsed         | 2209        |
|    total_timesteps      | 1345536     |
| train/                  |             |
|    approx_kl            | 0.029267857 |
|    clip_fraction        | 0.194       |
|    clip_range           | 0.2         |
|    entropy_loss         | -17.5       |
|    explained_variance   | 0.93        |
|    learning_rate        | 0.0003      |
|    loss                 | 0.515       |
|    n_updates            | 8910        |
|    policy_gradient_loss | -0.0376     |
|    std                  | 2.24        |
|    value_loss           | 2.78        |
-----------------------------------------
-----------------------------------------
| manipularl/             |             |
|    align_curriculum     | 0.194       |
|    collision_rate       | 0.46        |
|    grasp_failure_rate   | 0.663       |
|    insert_depth_mean    | 0           |
|    insert_tilt_deg_mean | 1.05        |
|    success_rate         | 0           |
| rollout/                |             |
|    ep_len_mean          | 400         |
|    ep_rew_mean          | -30.1       |
| time/                   |             |
|    fps                  | 609         |
|    iterations           | 220         |
|    time_elapsed         | 2217        |
|    total_timesteps      | 1351680     |
| train/                  |             |
|    approx_kl            | 0.029508991 |
|    clip_fraction        | 0.217       |
|    clip_range           | 0.2         |
|    entropy_loss         | -17.5       |
|    explained_variance   | 0.917       |
|    learning_rate        | 0.0003      |
|    loss                 | 0.778       |
|    n_updates            | 8920        |
|    policy_gradient_loss | -0.0364     |
|    std                  | 2.24        |
|    value_loss           | 3.51        |
-----------------------------------------
-----------------------------------------
| manipularl/             |             |
|    align_curriculum     | 0.193       |
|    collision_rate       | 0.53        |
|    grasp_failure_rate   | 0.696       |
|    insert_depth_mean    | 0           |
|    insert_tilt_deg_mean | 1.46        |
|    success_rate         | 0           |
| rollout/                |             |
|    ep_len_mean          | 400         |
|    ep_rew_mean          | -32.2       |
| time/                   |             |
|    fps                  | 610         |
|    iterations           | 221         |
|    time_elapsed         | 2225        |
|    total_timesteps      | 1357824     |
| train/                  |             |
|    approx_kl            | 0.046164263 |
|    clip_fraction        | 0.304       |
|    clip_range           | 0.2         |
|    entropy_loss         | -17.5       |
|    explained_variance   | 0.869       |
|    learning_rate        | 0.0003      |
|    loss                 | 0.138       |
|    n_updates            | 8930        |
|    policy_gradient_loss | -0.0527     |
|    std                  | 2.25        |
|    value_loss           | 1.33        |
-----------------------------------------
-----------------------------------------
| manipularl/             |             |
|    align_curriculum     | 0.191       |
|    collision_rate       | 0.59        |
|    grasp_failure_rate   | 0.649       |
|    insert_depth_mean    | 0           |
|    insert_tilt_deg_mean | 1.89        |
|    success_rate         | 0           |
| rollout/                |             |
|    ep_len_mean          | 400         |
|    ep_rew_mean          | -16.5       |
| time/                   |             |
|    fps                  | 610         |
|    iterations           | 222         |
|    time_elapsed         | 2233        |
|    total_timesteps      | 1363968     |
| train/                  |             |
|    approx_kl            | 0.028316902 |
|    clip_fraction        | 0.244       |
|    clip_range           | 0.2         |
|    entropy_loss         | -17.5       |
|    explained_variance   | 0.82        |
|    learning_rate        | 0.0003      |
|    loss                 | 0.572       |
|    n_updates            | 8940        |
|    policy_gradient_loss | -0.0376     |
|    std                  | 2.25        |
|    value_loss           | 2.93        |
-----------------------------------------
-----------------------------------------
| manipularl/             |             |
|    align_curriculum     | 0.189       |
|    collision_rate       | 0.65        |
|    grasp_failure_rate   | 0.659       |
|    insert_depth_mean    | 0           |
|    insert_tilt_deg_mean | 2.04        |
|    success_rate         | 0           |
| rollout/                |             |
|    ep_len_mean          | 400         |
|    ep_rew_mean          | -15.8       |
| time/                   |             |
|    fps                  | 611         |
|    iterations           | 223         |
|    time_elapsed         | 2241        |
|    total_timesteps      | 1370112     |
| train/                  |             |
|    approx_kl            | 0.012726843 |
|    clip_fraction        | 0.132       |
|    clip_range           | 0.2         |
|    entropy_loss         | -17.5       |
|    explained_variance   | 0.788       |
|    learning_rate        | 0.0003      |
|    loss                 | 2.13        |
|    n_updates            | 8950        |
|    policy_gradient_loss | -0.0216     |
|    std                  | 2.25        |
|    value_loss           | 12.2        |
-----------------------------------------
-----------------------------------------
| manipularl/             |             |
|    align_curriculum     | 0.187       |
|    collision_rate       | 0.72        |
|    grasp_failure_rate   | 0.677       |
|    insert_depth_mean    | 0           |
|    insert_tilt_deg_mean | 1.88        |
|    success_rate         | 0           |
| rollout/                |             |
|    ep_len_mean          | 400         |
|    ep_rew_mean          | -17.6       |
| time/                   |             |
|    fps                  | 611         |
|    iterations           | 224         |
|    time_elapsed         | 2249        |
|    total_timesteps      | 1376256     |
| train/                  |             |
|    approx_kl            | 0.025098085 |
|    clip_fraction        | 0.18        |
|    clip_range           | 0.2         |
|    entropy_loss         | -17.5       |
|    explained_variance   | 0.904       |
|    learning_rate        | 0.0003      |
|    loss                 | 0.96        |
|    n_updates            | 8960        |
|    policy_gradient_loss | -0.0415     |
|    std                  | 2.25        |
|    value_loss           | 5.29        |
-----------------------------------------
----------------------------------------
| manipularl/             |            |
|    align_curriculum     | 0.185      |
|    collision_rate       | 0.72       |
|    grasp_failure_rate   | 0.665      |
|    insert_depth_mean    | 0          |
|    insert_tilt_deg_mean | 1.94       |
|    success_rate         | 0          |
| rollout/                |            |
|    ep_len_mean          | 400        |
|    ep_rew_mean          | -16.3      |
| time/                   |            |
|    fps                  | 612        |
|    iterations           | 225        |
|    time_elapsed         | 2258       |
|    total_timesteps      | 1382400    |
| train/                  |            |
|    approx_kl            | 0.04537991 |
|    clip_fraction        | 0.263      |
|    clip_range           | 0.2        |
|    entropy_loss         | -17.5      |
|    explained_variance   | 0.824      |
|    learning_rate        | 0.0003     |
|    loss                 | 0.407      |
|    n_updates            | 8970       |
|    policy_gradient_loss | -0.0458    |
|    std                  | 2.25       |
|    value_loss           | 2.25       |
----------------------------------------
----------------------------------------
| manipularl/             |            |
|    align_curriculum     | 0.183      |
|    collision_rate       | 0.65       |
|    grasp_failure_rate   | 0.714      |
|    insert_depth_mean    | 0          |
|    insert_tilt_deg_mean | 1.83       |
|    success_rate         | 0          |
| rollout/                |            |
|    ep_len_mean          | 400        |
|    ep_rew_mean          | -17.9      |
| time/                   |            |
|    fps                  | 612        |
|    iterations           | 226        |
|    time_elapsed         | 2265       |
|    total_timesteps      | 1388544    |
| train/                  |            |
|    approx_kl            | 0.04792202 |
|    clip_fraction        | 0.3        |
|    clip_range           | 0.2        |
|    entropy_loss         | -17.5      |
|    explained_variance   | 0.646      |
|    learning_rate        | 0.0003     |
|    loss                 | 0.0854     |
|    n_updates            | 8980       |
|    policy_gradient_loss | -0.0373    |
|    std                  | 2.25       |
|    value_loss           | 1.34       |
----------------------------------------
-----------------------------------------
| manipularl/             |             |
|    align_curriculum     | 0.182       |
|    collision_rate       | 0.56        |
|    grasp_failure_rate   | 0.713       |
|    insert_depth_mean    | 0.0018      |
|    insert_tilt_deg_mean | 1.86        |
|    success_rate         | 0.03        |
| rollout/                |             |
|    ep_len_mean          | 388         |
|    ep_rew_mean          | -16.8       |
| time/                   |             |
|    fps                  | 612         |
|    iterations           | 227         |
|    time_elapsed         | 2275        |
|    total_timesteps      | 1394688     |
| train/                  |             |
|    approx_kl            | 0.025065502 |
|    clip_fraction        | 0.198       |
|    clip_range           | 0.2         |
|    entropy_loss         | -17.5       |
|    explained_variance   | 0.671       |
|    learning_rate        | 0.0003      |
|    loss                 | 0.553       |
|    n_updates            | 8990        |
|    policy_gradient_loss | -0.0331     |
|    std                  | 2.26        |
|    value_loss           | 3.53        |
-----------------------------------------
-----------------------------------------
| manipularl/             |             |
|    align_curriculum     | 0.18        |
|    collision_rate       | 0.46        |
|    grasp_failure_rate   | 0.69        |
|    insert_depth_mean    | 0.0054      |
|    insert_tilt_deg_mean | 1.31        |
|    success_rate         | 0.09        |
| rollout/                |             |
|    ep_len_mean          | 365         |
|    ep_rew_mean          | -11.4       |
| time/                   |             |
|    fps                  | 613         |
|    iterations           | 228         |
|    time_elapsed         | 2282        |
|    total_timesteps      | 1400832     |
| train/                  |             |
|    approx_kl            | 0.022501394 |
|    clip_fraction        | 0.16        |
|    clip_range           | 0.2         |
|    entropy_loss         | -17.5       |
|    explained_variance   | 0.788       |
|    learning_rate        | 0.0003      |
|    loss                 | 0.183       |
|    n_updates            | 9000        |
|    policy_gradient_loss | -0.026      |
|    std                  | 2.26        |
|    value_loss           | 4.4         |
-----------------------------------------
-----------------------------------------
| manipularl/             |             |
|    align_curriculum     | 0.178       |
|    collision_rate       | 0.31        |
|    grasp_failure_rate   | 0.63        |
|    insert_depth_mean    | 0.0054      |
|    insert_tilt_deg_mean | 1.13        |
|    success_rate         | 0.09        |
| rollout/                |             |
|    ep_len_mean          | 365         |
|    ep_rew_mean          | -3.49       |
| time/                   |             |
|    fps                  | 614         |
|    iterations           | 229         |
|    time_elapsed         | 2291        |
|    total_timesteps      | 1406976     |
| train/                  |             |
|    approx_kl            | 0.040818047 |
|    clip_fraction        | 0.243       |
|    clip_range           | 0.2         |
|    entropy_loss         | -17.6       |
|    explained_variance   | 0.935       |
|    learning_rate        | 0.0003      |
|    loss                 | 0.0334      |
|    n_updates            | 9010        |
|    policy_gradient_loss | -0.0406     |
|    std                  | 2.27        |
|    value_loss           | 1.01        |
-----------------------------------------
----------------------------------------
| manipularl/             |            |
|    align_curriculum     | 0.176      |
|    collision_rate       | 0.29       |
|    grasp_failure_rate   | 0.662      |
|    insert_depth_mean    | 0.0054     |
|    insert_tilt_deg_mean | 0.8        |
|    success_rate         | 0.09       |
| rollout/                |            |
|    ep_len_mean          | 365        |
|    ep_rew_mean          | -12.3      |
| time/                   |            |
|    fps                  | 614        |
|    iterations           | 230        |
|    time_elapsed         | 2299       |
|    total_timesteps      | 1413120    |
| train/                  |            |
|    approx_kl            | 0.02107998 |
|    clip_fraction        | 0.324      |
|    clip_range           | 0.2        |
|    entropy_loss         | -17.6      |
|    explained_variance   | 0.323      |
|    learning_rate        | 0.0003     |
|    loss                 | 1.58       |
|    n_updates            | 9020       |
|    policy_gradient_loss | -0.0145    |
|    std                  | 2.27       |
|    value_loss           | 8.24       |
----------------------------------------
-----------------------------------------
| manipularl/             |             |
|    align_curriculum     | 0.174       |
|    collision_rate       | 0.24        |
|    grasp_failure_rate   | 0.654       |
|    insert_depth_mean    | 0.0054      |
|    insert_tilt_deg_mean | 0.944       |
|    success_rate         | 0.09        |
| rollout/                |             |
|    ep_len_mean          | 365         |
|    ep_rew_mean          | -14.9       |
| time/                   |             |
|    fps                  | 615         |
|    iterations           | 231         |
|    time_elapsed         | 2306        |
|    total_timesteps      | 1419264     |
| train/                  |             |
|    approx_kl            | 0.017785586 |
|    clip_fraction        | 0.162       |
|    clip_range           | 0.2         |
|    entropy_loss         | -17.6       |
|    explained_variance   | 0.76        |
|    learning_rate        | 0.0003      |
|    loss                 | 4.88        |
|    n_updates            | 9030        |
|    policy_gradient_loss | -0.0252     |
|    std                  | 2.28        |
|    value_loss           | 15.2        |
-----------------------------------------
----------------------------------------
| manipularl/             |            |
|    align_curriculum     | 0.172      |
|    collision_rate       | 0.24       |
|    grasp_failure_rate   | 0.681      |
|    insert_depth_mean    | 0.0054     |
|    insert_tilt_deg_mean | 1.02       |
|    success_rate         | 0.09       |
| rollout/                |            |
|    ep_len_mean          | 365        |
|    ep_rew_mean          | -15.3      |
| time/                   |            |
|    fps                  | 616        |
|    iterations           | 232        |
|    time_elapsed         | 2313       |
|    total_timesteps      | 1425408    |
| train/                  |            |
|    approx_kl            | 0.02742178 |
|    clip_fraction        | 0.179      |
|    clip_range           | 0.2        |
|    entropy_loss         | -17.6      |
|    explained_variance   | 0.952      |
|    learning_rate        | 0.0003     |
|    loss                 | 0.483      |
|    n_updates            | 9040       |
|    policy_gradient_loss | -0.0278    |
|    std                  | 2.28       |
|    value_loss           | 2.47       |
----------------------------------------
-----------------------------------------
| manipularl/             |             |
|    align_curriculum     | 0.171       |
|    collision_rate       | 0.24        |
|    grasp_failure_rate   | 0.676       |
|    insert_depth_mean    | 0.0036      |
|    insert_tilt_deg_mean | 1.21        |
|    success_rate         | 0.06        |
| rollout/                |             |
|    ep_len_mean          | 377         |
|    ep_rew_mean          | -14         |
| time/                   |             |
|    fps                  | 615         |
|    iterations           | 233         |
|    time_elapsed         | 2325        |
|    total_timesteps      | 1431552     |
| train/                  |             |
|    approx_kl            | 0.053663198 |
|    clip_fraction        | 0.319       |
|    clip_range           | 0.2         |
|    entropy_loss         | -17.6       |
|    explained_variance   | 0.923       |
|    learning_rate        | 0.0003      |
|    loss                 | 0.0323      |
|    n_updates            | 9050        |
|    policy_gradient_loss | -0.052      |
|    std                  | 2.28        |
|    value_loss           | 1.2         |
-----------------------------------------
-----------------------------------------
| manipularl/             |             |
|    align_curriculum     | 0.169       |
|    collision_rate       | 0.29        |
|    grasp_failure_rate   | 0.671       |
|    insert_depth_mean    | 0.0006      |
|    insert_tilt_deg_mean | 1.22        |
|    success_rate         | 0.01        |
| rollout/                |             |
|    ep_len_mean          | 396         |
|    ep_rew_mean          | -18.2       |
| time/                   |             |
|    fps                  | 615         |
|    iterations           | 234         |
|    time_elapsed         | 2337        |
|    total_timesteps      | 1437696     |
| train/                  |             |
|    approx_kl            | 0.034260217 |
|    clip_fraction        | 0.275       |
|    clip_range           | 0.2         |
|    entropy_loss         | -17.6       |
|    explained_variance   | 0.73        |
|    learning_rate        | 0.0003      |
|    loss                 | 0.359       |
|    n_updates            | 9060        |
|    policy_gradient_loss | -0.0392     |
|    std                  | 2.29        |
|    value_loss           | 2.25        |
-----------------------------------------
----------------------------------------
| manipularl/             |            |
|    align_curriculum     | 0.167      |
|    collision_rate       | 0.37       |
|    grasp_failure_rate   | 0.679      |
|    insert_depth_mean    | 0          |
|    insert_tilt_deg_mean | 1.29       |
|    success_rate         | 0          |
| rollout/                |            |
|    ep_len_mean          | 400        |
|    ep_rew_mean          | -22.6      |
| time/                   |            |
|    fps                  | 614        |
|    iterations           | 235        |
|    time_elapsed         | 2349       |
|    total_timesteps      | 1443840    |
| train/                  |            |
|    approx_kl            | 0.03835285 |
|    clip_fraction        | 0.254      |
|    clip_range           | 0.2        |
|    entropy_loss         | -17.6      |
|    explained_variance   | 0.871      |
|    learning_rate        | 0.0003     |
|    loss                 | 0.276      |
|    n_updates            | 9070       |
|    policy_gradient_loss | -0.0516    |
|    std                  | 2.29       |
|    value_loss           | 1.98       |
----------------------------------------
-----------------------------------------
| manipularl/             |             |
|    align_curriculum     | 0.165       |
|    collision_rate       | 0.32        |
|    grasp_failure_rate   | 0.704       |
|    insert_depth_mean    | 0           |
|    insert_tilt_deg_mean | 1.47        |
|    success_rate         | 0           |
| rollout/                |             |
|    ep_len_mean          | 400         |
|    ep_rew_mean          | -14.6       |
| time/                   |             |
|    fps                  | 613         |
|    iterations           | 236         |
|    time_elapsed         | 2361        |
|    total_timesteps      | 1449984     |
| train/                  |             |
|    approx_kl            | 0.023162061 |
|    clip_fraction        | 0.171       |
|    clip_range           | 0.2         |
|    entropy_loss         | -17.7       |
|    explained_variance   | 0.83        |
|    learning_rate        | 0.0003      |
|    loss                 | 0.509       |
|    n_updates            | 9080        |
|    policy_gradient_loss | -0.0342     |
|    std                  | 2.29        |
|    value_loss           | 2.93        |
-----------------------------------------
-----------------------------------------
| manipularl/             |             |
|    align_curriculum     | 0.163       |
|    collision_rate       | 0.36        |
|    grasp_failure_rate   | 0.689       |
|    insert_depth_mean    | 0           |
|    insert_tilt_deg_mean | 1.47        |
|    success_rate         | 0           |
| rollout/                |             |
|    ep_len_mean          | 400         |
|    ep_rew_mean          | -17         |
| time/                   |             |
|    fps                  | 614         |
|    iterations           | 237         |
|    time_elapsed         | 2371        |
|    total_timesteps      | 1456128     |
| train/                  |             |
|    approx_kl            | 0.023745416 |
|    clip_fraction        | 0.204       |
|    clip_range           | 0.2         |
|    entropy_loss         | -17.7       |
|    explained_variance   | 0.879       |
|    learning_rate        | 0.0003      |
|    loss                 | 0.263       |
|    n_updates            | 9090        |
|    policy_gradient_loss | -0.0327     |
|    std                  | 2.29        |
|    value_loss           | 2.75        |
-----------------------------------------
-----------------------------------------
| manipularl/             |             |
|    align_curriculum     | 0.161       |
|    collision_rate       | 0.46        |
|    grasp_failure_rate   | 0.688       |
|    insert_depth_mean    | 0           |
|    insert_tilt_deg_mean | 1.39        |
|    success_rate         | 0           |
| rollout/                |             |
|    ep_len_mean          | 400         |
|    ep_rew_mean          | -20.6       |
| time/                   |             |
|    fps                  | 614         |
|    iterations           | 238         |
|    time_elapsed         | 2379        |
|    total_timesteps      | 1462272     |
| train/                  |             |
|    approx_kl            | 0.018733373 |
|    clip_fraction        | 0.189       |
|    clip_range           | 0.2         |
|    entropy_loss         | -17.7       |
|    explained_variance   | 0.773       |
|    learning_rate        | 0.0003      |
|    loss                 | 1.59        |
|    n_updates            | 9100        |
|    policy_gradient_loss | -0.0185     |
|    std                  | 2.29        |
|    value_loss           | 7.52        |
-----------------------------------------
-----------------------------------------
| manipularl/             |             |
|    align_curriculum     | 0.159       |
|    collision_rate       | 0.47        |
|    grasp_failure_rate   | 0.663       |
|    insert_depth_mean    | 0           |
|    insert_tilt_deg_mean | 1.48        |
|    success_rate         | 0           |
| rollout/                |             |
|    ep_len_mean          | 400         |
|    ep_rew_mean          | -21.2       |
| time/                   |             |
|    fps                  | 615         |
|    iterations           | 239         |
|    time_elapsed         | 2387        |
|    total_timesteps      | 1468416     |
| train/                  |             |
|    approx_kl            | 0.033085715 |
|    clip_fraction        | 0.232       |
|    clip_range           | 0.2         |
|    entropy_loss         | -17.7       |
|    explained_variance   | 0.909       |
|    learning_rate        | 0.0003      |
|    loss                 | 0.401       |
|    n_updates            | 9110        |
|    policy_gradient_loss | -0.0391     |
|    std                  | 2.3         |
|    value_loss           | 2.49        |
-----------------------------------------
-----------------------------------------
| manipularl/             |             |
|    align_curriculum     | 0.158       |
|    collision_rate       | 0.5         |
|    grasp_failure_rate   | 0.659       |
|    insert_depth_mean    | 0           |
|    insert_tilt_deg_mean | 1.15        |
|    success_rate         | 0           |
| rollout/                |             |
|    ep_len_mean          | 400         |
|    ep_rew_mean          | -19.8       |
| time/                   |             |
|    fps                  | 615         |
|    iterations           | 240         |
|    time_elapsed         | 2395        |
|    total_timesteps      | 1474560     |
| train/                  |             |
|    approx_kl            | 0.049031418 |
|    clip_fraction        | 0.291       |
|    clip_range           | 0.2         |
|    entropy_loss         | -17.7       |
|    explained_variance   | 0.946       |
|    learning_rate        | 0.0003      |
|    loss                 | -0.0223     |
|    n_updates            | 9120        |
|    policy_gradient_loss | -0.051      |
|    std                  | 2.3         |
|    value_loss           | 0.758       |
-----------------------------------------
-----------------------------------------
| manipularl/             |             |
|    align_curriculum     | 0.156       |
|    collision_rate       | 0.43        |
|    grasp_failure_rate   | 0.663       |
|    insert_depth_mean    | 0           |
|    insert_tilt_deg_mean | 0.979       |
|    success_rate         | 0           |
| rollout/                |             |
|    ep_len_mean          | 400         |
|    ep_rew_mean          | -15         |
| time/                   |             |
|    fps                  | 615         |
|    iterations           | 241         |
|    time_elapsed         | 2403        |
|    total_timesteps      | 1480704     |
| train/                  |             |
|    approx_kl            | 0.037571263 |
|    clip_fraction        | 0.303       |
|    clip_range           | 0.2         |
|    entropy_loss         | -17.7       |
|    explained_variance   | 0.705       |
|    learning_rate        | 0.0003      |
|    loss                 | 0.347       |
|    n_updates            | 9130        |
|    policy_gradient_loss | -0.0437     |
|    std                  | 2.3         |
|    value_loss           | 1.69        |
-----------------------------------------
----------------------------------------
| manipularl/             |            |
|    align_curriculum     | 0.154      |
|    collision_rate       | 0.39       |
|    grasp_failure_rate   | 0.68       |
|    insert_depth_mean    | 0          |
|    insert_tilt_deg_mean | 1.01       |
|    success_rate         | 0          |
| rollout/                |            |
|    ep_len_mean          | 400        |
|    ep_rew_mean          | -15        |
| time/                   |            |
|    fps                  | 616        |
|    iterations           | 242        |
|    time_elapsed         | 2411       |
|    total_timesteps      | 1486848    |
| train/                  |            |
|    approx_kl            | 0.05795181 |
|    clip_fraction        | 0.361      |
|    clip_range           | 0.2        |
|    entropy_loss         | -17.7      |
|    explained_variance   | 0.827      |
|    learning_rate        | 0.0003     |
|    loss                 | 0.113      |
|    n_updates            | 9140       |
|    policy_gradient_loss | -0.0511    |
|    std                  | 2.29       |
|    value_loss           | 0.962      |
----------------------------------------
-----------------------------------------
| manipularl/             |             |
|    align_curriculum     | 0.152       |
|    collision_rate       | 0.42        |
|    grasp_failure_rate   | 0.658       |
|    insert_depth_mean    | 0           |
|    insert_tilt_deg_mean | 3.43        |
|    success_rate         | 0           |
| rollout/                |             |
|    ep_len_mean          | 400         |
|    ep_rew_mean          | -18         |
| time/                   |             |
|    fps                  | 616         |
|    iterations           | 243         |
|    time_elapsed         | 2420        |
|    total_timesteps      | 1492992     |
| train/                  |             |
|    approx_kl            | 0.019508483 |
|    clip_fraction        | 0.262       |
|    clip_range           | 0.2         |
|    entropy_loss         | -17.7       |
|    explained_variance   | 0.872       |
|    learning_rate        | 0.0003      |
|    loss                 | 0.871       |
|    n_updates            | 9150        |
|    policy_gradient_loss | -0.0267     |
|    std                  | 2.3         |
|    value_loss           | 3.86        |
-----------------------------------------
-----------------------------------------
| manipularl/             |             |
|    align_curriculum     | 0.15        |
|    collision_rate       | 0.4         |
|    grasp_failure_rate   | 0.637       |
|    insert_depth_mean    | 0           |
|    insert_tilt_deg_mean | 3.82        |
|    success_rate         | 0           |
| rollout/                |             |
|    ep_len_mean          | 400         |
|    ep_rew_mean          | -9.77       |
| time/                   |             |
|    fps                  | 617         |
|    iterations           | 244         |
|    time_elapsed         | 2428        |
|    total_timesteps      | 1499136     |
| train/                  |             |
|    approx_kl            | 0.015990613 |
|    clip_fraction        | 0.117       |
|    clip_range           | 0.2         |
|    entropy_loss         | -17.7       |
|    explained_variance   | 0.868       |
|    learning_rate        | 0.0003      |
|    loss                 | 1.63        |
|    n_updates            | 9160        |
|    policy_gradient_loss | -0.0289     |
|    std                  | 2.3         |
|    value_loss           | 6.69        |
-----------------------------------------
Eval num_timesteps=1499976, episode_reward=-39.35 +/- 90.18
Episode length: 400.00 +/- 0.00
-----------------------------------------
| eval/                   |             |
|    mean_ep_length       | 400         |
|    mean_reward          | -39.4       |
| manipularl/             |             |
|    align_curriculum     | 0.15        |
|    collision_rate       | 0.4         |
|    grasp_failure_rate   | 0.637       |
|    insert_depth_mean    | 0           |
|    insert_tilt_deg_mean | 3.82        |
|    success_rate         | 0           |
| time/                   |             |
|    total_timesteps      | 1499976     |
| train/                  |             |
|    approx_kl            | 0.025888221 |
|    clip_fraction        | 0.164       |
|    clip_range           | 0.2         |
|    entropy_loss         | -17.7       |
|    explained_variance   | 0.83        |
|    learning_rate        | 0.0003      |
|    loss                 | 1.2         |
|    n_updates            | 9170        |
|    policy_gradient_loss | -0.0318     |
|    std                  | 2.3         |
|    value_loss           | 5.8         |
-----------------------------------------
--------------------------------------
| manipularl/             |          |
|    align_curriculum     | 0.148    |
|    collision_rate       | 0.41     |
|    grasp_failure_rate   | 0.648    |
|    insert_depth_mean    | 0        |
|    insert_tilt_deg_mean | 3.72     |
|    success_rate         | 0        |
| rollout/                |          |
|    ep_len_mean          | 400      |
|    ep_rew_mean          | -8.58    |
| time/                   |          |
|    fps                  | 610      |
|    iterations           | 245      |
|    time_elapsed         | 2464     |
|    total_timesteps      | 1505280  |
--------------------------------------
-----------------------------------------
| manipularl/             |             |
|    align_curriculum     | 0.147       |
|    collision_rate       | 0.44        |
|    grasp_failure_rate   | 0.662       |
|    insert_depth_mean    | 0           |
|    insert_tilt_deg_mean | 3.48        |
|    success_rate         | 0           |
| rollout/                |             |
|    ep_len_mean          | 400         |
|    ep_rew_mean          | -9.46       |
| time/                   |             |
|    fps                  | 610         |
|    iterations           | 246         |
|    time_elapsed         | 2475        |
|    total_timesteps      | 1511424     |
| train/                  |             |
|    approx_kl            | 0.042254437 |
|    clip_fraction        | 0.292       |
|    clip_range           | 0.2         |
|    entropy_loss         | -17.7       |
|    explained_variance   | 0.645       |
|    learning_rate        | 0.0003      |
|    loss                 | 0.354       |
|    n_updates            | 9180        |
|    policy_gradient_loss | -0.0456     |
|    std                  | 2.31        |
|    value_loss           | 2.1         |
-----------------------------------------
----------------------------------------
| manipularl/             |            |
|    align_curriculum     | 0.145      |
|    collision_rate       | 0.45       |
|    grasp_failure_rate   | 0.655      |
|    insert_depth_mean    | 0          |
|    insert_tilt_deg_mean | 4.18       |
|    success_rate         | 0          |
| rollout/                |            |
|    ep_len_mean          | 400        |
|    ep_rew_mean          | -11.1      |
| time/                   |            |
|    fps                  | 609        |
|    iterations           | 247        |
|    time_elapsed         | 2489       |
|    total_timesteps      | 1517568    |
| train/                  |            |
|    approx_kl            | 0.02840265 |
|    clip_fraction        | 0.194      |
|    clip_range           | 0.2        |
|    entropy_loss         | -17.7      |
|    explained_variance   | 0.863      |
|    learning_rate        | 0.0003     |
|    loss                 | 0.187      |
|    n_updates            | 9190       |
|    policy_gradient_loss | -0.0384    |
|    std                  | 2.31       |
|    value_loss           | 1.96       |
----------------------------------------
----------------------------------------
| manipularl/             |            |
|    align_curriculum     | 0.143      |
|    collision_rate       | 0.53       |
|    grasp_failure_rate   | 0.643      |
|    insert_depth_mean    | 0          |
|    insert_tilt_deg_mean | 4.21       |
|    success_rate         | 0          |
| rollout/                |            |
|    ep_len_mean          | 400        |
|    ep_rew_mean          | -16.6      |
| time/                   |            |
|    fps                  | 608        |
|    iterations           | 248        |
|    time_elapsed         | 2502       |
|    total_timesteps      | 1523712    |
| train/                  |            |
|    approx_kl            | 0.03046497 |
|    clip_fraction        | 0.205      |
|    clip_range           | 0.2        |
|    entropy_loss         | -17.7      |
|    explained_variance   | 0.857      |
|    learning_rate        | 0.0003     |
|    loss                 | 0.191      |
|    n_updates            | 9200       |
|    policy_gradient_loss | -0.042     |
|    std                  | 2.31       |
|    value_loss           | 1.66       |
----------------------------------------
----------------------------------------
| manipularl/             |            |
|    align_curriculum     | 0.141      |
|    collision_rate       | 0.58       |
|    grasp_failure_rate   | 0.616      |
|    insert_depth_mean    | 0          |
|    insert_tilt_deg_mean | 3.85       |
|    success_rate         | 0          |
| rollout/                |            |
|    ep_len_mean          | 400        |
|    ep_rew_mean          | -16.4      |
| time/                   |            |
|    fps                  | 609        |
|    iterations           | 249        |
|    time_elapsed         | 2511       |
|    total_timesteps      | 1529856    |
| train/                  |            |
|    approx_kl            | 0.01686825 |
|    clip_fraction        | 0.136      |
|    clip_range           | 0.2        |
|    entropy_loss         | -17.7      |
|    explained_variance   | 0.67       |
|    learning_rate        | 0.0003     |
|    loss                 | 0.924      |
|    n_updates            | 9210       |
|    policy_gradient_loss | -0.0292    |
|    std                  | 2.31       |
|    value_loss           | 7.12       |
----------------------------------------
-----------------------------------------
| manipularl/             |             |
|    align_curriculum     | 0.139       |
|    collision_rate       | 0.57        |
|    grasp_failure_rate   | 0.611       |
|    insert_depth_mean    | 0           |
|    insert_tilt_deg_mean | 1.76        |
|    success_rate         | 0           |
| rollout/                |             |
|    ep_len_mean          | 400         |
|    ep_rew_mean          | -10.3       |
| time/                   |             |
|    fps                  | 609         |
|    iterations           | 250         |
|    time_elapsed         | 2519        |
|    total_timesteps      | 1536000     |
| train/                  |             |
|    approx_kl            | 0.026435338 |
|    clip_fraction        | 0.177       |
|    clip_range           | 0.2         |
|    entropy_loss         | -17.7       |
|    explained_variance   | 0.816       |
|    learning_rate        | 0.0003      |
|    loss                 | 0.326       |
|    n_updates            | 9220        |
|    policy_gradient_loss | -0.0355     |
|    std                  | 2.32        |
|    value_loss           | 2.07        |
-----------------------------------------
-----------------------------------------
| manipularl/             |             |
|    align_curriculum     | 0.137       |
|    collision_rate       | 0.54        |
|    grasp_failure_rate   | 0.568       |
|    insert_depth_mean    | 0           |
|    insert_tilt_deg_mean | 1.43        |
|    success_rate         | 0           |
| rollout/                |             |
|    ep_len_mean          | 400         |
|    ep_rew_mean          | -12.1       |
| time/                   |             |
|    fps                  | 609         |
|    iterations           | 251         |
|    time_elapsed         | 2528        |
|    total_timesteps      | 1542144     |
| train/                  |             |
|    approx_kl            | 0.029159471 |
|    clip_fraction        | 0.215       |
|    clip_range           | 0.2         |
|    entropy_loss         | -17.7       |
|    explained_variance   | 0.795       |
|    learning_rate        | 0.0003      |
|    loss                 | 0.525       |
|    n_updates            | 9230        |
|    policy_gradient_loss | -0.0405     |
|    std                  | 2.32        |
|    value_loss           | 2.78        |
-----------------------------------------
-----------------------------------------
| manipularl/             |             |
|    align_curriculum     | 0.136       |
|    collision_rate       | 0.56        |
|    grasp_failure_rate   | 0.586       |
|    insert_depth_mean    | 0           |
|    insert_tilt_deg_mean | 1.6         |
|    success_rate         | 0           |
| rollout/                |             |
|    ep_len_mean          | 400         |
|    ep_rew_mean          | -12.8       |
| time/                   |             |
|    fps                  | 610         |
|    iterations           | 252         |
|    time_elapsed         | 2537        |
|    total_timesteps      | 1548288     |
| train/                  |             |
|    approx_kl            | 0.021024315 |
|    clip_fraction        | 0.209       |
|    clip_range           | 0.2         |
|    entropy_loss         | -17.8       |
|    explained_variance   | 0.898       |
|    learning_rate        | 0.0003      |
|    loss                 | 1.25        |
|    n_updates            | 9240        |
|    policy_gradient_loss | -0.0254     |
|    std                  | 2.33        |
|    value_loss           | 4.37        |
-----------------------------------------
-----------------------------------------
| manipularl/             |             |
|    align_curriculum     | 0.134       |
|    collision_rate       | 0.61        |
|    grasp_failure_rate   | 0.605       |
|    insert_depth_mean    | 0           |
|    insert_tilt_deg_mean | 1.72        |
|    success_rate         | 0           |
| rollout/                |             |
|    ep_len_mean          | 400         |
|    ep_rew_mean          | -17.2       |
| time/                   |             |
|    fps                  | 610         |
|    iterations           | 253         |
|    time_elapsed         | 2545        |
|    total_timesteps      | 1554432     |
| train/                  |             |
|    approx_kl            | 0.017304106 |
|    clip_fraction        | 0.165       |
|    clip_range           | 0.2         |
|    entropy_loss         | -17.8       |
|    explained_variance   | 0.759       |
|    learning_rate        | 0.0003      |
|    loss                 | 0.94        |
|    n_updates            | 9250        |
|    policy_gradient_loss | -0.0248     |
|    std                  | 2.33        |
|    value_loss           | 4.11        |
-----------------------------------------
-----------------------------------------
| manipularl/             |             |
|    align_curriculum     | 0.132       |
|    collision_rate       | 0.58        |
|    grasp_failure_rate   | 0.666       |
|    insert_depth_mean    | 0           |
|    insert_tilt_deg_mean | 1.1         |
|    success_rate         | 0           |
| rollout/                |             |
|    ep_len_mean          | 400         |
|    ep_rew_mean          | -48.5       |
| time/                   |             |
|    fps                  | 611         |
|    iterations           | 254         |
|    time_elapsed         | 2553        |
|    total_timesteps      | 1560576     |
| train/                  |             |
|    approx_kl            | 0.010901754 |
|    clip_fraction        | 0.116       |
|    clip_range           | 0.2         |
|    entropy_loss         | -17.8       |
|    explained_variance   | 0.785       |
|    learning_rate        | 0.0003      |
|    loss                 | 1.28        |
|    n_updates            | 9260        |
|    policy_gradient_loss | -0.0126     |
|    std                  | 2.33        |
|    value_loss           | 11.5        |
-----------------------------------------
-----------------------------------------
| manipularl/             |             |
|    align_curriculum     | 0.13        |
|    collision_rate       | 0.62        |
|    grasp_failure_rate   | 0.678       |
|    insert_depth_mean    | 0           |
|    insert_tilt_deg_mean | 1.05        |
|    success_rate         | 0           |
| rollout/                |             |
|    ep_len_mean          | 400         |
|    ep_rew_mean          | -47.9       |
| time/                   |             |
|    fps                  | 611         |
|    iterations           | 255         |
|    time_elapsed         | 2562        |
|    total_timesteps      | 1566720     |
| train/                  |             |
|    approx_kl            | 0.011976848 |
|    clip_fraction        | 0.13        |
|    clip_range           | 0.2         |
|    entropy_loss         | -17.8       |
|    explained_variance   | 0.922       |
|    learning_rate        | 0.0003      |
|    loss                 | 3.16        |
|    n_updates            | 9270        |
|    policy_gradient_loss | -0.0138     |
|    std                  | 2.34        |
|    value_loss           | 16.6        |
-----------------------------------------
-----------------------------------------
| manipularl/             |             |
|    align_curriculum     | 0.128       |
|    collision_rate       | 0.59        |
|    grasp_failure_rate   | 0.716       |
|    insert_depth_mean    | 0           |
|    insert_tilt_deg_mean | 1.19        |
|    success_rate         | 0           |
| rollout/                |             |
|    ep_len_mean          | 400         |
|    ep_rew_mean          | -50.4       |
| time/                   |             |
|    fps                  | 611         |
|    iterations           | 256         |
|    time_elapsed         | 2571        |
|    total_timesteps      | 1572864     |
| train/                  |             |
|    approx_kl            | 0.027283892 |
|    clip_fraction        | 0.164       |
|    clip_range           | 0.2         |
|    entropy_loss         | -17.8       |
|    explained_variance   | 0.926       |
|    learning_rate        | 0.0003      |
|    loss                 | 0.539       |
|    n_updates            | 9280        |
|    policy_gradient_loss | -0.0392     |
|    std                  | 2.34        |
|    value_loss           | 4.11        |
-----------------------------------------
-----------------------------------------
| manipularl/             |             |
|    align_curriculum     | 0.126       |
|    collision_rate       | 0.59        |
|    grasp_failure_rate   | 0.763       |
|    insert_depth_mean    | 0           |
|    insert_tilt_deg_mean | 1.16        |
|    success_rate         | 0           |
| rollout/                |             |
|    ep_len_mean          | 400         |
|    ep_rew_mean          | -55.3       |
| time/                   |             |
|    fps                  | 612         |
|    iterations           | 257         |
|    time_elapsed         | 2578        |
|    total_timesteps      | 1579008     |
| train/                  |             |
|    approx_kl            | 0.018692298 |
|    clip_fraction        | 0.145       |
|    clip_range           | 0.2         |
|    entropy_loss         | -17.8       |
|    explained_variance   | 0.872       |
|    learning_rate        | 0.0003      |
|    loss                 | 0.838       |
|    n_updates            | 9290        |
|    policy_gradient_loss | -0.0284     |
|    std                  | 2.34        |
|    value_loss           | 5.1         |
-----------------------------------------
-----------------------------------------
| manipularl/             |             |
|    align_curriculum     | 0.124       |
|    collision_rate       | 0.61        |
|    grasp_failure_rate   | 0.75        |
|    insert_depth_mean    | 0           |
|    insert_tilt_deg_mean | 1.34        |
|    success_rate         | 0           |
| rollout/                |             |
|    ep_len_mean          | 400         |
|    ep_rew_mean          | -56.9       |
| time/                   |             |
|    fps                  | 612         |
|    iterations           | 258         |
|    time_elapsed         | 2587        |
|    total_timesteps      | 1585152     |
| train/                  |             |
|    approx_kl            | 0.021544797 |
|    clip_fraction        | 0.149       |
|    clip_range           | 0.2         |
|    entropy_loss         | -17.8       |
|    explained_variance   | 0.905       |
|    learning_rate        | 0.0003      |
|    loss                 | 0.954       |
|    n_updates            | 9300        |
|    policy_gradient_loss | -0.0339     |
|    std                  | 2.34        |
|    value_loss           | 5.1         |
-----------------------------------------
-----------------------------------------
| manipularl/             |             |
|    align_curriculum     | 0.123       |
|    collision_rate       | 0.61        |
|    grasp_failure_rate   | 0.733       |
|    insert_depth_mean    | 0           |
|    insert_tilt_deg_mean | 1.35        |
|    success_rate         | 0           |
| rollout/                |             |
|    ep_len_mean          | 400         |
|    ep_rew_mean          | -55         |
| time/                   |             |
|    fps                  | 613         |
|    iterations           | 259         |
|    time_elapsed         | 2594        |
|    total_timesteps      | 1591296     |
| train/                  |             |
|    approx_kl            | 0.024013327 |
|    clip_fraction        | 0.181       |
|    clip_range           | 0.2         |
|    entropy_loss         | -17.8       |
|    explained_variance   | 0.879       |
|    learning_rate        | 0.0003      |
|    loss                 | 1.21        |
|    n_updates            | 9310        |
|    policy_gradient_loss | -0.0363     |
|    std                  | 2.34        |
|    value_loss           | 6.44        |
-----------------------------------------
-----------------------------------------
| manipularl/             |             |
|    align_curriculum     | 0.121       |
|    collision_rate       | 0.57        |
|    grasp_failure_rate   | 0.717       |
|    insert_depth_mean    | 0           |
|    insert_tilt_deg_mean | 1.01        |
|    success_rate         | 0           |
| rollout/                |             |
|    ep_len_mean          | 400         |
|    ep_rew_mean          | -54         |
| time/                   |             |
|    fps                  | 613         |
|    iterations           | 260         |
|    time_elapsed         | 2602        |
|    total_timesteps      | 1597440     |
| train/                  |             |
|    approx_kl            | 0.027469983 |
|    clip_fraction        | 0.165       |
|    clip_range           | 0.2         |
|    entropy_loss         | -17.8       |
|    explained_variance   | 0.807       |
|    learning_rate        | 0.0003      |
|    loss                 | 0.605       |
|    n_updates            | 9320        |
|    policy_gradient_loss | -0.0335     |
|    std                  | 2.35        |
|    value_loss           | 3.15        |
-----------------------------------------
----------------------------------------
| manipularl/             |            |
|    align_curriculum     | 0.119      |
|    collision_rate       | 0.41       |
|    grasp_failure_rate   | 0.697      |
|    insert_depth_mean    | 0          |
|    insert_tilt_deg_mean | 1.07       |
|    success_rate         | 0          |
| rollout/                |            |
|    ep_len_mean          | 400        |
|    ep_rew_mean          | -19        |
| time/                   |            |
|    fps                  | 614        |
|    iterations           | 261        |
|    time_elapsed         | 2611       |
|    total_timesteps      | 1603584    |
| train/                  |            |
|    approx_kl            | 0.03156246 |
|    clip_fraction        | 0.239      |
|    clip_range           | 0.2        |
|    entropy_loss         | -17.8      |
|    explained_variance   | 0.757      |
|    learning_rate        | 0.0003     |
|    loss                 | 0.319      |
|    n_updates            | 9330       |
|    policy_gradient_loss | -0.0451    |
|    std                  | 2.35       |
|    value_loss           | 1.87       |
----------------------------------------
-----------------------------------------
| manipularl/             |             |
|    align_curriculum     | 0.117       |
|    collision_rate       | 0.44        |
|    grasp_failure_rate   | 0.704       |
|    insert_depth_mean    | 0           |
|    insert_tilt_deg_mean | 0.9         |
|    success_rate         | 0           |
| rollout/                |             |
|    ep_len_mean          | 400         |
|    ep_rew_mean          | -24.5       |
| time/                   |             |
|    fps                  | 614         |
|    iterations           | 262         |
|    time_elapsed         | 2620        |
|    total_timesteps      | 1609728     |
| train/                  |             |
|    approx_kl            | 0.020469688 |
|    clip_fraction        | 0.164       |
|    clip_range           | 0.2         |
|    entropy_loss         | -17.8       |
|    explained_variance   | 0.763       |
|    learning_rate        | 0.0003      |
|    loss                 | 0.523       |
|    n_updates            | 9340        |
|    policy_gradient_loss | -0.0298     |
|    std                  | 2.35        |
|    value_loss           | 4.08        |
-----------------------------------------
-----------------------------------------
| manipularl/             |             |
|    align_curriculum     | 0.115       |
|    collision_rate       | 0.44        |
|    grasp_failure_rate   | 0.667       |
|    insert_depth_mean    | 0           |
|    insert_tilt_deg_mean | 0.899       |
|    success_rate         | 0           |
| rollout/                |             |
|    ep_len_mean          | 400         |
|    ep_rew_mean          | -15.9       |
| time/                   |             |
|    fps                  | 614         |
|    iterations           | 263         |
|    time_elapsed         | 2629        |
|    total_timesteps      | 1615872     |
| train/                  |             |
|    approx_kl            | 0.016146028 |
|    clip_fraction        | 0.128       |
|    clip_range           | 0.2         |
|    entropy_loss         | -17.8       |
|    explained_variance   | 0.846       |
|    learning_rate        | 0.0003      |
|    loss                 | 3.32        |
|    n_updates            | 9350        |
|    policy_gradient_loss | -0.0307     |
|    std                  | 2.35        |
|    value_loss           | 8.74        |
-----------------------------------------
----------------------------------------
| manipularl/             |            |
|    align_curriculum     | 0.113      |
|    collision_rate       | 0.39       |
|    grasp_failure_rate   | 0.654      |
|    insert_depth_mean    | 0          |
|    insert_tilt_deg_mean | 0.701      |
|    success_rate         | 0          |
| rollout/                |            |
|    ep_len_mean          | 400        |
|    ep_rew_mean          | -11.7      |
| time/                   |            |
|    fps                  | 614        |
|    iterations           | 264        |
|    time_elapsed         | 2637       |
|    total_timesteps      | 1622016    |
| train/                  |            |
|    approx_kl            | 0.05022974 |
|    clip_fraction        | 0.275      |
|    clip_range           | 0.2        |
|    entropy_loss         | -17.8      |
|    explained_variance   | 0.915      |
|    learning_rate        | 0.0003     |
|    loss                 | 0.195      |
|    n_updates            | 9360       |
|    policy_gradient_loss | -0.0476    |
|    std                  | 2.36       |
|    value_loss           | 1.21       |
----------------------------------------
-----------------------------------------
| manipularl/             |             |
|    align_curriculum     | 0.112       |
|    collision_rate       | 0.33        |
|    grasp_failure_rate   | 0.688       |
|    insert_depth_mean    | 0           |
|    insert_tilt_deg_mean | 0.548       |
|    success_rate         | 0           |
| rollout/                |             |
|    ep_len_mean          | 400         |
|    ep_rew_mean          | -35.4       |
| time/                   |             |
|    fps                  | 614         |
|    iterations           | 265         |
|    time_elapsed         | 2651        |
|    total_timesteps      | 1628160     |
| train/                  |             |
|    approx_kl            | 0.018133067 |
|    clip_fraction        | 0.246       |
|    clip_range           | 0.2         |
|    entropy_loss         | -17.9       |
|    explained_variance   | 0.51        |
|    learning_rate        | 0.0003      |
|    loss                 | 1.1         |
|    n_updates            | 9370        |
|    policy_gradient_loss | -0.0108     |
|    std                  | 2.36        |
|    value_loss           | 7.24        |
-----------------------------------------
-----------------------------------------
| manipularl/             |             |
|    align_curriculum     | 0.11        |
|    collision_rate       | 0.34        |
|    grasp_failure_rate   | 0.694       |
|    insert_depth_mean    | 0           |
|    insert_tilt_deg_mean | 0.642       |
|    success_rate         | 0           |
| rollout/                |             |
|    ep_len_mean          | 400         |
|    ep_rew_mean          | -41.5       |
| time/                   |             |
|    fps                  | 613         |
|    iterations           | 266         |
|    time_elapsed         | 2663        |
|    total_timesteps      | 1634304     |
| train/                  |             |
|    approx_kl            | 0.028741121 |
|    clip_fraction        | 0.361       |
|    clip_range           | 0.2         |
|    entropy_loss         | -17.9       |
|    explained_variance   | 0.747       |
|    learning_rate        | 0.0003      |
|    loss                 | 3.97        |
|    n_updates            | 9380        |
|    policy_gradient_loss | 0.0379      |
|    std                  | 2.36        |
|    value_loss           | 19.1        |
-----------------------------------------
-----------------------------------------
| manipularl/             |             |
|    align_curriculum     | 0.108       |
|    collision_rate       | 0.35        |
|    grasp_failure_rate   | 0.724       |
|    insert_depth_mean    | 0           |
|    insert_tilt_deg_mean | 0.835       |
|    success_rate         | 0           |
| rollout/                |             |
|    ep_len_mean          | 400         |
|    ep_rew_mean          | -40.5       |
| time/                   |             |
|    fps                  | 613         |
|    iterations           | 267         |
|    time_elapsed         | 2674        |
|    total_timesteps      | 1640448     |
| train/                  |             |
|    approx_kl            | 0.019075876 |
|    clip_fraction        | 0.146       |
|    clip_range           | 0.2         |
|    entropy_loss         | -17.9       |
|    explained_variance   | 0.836       |
|    learning_rate        | 0.0003      |
|    loss                 | 0.756       |
|    n_updates            | 9390        |
|    policy_gradient_loss | -0.0232     |
|    std                  | 2.37        |
|    value_loss           | 6.63        |
-----------------------------------------
-----------------------------------------
| manipularl/             |             |
|    align_curriculum     | 0.106       |
|    collision_rate       | 0.42        |
|    grasp_failure_rate   | 0.736       |
|    insert_depth_mean    | 0.0012      |
|    insert_tilt_deg_mean | 0.751       |
|    success_rate         | 0.02        |
| rollout/                |             |
|    ep_len_mean          | 392         |
|    ep_rew_mean          | -34         |
| time/                   |             |
|    fps                  | 613         |
|    iterations           | 268         |
|    time_elapsed         | 2685        |
|    total_timesteps      | 1646592     |
| train/                  |             |
|    approx_kl            | 0.034131568 |
|    clip_fraction        | 0.216       |
|    clip_range           | 0.2         |
|    entropy_loss         | -17.9       |
|    explained_variance   | 0.847       |
|    learning_rate        | 0.0003      |
|    loss                 | 0.514       |
|    n_updates            | 9400        |
|    policy_gradient_loss | -0.0395     |
|    std                  | 2.37        |
|    value_loss           | 2.14        |
-----------------------------------------
-----------------------------------------
| manipularl/             |             |
|    align_curriculum     | 0.104       |
|    collision_rate       | 0.43        |
|    grasp_failure_rate   | 0.742       |
|    insert_depth_mean    | 0.0036      |
|    insert_tilt_deg_mean | 1.24        |
|    success_rate         | 0.06        |
| rollout/                |             |
|    ep_len_mean          | 377         |
|    ep_rew_mean          | -45.8       |
| time/                   |             |
|    fps                  | 613         |
|    iterations           | 269         |
|    time_elapsed         | 2696        |
|    total_timesteps      | 1652736     |
| train/                  |             |
|    approx_kl            | 0.016405892 |
|    clip_fraction        | 0.127       |
|    clip_range           | 0.2         |
|    entropy_loss         | -17.9       |
|    explained_variance   | 0.773       |
|    learning_rate        | 0.0003      |
|    loss                 | 1.86        |
|    n_updates            | 9410        |
|    policy_gradient_loss | -0.025      |
|    std                  | 2.38        |
|    value_loss           | 6.81        |
-----------------------------------------
-----------------------------------------
| manipularl/             |             |
|    align_curriculum     | 0.102       |
|    collision_rate       | 0.5         |
|    grasp_failure_rate   | 0.77        |
|    insert_depth_mean    | 0.0036      |
|    insert_tilt_deg_mean | 1.31        |
|    success_rate         | 0.06        |
| rollout/                |             |
|    ep_len_mean          | 377         |
|    ep_rew_mean          | -58.9       |
| time/                   |             |
|    fps                  | 612         |
|    iterations           | 270         |
|    time_elapsed         | 2707        |
|    total_timesteps      | 1658880     |
| train/                  |             |
|    approx_kl            | 0.012685236 |
|    clip_fraction        | 0.126       |
|    clip_range           | 0.2         |
|    entropy_loss         | -17.9       |
|    explained_variance   | 0.855       |
|    learning_rate        | 0.0003      |
|    loss                 | 2.49        |
|    n_updates            | 9420        |
|    policy_gradient_loss | -0.0213     |
|    std                  | 2.38        |
|    value_loss           | 16.9        |
-----------------------------------------
-----------------------------------------
| manipularl/             |             |
|    align_curriculum     | 0.1         |
|    collision_rate       | 0.5         |
|    grasp_failure_rate   | 0.78        |
|    insert_depth_mean    | 0.0036      |
|    insert_tilt_deg_mean | 1.09        |
|    success_rate         | 0.06        |
| rollout/                |             |
|    ep_len_mean          | 377         |
|    ep_rew_mean          | -55.9       |
| time/                   |             |
|    fps                  | 612         |
|    iterations           | 271         |
|    time_elapsed         | 2717        |
|    total_timesteps      | 1665024     |
| train/                  |             |
|    approx_kl            | 0.014495338 |
|    clip_fraction        | 0.0965      |
|    clip_range           | 0.2         |
|    entropy_loss         | -17.9       |
|    explained_variance   | 0.936       |
|    learning_rate        | 0.0003      |
|    loss                 | 3.65        |
|    n_updates            | 9430        |
|    policy_gradient_loss | -0.0257     |
|    std                  | 2.38        |
|    value_loss           | 12.1        |
-----------------------------------------
-----------------------------------------
| manipularl/             |             |
|    align_curriculum     | 0.0986      |
|    collision_rate       | 0.47        |
|    grasp_failure_rate   | 0.826       |
|    insert_depth_mean    | 0.0036      |
|    insert_tilt_deg_mean | 0.775       |
|    success_rate         | 0.06        |
| rollout/                |             |
|    ep_len_mean          | 377         |
|    ep_rew_mean          | -42.2       |
| time/                   |             |
|    fps                  | 613         |
|    iterations           | 272         |
|    time_elapsed         | 2725        |
|    total_timesteps      | 1671168     |
| train/                  |             |
|    approx_kl            | 0.014535103 |
|    clip_fraction        | 0.113       |
|    clip_range           | 0.2         |
|    entropy_loss         | -17.9       |
|    explained_variance   | 0.918       |
|    learning_rate        | 0.0003      |
|    loss                 | 5.02        |
|    n_updates            | 9440        |
|    policy_gradient_loss | -0.0255     |
|    std                  | 2.38        |
|    value_loss           | 11.6        |
-----------------------------------------
-----------------------------------------
| manipularl/             |             |
|    align_curriculum     | 0.0968      |
|    collision_rate       | 0.49        |
|    grasp_failure_rate   | 0.834       |
|    insert_depth_mean    | 0.0036      |
|    insert_tilt_deg_mean | 0.804       |
|    success_rate         | 0.06        |
| rollout/                |             |
|    ep_len_mean          | 377         |
|    ep_rew_mean          | -49.7       |
| time/                   |             |
|    fps                  | 613         |
|    iterations           | 273         |
|    time_elapsed         | 2734        |
|    total_timesteps      | 1677312     |
| train/                  |             |
|    approx_kl            | 0.022397565 |
|    clip_fraction        | 0.168       |
|    clip_range           | 0.2         |
|    entropy_loss         | -18         |
|    explained_variance   | 0.908       |
|    learning_rate        | 0.0003      |
|    loss                 | 1.38        |
|    n_updates            | 9450        |
|    policy_gradient_loss | -0.032      |
|    std                  | 2.39        |
|    value_loss           | 5.66        |
-----------------------------------------
-----------------------------------------
| manipularl/             |             |
|    align_curriculum     | 0.095       |
|    collision_rate       | 0.5         |
|    grasp_failure_rate   | 0.842       |
|    insert_depth_mean    | 0.0024      |
|    insert_tilt_deg_mean | 0.99        |
|    success_rate         | 0.04        |
| rollout/                |             |
|    ep_len_mean          | 384         |
|    ep_rew_mean          | -50.7       |
| time/                   |             |
|    fps                  | 613         |
|    iterations           | 274         |
|    time_elapsed         | 2742        |
|    total_timesteps      | 1683456     |
| train/                  |             |
|    approx_kl            | 0.017520813 |
|    clip_fraction        | 0.138       |
|    clip_range           | 0.2         |
|    entropy_loss         | -18         |
|    explained_variance   | 0.927       |
|    learning_rate        | 0.0003      |
|    loss                 | 1.54        |
|    n_updates            | 9460        |
|    policy_gradient_loss | -0.0297     |
|    std                  | 2.39        |
|    value_loss           | 6.37        |
-----------------------------------------
-----------------------------------------
| manipularl/             |             |
|    align_curriculum     | 0.0931      |
|    collision_rate       | 0.49        |
|    grasp_failure_rate   | 0.854       |
|    insert_depth_mean    | 0.0012      |
|    insert_tilt_deg_mean | 0.988       |
|    success_rate         | 0.02        |
| rollout/                |             |
|    ep_len_mean          | 392         |
|    ep_rew_mean          | -54.9       |
| time/                   |             |
|    fps                  | 614         |
|    iterations           | 275         |
|    time_elapsed         | 2750        |
|    total_timesteps      | 1689600     |
| train/                  |             |
|    approx_kl            | 0.027439823 |
|    clip_fraction        | 0.183       |
|    clip_range           | 0.2         |
|    entropy_loss         | -18         |
|    explained_variance   | 0.919       |
|    learning_rate        | 0.0003      |
|    loss                 | 1.27        |
|    n_updates            | 9470        |
|    policy_gradient_loss | -0.0377     |
|    std                  | 2.4         |
|    value_loss           | 4.72        |
-----------------------------------------
-----------------------------------------
| manipularl/             |             |
|    align_curriculum     | 0.0913      |
|    collision_rate       | 0.37        |
|    grasp_failure_rate   | 0.799       |
|    insert_depth_mean    | 0           |
|    insert_tilt_deg_mean | 0.846       |
|    success_rate         | 0           |
| rollout/                |             |
|    ep_len_mean          | 400         |
|    ep_rew_mean          | -31.8       |
| time/                   |             |
|    fps                  | 614         |
|    iterations           | 276         |
|    time_elapsed         | 2759        |
|    total_timesteps      | 1695744     |
| train/                  |             |
|    approx_kl            | 0.029353252 |
|    clip_fraction        | 0.193       |
|    clip_range           | 0.2         |
|    entropy_loss         | -18         |
|    explained_variance   | 0.934       |
|    learning_rate        | 0.0003      |
|    loss                 | 0.161       |
|    n_updates            | 9480        |
|    policy_gradient_loss | -0.0335     |
|    std                  | 2.4         |
|    value_loss           | 2           |
-----------------------------------------
-----------------------------------------
| manipularl/             |             |
|    align_curriculum     | 0.0894      |
|    collision_rate       | 0.38        |
|    grasp_failure_rate   | 0.78        |
|    insert_depth_mean    | 0           |
|    insert_tilt_deg_mean | 0.931       |
|    success_rate         | 0           |
| rollout/                |             |
|    ep_len_mean          | 400         |
|    ep_rew_mean          | -25.9       |
| time/                   |             |
|    fps                  | 615         |
|    iterations           | 277         |
|    time_elapsed         | 2766        |
|    total_timesteps      | 1701888     |
| train/                  |             |
|    approx_kl            | 0.027897723 |
|    clip_fraction        | 0.202       |
|    clip_range           | 0.2         |
|    entropy_loss         | -18         |
|    explained_variance   | 0.869       |
|    learning_rate        | 0.0003      |
|    loss                 | 0.569       |
|    n_updates            | 9490        |
|    policy_gradient_loss | -0.0385     |
|    std                  | 2.41        |
|    value_loss           | 2.78        |
-----------------------------------------
-----------------------------------------
| manipularl/             |             |
|    align_curriculum     | 0.0876      |
|    collision_rate       | 0.4         |
|    grasp_failure_rate   | 0.775       |
|    insert_depth_mean    | 0           |
|    insert_tilt_deg_mean | 0.931       |
|    success_rate         | 0           |
| rollout/                |             |
|    ep_len_mean          | 400         |
|    ep_rew_mean          | -18.1       |
| time/                   |             |
|    fps                  | 615         |
|    iterations           | 278         |
|    time_elapsed         | 2774        |
|    total_timesteps      | 1708032     |
| train/                  |             |
|    approx_kl            | 0.028858274 |
|    clip_fraction        | 0.241       |
|    clip_range           | 0.2         |
|    entropy_loss         | -18         |
|    explained_variance   | 0.932       |
|    learning_rate        | 0.0003      |
|    loss                 | 1           |
|    n_updates            | 9500        |
|    policy_gradient_loss | -0.0404     |
|    std                  | 2.41        |
|    value_loss           | 3.42        |
-----------------------------------------
---------------------------------------
| manipularl/             |           |
|    align_curriculum     | 0.0857    |
|    collision_rate       | 0.48      |
|    grasp_failure_rate   | 0.761     |
|    insert_depth_mean    | 0         |
|    insert_tilt_deg_mean | 1.35      |
|    success_rate         | 0         |
| rollout/                |           |
|    ep_len_mean          | 400       |
|    ep_rew_mean          | -17.2     |
| time/                   |           |
|    fps                  | 615       |
|    iterations           | 279       |
|    time_elapsed         | 2782      |
|    total_timesteps      | 1714176   |
| train/                  |           |
|    approx_kl            | 0.0369466 |
|    clip_fraction        | 0.255     |
|    clip_range           | 0.2       |
|    entropy_loss         | -18       |
|    explained_variance   | 0.952     |
|    learning_rate        | 0.0003    |
|    loss                 | 0.604     |
|    n_updates            | 9510      |
|    policy_gradient_loss | -0.0456   |
|    std                  | 2.41      |
|    value_loss           | 2.65      |
---------------------------------------
-----------------------------------------
| manipularl/             |             |
|    align_curriculum     | 0.0839      |
|    collision_rate       | 0.5         |
|    grasp_failure_rate   | 0.738       |
|    insert_depth_mean    | 0           |
|    insert_tilt_deg_mean | 1.41        |
|    success_rate         | 0           |
| rollout/                |             |
|    ep_len_mean          | 400         |
|    ep_rew_mean          | -16.8       |
| time/                   |             |
|    fps                  | 616         |
|    iterations           | 280         |
|    time_elapsed         | 2791        |
|    total_timesteps      | 1720320     |
| train/                  |             |
|    approx_kl            | 0.026586099 |
|    clip_fraction        | 0.199       |
|    clip_range           | 0.2         |
|    entropy_loss         | -18         |
|    explained_variance   | 0.942       |
|    learning_rate        | 0.0003      |
|    loss                 | 0.76        |
|    n_updates            | 9520        |
|    policy_gradient_loss | -0.0375     |
|    std                  | 2.41        |
|    value_loss           | 3.86        |
-----------------------------------------
----------------------------------------
| manipularl/             |            |
|    align_curriculum     | 0.0821     |
|    collision_rate       | 0.5        |
|    grasp_failure_rate   | 0.735      |
|    insert_depth_mean    | 0          |
|    insert_tilt_deg_mean | 1.29       |
|    success_rate         | 0          |
| rollout/                |            |
|    ep_len_mean          | 400        |
|    ep_rew_mean          | -17.8      |
| time/                   |            |
|    fps                  | 616        |
|    iterations           | 281        |
|    time_elapsed         | 2800       |
|    total_timesteps      | 1726464    |
| train/                  |            |
|    approx_kl            | 0.02522836 |
|    clip_fraction        | 0.214      |
|    clip_range           | 0.2        |
|    entropy_loss         | -18        |
|    explained_variance   | 0.929      |
|    learning_rate        | 0.0003     |
|    loss                 | 1.07       |
|    n_updates            | 9530       |
|    policy_gradient_loss | -0.0396    |
|    std                  | 2.42       |
|    value_loss           | 3.94       |
----------------------------------------
-----------------------------------------
| manipularl/             |             |
|    align_curriculum     | 0.0802      |
|    collision_rate       | 0.58        |
|    grasp_failure_rate   | 0.741       |
|    insert_depth_mean    | 0           |
|    insert_tilt_deg_mean | 1.03        |
|    success_rate         | 0           |
| rollout/                |             |
|    ep_len_mean          | 400         |
|    ep_rew_mean          | -25.3       |
| time/                   |             |
|    fps                  | 616         |
|    iterations           | 282         |
|    time_elapsed         | 2809        |
|    total_timesteps      | 1732608     |
| train/                  |             |
|    approx_kl            | 0.013075977 |
|    clip_fraction        | 0.103       |
|    clip_range           | 0.2         |
|    entropy_loss         | -18         |
|    explained_variance   | 0.773       |
|    learning_rate        | 0.0003      |
|    loss                 | 2.24        |
|    n_updates            | 9540        |
|    policy_gradient_loss | -0.0232     |
|    std                  | 2.42        |
|    value_loss           | 6.7         |
-----------------------------------------
-----------------------------------------
| manipularl/             |             |
|    align_curriculum     | 0.0784      |
|    collision_rate       | 0.69        |
|    grasp_failure_rate   | 0.787       |
|    insert_depth_mean    | 0           |
|    insert_tilt_deg_mean | 0.955       |
|    success_rate         | 0           |
| rollout/                |             |
|    ep_len_mean          | 400         |
|    ep_rew_mean          | -35         |
| time/                   |             |
|    fps                  | 617         |
|    iterations           | 283         |
|    time_elapsed         | 2817        |
|    total_timesteps      | 1738752     |
| train/                  |             |
|    approx_kl            | 0.012845946 |
|    clip_fraction        | 0.112       |
|    clip_range           | 0.2         |
|    entropy_loss         | -18.1       |
|    explained_variance   | 0.824       |
|    learning_rate        | 0.0003      |
|    loss                 | 3.1         |
|    n_updates            | 9550        |
|    policy_gradient_loss | -0.0196     |
|    std                  | 2.42        |
|    value_loss           | 11.3        |
-----------------------------------------
----------------------------------------
| manipularl/             |            |
|    align_curriculum     | 0.0765     |
|    collision_rate       | 0.61       |
|    grasp_failure_rate   | 0.774      |
|    insert_depth_mean    | 0          |
|    insert_tilt_deg_mean | 0.877      |
|    success_rate         | 0          |
| rollout/                |            |
|    ep_len_mean          | 400        |
|    ep_rew_mean          | -30.9      |
| time/                   |            |
|    fps                  | 617        |
|    iterations           | 284        |
|    time_elapsed         | 2825       |
|    total_timesteps      | 1744896    |
| train/                  |            |
|    approx_kl            | 0.03371432 |
|    clip_fraction        | 0.228      |
|    clip_range           | 0.2        |
|    entropy_loss         | -18.1      |
|    explained_variance   | 0.828      |
|    learning_rate        | 0.0003     |
|    loss                 | 0.799      |
|    n_updates            | 9560       |
|    policy_gradient_loss | -0.0462    |
|    std                  | 2.42       |
|    value_loss           | 3.47       |
----------------------------------------
Eval num_timesteps=1749972, episode_reward=-34.07 +/- 95.65
Episode length: 400.00 +/- 0.00
----------------------------------------
| eval/                   |            |
|    mean_ep_length       | 400        |
|    mean_reward          | -34.1      |
| manipularl/             |            |
|    align_curriculum     | 0.075      |
|    collision_rate       | 0.56       |
|    grasp_failure_rate   | 0.756      |
|    insert_depth_mean    | 0          |
|    insert_tilt_deg_mean | 0.908      |
|    success_rate         | 0          |
| time/                   |            |
|    total_timesteps      | 1749972    |
| train/                  |            |
|    approx_kl            | 0.02063461 |
|    clip_fraction        | 0.154      |
|    clip_range           | 0.2        |
|    entropy_loss         | -18.1      |
|    explained_variance   | 0.21       |
|    learning_rate        | 0.0003     |
|    loss                 | 0.469      |
|    n_updates            | 9570       |
|    policy_gradient_loss | -0.0296    |
|    std                  | 2.42       |
|    value_loss           | 3.58       |
----------------------------------------
--------------------------------------
| manipularl/             |          |
|    align_curriculum     | 0.0747   |
|    collision_rate       | 0.56     |
|    grasp_failure_rate   | 0.756    |
|    insert_depth_mean    | 0        |
|    insert_tilt_deg_mean | 0.908    |
|    success_rate         | 0        |
| rollout/                |          |
|    ep_len_mean          | 400      |
|    ep_rew_mean          | -34      |
| time/                   |          |
|    fps                  | 612      |
|    iterations           | 285      |
|    time_elapsed         | 2857     |
|    total_timesteps      | 1751040  |
--------------------------------------
----------------------------------------
| manipularl/             |            |
|    align_curriculum     | 0.0728     |
|    collision_rate       | 0.49       |
|    grasp_failure_rate   | 0.701      |
|    insert_depth_mean    | 0          |
|    insert_tilt_deg_mean | 0.807      |
|    success_rate         | 0          |
| rollout/                |            |
|    ep_len_mean          | 400        |
|    ep_rew_mean          | -28.4      |
| time/                   |            |
|    fps                  | 612        |
|    iterations           | 286        |
|    time_elapsed         | 2868       |
|    total_timesteps      | 1757184    |
| train/                  |            |
|    approx_kl            | 0.03715099 |
|    clip_fraction        | 0.256      |
|    clip_range           | 0.2        |
|    entropy_loss         | -18.1      |
|    explained_variance   | 0.793      |
|    learning_rate        | 0.0003     |
|    loss                 | 0.259      |
|    n_updates            | 9580       |
|    policy_gradient_loss | -0.0392    |
|    std                  | 2.43       |
|    value_loss           | 1.92       |
----------------------------------------
----------------------------------------
| manipularl/             |            |
|    align_curriculum     | 0.071      |
|    collision_rate       | 0.45       |
|    grasp_failure_rate   | 0.712      |
|    insert_depth_mean    | 0          |
|    insert_tilt_deg_mean | 0.717      |
|    success_rate         | 0          |
| rollout/                |            |
|    ep_len_mean          | 400        |
|    ep_rew_mean          | -26.7      |
| time/                   |            |
|    fps                  | 612        |
|    iterations           | 287        |
|    time_elapsed         | 2880       |
|    total_timesteps      | 1763328    |
| train/                  |            |
|    approx_kl            | 0.04731452 |
|    clip_fraction        | 0.312      |
|    clip_range           | 0.2        |
|    entropy_loss         | -18.1      |
|    explained_variance   | 0.858      |
|    learning_rate        | 0.0003     |
|    loss                 | 0.48       |
|    n_updates            | 9590       |
|    policy_gradient_loss | -0.0457    |
|    std                  | 2.43       |
|    value_loss           | 2.02       |
----------------------------------------
-----------------------------------------
| manipularl/             |             |
|    align_curriculum     | 0.0692      |
|    collision_rate       | 0.4         |
|    grasp_failure_rate   | 0.696       |
|    insert_depth_mean    | 0           |
|    insert_tilt_deg_mean | 0.871       |
|    success_rate         | 0           |
| rollout/                |             |
|    ep_len_mean          | 400         |
|    ep_rew_mean          | -20.6       |
| time/                   |             |
|    fps                  | 612         |
|    iterations           | 288         |
|    time_elapsed         | 2890        |
|    total_timesteps      | 1769472     |
| train/                  |             |
|    approx_kl            | 0.032867078 |
|    clip_fraction        | 0.232       |
|    clip_range           | 0.2         |
|    entropy_loss         | -18.1       |
|    explained_variance   | 0.626       |
|    learning_rate        | 0.0003      |
|    loss                 | 0.187       |
|    n_updates            | 9600        |
|    policy_gradient_loss | -0.0382     |
|    std                  | 2.43        |
|    value_loss           | 1.81        |
-----------------------------------------
-----------------------------------------
| manipularl/             |             |
|    align_curriculum     | 0.0673      |
|    collision_rate       | 0.34        |
|    grasp_failure_rate   | 0.694       |
|    insert_depth_mean    | 0           |
|    insert_tilt_deg_mean | 0.871       |
|    success_rate         | 0           |
| rollout/                |             |
|    ep_len_mean          | 400         |
|    ep_rew_mean          | -10.2       |
| time/                   |             |
|    fps                  | 611         |
|    iterations           | 289         |
|    time_elapsed         | 2902        |
|    total_timesteps      | 1775616     |
| train/                  |             |
|    approx_kl            | 0.025741542 |
|    clip_fraction        | 0.251       |
|    clip_range           | 0.2         |
|    entropy_loss         | -18.1       |
|    explained_variance   | 0.815       |
|    learning_rate        | 0.0003      |
|    loss                 | 0.735       |
|    n_updates            | 9610        |
|    policy_gradient_loss | -0.0363     |
|    std                  | 2.43        |
|    value_loss           | 2.88        |
-----------------------------------------
----------------------------------------
| manipularl/             |            |
|    align_curriculum     | 0.0655     |
|    collision_rate       | 0.43       |
|    grasp_failure_rate   | 0.725      |
|    insert_depth_mean    | 0          |
|    insert_tilt_deg_mean | 0.656      |
|    success_rate         | 0          |
| rollout/                |            |
|    ep_len_mean          | 400        |
|    ep_rew_mean          | -18.5      |
| time/                   |            |
|    fps                  | 611        |
|    iterations           | 290        |
|    time_elapsed         | 2912       |
|    total_timesteps      | 1781760    |
| train/                  |            |
|    approx_kl            | 0.01797075 |
|    clip_fraction        | 0.142      |
|    clip_range           | 0.2        |
|    entropy_loss         | -18.1      |
|    explained_variance   | 0.81       |
|    learning_rate        | 0.0003     |
|    loss                 | 2.58       |
|    n_updates            | 9620       |
|    policy_gradient_loss | -0.0299    |
|    std                  | 2.44       |
|    value_loss           | 8.44       |
----------------------------------------
-----------------------------------------
| manipularl/             |             |
|    align_curriculum     | 0.0636      |
|    collision_rate       | 0.48        |
|    grasp_failure_rate   | 0.726       |
|    insert_depth_mean    | 0           |
|    insert_tilt_deg_mean | 0.814       |
|    success_rate         | 0           |
| rollout/                |             |
|    ep_len_mean          | 400         |
|    ep_rew_mean          | -20         |
| time/                   |             |
|    fps                  | 612         |
|    iterations           | 291         |
|    time_elapsed         | 2919        |
|    total_timesteps      | 1787904     |
| train/                  |             |
|    approx_kl            | 0.017891193 |
|    clip_fraction        | 0.115       |
|    clip_range           | 0.2         |
|    entropy_loss         | -18.1       |
|    explained_variance   | 0.823       |
|    learning_rate        | 0.0003      |
|    loss                 | 2.55        |
|    n_updates            | 9630        |
|    policy_gradient_loss | -0.0324     |
|    std                  | 2.44        |
|    value_loss           | 10.3        |
-----------------------------------------
-----------------------------------------
| manipularl/             |             |
|    align_curriculum     | 0.0618      |
|    collision_rate       | 0.47        |
|    grasp_failure_rate   | 0.741       |
|    insert_depth_mean    | 0           |
|    insert_tilt_deg_mean | 0.588       |
|    success_rate         | 0           |
| rollout/                |             |
|    ep_len_mean          | 400         |
|    ep_rew_mean          | -18.1       |
| time/                   |             |
|    fps                  | 612         |
|    iterations           | 292         |
|    time_elapsed         | 2928        |
|    total_timesteps      | 1794048     |
| train/                  |             |
|    approx_kl            | 0.018454479 |
|    clip_fraction        | 0.138       |
|    clip_range           | 0.2         |
|    entropy_loss         | -18.1       |
|    explained_variance   | 0.732       |
|    learning_rate        | 0.0003      |
|    loss                 | 1.2         |
|    n_updates            | 9640        |
|    policy_gradient_loss | -0.0324     |
|    std                  | 2.45        |
|    value_loss           | 5.86        |
-----------------------------------------
-----------------------------------------
| manipularl/             |             |
|    align_curriculum     | 0.0599      |
|    collision_rate       | 0.45        |
|    grasp_failure_rate   | 0.777       |
|    insert_depth_mean    | 0           |
|    insert_tilt_deg_mean | 0.419       |
|    success_rate         | 0           |
| rollout/                |             |
|    ep_len_mean          | 400         |
|    ep_rew_mean          | -20.8       |
| time/                   |             |
|    fps                  | 612         |
|    iterations           | 293         |
|    time_elapsed         | 2937        |
|    total_timesteps      | 1800192     |
| train/                  |             |
|    approx_kl            | 0.019911231 |
|    clip_fraction        | 0.137       |
|    clip_range           | 0.2         |
|    entropy_loss         | -18.2       |
|    explained_variance   | 0.696       |
|    learning_rate        | 0.0003      |
|    loss                 | 1.36        |
|    n_updates            | 9650        |
|    policy_gradient_loss | -0.0343     |
|    std                  | 2.45        |
|    value_loss           | 6.16        |
-----------------------------------------
-----------------------------------------
| manipularl/             |             |
|    align_curriculum     | 0.0581      |
|    collision_rate       | 0.52        |
|    grasp_failure_rate   | 0.827       |
|    insert_depth_mean    | 0           |
|    insert_tilt_deg_mean | 0.219       |
|    success_rate         | 0           |
| rollout/                |             |
|    ep_len_mean          | 400         |
|    ep_rew_mean          | -34.6       |
| time/                   |             |
|    fps                  | 613         |
|    iterations           | 294         |
|    time_elapsed         | 2945        |
|    total_timesteps      | 1806336     |
| train/                  |             |
|    approx_kl            | 0.018620746 |
|    clip_fraction        | 0.148       |
|    clip_range           | 0.2         |
|    entropy_loss         | -18.2       |
|    explained_variance   | 0.91        |
|    learning_rate        | 0.0003      |
|    loss                 | 0.613       |
|    n_updates            | 9660        |
|    policy_gradient_loss | -0.0243     |
|    std                  | 2.45        |
|    value_loss           | 3.38        |
-----------------------------------------
-----------------------------------------
| manipularl/             |             |
|    align_curriculum     | 0.0563      |
|    collision_rate       | 0.49        |
|    grasp_failure_rate   | 0.821       |
|    insert_depth_mean    | 0           |
|    insert_tilt_deg_mean | 0.253       |
|    success_rate         | 0           |
| rollout/                |             |
|    ep_len_mean          | 400         |
|    ep_rew_mean          | -33.4       |
| time/                   |             |
|    fps                  | 613         |
|    iterations           | 295         |
|    time_elapsed         | 2953        |
|    total_timesteps      | 1812480     |
| train/                  |             |
|    approx_kl            | 0.024614558 |
|    clip_fraction        | 0.211       |
|    clip_range           | 0.2         |
|    entropy_loss         | -18.2       |
|    explained_variance   | 0.899       |
|    learning_rate        | 0.0003      |
|    loss                 | 1.31        |
|    n_updates            | 9670        |
|    policy_gradient_loss | -0.0314     |
|    std                  | 2.45        |
|    value_loss           | 5.84        |
-----------------------------------------
-----------------------------------------
| manipularl/             |             |
|    align_curriculum     | 0.0544      |
|    collision_rate       | 0.41        |
|    grasp_failure_rate   | 0.806       |
|    insert_depth_mean    | 0           |
|    insert_tilt_deg_mean | 0.254       |
|    success_rate         | 0           |
| rollout/                |             |
|    ep_len_mean          | 400         |
|    ep_rew_mean          | -25.3       |
| time/                   |             |
|    fps                  | 613         |
|    iterations           | 296         |
|    time_elapsed         | 2962        |
|    total_timesteps      | 1818624     |
| train/                  |             |
|    approx_kl            | 0.056362014 |
|    clip_fraction        | 0.294       |
|    clip_range           | 0.2         |
|    entropy_loss         | -18.2       |
|    explained_variance   | 0.67        |
|    learning_rate        | 0.0003      |
|    loss                 | 0.386       |
|    n_updates            | 9680        |
|    policy_gradient_loss | -0.0397     |
|    std                  | 2.46        |
|    value_loss           | 1.95        |
-----------------------------------------
-----------------------------------------
| manipularl/             |             |
|    align_curriculum     | 0.0526      |
|    collision_rate       | 0.45        |
|    grasp_failure_rate   | 0.787       |
|    insert_depth_mean    | 0           |
|    insert_tilt_deg_mean | 0.537       |
|    success_rate         | 0           |
| rollout/                |             |
|    ep_len_mean          | 400         |
|    ep_rew_mean          | -24.9       |
| time/                   |             |
|    fps                  | 614         |
|    iterations           | 297         |
|    time_elapsed         | 2970        |
|    total_timesteps      | 1824768     |
| train/                  |             |
|    approx_kl            | 0.032765117 |
|    clip_fraction        | 0.299       |
|    clip_range           | 0.2         |
|    entropy_loss         | -18.2       |
|    explained_variance   | 0.802       |
|    learning_rate        | 0.0003      |
|    loss                 | 0.303       |
|    n_updates            | 9690        |
|    policy_gradient_loss | -0.0365     |
|    std                  | 2.47        |
|    value_loss           | 2.48        |
-----------------------------------------
-----------------------------------------
| manipularl/             |             |
|    align_curriculum     | 0.0507      |
|    collision_rate       | 0.48        |
|    grasp_failure_rate   | 0.763       |
|    insert_depth_mean    | 0           |
|    insert_tilt_deg_mean | 0.469       |
|    success_rate         | 0           |
| rollout/                |             |
|    ep_len_mean          | 400         |
|    ep_rew_mean          | -27.1       |
| time/                   |             |
|    fps                  | 614         |
|    iterations           | 298         |
|    time_elapsed         | 2978        |
|    total_timesteps      | 1830912     |
| train/                  |             |
|    approx_kl            | 0.023433564 |
|    clip_fraction        | 0.193       |
|    clip_range           | 0.2         |
|    entropy_loss         | -18.2       |
|    explained_variance   | 0.598       |
|    learning_rate        | 0.0003      |
|    loss                 | 1.62        |
|    n_updates            | 9700        |
|    policy_gradient_loss | -0.0358     |
|    std                  | 2.47        |
|    value_loss           | 5.87        |
-----------------------------------------
-----------------------------------------
| manipularl/             |             |
|    align_curriculum     | 0.0489      |
|    collision_rate       | 0.49        |
|    grasp_failure_rate   | 0.729       |
|    insert_depth_mean    | 0           |
|    insert_tilt_deg_mean | 0.469       |
|    success_rate         | 0           |
| rollout/                |             |
|    ep_len_mean          | 400         |
|    ep_rew_mean          | -25.2       |
| time/                   |             |
|    fps                  | 615         |
|    iterations           | 299         |
|    time_elapsed         | 2986        |
|    total_timesteps      | 1837056     |
| train/                  |             |
|    approx_kl            | 0.019486405 |
|    clip_fraction        | 0.167       |
|    clip_range           | 0.2         |
|    entropy_loss         | -18.2       |
|    explained_variance   | 0.528       |
|    learning_rate        | 0.0003      |
|    loss                 | 0.876       |
|    n_updates            | 9710        |
|    policy_gradient_loss | -0.0278     |
|    std                  | 2.47        |
|    value_loss           | 4.29        |
-----------------------------------------
-----------------------------------------
| manipularl/             |             |
|    align_curriculum     | 0.047       |
|    collision_rate       | 0.55        |
|    grasp_failure_rate   | 0.699       |
|    insert_depth_mean    | 0           |
|    insert_tilt_deg_mean | 0.756       |
|    success_rate         | 0           |
| rollout/                |             |
|    ep_len_mean          | 400         |
|    ep_rew_mean          | -20         |
| time/                   |             |
|    fps                  | 615         |
|    iterations           | 300         |
|    time_elapsed         | 2994        |
|    total_timesteps      | 1843200     |
| train/                  |             |
|    approx_kl            | 0.028682463 |
|    clip_fraction        | 0.224       |
|    clip_range           | 0.2         |
|    entropy_loss         | -18.2       |
|    explained_variance   | 0.738       |
|    learning_rate        | 0.0003      |
|    loss                 | 0.479       |
|    n_updates            | 9720        |
|    policy_gradient_loss | -0.0392     |
|    std                  | 2.48        |
|    value_loss           | 2.97        |
-----------------------------------------
---------------------------------------
| manipularl/             |           |
|    align_curriculum     | 0.0452    |
|    collision_rate       | 0.6       |
|    grasp_failure_rate   | 0.604     |
|    insert_depth_mean    | 0         |
|    insert_tilt_deg_mean | 0.762     |
|    success_rate         | 0         |
| rollout/                |           |
|    ep_len_mean          | 400       |
|    ep_rew_mean          | -11.9     |
| time/                   |           |
|    fps                  | 615       |
|    iterations           | 301       |
|    time_elapsed         | 3002      |
|    total_timesteps      | 1849344   |
| train/                  |           |
|    approx_kl            | 0.0381066 |
|    clip_fraction        | 0.243     |
|    clip_range           | 0.2       |
|    entropy_loss         | -18.3     |
|    explained_variance   | 0.818     |
|    learning_rate        | 0.0003    |
|    loss                 | 0.373     |
|    n_updates            | 9730      |
|    policy_gradient_loss | -0.0428   |
|    std                  | 2.49      |
|    value_loss           | 1.87      |
---------------------------------------
-----------------------------------------
| manipularl/             |             |
|    align_curriculum     | 0.0434      |
|    collision_rate       | 0.62        |
|    grasp_failure_rate   | 0.593       |
|    insert_depth_mean    | 0           |
|    insert_tilt_deg_mean | 0.728       |
|    success_rate         | 0           |
| rollout/                |             |
|    ep_len_mean          | 400         |
|    ep_rew_mean          | -14.7       |
| time/                   |             |
|    fps                  | 616         |
|    iterations           | 302         |
|    time_elapsed         | 3009        |
|    total_timesteps      | 1855488     |
| train/                  |             |
|    approx_kl            | 0.019561479 |
|    clip_fraction        | 0.162       |
|    clip_range           | 0.2         |
|    entropy_loss         | -18.3       |
|    explained_variance   | 0.64        |
|    learning_rate        | 0.0003      |
|    loss                 | 0.904       |
|    n_updates            | 9740        |
|    policy_gradient_loss | -0.0305     |
|    std                  | 2.5         |
|    value_loss           | 3.69        |
-----------------------------------------
-----------------------------------------
| manipularl/             |             |
|    align_curriculum     | 0.0415      |
|    collision_rate       | 0.63        |
|    grasp_failure_rate   | 0.609       |
|    insert_depth_mean    | 0           |
|    insert_tilt_deg_mean | 0.508       |
|    success_rate         | 0           |
| rollout/                |             |
|    ep_len_mean          | 400         |
|    ep_rew_mean          | -17.7       |
| time/                   |             |
|    fps                  | 616         |
|    iterations           | 303         |
|    time_elapsed         | 3018        |
|    total_timesteps      | 1861632     |
| train/                  |             |
|    approx_kl            | 0.022712812 |
|    clip_fraction        | 0.151       |
|    clip_range           | 0.2         |
|    entropy_loss         | -18.3       |
|    explained_variance   | 0.77        |
|    learning_rate        | 0.0003      |
|    loss                 | 1.84        |
|    n_updates            | 9750        |
|    policy_gradient_loss | -0.0293     |
|    std                  | 2.5         |
|    value_loss           | 5.39        |
-----------------------------------------
-----------------------------------------
| manipularl/             |             |
|    align_curriculum     | 0.0397      |
|    collision_rate       | 0.44        |
|    grasp_failure_rate   | 0.627       |
|    insert_depth_mean    | 0           |
|    insert_tilt_deg_mean | 0.654       |
|    success_rate         | 0           |
| rollout/                |             |
|    ep_len_mean          | 400         |
|    ep_rew_mean          | -8.83       |
| time/                   |             |
|    fps                  | 616         |
|    iterations           | 304         |
|    time_elapsed         | 3027        |
|    total_timesteps      | 1867776     |
| train/                  |             |
|    approx_kl            | 0.036532864 |
|    clip_fraction        | 0.216       |
|    clip_range           | 0.2         |
|    entropy_loss         | -18.3       |
|    explained_variance   | 0.888       |
|    learning_rate        | 0.0003      |
|    loss                 | 0.0717      |
|    n_updates            | 9760        |
|    policy_gradient_loss | -0.0393     |
|    std                  | 2.51        |
|    value_loss           | 1.5         |
-----------------------------------------
----------------------------------------
| manipularl/             |            |
|    align_curriculum     | 0.0378     |
|    collision_rate       | 0.4        |
|    grasp_failure_rate   | 0.64       |
|    insert_depth_mean    | 0          |
|    insert_tilt_deg_mean | 0.654      |
|    success_rate         | 0          |
| rollout/                |            |
|    ep_len_mean          | 400        |
|    ep_rew_mean          | -8.1       |
| time/                   |            |
|    fps                  | 617        |
|    iterations           | 305        |
|    time_elapsed         | 3035       |
|    total_timesteps      | 1873920    |
| train/                  |            |
|    approx_kl            | 0.03655994 |
|    clip_fraction        | 0.255      |
|    clip_range           | 0.2        |
|    entropy_loss         | -18.3      |
|    explained_variance   | 0.859      |
|    learning_rate        | 0.0003     |
|    loss                 | 0.23       |
|    n_updates            | 9770       |
|    policy_gradient_loss | -0.0334    |
|    std                  | 2.51       |
|    value_loss           | 1.75       |
----------------------------------------
-----------------------------------------
| manipularl/             |             |
|    align_curriculum     | 0.036       |
|    collision_rate       | 0.35        |
|    grasp_failure_rate   | 0.648       |
|    insert_depth_mean    | 0           |
|    insert_tilt_deg_mean | 0.367       |
|    success_rate         | 0           |
| rollout/                |             |
|    ep_len_mean          | 400         |
|    ep_rew_mean          | -5.22       |
| time/                   |             |
|    fps                  | 617         |
|    iterations           | 306         |
|    time_elapsed         | 3044        |
|    total_timesteps      | 1880064     |
| train/                  |             |
|    approx_kl            | 0.042016555 |
|    clip_fraction        | 0.27        |
|    clip_range           | 0.2         |
|    entropy_loss         | -18.3       |
|    explained_variance   | 0.703       |
|    learning_rate        | 0.0003      |
|    loss                 | 0.158       |
|    n_updates            | 9780        |
|    policy_gradient_loss | -0.0435     |
|    std                  | 2.52        |
|    value_loss           | 1.25        |
-----------------------------------------
----------------------------------------
| manipularl/             |            |
|    align_curriculum     | 0.0341     |
|    collision_rate       | 0.26       |
|    grasp_failure_rate   | 0.65       |
|    insert_depth_mean    | 0.0012     |
|    insert_tilt_deg_mean | 0.465      |
|    success_rate         | 0.02       |
| rollout/                |            |
|    ep_len_mean          | 392        |
|    ep_rew_mean          | -1.97      |
| time/                   |            |
|    fps                  | 617        |
|    iterations           | 307        |
|    time_elapsed         | 3054       |
|    total_timesteps      | 1886208    |
| train/                  |            |
|    approx_kl            | 0.06205674 |
|    clip_fraction        | 0.337      |
|    clip_range           | 0.2        |
|    entropy_loss         | -18.4      |
|    explained_variance   | 0.861      |
|    learning_rate        | 0.0003     |
|    loss                 | 0.0696     |
|    n_updates            | 9790       |
|    policy_gradient_loss | -0.0493    |
|    std                  | 2.52       |
|    value_loss           | 1.04       |
----------------------------------------
----------------------------------------
| manipularl/             |            |
|    align_curriculum     | 0.0323     |
|    collision_rate       | 0.15       |
|    grasp_failure_rate   | 0.694      |
|    insert_depth_mean    | 0.0072     |
|    insert_tilt_deg_mean | 0.462      |
|    success_rate         | 0.12       |
| rollout/                |            |
|    ep_len_mean          | 353        |
|    ep_rew_mean          | 10.1       |
| time/                   |            |
|    fps                  | 617        |
|    iterations           | 308        |
|    time_elapsed         | 3066       |
|    total_timesteps      | 1892352    |
| train/                  |            |
|    approx_kl            | 0.03202908 |
|    clip_fraction        | 0.295      |
|    clip_range           | 0.2        |
|    entropy_loss         | -18.4      |
|    explained_variance   | 0.86       |
|    learning_rate        | 0.0003     |
|    loss                 | 0.14       |
|    n_updates            | 9800       |
|    policy_gradient_loss | -0.0324    |
|    std                  | 2.52       |
|    value_loss           | 1.28       |
----------------------------------------
-----------------------------------------
| manipularl/             |             |
|    align_curriculum     | 0.0305      |
|    collision_rate       | 0.17        |
|    grasp_failure_rate   | 0.693       |
|    insert_depth_mean    | 0.0072      |
|    insert_tilt_deg_mean | 0.355       |
|    success_rate         | 0.12        |
| rollout/                |             |
|    ep_len_mean          | 353         |
|    ep_rew_mean          | 11.6        |
| time/                   |             |
|    fps                  | 617         |
|    iterations           | 309         |
|    time_elapsed         | 3076        |
|    total_timesteps      | 1898496     |
| train/                  |             |
|    approx_kl            | 0.045571283 |
|    clip_fraction        | 0.267       |
|    clip_range           | 0.2         |
|    entropy_loss         | -18.4       |
|    explained_variance   | 0.933       |
|    learning_rate        | 0.0003      |
|    loss                 | 0.142       |
|    n_updates            | 9810        |
|    policy_gradient_loss | -0.0449     |
|    std                  | 2.52        |
|    value_loss           | 1.49        |
-----------------------------------------
-----------------------------------------
| manipularl/             |             |
|    align_curriculum     | 0.0286      |
|    collision_rate       | 0.18        |
|    grasp_failure_rate   | 0.683       |
|    insert_depth_mean    | 0.0072      |
|    insert_tilt_deg_mean | 0.103       |
|    success_rate         | 0.12        |
| rollout/                |             |
|    ep_len_mean          | 353         |
|    ep_rew_mean          | 10.5        |
| time/                   |             |
|    fps                  | 616         |
|    iterations           | 310         |
|    time_elapsed         | 3086        |
|    total_timesteps      | 1904640     |
| train/                  |             |
|    approx_kl            | 0.037412763 |
|    clip_fraction        | 0.247       |
|    clip_range           | 0.2         |
|    entropy_loss         | -18.4       |
|    explained_variance   | 0.63        |
|    learning_rate        | 0.0003      |
|    loss                 | -0.002      |
|    n_updates            | 9820        |
|    policy_gradient_loss | -0.0467     |
|    std                  | 2.53        |
|    value_loss           | 1.13        |
-----------------------------------------
-----------------------------------------
| manipularl/             |             |
|    align_curriculum     | 0.0268      |
|    collision_rate       | 0.28        |
|    grasp_failure_rate   | 0.72        |
|    insert_depth_mean    | 0.0072      |
|    insert_tilt_deg_mean | 0.122       |
|    success_rate         | 0.12        |
| rollout/                |             |
|    ep_len_mean          | 353         |
|    ep_rew_mean          | 4.79        |
| time/                   |             |
|    fps                  | 617         |
|    iterations           | 311         |
|    time_elapsed         | 3096        |
|    total_timesteps      | 1910784     |
| train/                  |             |
|    approx_kl            | 0.026802057 |
|    clip_fraction        | 0.248       |
|    clip_range           | 0.2         |
|    entropy_loss         | -18.4       |
|    explained_variance   | 0.704       |
|    learning_rate        | 0.0003      |
|    loss                 | 0.298       |
|    n_updates            | 9830        |
|    policy_gradient_loss | -0.0404     |
|    std                  | 2.53        |
|    value_loss           | 2.03        |
-----------------------------------------
-----------------------------------------
| manipularl/             |             |
|    align_curriculum     | 0.0249      |
|    collision_rate       | 0.35        |
|    grasp_failure_rate   | 0.756       |
|    insert_depth_mean    | 0.0072      |
|    insert_tilt_deg_mean | 0.505       |
|    success_rate         | 0.12        |
| rollout/                |             |
|    ep_len_mean          | 353         |
|    ep_rew_mean          | -0.805      |
| time/                   |             |
|    fps                  | 617         |
|    iterations           | 312         |
|    time_elapsed         | 3106        |
|    total_timesteps      | 1916928     |
| train/                  |             |
|    approx_kl            | 0.023390755 |
|    clip_fraction        | 0.186       |
|    clip_range           | 0.2         |
|    entropy_loss         | -18.4       |
|    explained_variance   | 0.733       |
|    learning_rate        | 0.0003      |
|    loss                 | 0.984       |
|    n_updates            | 9840        |
|    policy_gradient_loss | -0.0355     |
|    std                  | 2.54        |
|    value_loss           | 3.42        |
-----------------------------------------
-----------------------------------------
| manipularl/             |             |
|    align_curriculum     | 0.0231      |
|    collision_rate       | 0.43        |
|    grasp_failure_rate   | 0.781       |
|    insert_depth_mean    | 0.006       |
|    insert_tilt_deg_mean | 0.43        |
|    success_rate         | 0.1         |
| rollout/                |             |
|    ep_len_mean          | 361         |
|    ep_rew_mean          | -5.47       |
| time/                   |             |
|    fps                  | 617         |
|    iterations           | 313         |
|    time_elapsed         | 3114        |
|    total_timesteps      | 1923072     |
| train/                  |             |
|    approx_kl            | 0.023224922 |
|    clip_fraction        | 0.202       |
|    clip_range           | 0.2         |
|    entropy_loss         | -18.4       |
|    explained_variance   | 0.765       |
|    learning_rate        | 0.0003      |
|    loss                 | 1.17        |
|    n_updates            | 9850        |
|    policy_gradient_loss | -0.0357     |
|    std                  | 2.54        |
|    value_loss           | 4.67        |
-----------------------------------------
----------------------------------------
| manipularl/             |            |
|    align_curriculum     | 0.0212     |
|    collision_rate       | 0.45       |
|    grasp_failure_rate   | 0.767      |
|    insert_depth_mean    | 0.0036     |
|    insert_tilt_deg_mean | 0.429      |
|    success_rate         | 0.06       |
| rollout/                |            |
|    ep_len_mean          | 377        |
|    ep_rew_mean          | -7.45      |
| time/                   |            |
|    fps                  | 617        |
|    iterations           | 314        |
|    time_elapsed         | 3122       |
|    total_timesteps      | 1929216    |
| train/                  |            |
|    approx_kl            | 0.04048342 |
|    clip_fraction        | 0.3        |
|    clip_range           | 0.2        |
|    entropy_loss         | -18.4      |
|    explained_variance   | 0.814      |
|    learning_rate        | 0.0003     |
|    loss                 | 0.45       |
|    n_updates            | 9860       |
|    policy_gradient_loss | -0.0438    |
|    std                  | 2.54       |
|    value_loss           | 1.81       |
----------------------------------------
-----------------------------------------
| manipularl/             |             |
|    align_curriculum     | 0.0194      |
|    collision_rate       | 0.51        |
|    grasp_failure_rate   | 0.747       |
|    insert_depth_mean    | 0           |
|    insert_tilt_deg_mean | 0.573       |
|    success_rate         | 0           |
| rollout/                |             |
|    ep_len_mean          | 400         |
|    ep_rew_mean          | -13         |
| time/                   |             |
|    fps                  | 618         |
|    iterations           | 315         |
|    time_elapsed         | 3130        |
|    total_timesteps      | 1935360     |
| train/                  |             |
|    approx_kl            | 0.044651065 |
|    clip_fraction        | 0.289       |
|    clip_range           | 0.2         |
|    entropy_loss         | -18.4       |
|    explained_variance   | 0.871       |
|    learning_rate        | 0.0003      |
|    loss                 | 0.177       |
|    n_updates            | 9870        |
|    policy_gradient_loss | -0.0474     |
|    std                  | 2.54        |
|    value_loss           | 1.41        |
-----------------------------------------
-----------------------------------------
| manipularl/             |             |
|    align_curriculum     | 0.0175      |
|    collision_rate       | 0.5         |
|    grasp_failure_rate   | 0.748       |
|    insert_depth_mean    | 0           |
|    insert_tilt_deg_mean | 0.573       |
|    success_rate         | 0           |
| rollout/                |             |
|    ep_len_mean          | 400         |
|    ep_rew_mean          | -14.1       |
| time/                   |             |
|    fps                  | 618         |
|    iterations           | 316         |
|    time_elapsed         | 3138        |
|    total_timesteps      | 1941504     |
| train/                  |             |
|    approx_kl            | 0.040029775 |
|    clip_fraction        | 0.263       |
|    clip_range           | 0.2         |
|    entropy_loss         | -18.4       |
|    explained_variance   | 0.889       |
|    learning_rate        | 0.0003      |
|    loss                 | 0.0935      |
|    n_updates            | 9880        |
|    policy_gradient_loss | -0.0434     |
|    std                  | 2.55        |
|    value_loss           | 1.28        |
-----------------------------------------
-----------------------------------------
| manipularl/             |             |
|    align_curriculum     | 0.0157      |
|    collision_rate       | 0.52        |
|    grasp_failure_rate   | 0.764       |
|    insert_depth_mean    | 0           |
|    insert_tilt_deg_mean | 0.573       |
|    success_rate         | 0           |
| rollout/                |             |
|    ep_len_mean          | 400         |
|    ep_rew_mean          | -15.5       |
| time/                   |             |
|    fps                  | 618         |
|    iterations           | 317         |
|    time_elapsed         | 3147        |
|    total_timesteps      | 1947648     |
| train/                  |             |
|    approx_kl            | 0.062361296 |
|    clip_fraction        | 0.368       |
|    clip_range           | 0.2         |
|    entropy_loss         | -18.4       |
|    explained_variance   | 0.957       |
|    learning_rate        | 0.0003      |
|    loss                 | -0.102      |
|    n_updates            | 9890        |
|    policy_gradient_loss | -0.0394     |
|    std                  | 2.55        |
|    value_loss           | 0.383       |
-----------------------------------------
-----------------------------------------
| manipularl/             |             |
|    align_curriculum     | 0.0139      |
|    collision_rate       | 0.45        |
|    grasp_failure_rate   | 0.734       |
|    insert_depth_mean    | 0           |
|    insert_tilt_deg_mean | 0.561       |
|    success_rate         | 0           |
| rollout/                |             |
|    ep_len_mean          | 400         |
|    ep_rew_mean          | -11.9       |
| time/                   |             |
|    fps                  | 619         |
|    iterations           | 318         |
|    time_elapsed         | 3154        |
|    total_timesteps      | 1953792     |
| train/                  |             |
|    approx_kl            | 0.052985955 |
|    clip_fraction        | 0.362       |
|    clip_range           | 0.2         |
|    entropy_loss         | -18.5       |
|    explained_variance   | 0.946       |
|    learning_rate        | 0.0003      |
|    loss                 | -0.00758    |
|    n_updates            | 9900        |
|    policy_gradient_loss | -0.0507     |
|    std                  | 2.55        |
|    value_loss           | 0.679       |
-----------------------------------------
-----------------------------------------
| manipularl/             |             |
|    align_curriculum     | 0.012       |
|    collision_rate       | 0.33        |
|    grasp_failure_rate   | 0.692       |
|    insert_depth_mean    | 0           |
|    insert_tilt_deg_mean | 0.156       |
|    success_rate         | 0           |
| rollout/                |             |
|    ep_len_mean          | 400         |
|    ep_rew_mean          | -2.94       |
| time/                   |             |
|    fps                  | 619         |
|    iterations           | 319         |
|    time_elapsed         | 3162        |
|    total_timesteps      | 1959936     |
| train/                  |             |
|    approx_kl            | 0.057221845 |
|    clip_fraction        | 0.365       |
|    clip_range           | 0.2         |
|    entropy_loss         | -18.5       |
|    explained_variance   | 0.84        |
|    learning_rate        | 0.0003      |
|    loss                 | 0.041       |
|    n_updates            | 9910        |
|    policy_gradient_loss | -0.0471     |
|    std                  | 2.55        |
|    value_loss           | 0.768       |
-----------------------------------------
-----------------------------------------
| manipularl/             |             |
|    align_curriculum     | 0.0102      |
|    collision_rate       | 0.33        |
|    grasp_failure_rate   | 0.66        |
|    insert_depth_mean    | 0           |
|    insert_tilt_deg_mean | 0.156       |
|    success_rate         | 0           |
| rollout/                |             |
|    ep_len_mean          | 400         |
|    ep_rew_mean          | -3.13       |
| time/                   |             |
|    fps                  | 620         |
|    iterations           | 320         |
|    time_elapsed         | 3170        |
|    total_timesteps      | 1966080     |
| train/                  |             |
|    approx_kl            | 0.028859518 |
|    clip_fraction        | 0.253       |
|    clip_range           | 0.2         |
|    entropy_loss         | -18.5       |
|    explained_variance   | 0.764       |
|    learning_rate        | 0.0003      |
|    loss                 | 0.689       |
|    n_updates            | 9920        |
|    policy_gradient_loss | -0.0371     |
|    std                  | 2.56        |
|    value_loss           | 2.61        |
-----------------------------------------
-----------------------------------------
| manipularl/             |             |
|    align_curriculum     | 0.00833     |
|    collision_rate       | 0.29        |
|    grasp_failure_rate   | 0.679       |
|    insert_depth_mean    | 0           |
|    insert_tilt_deg_mean | 0.13        |
|    success_rate         | 0           |
| rollout/                |             |
|    ep_len_mean          | 400         |
|    ep_rew_mean          | -1.83       |
| time/                   |             |
|    fps                  | 620         |
|    iterations           | 321         |
|    time_elapsed         | 3178        |
|    total_timesteps      | 1972224     |
| train/                  |             |
|    approx_kl            | 0.044626262 |
|    clip_fraction        | 0.29        |
|    clip_range           | 0.2         |
|    entropy_loss         | -18.5       |
|    explained_variance   | 0.87        |
|    learning_rate        | 0.0003      |
|    loss                 | 0.0717      |
|    n_updates            | 9930        |
|    policy_gradient_loss | -0.0496     |
|    std                  | 2.56        |
|    value_loss           | 0.882       |
-----------------------------------------
-----------------------------------------
| manipularl/             |             |
|    align_curriculum     | 0.00649     |
|    collision_rate       | 0.41        |
|    grasp_failure_rate   | 0.689       |
|    insert_depth_mean    | 0           |
|    insert_tilt_deg_mean | 0.01        |
|    success_rate         | 0           |
| rollout/                |             |
|    ep_len_mean          | 400         |
|    ep_rew_mean          | -5.88       |
| time/                   |             |
|    fps                  | 620         |
|    iterations           | 322         |
|    time_elapsed         | 3186        |
|    total_timesteps      | 1978368     |
| train/                  |             |
|    approx_kl            | 0.037647933 |
|    clip_fraction        | 0.273       |
|    clip_range           | 0.2         |
|    entropy_loss         | -18.5       |
|    explained_variance   | 0.726       |
|    learning_rate        | 0.0003      |
|    loss                 | 0.357       |
|    n_updates            | 9940        |
|    policy_gradient_loss | -0.0384     |
|    std                  | 2.56        |
|    value_loss           | 1.89        |
-----------------------------------------
-----------------------------------------
| manipularl/             |             |
|    align_curriculum     | 0.00465     |
|    collision_rate       | 0.39        |
|    grasp_failure_rate   | 0.662       |
|    insert_depth_mean    | 0           |
|    insert_tilt_deg_mean | 0.0656      |
|    success_rate         | 0           |
| rollout/                |             |
|    ep_len_mean          | 400         |
|    ep_rew_mean          | -2.33       |
| time/                   |             |
|    fps                  | 621         |
|    iterations           | 323         |
|    time_elapsed         | 3193        |
|    total_timesteps      | 1984512     |
| train/                  |             |
|    approx_kl            | 0.014122295 |
|    clip_fraction        | 0.166       |
|    clip_range           | 0.2         |
|    entropy_loss         | -18.5       |
|    explained_variance   | 0.663       |
|    learning_rate        | 0.0003      |
|    loss                 | 1.08        |
|    n_updates            | 9950        |
|    policy_gradient_loss | -0.021      |
|    std                  | 2.56        |
|    value_loss           | 7.35        |
-----------------------------------------
-----------------------------------------
| manipularl/             |             |
|    align_curriculum     | 0.0028      |
|    collision_rate       | 0.41        |
|    grasp_failure_rate   | 0.668       |
|    insert_depth_mean    | 0           |
|    insert_tilt_deg_mean | 0.0654      |
|    success_rate         | 0           |
| rollout/                |             |
|    ep_len_mean          | 400         |
|    ep_rew_mean          | -4.99       |
| time/                   |             |
|    fps                  | 621         |
|    iterations           | 324         |
|    time_elapsed         | 3201        |
|    total_timesteps      | 1990656     |
| train/                  |             |
|    approx_kl            | 0.028875997 |
|    clip_fraction        | 0.212       |
|    clip_range           | 0.2         |
|    entropy_loss         | -18.5       |
|    explained_variance   | 0.824       |
|    learning_rate        | 0.0003      |
|    loss                 | 0.648       |
|    n_updates            | 9960        |
|    policy_gradient_loss | -0.0416     |
|    std                  | 2.57        |
|    value_loss           | 2.97        |
-----------------------------------------
----------------------------------------
| manipularl/             |            |
|    align_curriculum     | 0.00096    |
|    collision_rate       | 0.41       |
|    grasp_failure_rate   | 0.686      |
|    insert_depth_mean    | 0          |
|    insert_tilt_deg_mean | 0.0579     |
|    success_rate         | 0          |
| rollout/                |            |
|    ep_len_mean          | 400        |
|    ep_rew_mean          | -9.12      |
| time/                   |            |
|    fps                  | 622        |
|    iterations           | 325        |
|    time_elapsed         | 3209       |
|    total_timesteps      | 1996800    |
| train/                  |            |
|    approx_kl            | 0.02059239 |
|    clip_fraction        | 0.153      |
|    clip_range           | 0.2        |
|    entropy_loss         | -18.5      |
|    explained_variance   | 0.885      |
|    learning_rate        | 0.0003     |
|    loss                 | 1.15       |
|    n_updates            | 9970       |
|    policy_gradient_loss | -0.0328    |
|    std                  | 2.58       |
|    value_loss           | 3.91       |
----------------------------------------
Eval num_timesteps=1999968, episode_reward=-28.89 +/- 97.33
Episode length: 400.00 +/- 0.00
-----------------------------------------
| eval/                   |             |
|    mean_ep_length       | 400         |
|    mean_reward          | -28.9       |
| manipularl/             |             |
|    align_curriculum     | 1.32e-05    |
|    collision_rate       | 0.44        |
|    grasp_failure_rate   | 0.72        |
|    insert_depth_mean    | 0           |
|    insert_tilt_deg_mean | 0.0576      |
|    success_rate         | 0           |
| time/                   |             |
|    total_timesteps      | 1999968     |
| train/                  |             |
|    approx_kl            | 0.025076397 |
|    clip_fraction        | 0.215       |
|    clip_range           | 0.2         |
|    entropy_loss         | -18.5       |
|    explained_variance   | 0.883       |
|    learning_rate        | 0.0003      |
|    loss                 | 1.44        |
|    n_updates            | 9980        |
|    policy_gradient_loss | -0.0359     |
|    std                  | 2.58        |
|    value_loss           | 4.6         |
-----------------------------------------
--------------------------------------
| manipularl/             |          |
|    align_curriculum     | 0        |
|    collision_rate       | 0.45     |
|    grasp_failure_rate   | 0.745    |
|    insert_depth_mean    | 0        |
|    insert_tilt_deg_mean | 0.0574   |
|    success_rate         | 0        |
| rollout/                |          |
|    ep_len_mean          | 400      |
|    ep_rew_mean          | -16.3    |
| time/                   |          |
|    fps                  | 616      |
|    iterations           | 326      |
|    time_elapsed         | 3247     |
|    total_timesteps      | 2002944  |
--------------------------------------
-----------------------------------------
| manipularl/             |             |
|    align_curriculum     | 0           |
|    collision_rate       | 0.41        |
|    grasp_failure_rate   | 0.75        |
|    insert_depth_mean    | 0           |
|    insert_tilt_deg_mean | 0.0574      |
|    success_rate         | 0           |
| rollout/                |             |
|    ep_len_mean          | 400         |
|    ep_rew_mean          | -15.5       |
| time/                   |             |
|    fps                  | 616         |
|    iterations           | 327         |
|    time_elapsed         | 3261        |
|    total_timesteps      | 2009088     |
| train/                  |             |
|    approx_kl            | 0.016687209 |
|    clip_fraction        | 0.129       |
|    clip_range           | 0.2         |
|    entropy_loss         | -18.5       |
|    explained_variance   | 0.692       |
|    learning_rate        | 0.0003      |
|    loss                 | 0.901       |
|    n_updates            | 9990        |
|    policy_gradient_loss | -0.0248     |
|    std                  | 2.58        |
|    value_loss           | 7.65        |
-----------------------------------------
----------------------------------------
| manipularl/             |            |
|    align_curriculum     | 0          |
|    collision_rate       | 0.38       |
|    grasp_failure_rate   | 0.726      |
|    insert_depth_mean    | 0          |
|    insert_tilt_deg_mean | 0.0577     |
|    success_rate         | 0          |
| rollout/                |            |
|    ep_len_mean          | 400        |
|    ep_rew_mean          | -15.9      |
| time/                   |            |
|    fps                  | 615        |
|    iterations           | 328        |
|    time_elapsed         | 3272       |
|    total_timesteps      | 2015232    |
| train/                  |            |
|    approx_kl            | 0.03750186 |
|    clip_fraction        | 0.248      |
|    clip_range           | 0.2        |
|    entropy_loss         | -18.5      |
|    explained_variance   | 0.559      |
|    learning_rate        | 0.0003     |
|    loss                 | 0.0966     |
|    n_updates            | 10000      |
|    policy_gradient_loss | -0.04      |
|    std                  | 2.58       |
|    value_loss           | 1.17       |
----------------------------------------
-----------------------------------------
| manipularl/             |             |
|    align_curriculum     | 0           |
|    collision_rate       | 0.29        |
|    grasp_failure_rate   | 0.697       |
|    insert_depth_mean    | 0           |
|    insert_tilt_deg_mean | 0.00748     |
|    success_rate         | 0           |
| rollout/                |             |
|    ep_len_mean          | 400         |
|    ep_rew_mean          | -11.3       |
| time/                   |             |
|    fps                  | 615         |
|    iterations           | 329         |
|    time_elapsed         | 3285        |
|    total_timesteps      | 2021376     |
| train/                  |             |
|    approx_kl            | 0.027015662 |
|    clip_fraction        | 0.24        |
|    clip_range           | 0.2         |
|    entropy_loss         | -18.5       |
|    explained_variance   | 0.881       |
|    learning_rate        | 0.0003      |
|    loss                 | 0.161       |
|    n_updates            | 10010       |
|    policy_gradient_loss | -0.0354     |
|    std                  | 2.59        |
|    value_loss           | 2.08        |
-----------------------------------------
-----------------------------------------
| manipularl/             |             |
|    align_curriculum     | 0           |
|    collision_rate       | 0.28        |
|    grasp_failure_rate   | 0.712       |
|    insert_depth_mean    | 0           |
|    insert_tilt_deg_mean | 0.00247     |
|    success_rate         | 0           |
| rollout/                |             |
|    ep_len_mean          | 400         |
|    ep_rew_mean          | -10.9       |
| time/                   |             |
|    fps                  | 615         |
|    iterations           | 330         |
|    time_elapsed         | 3294        |
|    total_timesteps      | 2027520     |
| train/                  |             |
|    approx_kl            | 0.033473853 |
|    clip_fraction        | 0.244       |
|    clip_range           | 0.2         |
|    entropy_loss         | -18.6       |
|    explained_variance   | 0.802       |
|    learning_rate        | 0.0003      |
|    loss                 | 0.441       |
|    n_updates            | 10020       |
|    policy_gradient_loss | -0.0386     |
|    std                  | 2.59        |
|    value_loss           | 1.88        |
-----------------------------------------
-----------------------------------------
| manipularl/             |             |
|    align_curriculum     | 0           |
|    collision_rate       | 0.27        |
|    grasp_failure_rate   | 0.699       |
|    insert_depth_mean    | 0           |
|    insert_tilt_deg_mean | 0.00288     |
|    success_rate         | 0           |
| rollout/                |             |
|    ep_len_mean          | 400         |
|    ep_rew_mean          | -6.92       |
| time/                   |             |
|    fps                  | 615         |
|    iterations           | 331         |
|    time_elapsed         | 3302        |
|    total_timesteps      | 2033664     |
| train/                  |             |
|    approx_kl            | 0.025190666 |
|    clip_fraction        | 0.207       |
|    clip_range           | 0.2         |
|    entropy_loss         | -18.6       |
|    explained_variance   | 0.789       |
|    learning_rate        | 0.0003      |
|    loss                 | 0.487       |
|    n_updates            | 10030       |
|    policy_gradient_loss | -0.0377     |
|    std                  | 2.59        |
|    value_loss           | 2.79        |
-----------------------------------------
----------------------------------------
| manipularl/             |            |
|    align_curriculum     | 0          |
|    collision_rate       | 0.24       |
|    grasp_failure_rate   | 0.674      |
|    insert_depth_mean    | 0          |
|    insert_tilt_deg_mean | 0.00372    |
|    success_rate         | 0          |
| rollout/                |            |
|    ep_len_mean          | 400        |
|    ep_rew_mean          | -2.6       |
| time/                   |            |
|    fps                  | 616        |
|    iterations           | 332        |
|    time_elapsed         | 3311       |
|    total_timesteps      | 2039808    |
| train/                  |            |
|    approx_kl            | 0.02954928 |
|    clip_fraction        | 0.236      |
|    clip_range           | 0.2        |
|    entropy_loss         | -18.6      |
|    explained_variance   | 0.798      |
|    learning_rate        | 0.0003     |
|    loss                 | 0.687      |
|    n_updates            | 10040      |
|    policy_gradient_loss | -0.0413    |
|    std                  | 2.59       |
|    value_loss           | 2.31       |
----------------------------------------
-----------------------------------------
| manipularl/             |             |
|    align_curriculum     | 0           |
|    collision_rate       | 0.27        |
|    grasp_failure_rate   | 0.661       |
|    insert_depth_mean    | 0           |
|    insert_tilt_deg_mean | 0.00517     |
|    success_rate         | 0           |
| rollout/                |             |
|    ep_len_mean          | 400         |
|    ep_rew_mean          | -4.21       |
| time/                   |             |
|    fps                  | 616         |
|    iterations           | 333         |
|    time_elapsed         | 3319        |
|    total_timesteps      | 2045952     |
| train/                  |             |
|    approx_kl            | 0.014366537 |
|    clip_fraction        | 0.131       |
|    clip_range           | 0.2         |
|    entropy_loss         | -18.6       |
|    explained_variance   | 0.782       |
|    learning_rate        | 0.0003      |
|    loss                 | 0.434       |
|    n_updates            | 10050       |
|    policy_gradient_loss | -0.0262     |
|    std                  | 2.59        |
|    value_loss           | 3.49        |
-----------------------------------------
-----------------------------------------
| manipularl/             |             |
|    align_curriculum     | 0           |
|    collision_rate       | 0.36        |
|    grasp_failure_rate   | 0.693       |
|    insert_depth_mean    | 0           |
|    insert_tilt_deg_mean | 0.00514     |
|    success_rate         | 0           |
| rollout/                |             |
|    ep_len_mean          | 400         |
|    ep_rew_mean          | -18.9       |
| time/                   |             |
|    fps                  | 616         |
|    iterations           | 334         |
|    time_elapsed         | 3327        |
|    total_timesteps      | 2052096     |
| train/                  |             |
|    approx_kl            | 0.013800348 |
|    clip_fraction        | 0.108       |
|    clip_range           | 0.2         |
|    entropy_loss         | -18.6       |
|    explained_variance   | 0.811       |
|    learning_rate        | 0.0003      |
|    loss                 | 2.06        |
|    n_updates            | 10060       |
|    policy_gradient_loss | -0.0224     |
|    std                  | 2.59        |
|    value_loss           | 7.84        |
-----------------------------------------
-----------------------------------------
| manipularl/             |             |
|    align_curriculum     | 0           |
|    collision_rate       | 0.41        |
|    grasp_failure_rate   | 0.714       |
|    insert_depth_mean    | 0           |
|    insert_tilt_deg_mean | 0.00538     |
|    success_rate         | 0           |
| rollout/                |             |
|    ep_len_mean          | 400         |
|    ep_rew_mean          | -18.6       |
| time/                   |             |
|    fps                  | 616         |
|    iterations           | 335         |
|    time_elapsed         | 3337        |
|    total_timesteps      | 2058240     |
| train/                  |             |
|    approx_kl            | 0.014999948 |
|    clip_fraction        | 0.103       |
|    clip_range           | 0.2         |
|    entropy_loss         | -18.6       |
|    explained_variance   | 0.882       |
|    learning_rate        | 0.0003      |
|    loss                 | 1.67        |
|    n_updates            | 10070       |
|    policy_gradient_loss | -0.0219     |
|    std                  | 2.6         |
|    value_loss           | 8.17        |
-----------------------------------------
----------------------------------------
| manipularl/             |            |
|    align_curriculum     | 0          |
|    collision_rate       | 0.4        |
|    grasp_failure_rate   | 0.679      |
|    insert_depth_mean    | 0          |
|    insert_tilt_deg_mean | 0.0053     |
|    success_rate         | 0          |
| rollout/                |            |
|    ep_len_mean          | 400        |
|    ep_rew_mean          | -18        |
| time/                   |            |
|    fps                  | 617        |
|    iterations           | 336        |
|    time_elapsed         | 3345       |
|    total_timesteps      | 2064384    |
| train/                  |            |
|    approx_kl            | 0.04650785 |
|    clip_fraction        | 0.304      |
|    clip_range           | 0.2        |
|    entropy_loss         | -18.6      |
|    explained_variance   | 0.867      |
|    learning_rate        | 0.0003     |
|    loss                 | -0.0848    |
|    n_updates            | 10080      |
|    policy_gradient_loss | -0.0512    |
|    std                  | 2.6        |
|    value_loss           | 0.487      |
----------------------------------------
---------------------------------------
| manipularl/             |           |
|    align_curriculum     | 0         |
|    collision_rate       | 0.37      |
|    grasp_failure_rate   | 0.657     |
|    insert_depth_mean    | 0         |
|    insert_tilt_deg_mean | 0.0052    |
|    success_rate         | 0         |
| rollout/                |           |
|    ep_len_mean          | 400       |
|    ep_rew_mean          | -16.9     |
| time/                   |           |
|    fps                  | 617       |
|    iterations           | 337       |
|    time_elapsed         | 3354      |
|    total_timesteps      | 2070528   |
| train/                  |           |
|    approx_kl            | 0.0365864 |
|    clip_fraction        | 0.285     |
|    clip_range           | 0.2       |
|    entropy_loss         | -18.6     |
|    explained_variance   | 0.837     |
|    learning_rate        | 0.0003    |
|    loss                 | 0.0659    |
|    n_updates            | 10090     |
|    policy_gradient_loss | -0.0416   |
|    std                  | 2.6       |
|    value_loss           | 1.1       |
---------------------------------------
----------------------------------------
| manipularl/             |            |
|    align_curriculum     | 0          |
|    collision_rate       | 0.34       |
|    grasp_failure_rate   | 0.654      |
|    insert_depth_mean    | 0          |
|    insert_tilt_deg_mean | 0.00461    |
|    success_rate         | 0          |
| rollout/                |            |
|    ep_len_mean          | 400        |
|    ep_rew_mean          | -16.4      |
| time/                   |            |
|    fps                  | 617        |
|    iterations           | 338        |
|    time_elapsed         | 3362       |
|    total_timesteps      | 2076672    |
| train/                  |            |
|    approx_kl            | 0.03323001 |
|    clip_fraction        | 0.243      |
|    clip_range           | 0.2        |
|    entropy_loss         | -18.6      |
|    explained_variance   | 0.852      |
|    learning_rate        | 0.0003     |
|    loss                 | 0.396      |
|    n_updates            | 10100      |
|    policy_gradient_loss | -0.0386    |
|    std                  | 2.6        |
|    value_loss           | 1.74       |
----------------------------------------
----------------------------------------
| manipularl/             |            |
|    align_curriculum     | 0          |
|    collision_rate       | 0.33       |
|    grasp_failure_rate   | 0.669      |
|    insert_depth_mean    | 0          |
|    insert_tilt_deg_mean | 0.00314    |
|    success_rate         | 0          |
| rollout/                |            |
|    ep_len_mean          | 400        |
|    ep_rew_mean          | -16.8      |
| time/                   |            |
|    fps                  | 617        |
|    iterations           | 339        |
|    time_elapsed         | 3370       |
|    total_timesteps      | 2082816    |
| train/                  |            |
|    approx_kl            | 0.03058738 |
|    clip_fraction        | 0.214      |
|    clip_range           | 0.2        |
|    entropy_loss         | -18.6      |
|    explained_variance   | 0.844      |
|    learning_rate        | 0.0003     |
|    loss                 | 0.464      |
|    n_updates            | 10110      |
|    policy_gradient_loss | -0.0392    |
|    std                  | 2.6        |
|    value_loss           | 1.87       |
----------------------------------------
----------------------------------------
| manipularl/             |            |
|    align_curriculum     | 0          |
|    collision_rate       | 0.22       |
|    grasp_failure_rate   | 0.657      |
|    insert_depth_mean    | 0          |
|    insert_tilt_deg_mean | 0.00272    |
|    success_rate         | 0          |
| rollout/                |            |
|    ep_len_mean          | 400        |
|    ep_rew_mean          | -0.34      |
| time/                   |            |
|    fps                  | 618        |
|    iterations           | 340        |
|    time_elapsed         | 3379       |
|    total_timesteps      | 2088960    |
| train/                  |            |
|    approx_kl            | 0.02251223 |
|    clip_fraction        | 0.172      |
|    clip_range           | 0.2        |
|    entropy_loss         | -18.6      |
|    explained_variance   | 0.648      |
|    learning_rate        | 0.0003     |
|    loss                 | 0.238      |
|    n_updates            | 10120      |
|    policy_gradient_loss | -0.0387    |
|    std                  | 2.61       |
|    value_loss           | 1.54       |
----------------------------------------
-----------------------------------------
| manipularl/             |             |
|    align_curriculum     | 0           |
|    collision_rate       | 0.17        |
|    grasp_failure_rate   | 0.66        |
|    insert_depth_mean    | 0           |
|    insert_tilt_deg_mean | 0.00217     |
|    success_rate         | 0           |
| rollout/                |             |
|    ep_len_mean          | 400         |
|    ep_rew_mean          | 0.593       |
| time/                   |             |
|    fps                  | 618         |
|    iterations           | 341         |
|    time_elapsed         | 3387        |
|    total_timesteps      | 2095104     |
| train/                  |             |
|    approx_kl            | 0.025074212 |
|    clip_fraction        | 0.184       |
|    clip_range           | 0.2         |
|    entropy_loss         | -18.6       |
|    explained_variance   | 0.81        |
|    learning_rate        | 0.0003      |
|    loss                 | 0.348       |
|    n_updates            | 10130       |
|    policy_gradient_loss | -0.0398     |
|    std                  | 2.61        |
|    value_loss           | 2           |
-----------------------------------------
-----------------------------------------
| manipularl/             |             |
|    align_curriculum     | 0           |
|    collision_rate       | 0.17        |
|    grasp_failure_rate   | 0.681       |
|    insert_depth_mean    | 0           |
|    insert_tilt_deg_mean | 0.00209     |
|    success_rate         | 0           |
| rollout/                |             |
|    ep_len_mean          | 400         |
|    ep_rew_mean          | -0.936      |
| time/                   |             |
|    fps                  | 618         |
|    iterations           | 342         |
|    time_elapsed         | 3396        |
|    total_timesteps      | 2101248     |
| train/                  |             |
|    approx_kl            | 0.037962902 |
|    clip_fraction        | 0.244       |
|    clip_range           | 0.2         |
|    entropy_loss         | -18.6       |
|    explained_variance   | 0.841       |
|    learning_rate        | 0.0003      |
|    loss                 | -0.0271     |
|    n_updates            | 10140       |
|    policy_gradient_loss | -0.049      |
|    std                  | 2.61        |
|    value_loss           | 0.751       |
-----------------------------------------
-----------------------------------------
| manipularl/             |             |
|    align_curriculum     | 0           |
|    collision_rate       | 0.14        |
|    grasp_failure_rate   | 0.712       |
|    insert_depth_mean    | 0           |
|    insert_tilt_deg_mean | 0.002       |
|    success_rate         | 0           |
| rollout/                |             |
|    ep_len_mean          | 400         |
|    ep_rew_mean          | -1.83       |
| time/                   |             |
|    fps                  | 618         |
|    iterations           | 343         |
|    time_elapsed         | 3404        |
|    total_timesteps      | 2107392     |
| train/                  |             |
|    approx_kl            | 0.040401082 |
|    clip_fraction        | 0.289       |
|    clip_range           | 0.2         |
|    entropy_loss         | -18.6       |
|    explained_variance   | 0.915       |
|    learning_rate        | 0.0003      |
|    loss                 | -0.0419     |
|    n_updates            | 10150       |
|    policy_gradient_loss | -0.0465     |
|    std                  | 2.62        |
|    value_loss           | 0.648       |
-----------------------------------------
----------------------------------------
| manipularl/             |            |
|    align_curriculum     | 0          |
|    collision_rate       | 0.22       |
|    grasp_failure_rate   | 0.774      |
|    insert_depth_mean    | 0          |
|    insert_tilt_deg_mean | 0.00191    |
|    success_rate         | 0          |
| rollout/                |            |
|    ep_len_mean          | 400        |
|    ep_rew_mean          | -9.71      |
| time/                   |            |
|    fps                  | 619        |
|    iterations           | 344        |
|    time_elapsed         | 3413       |
|    total_timesteps      | 2113536    |
| train/                  |            |
|    approx_kl            | 0.02628913 |
|    clip_fraction        | 0.3        |
|    clip_range           | 0.2        |
|    entropy_loss         | -18.6      |
|    explained_variance   | 0.853      |
|    learning_rate        | 0.0003     |
|    loss                 | 0.0285     |
|    n_updates            | 10160      |
|    policy_gradient_loss | -0.0216    |
|    std                  | 2.62       |
|    value_loss           | 0.944      |
----------------------------------------
------------------------------------------
| manipularl/             |              |
|    align_curriculum     | 0            |
|    collision_rate       | 0.3          |
|    grasp_failure_rate   | 0.782        |
|    insert_depth_mean    | 0            |
|    insert_tilt_deg_mean | 0.00165      |
|    success_rate         | 0            |
| rollout/                |              |
|    ep_len_mean          | 400          |
|    ep_rew_mean          | -17.2        |
| time/                   |              |
|    fps                  | 619          |
|    iterations           | 345          |
|    time_elapsed         | 3422         |
|    total_timesteps      | 2119680      |
| train/                  |              |
|    approx_kl            | 0.0124383895 |
|    clip_fraction        | 0.104        |
|    clip_range           | 0.2          |
|    entropy_loss         | -18.7        |
|    explained_variance   | 0.742        |
|    learning_rate        | 0.0003       |
|    loss                 | 2.01         |
|    n_updates            | 10170        |
|    policy_gradient_loss | -0.0198      |
|    std                  | 2.62         |
|    value_loss           | 9.01         |
------------------------------------------
-----------------------------------------
| manipularl/             |             |
|    align_curriculum     | 0           |
|    collision_rate       | 0.36        |
|    grasp_failure_rate   | 0.787       |
|    insert_depth_mean    | 0           |
|    insert_tilt_deg_mean | 0.00162     |
|    success_rate         | 0           |
| rollout/                |             |
|    ep_len_mean          | 400         |
|    ep_rew_mean          | -21.9       |
| time/                   |             |
|    fps                  | 618         |
|    iterations           | 346         |
|    time_elapsed         | 3435        |
|    total_timesteps      | 2125824     |
| train/                  |             |
|    approx_kl            | 0.010533941 |
|    clip_fraction        | 0.0814      |
|    clip_range           | 0.2         |
|    entropy_loss         | -18.7       |
|    explained_variance   | 0.727       |
|    learning_rate        | 0.0003      |
|    loss                 | 2.46        |
|    n_updates            | 10180       |
|    policy_gradient_loss | -0.0243     |
|    std                  | 2.62        |
|    value_loss           | 8.98        |
-----------------------------------------
-----------------------------------------
| manipularl/             |             |
|    align_curriculum     | 0           |
|    collision_rate       | 0.33        |
|    grasp_failure_rate   | 0.784       |
|    insert_depth_mean    | 0           |
|    insert_tilt_deg_mean | 0.00174     |
|    success_rate         | 0           |
| rollout/                |             |
|    ep_len_mean          | 400         |
|    ep_rew_mean          | -20.5       |
| time/                   |             |
|    fps                  | 618         |
|    iterations           | 347         |
|    time_elapsed         | 3447        |
|    total_timesteps      | 2131968     |
| train/                  |             |
|    approx_kl            | 0.023781797 |
|    clip_fraction        | 0.194       |
|    clip_range           | 0.2         |
|    entropy_loss         | -18.7       |
|    explained_variance   | 0.827       |
|    learning_rate        | 0.0003      |
|    loss                 | 0.757       |
|    n_updates            | 10190       |
|    policy_gradient_loss | -0.0415     |
|    std                  | 2.63        |
|    value_loss           | 2.6         |
-----------------------------------------
----------------------------------------
| manipularl/             |            |
|    align_curriculum     | 0          |
|    collision_rate       | 0.36       |
|    grasp_failure_rate   | 0.787      |
|    insert_depth_mean    | 0          |
|    insert_tilt_deg_mean | 0.00172    |
|    success_rate         | 0          |
| rollout/                |            |
|    ep_len_mean          | 400        |
|    ep_rew_mean          | -20        |
| time/                   |            |
|    fps                  | 617        |
|    iterations           | 348        |
|    time_elapsed         | 3461       |
|    total_timesteps      | 2138112    |
| train/                  |            |
|    approx_kl            | 0.03562617 |
|    clip_fraction        | 0.25       |
|    clip_range           | 0.2        |
|    entropy_loss         | -18.7      |
|    explained_variance   | 0.828      |
|    learning_rate        | 0.0003     |
|    loss                 | 0.349      |
|    n_updates            | 10200      |
|    policy_gradient_loss | -0.0455    |
|    std                  | 2.64       |
|    value_loss           | 1.78       |
----------------------------------------
-----------------------------------------
| manipularl/             |             |
|    align_curriculum     | 0           |
|    collision_rate       | 0.44        |
|    grasp_failure_rate   | 0.767       |
|    insert_depth_mean    | 0           |
|    insert_tilt_deg_mean | 0.00176     |
|    success_rate         | 0           |
| rollout/                |             |
|    ep_len_mean          | 400         |
|    ep_rew_mean          | -23.5       |
| time/                   |             |
|    fps                  | 617         |
|    iterations           | 349         |
|    time_elapsed         | 3474        |
|    total_timesteps      | 2144256     |
| train/                  |             |
|    approx_kl            | 0.019746011 |
|    clip_fraction        | 0.146       |
|    clip_range           | 0.2         |
|    entropy_loss         | -18.7       |
|    explained_variance   | 0.764       |
|    learning_rate        | 0.0003      |
|    loss                 | 0.22        |
|    n_updates            | 10210       |
|    policy_gradient_loss | -0.035      |
|    std                  | 2.64        |
|    value_loss           | 2.52        |
-----------------------------------------
-----------------------------------------
| manipularl/             |             |
|    align_curriculum     | 0           |
|    collision_rate       | 0.5         |
|    grasp_failure_rate   | 0.756       |
|    insert_depth_mean    | 0           |
|    insert_tilt_deg_mean | 0.00182     |
|    success_rate         | 0           |
| rollout/                |             |
|    ep_len_mean          | 400         |
|    ep_rew_mean          | -29.8       |
| time/                   |             |
|    fps                  | 617         |
|    iterations           | 350         |
|    time_elapsed         | 3483        |
|    total_timesteps      | 2150400     |
| train/                  |             |
|    approx_kl            | 0.011558175 |
|    clip_fraction        | 0.0902      |
|    clip_range           | 0.2         |
|    entropy_loss         | -18.7       |
|    explained_variance   | 0.869       |
|    learning_rate        | 0.0003      |
|    loss                 | 1.93        |
|    n_updates            | 10220       |
|    policy_gradient_loss | -0.0208     |
|    std                  | 2.64        |
|    value_loss           | 10.3        |
-----------------------------------------
-----------------------------------------
| manipularl/             |             |
|    align_curriculum     | 0           |
|    collision_rate       | 0.38        |
|    grasp_failure_rate   | 0.74        |
|    insert_depth_mean    | 0           |
|    insert_tilt_deg_mean | 0.00193     |
|    success_rate         | 0           |
| rollout/                |             |
|    ep_len_mean          | 400         |
|    ep_rew_mean          | -26.4       |
| time/                   |             |
|    fps                  | 617         |
|    iterations           | 351         |
|    time_elapsed         | 3492        |
|    total_timesteps      | 2156544     |
| train/                  |             |
|    approx_kl            | 0.013383902 |
|    clip_fraction        | 0.0964      |
|    clip_range           | 0.2         |
|    entropy_loss         | -18.7       |
|    explained_variance   | 0.922       |
|    learning_rate        | 0.0003      |
|    loss                 | 2.95        |
|    n_updates            | 10230       |
|    policy_gradient_loss | -0.0264     |
|    std                  | 2.64        |
|    value_loss           | 9.41        |
-----------------------------------------
-----------------------------------------
| manipularl/             |             |
|    align_curriculum     | 0           |
|    collision_rate       | 0.33        |
|    grasp_failure_rate   | 0.735       |
|    insert_depth_mean    | 0           |
|    insert_tilt_deg_mean | 0.00208     |
|    success_rate         | 0           |
| rollout/                |             |
|    ep_len_mean          | 400         |
|    ep_rew_mean          | -21.6       |
| time/                   |             |
|    fps                  | 617         |
|    iterations           | 352         |
|    time_elapsed         | 3499        |
|    total_timesteps      | 2162688     |
| train/                  |             |
|    approx_kl            | 0.026454404 |
|    clip_fraction        | 0.157       |
|    clip_range           | 0.2         |
|    entropy_loss         | -18.7       |
|    explained_variance   | 0.605       |
|    learning_rate        | 0.0003      |
|    loss                 | 0.281       |
|    n_updates            | 10240       |
|    policy_gradient_loss | -0.0347     |
|    std                  | 2.64        |
|    value_loss           | 2.22        |
-----------------------------------------
-----------------------------------------
| manipularl/             |             |
|    align_curriculum     | 0           |
|    collision_rate       | 0.36        |
|    grasp_failure_rate   | 0.76        |
|    insert_depth_mean    | 0           |
|    insert_tilt_deg_mean | 0.00216     |
|    success_rate         | 0           |
| rollout/                |             |
|    ep_len_mean          | 400         |
|    ep_rew_mean          | -24.9       |
| time/                   |             |
|    fps                  | 618         |
|    iterations           | 353         |
|    time_elapsed         | 3507        |
|    total_timesteps      | 2168832     |
| train/                  |             |
|    approx_kl            | 0.026065188 |
|    clip_fraction        | 0.2         |
|    clip_range           | 0.2         |
|    entropy_loss         | -18.7       |
|    explained_variance   | 0.901       |
|    learning_rate        | 0.0003      |
|    loss                 | 0.545       |
|    n_updates            | 10250       |
|    policy_gradient_loss | -0.0212     |
|    std                  | 2.65        |
|    value_loss           | 2.22        |
-----------------------------------------
----------------------------------------
| manipularl/             |            |
|    align_curriculum     | 0          |
|    collision_rate       | 0.45       |
|    grasp_failure_rate   | 0.771      |
|    insert_depth_mean    | 0          |
|    insert_tilt_deg_mean | 0.00223    |
|    success_rate         | 0          |
| rollout/                |            |
|    ep_len_mean          | 400        |
|    ep_rew_mean          | -29.2      |
| time/                   |            |
|    fps                  | 618        |
|    iterations           | 354        |
|    time_elapsed         | 3515       |
|    total_timesteps      | 2174976    |
| train/                  |            |
|    approx_kl            | 0.02655376 |
|    clip_fraction        | 0.284      |
|    clip_range           | 0.2        |
|    entropy_loss         | -18.7      |
|    explained_variance   | 0.929      |
|    learning_rate        | 0.0003     |
|    loss                 | 1.07       |
|    n_updates            | 10260      |
|    policy_gradient_loss | -0.0176    |
|    std                  | 2.65       |
|    value_loss           | 4.08       |
----------------------------------------
-----------------------------------------
| manipularl/             |             |
|    align_curriculum     | 0           |
|    collision_rate       | 0.35        |
|    grasp_failure_rate   | 0.794       |
|    insert_depth_mean    | 0.0036      |
|    insert_tilt_deg_mean | 0.00342     |
|    success_rate         | 0.06        |
| rollout/                |             |
|    ep_len_mean          | 377         |
|    ep_rew_mean          | -22.9       |
| time/                   |             |
|    fps                  | 618         |
|    iterations           | 355         |
|    time_elapsed         | 3524        |
|    total_timesteps      | 2181120     |
| train/                  |             |
|    approx_kl            | 0.029901288 |
|    clip_fraction        | 0.216       |
|    clip_range           | 0.2         |
|    entropy_loss         | -18.7       |
|    explained_variance   | 0.885       |
|    learning_rate        | 0.0003      |
|    loss                 | 0.144       |
|    n_updates            | 10270       |
|    policy_gradient_loss | -0.0424     |
|    std                  | 2.66        |
|    value_loss           | 1.44        |
-----------------------------------------
-----------------------------------------
| manipularl/             |             |
|    align_curriculum     | 0           |
|    collision_rate       | 0.23        |
|    grasp_failure_rate   | 0.808       |
|    insert_depth_mean    | 0.0072      |
|    insert_tilt_deg_mean | 0.00452     |
|    success_rate         | 0.12        |
| rollout/                |             |
|    ep_len_mean          | 353         |
|    ep_rew_mean          | -5.21       |
| time/                   |             |
|    fps                  | 619         |
|    iterations           | 356         |
|    time_elapsed         | 3532        |
|    total_timesteps      | 2187264     |
| train/                  |             |
|    approx_kl            | 0.021660507 |
|    clip_fraction        | 0.172       |
|    clip_range           | 0.2         |
|    entropy_loss         | -18.8       |
|    explained_variance   | 0.763       |
|    learning_rate        | 0.0003      |
|    loss                 | 0.426       |
|    n_updates            | 10280       |
|    policy_gradient_loss | -0.0268     |
|    std                  | 2.66        |
|    value_loss           | 3.35        |
-----------------------------------------
----------------------------------------
| manipularl/             |            |
|    align_curriculum     | 0          |
|    collision_rate       | 0.26       |
|    grasp_failure_rate   | 0.836      |
|    insert_depth_mean    | 0.0072     |
|    insert_tilt_deg_mean | 0.0045     |
|    success_rate         | 0.12       |
| rollout/                |            |
|    ep_len_mean          | 353        |
|    ep_rew_mean          | -12.4      |
| time/                   |            |
|    fps                  | 619        |
|    iterations           | 357        |
|    time_elapsed         | 3540       |
|    total_timesteps      | 2193408    |
| train/                  |            |
|    approx_kl            | 0.02441913 |
|    clip_fraction        | 0.202      |
|    clip_range           | 0.2        |
|    entropy_loss         | -18.8      |
|    explained_variance   | 0.932      |
|    learning_rate        | 0.0003     |
|    loss                 | 0.476      |
|    n_updates            | 10290      |
|    policy_gradient_loss | -0.0283    |
|    std                  | 2.67       |
|    value_loss           | 2.61       |
----------------------------------------
-----------------------------------------
| manipularl/             |             |
|    align_curriculum     | 0           |
|    collision_rate       | 0.33        |
|    grasp_failure_rate   | 0.85        |
|    insert_depth_mean    | 0.0072      |
|    insert_tilt_deg_mean | 0.00392     |
|    success_rate         | 0.12        |
| rollout/                |             |
|    ep_len_mean          | 353         |
|    ep_rew_mean          | -22.1       |
| time/                   |             |
|    fps                  | 619         |
|    iterations           | 358         |
|    time_elapsed         | 3548        |
|    total_timesteps      | 2199552     |
| train/                  |             |
|    approx_kl            | 0.018934848 |
|    clip_fraction        | 0.197       |
|    clip_range           | 0.2         |
|    entropy_loss         | -18.8       |
|    explained_variance   | 0.932       |
|    learning_rate        | 0.0003      |
|    loss                 | 1.43        |
|    n_updates            | 10300       |
|    policy_gradient_loss | -0.0189     |
|    std                  | 2.68        |
|    value_loss           | 4.8         |
-----------------------------------------
-----------------------------------------
| manipularl/             |             |
|    align_curriculum     | 0           |
|    collision_rate       | 0.28        |
|    grasp_failure_rate   | 0.853       |
|    insert_depth_mean    | 0.0072      |
|    insert_tilt_deg_mean | 0.00393     |
|    success_rate         | 0.12        |
| rollout/                |             |
|    ep_len_mean          | 353         |
|    ep_rew_mean          | -16.4       |
| time/                   |             |
|    fps                  | 620         |
|    iterations           | 359         |
|    time_elapsed         | 3557        |
|    total_timesteps      | 2205696     |
| train/                  |             |
|    approx_kl            | 0.017171245 |
|    clip_fraction        | 0.163       |
|    clip_range           | 0.2         |
|    entropy_loss         | -18.8       |
|    explained_variance   | 0.93        |
|    learning_rate        | 0.0003      |
|    loss                 | 3.36        |
|    n_updates            | 10310       |
|    policy_gradient_loss | -0.0227     |
|    std                  | 2.68        |
|    value_loss           | 9.02        |
-----------------------------------------
----------------------------------------
| manipularl/             |            |
|    align_curriculum     | 0          |
|    collision_rate       | 0.32       |
|    grasp_failure_rate   | 0.887      |
|    insert_depth_mean    | 0.0072     |
|    insert_tilt_deg_mean | 0.00389    |
|    success_rate         | 0.12       |
| rollout/                |            |
|    ep_len_mean          | 353        |
|    ep_rew_mean          | -22.1      |
| time/                   |            |
|    fps                  | 620        |
|    iterations           | 360        |
|    time_elapsed         | 3564       |
|    total_timesteps      | 2211840    |
| train/                  |            |
|    approx_kl            | 0.01888598 |
|    clip_fraction        | 0.139      |
|    clip_range           | 0.2        |
|    entropy_loss         | -18.8      |
|    explained_variance   | 0.786      |
|    learning_rate        | 0.0003     |
|    loss                 | 1.11       |
|    n_updates            | 10320      |
|    policy_gradient_loss | -0.0279    |
|    std                  | 2.68       |
|    value_loss           | 4.09       |
----------------------------------------
-----------------------------------------
| manipularl/             |             |
|    align_curriculum     | 0           |
|    collision_rate       | 0.38        |
|    grasp_failure_rate   | 0.918       |
|    insert_depth_mean    | 0.0048      |
|    insert_tilt_deg_mean | 0.00341     |
|    success_rate         | 0.08        |
| rollout/                |             |
|    ep_len_mean          | 369         |
|    ep_rew_mean          | -27.8       |
| time/                   |             |
|    fps                  | 620         |
|    iterations           | 361         |
|    time_elapsed         | 3572        |
|    total_timesteps      | 2217984     |
| train/                  |             |
|    approx_kl            | 0.020703493 |
|    clip_fraction        | 0.177       |
|    clip_range           | 0.2         |
|    entropy_loss         | -18.8       |
|    explained_variance   | 0.674       |
|    learning_rate        | 0.0003      |
|    loss                 | 1.6         |
|    n_updates            | 10330       |
|    policy_gradient_loss | -0.0362     |
|    std                  | 2.69        |
|    value_loss           | 4.73        |
-----------------------------------------
-----------------------------------------
| manipularl/             |             |
|    align_curriculum     | 0           |
|    collision_rate       | 0.39        |
|    grasp_failure_rate   | 0.87        |
|    insert_depth_mean    | 0           |
|    insert_tilt_deg_mean | 0.00266     |
|    success_rate         | 0           |
| rollout/                |             |
|    ep_len_mean          | 400         |
|    ep_rew_mean          | -28.9       |
| time/                   |             |
|    fps                  | 621         |
|    iterations           | 362         |
|    time_elapsed         | 3581        |
|    total_timesteps      | 2224128     |
| train/                  |             |
|    approx_kl            | 0.025342822 |
|    clip_fraction        | 0.197       |
|    clip_range           | 0.2         |
|    entropy_loss         | -18.9       |
|    explained_variance   | 0.774       |
|    learning_rate        | 0.0003      |
|    loss                 | 0.773       |
|    n_updates            | 10340       |
|    policy_gradient_loss | -0.0369     |
|    std                  | 2.7         |
|    value_loss           | 2.69        |
-----------------------------------------
---------------------------------------
| manipularl/             |           |
|    align_curriculum     | 0         |
|    collision_rate       | 0.38      |
|    grasp_failure_rate   | 0.825     |
|    insert_depth_mean    | 0         |
|    insert_tilt_deg_mean | 0.00276   |
|    success_rate         | 0         |
| rollout/                |           |
|    ep_len_mean          | 400       |
|    ep_rew_mean          | -24       |
| time/                   |           |
|    fps                  | 621       |
|    iterations           | 363       |
|    time_elapsed         | 3589      |
|    total_timesteps      | 2230272   |
| train/                  |           |
|    approx_kl            | 0.0356582 |
|    clip_fraction        | 0.207     |
|    clip_range           | 0.2       |
|    entropy_loss         | -18.9     |
|    explained_variance   | 0.535     |
|    learning_rate        | 0.0003    |
|    loss                 | 0.0782    |
|    n_updates            | 10350     |
|    policy_gradient_loss | -0.0279   |
|    std                  | 2.7       |
|    value_loss           | 1.41      |
---------------------------------------
----------------------------------------
| manipularl/             |            |
|    align_curriculum     | 0          |
|    collision_rate       | 0.37       |
|    grasp_failure_rate   | 0.823      |
|    insert_depth_mean    | 0          |
|    insert_tilt_deg_mean | 0.00342    |
|    success_rate         | 0          |
| rollout/                |            |
|    ep_len_mean          | 400        |
|    ep_rew_mean          | -19        |
| time/                   |            |
|    fps                  | 621        |
|    iterations           | 364        |
|    time_elapsed         | 3598       |
|    total_timesteps      | 2236416    |
| train/                  |            |
|    approx_kl            | 0.03340003 |
|    clip_fraction        | 0.25       |
|    clip_range           | 0.2        |
|    entropy_loss         | -18.9      |
|    explained_variance   | 0.494      |
|    learning_rate        | 0.0003     |
|    loss                 | 0.112      |
|    n_updates            | 10360      |
|    policy_gradient_loss | -0.0396    |
|    std                  | 2.71       |
|    value_loss           | 1.49       |
----------------------------------------
-----------------------------------------
| manipularl/             |             |
|    align_curriculum     | 0           |
|    collision_rate       | 0.33        |
|    grasp_failure_rate   | 0.795       |
|    insert_depth_mean    | 0           |
|    insert_tilt_deg_mean | 0.00542     |
|    success_rate         | 0           |
| rollout/                |             |
|    ep_len_mean          | 400         |
|    ep_rew_mean          | -8.18       |
| time/                   |             |
|    fps                  | 621         |
|    iterations           | 365         |
|    time_elapsed         | 3606        |
|    total_timesteps      | 2242560     |
| train/                  |             |
|    approx_kl            | 0.033161335 |
|    clip_fraction        | 0.245       |
|    clip_range           | 0.2         |
|    entropy_loss         | -18.9       |
|    explained_variance   | 0.799       |
|    learning_rate        | 0.0003      |
|    loss                 | 0.303       |
|    n_updates            | 10370       |
|    policy_gradient_loss | -0.046      |
|    std                  | 2.71        |
|    value_loss           | 1.6         |
-----------------------------------------
-----------------------------------------
| manipularl/             |             |
|    align_curriculum     | 0           |
|    collision_rate       | 0.27        |
|    grasp_failure_rate   | 0.762       |
|    insert_depth_mean    | 0           |
|    insert_tilt_deg_mean | 0.00541     |
|    success_rate         | 0           |
| rollout/                |             |
|    ep_len_mean          | 400         |
|    ep_rew_mean          | -1.85       |
| time/                   |             |
|    fps                  | 622         |
|    iterations           | 366         |
|    time_elapsed         | 3615        |
|    total_timesteps      | 2248704     |
| train/                  |             |
|    approx_kl            | 0.030640857 |
|    clip_fraction        | 0.221       |
|    clip_range           | 0.2         |
|    entropy_loss         | -18.9       |
|    explained_variance   | 0.702       |
|    learning_rate        | 0.0003      |
|    loss                 | 0.535       |
|    n_updates            | 10380       |
|    policy_gradient_loss | -0.0454     |
|    std                  | 2.71        |
|    value_loss           | 2.16        |
-----------------------------------------
Eval num_timesteps=2249964, episode_reward=-8.72 +/- 40.60
Episode length: 400.00 +/- 0.00
-----------------------------------------
| eval/                   |             |
|    mean_ep_length       | 400         |
|    mean_reward          | -8.72       |
| manipularl/             |             |
|    align_curriculum     | 0           |
|    collision_rate       | 0.27        |
|    grasp_failure_rate   | 0.762       |
|    insert_depth_mean    | 0           |
|    insert_tilt_deg_mean | 0.00541     |
|    success_rate         | 0           |
| time/                   |             |
|    total_timesteps      | 2249964     |
| train/                  |             |
|    approx_kl            | 0.029564535 |
|    clip_fraction        | 0.217       |
|    clip_range           | 0.2         |
|    entropy_loss         | -18.9       |
|    explained_variance   | 0.849       |
|    learning_rate        | 0.0003      |
|    loss                 | 0.462       |
|    n_updates            | 10390       |
|    policy_gradient_loss | -0.0433     |
|    std                  | 2.71        |
|    value_loss           | 2.38        |
-----------------------------------------
--------------------------------------
| manipularl/             |          |
|    align_curriculum     | 0        |
|    collision_rate       | 0.25     |
|    grasp_failure_rate   | 0.739    |
|    insert_depth_mean    | 0        |
|    insert_tilt_deg_mean | 0.00525  |
|    success_rate         | 0        |
| rollout/                |          |
|    ep_len_mean          | 400      |
|    ep_rew_mean          | -0.729   |
| time/                   |          |
|    fps                  | 616      |
|    iterations           | 367      |
|    time_elapsed         | 3657     |
|    total_timesteps      | 2254848  |
--------------------------------------
-----------------------------------------
| manipularl/             |             |
|    align_curriculum     | 0           |
|    collision_rate       | 0.28        |
|    grasp_failure_rate   | 0.73        |
|    insert_depth_mean    | 0           |
|    insert_tilt_deg_mean | 0.00496     |
|    success_rate         | 0           |
| rollout/                |             |
|    ep_len_mean          | 400         |
|    ep_rew_mean          | -3.22       |
| time/                   |             |
|    fps                  | 616         |
|    iterations           | 368         |
|    time_elapsed         | 3668        |
|    total_timesteps      | 2260992     |
| train/                  |             |
|    approx_kl            | 0.027287245 |
|    clip_fraction        | 0.227       |
|    clip_range           | 0.2         |
|    entropy_loss         | -18.9       |
|    explained_variance   | 0.944       |
|    learning_rate        | 0.0003      |
|    loss                 | 0.368       |
|    n_updates            | 10400       |
|    policy_gradient_loss | -0.036      |
|    std                  | 2.71        |
|    value_loss           | 1.96        |
-----------------------------------------
-----------------------------------------
| manipularl/             |             |
|    align_curriculum     | 0           |
|    collision_rate       | 0.42        |
|    grasp_failure_rate   | 0.752       |
|    insert_depth_mean    | 0           |
|    insert_tilt_deg_mean | 0.00473     |
|    success_rate         | 0           |
| rollout/                |             |
|    ep_len_mean          | 400         |
|    ep_rew_mean          | -7.66       |
| time/                   |             |
|    fps                  | 615         |
|    iterations           | 369         |
|    time_elapsed         | 3681        |
|    total_timesteps      | 2267136     |
| train/                  |             |
|    approx_kl            | 0.043174956 |
|    clip_fraction        | 0.274       |
|    clip_range           | 0.2         |
|    entropy_loss         | -18.9       |
|    explained_variance   | 0.981       |
|    learning_rate        | 0.0003      |
|    loss                 | 0.161       |
|    n_updates            | 10410       |
|    policy_gradient_loss | -0.034      |
|    std                  | 2.71        |
|    value_loss           | 0.971       |
-----------------------------------------
-----------------------------------------
| manipularl/             |             |
|    align_curriculum     | 0           |
|    collision_rate       | 0.5         |
|    grasp_failure_rate   | 0.731       |
|    insert_depth_mean    | 0           |
|    insert_tilt_deg_mean | 0.00444     |
|    success_rate         | 0           |
| rollout/                |             |
|    ep_len_mean          | 400         |
|    ep_rew_mean          | -8.22       |
| time/                   |             |
|    fps                  | 616         |
|    iterations           | 370         |
|    time_elapsed         | 3690        |
|    total_timesteps      | 2273280     |
| train/                  |             |
|    approx_kl            | 0.030053169 |
|    clip_fraction        | 0.202       |
|    clip_range           | 0.2         |
|    entropy_loss         | -18.9       |
|    explained_variance   | 0.726       |
|    learning_rate        | 0.0003      |
|    loss                 | 0.336       |
|    n_updates            | 10420       |
|    policy_gradient_loss | -0.0444     |
|    std                  | 2.72        |
|    value_loss           | 1.74        |
-----------------------------------------
----------------------------------------
| manipularl/             |            |
|    align_curriculum     | 0          |
|    collision_rate       | 0.5        |
|    grasp_failure_rate   | 0.727      |
|    insert_depth_mean    | 0          |
|    insert_tilt_deg_mean | 0.00373    |
|    success_rate         | 0          |
| rollout/                |            |
|    ep_len_mean          | 400        |
|    ep_rew_mean          | -12.8      |
| time/                   |            |
|    fps                  | 616        |
|    iterations           | 371        |
|    time_elapsed         | 3699       |
|    total_timesteps      | 2279424    |
| train/                  |            |
|    approx_kl            | 0.01827736 |
|    clip_fraction        | 0.135      |
|    clip_range           | 0.2        |
|    entropy_loss         | -18.9      |
|    explained_variance   | 0.578      |
|    learning_rate        | 0.0003     |
|    loss                 | 0.386      |
|    n_updates            | 10430      |
|    policy_gradient_loss | -0.0279    |
|    std                  | 2.72       |
|    value_loss           | 3.38       |
----------------------------------------
-----------------------------------------
| manipularl/             |             |
|    align_curriculum     | 0           |
|    collision_rate       | 0.42        |
|    grasp_failure_rate   | 0.716       |
|    insert_depth_mean    | 0           |
|    insert_tilt_deg_mean | 0.00284     |
|    success_rate         | 0           |
| rollout/                |             |
|    ep_len_mean          | 400         |
|    ep_rew_mean          | -13.1       |
| time/                   |             |
|    fps                  | 616         |
|    iterations           | 372         |
|    time_elapsed         | 3707        |
|    total_timesteps      | 2285568     |
| train/                  |             |
|    approx_kl            | 0.021025987 |
|    clip_fraction        | 0.151       |
|    clip_range           | 0.2         |
|    entropy_loss         | -18.9       |
|    explained_variance   | 0.845       |
|    learning_rate        | 0.0003      |
|    loss                 | 0.667       |
|    n_updates            | 10440       |
|    policy_gradient_loss | -0.0285     |
|    std                  | 2.73        |
|    value_loss           | 4.03        |
-----------------------------------------
-----------------------------------------
| manipularl/             |             |
|    align_curriculum     | 0           |
|    collision_rate       | 0.39        |
|    grasp_failure_rate   | 0.734       |
|    insert_depth_mean    | 0           |
|    insert_tilt_deg_mean | 0.00278     |
|    success_rate         | 0           |
| rollout/                |             |
|    ep_len_mean          | 400         |
|    ep_rew_mean          | -12.9       |
| time/                   |             |
|    fps                  | 616         |
|    iterations           | 373         |
|    time_elapsed         | 3715        |
|    total_timesteps      | 2291712     |
| train/                  |             |
|    approx_kl            | 0.029635841 |
|    clip_fraction        | 0.192       |
|    clip_range           | 0.2         |
|    entropy_loss         | -18.9       |
|    explained_variance   | 0.904       |
|    learning_rate        | 0.0003      |
|    loss                 | 0.325       |
|    n_updates            | 10450       |
|    policy_gradient_loss | -0.0411     |
|    std                  | 2.73        |
|    value_loss           | 1.71        |
-----------------------------------------
-----------------------------------------
| manipularl/             |             |
|    align_curriculum     | 0           |
|    collision_rate       | 0.39        |
|    grasp_failure_rate   | 0.725       |
|    insert_depth_mean    | 0           |
|    insert_tilt_deg_mean | 0.00266     |
|    success_rate         | 0           |
| rollout/                |             |
|    ep_len_mean          | 400         |
|    ep_rew_mean          | -13.6       |
| time/                   |             |
|    fps                  | 617         |
|    iterations           | 374         |
|    time_elapsed         | 3724        |
|    total_timesteps      | 2297856     |
| train/                  |             |
|    approx_kl            | 0.035653207 |
|    clip_fraction        | 0.25        |
|    clip_range           | 0.2         |
|    entropy_loss         | -18.9       |
|    explained_variance   | 0.967       |
|    learning_rate        | 0.0003      |
|    loss                 | -0.0523     |
|    n_updates            | 10460       |
|    policy_gradient_loss | -0.0353     |
|    std                  | 2.73        |
|    value_loss           | 0.704       |
-----------------------------------------
----------------------------------------
| manipularl/             |            |
|    align_curriculum     | 0          |
|    collision_rate       | 0.31       |
|    grasp_failure_rate   | 0.708      |
|    insert_depth_mean    | 0          |
|    insert_tilt_deg_mean | 0.00241    |
|    success_rate         | 0          |
| rollout/                |            |
|    ep_len_mean          | 400        |
|    ep_rew_mean          | -10.7      |
| time/                   |            |
|    fps                  | 617        |
|    iterations           | 375        |
|    time_elapsed         | 3732       |
|    total_timesteps      | 2304000    |
| train/                  |            |
|    approx_kl            | 0.03889795 |
|    clip_fraction        | 0.295      |
|    clip_range           | 0.2        |
|    entropy_loss         | -18.9      |
|    explained_variance   | 0.936      |
|    learning_rate        | 0.0003     |
|    loss                 | -0.0346    |
|    n_updates            | 10470      |
|    policy_gradient_loss | -0.0322    |
|    std                  | 2.73       |
|    value_loss           | 0.827      |
----------------------------------------
----------------------------------------
| manipularl/             |            |
|    align_curriculum     | 0          |
|    collision_rate       | 0.22       |
|    grasp_failure_rate   | 0.778      |
|    insert_depth_mean    | 0          |
|    insert_tilt_deg_mean | 0.00222    |
|    success_rate         | 0          |
| rollout/                |            |
|    ep_len_mean          | 400        |
|    ep_rew_mean          | -17.4      |
| time/                   |            |
|    fps                  | 617        |
|    iterations           | 376        |
|    time_elapsed         | 3740       |
|    total_timesteps      | 2310144    |
| train/                  |            |
|    approx_kl            | 0.04263109 |
|    clip_fraction        | 0.311      |
|    clip_range           | 0.2        |
|    entropy_loss         | -19        |
|    explained_variance   | 0.926      |
|    learning_rate        | 0.0003     |
|    loss                 | 0.166      |
|    n_updates            | 10480      |
|    policy_gradient_loss | -0.0428    |
|    std                  | 2.74       |
|    value_loss           | 1.35       |
----------------------------------------
-----------------------------------------
| manipularl/             |             |
|    align_curriculum     | 0           |
|    collision_rate       | 0.22        |
|    grasp_failure_rate   | 0.789       |
|    insert_depth_mean    | 0           |
|    insert_tilt_deg_mean | 0.00236     |
|    success_rate         | 0           |
| rollout/                |             |
|    ep_len_mean          | 400         |
|    ep_rew_mean          | -16.9       |
| time/                   |             |
|    fps                  | 617         |
|    iterations           | 377         |
|    time_elapsed         | 3749        |
|    total_timesteps      | 2316288     |
| train/                  |             |
|    approx_kl            | 0.038942307 |
|    clip_fraction        | 0.276       |
|    clip_range           | 0.2         |
|    entropy_loss         | -19         |
|    explained_variance   | 0.945       |
|    learning_rate        | 0.0003      |
|    loss                 | 0.283       |
|    n_updates            | 10490       |
|    policy_gradient_loss | -0.0438     |
|    std                  | 2.75        |
|    value_loss           | 1.58        |
-----------------------------------------
-----------------------------------------
| manipularl/             |             |
|    align_curriculum     | 0           |
|    collision_rate       | 0.26        |
|    grasp_failure_rate   | 0.785       |
|    insert_depth_mean    | 0           |
|    insert_tilt_deg_mean | 0.00228     |
|    success_rate         | 0           |
| rollout/                |             |
|    ep_len_mean          | 400         |
|    ep_rew_mean          | -17.1       |
| time/                   |             |
|    fps                  | 618         |
|    iterations           | 378         |
|    time_elapsed         | 3757        |
|    total_timesteps      | 2322432     |
| train/                  |             |
|    approx_kl            | 0.029886402 |
|    clip_fraction        | 0.247       |
|    clip_range           | 0.2         |
|    entropy_loss         | -19         |
|    explained_variance   | 0.942       |
|    learning_rate        | 0.0003      |
|    loss                 | 0.276       |
|    n_updates            | 10500       |
|    policy_gradient_loss | -0.0431     |
|    std                  | 2.75        |
|    value_loss           | 1.77        |
-----------------------------------------
----------------------------------------
| manipularl/             |            |
|    align_curriculum     | 0          |
|    collision_rate       | 0.32       |
|    grasp_failure_rate   | 0.748      |
|    insert_depth_mean    | 0          |
|    insert_tilt_deg_mean | 0.00245    |
|    success_rate         | 0          |
| rollout/                |            |
|    ep_len_mean          | 400        |
|    ep_rew_mean          | -16.6      |
| time/                   |            |
|    fps                  | 618        |
|    iterations           | 379        |
|    time_elapsed         | 3765       |
|    total_timesteps      | 2328576    |
| train/                  |            |
|    approx_kl            | 0.02685831 |
|    clip_fraction        | 0.205      |
|    clip_range           | 0.2        |
|    entropy_loss         | -19        |
|    explained_variance   | 0.833      |
|    learning_rate        | 0.0003     |
|    loss                 | 0.962      |
|    n_updates            | 10510      |
|    policy_gradient_loss | -0.0358    |
|    std                  | 2.75       |
|    value_loss           | 3.1        |
----------------------------------------
----------------------------------------
| manipularl/             |            |
|    align_curriculum     | 0          |
|    collision_rate       | 0.36       |
|    grasp_failure_rate   | 0.717      |
|    insert_depth_mean    | 0          |
|    insert_tilt_deg_mean | 0.00251    |
|    success_rate         | 0          |
| rollout/                |            |
|    ep_len_mean          | 400        |
|    ep_rew_mean          | -15.5      |
| time/                   |            |
|    fps                  | 618        |
|    iterations           | 380        |
|    time_elapsed         | 3773       |
|    total_timesteps      | 2334720    |
| train/                  |            |
|    approx_kl            | 0.03686576 |
|    clip_fraction        | 0.249      |
|    clip_range           | 0.2        |
|    entropy_loss         | -19        |
|    explained_variance   | 0.862      |
|    learning_rate        | 0.0003     |
|    loss                 | -0.00987   |
|    n_updates            | 10520      |
|    policy_gradient_loss | -0.0478    |
|    std                  | 2.76       |
|    value_loss           | 1          |
----------------------------------------
-----------------------------------------
| manipularl/             |             |
|    align_curriculum     | 0           |
|    collision_rate       | 0.45        |
|    grasp_failure_rate   | 0.732       |
|    insert_depth_mean    | 0           |
|    insert_tilt_deg_mean | 0.00267     |
|    success_rate         | 0           |
| rollout/                |             |
|    ep_len_mean          | 400         |
|    ep_rew_mean          | -21.9       |
| time/                   |             |
|    fps                  | 618         |
|    iterations           | 381         |
|    time_elapsed         | 3782        |
|    total_timesteps      | 2340864     |
| train/                  |             |
|    approx_kl            | 0.024085388 |
|    clip_fraction        | 0.224       |
|    clip_range           | 0.2         |
|    entropy_loss         | -19         |
|    explained_variance   | 0.852       |
|    learning_rate        | 0.0003      |
|    loss                 | 0.806       |
|    n_updates            | 10530       |
|    policy_gradient_loss | -0.0335     |
|    std                  | 2.76        |
|    value_loss           | 3.02        |
-----------------------------------------
-----------------------------------------
| manipularl/             |             |
|    align_curriculum     | 0           |
|    collision_rate       | 0.48        |
|    grasp_failure_rate   | 0.703       |
|    insert_depth_mean    | 0           |
|    insert_tilt_deg_mean | 0.00288     |
|    success_rate         | 0           |
| rollout/                |             |
|    ep_len_mean          | 400         |
|    ep_rew_mean          | -21.2       |
| time/                   |             |
|    fps                  | 619         |
|    iterations           | 382         |
|    time_elapsed         | 3790        |
|    total_timesteps      | 2347008     |
| train/                  |             |
|    approx_kl            | 0.012873623 |
|    clip_fraction        | 0.112       |
|    clip_range           | 0.2         |
|    entropy_loss         | -19         |
|    explained_variance   | 0.83        |
|    learning_rate        | 0.0003      |
|    loss                 | 2.43        |
|    n_updates            | 10540       |
|    policy_gradient_loss | -0.0161     |
|    std                  | 2.76        |
|    value_loss           | 10.3        |
-----------------------------------------
-----------------------------------------
| manipularl/             |             |
|    align_curriculum     | 0           |
|    collision_rate       | 0.45        |
|    grasp_failure_rate   | 0.639       |
|    insert_depth_mean    | 0           |
|    insert_tilt_deg_mean | 0.00297     |
|    success_rate         | 0           |
| rollout/                |             |
|    ep_len_mean          | 400         |
|    ep_rew_mean          | -13.7       |
| time/                   |             |
|    fps                  | 619         |
|    iterations           | 383         |
|    time_elapsed         | 3799        |
|    total_timesteps      | 2353152     |
| train/                  |             |
|    approx_kl            | 0.023855112 |
|    clip_fraction        | 0.147       |
|    clip_range           | 0.2         |
|    entropy_loss         | -19.1       |
|    explained_variance   | 0.892       |
|    learning_rate        | 0.0003      |
|    loss                 | 0.691       |
|    n_updates            | 10550       |
|    policy_gradient_loss | -0.0354     |
|    std                  | 2.77        |
|    value_loss           | 2.97        |
-----------------------------------------
-----------------------------------------
| manipularl/             |             |
|    align_curriculum     | 0           |
|    collision_rate       | 0.42        |
|    grasp_failure_rate   | 0.626       |
|    insert_depth_mean    | 0           |
|    insert_tilt_deg_mean | 0.668       |
|    success_rate         | 0           |
| rollout/                |             |
|    ep_len_mean          | 400         |
|    ep_rew_mean          | -13         |
| time/                   |             |
|    fps                  | 619         |
|    iterations           | 384         |
|    time_elapsed         | 3808        |
|    total_timesteps      | 2359296     |
| train/                  |             |
|    approx_kl            | 0.025073336 |
|    clip_fraction        | 0.172       |
|    clip_range           | 0.2         |
|    entropy_loss         | -19.1       |
|    explained_variance   | 0.713       |
|    learning_rate        | 0.0003      |
|    loss                 | 0.45        |
|    n_updates            | 10560       |
|    policy_gradient_loss | -0.0371     |
|    std                  | 2.77        |
|    value_loss           | 2.11        |
-----------------------------------------
-----------------------------------------
| manipularl/             |             |
|    align_curriculum     | 0           |
|    collision_rate       | 0.37        |
|    grasp_failure_rate   | 0.643       |
|    insert_depth_mean    | 0.0012      |
|    insert_tilt_deg_mean | 2           |
|    success_rate         | 0.02        |
| rollout/                |             |
|    ep_len_mean          | 392         |
|    ep_rew_mean          | -11.5       |
| time/                   |             |
|    fps                  | 619         |
|    iterations           | 385         |
|    time_elapsed         | 3817        |
|    total_timesteps      | 2365440     |
| train/                  |             |
|    approx_kl            | 0.034943897 |
|    clip_fraction        | 0.254       |
|    clip_range           | 0.2         |
|    entropy_loss         | -19.1       |
|    explained_variance   | 0.879       |
|    learning_rate        | 0.0003      |
|    loss                 | 0.0757      |
|    n_updates            | 10570       |
|    policy_gradient_loss | -0.0465     |
|    std                  | 2.77        |
|    value_loss           | 1.1         |
-----------------------------------------
-----------------------------------------
| manipularl/             |             |
|    align_curriculum     | 0           |
|    collision_rate       | 0.3         |
|    grasp_failure_rate   | 0.669       |
|    insert_depth_mean    | 0.0036      |
|    insert_tilt_deg_mean | 4           |
|    success_rate         | 0.06        |
| rollout/                |             |
|    ep_len_mean          | 377         |
|    ep_rew_mean          | -10.7       |
| time/                   |             |
|    fps                  | 619         |
|    iterations           | 386         |
|    time_elapsed         | 3829        |
|    total_timesteps      | 2371584     |
| train/                  |             |
|    approx_kl            | 0.028845713 |
|    clip_fraction        | 0.222       |
|    clip_range           | 0.2         |
|    entropy_loss         | -19.1       |
|    explained_variance   | 0.897       |
|    learning_rate        | 0.0003      |
|    loss                 | 0.106       |
|    n_updates            | 10580       |
|    policy_gradient_loss | -0.0288     |
|    std                  | 2.78        |
|    value_loss           | 1.3         |
-----------------------------------------
-----------------------------------------
| manipularl/             |             |
|    align_curriculum     | 0           |
|    collision_rate       | 0.26        |
|    grasp_failure_rate   | 0.695       |
|    insert_depth_mean    | 0.0072      |
|    insert_tilt_deg_mean | 4           |
|    success_rate         | 0.12        |
| rollout/                |             |
|    ep_len_mean          | 353         |
|    ep_rew_mean          | 1.08        |
| time/                   |             |
|    fps                  | 618         |
|    iterations           | 387         |
|    time_elapsed         | 3842        |
|    total_timesteps      | 2377728     |
| train/                  |             |
|    approx_kl            | 0.031457808 |
|    clip_fraction        | 0.23        |
|    clip_range           | 0.2         |
|    entropy_loss         | -19.1       |
|    explained_variance   | 0.949       |
|    learning_rate        | 0.0003      |
|    loss                 | 0.235       |
|    n_updates            | 10590       |
|    policy_gradient_loss | -0.0359     |
|    std                  | 2.78        |
|    value_loss           | 2.17        |
-----------------------------------------
-----------------------------------------
| manipularl/             |             |
|    align_curriculum     | 0           |
|    collision_rate       | 0.29        |
|    grasp_failure_rate   | 0.69        |
|    insert_depth_mean    | 0.0072      |
|    insert_tilt_deg_mean | 4           |
|    success_rate         | 0.12        |
| rollout/                |             |
|    ep_len_mean          | 353         |
|    ep_rew_mean          | -2.37       |
| time/                   |             |
|    fps                  | 618         |
|    iterations           | 388         |
|    time_elapsed         | 3855        |
|    total_timesteps      | 2383872     |
| train/                  |             |
|    approx_kl            | 0.030767376 |
|    clip_fraction        | 0.245       |
|    clip_range           | 0.2         |
|    entropy_loss         | -19.1       |
|    explained_variance   | 0.955       |
|    learning_rate        | 0.0003      |
|    loss                 | 0.736       |
|    n_updates            | 10600       |
|    policy_gradient_loss | -0.0356     |
|    std                  | 2.79        |
|    value_loss           | 2.44        |
-----------------------------------------
-----------------------------------------
| manipularl/             |             |
|    align_curriculum     | 0           |
|    collision_rate       | 0.3         |
|    grasp_failure_rate   | 0.685       |
|    insert_depth_mean    | 0.0072      |
|    insert_tilt_deg_mean | 4           |
|    success_rate         | 0.12        |
| rollout/                |             |
|    ep_len_mean          | 353         |
|    ep_rew_mean          | -2.1        |
| time/                   |             |
|    fps                  | 617         |
|    iterations           | 389         |
|    time_elapsed         | 3869        |
|    total_timesteps      | 2390016     |
| train/                  |             |
|    approx_kl            | 0.014585376 |
|    clip_fraction        | 0.143       |
|    clip_range           | 0.2         |
|    entropy_loss         | -19.1       |
|    explained_variance   | 0.398       |
|    learning_rate        | 0.0003      |
|    loss                 | 0.264       |
|    n_updates            | 10610       |
|    policy_gradient_loss | -0.0167     |
|    std                  | 2.79        |
|    value_loss           | 5.67        |
-----------------------------------------
-----------------------------------------
| manipularl/             |             |
|    align_curriculum     | 0           |
|    collision_rate       | 0.36        |
|    grasp_failure_rate   | 0.686       |
|    insert_depth_mean    | 0.0072      |
|    insert_tilt_deg_mean | 2.67        |
|    success_rate         | 0.12        |
| rollout/                |             |
|    ep_len_mean          | 353         |
|    ep_rew_mean          | -3.25       |
| time/                   |             |
|    fps                  | 617         |
|    iterations           | 390         |
|    time_elapsed         | 3878        |
|    total_timesteps      | 2396160     |
| train/                  |             |
|    approx_kl            | 0.049430165 |
|    clip_fraction        | 0.318       |
|    clip_range           | 0.2         |
|    entropy_loss         | -19.2       |
|    explained_variance   | 0.901       |
|    learning_rate        | 0.0003      |
|    loss                 | -0.145      |
|    n_updates            | 10620       |
|    policy_gradient_loss | -0.0535     |
|    std                  | 2.81        |
|    value_loss           | 0.291       |
-----------------------------------------
-----------------------------------------
| manipularl/             |             |
|    align_curriculum     | 0           |
|    collision_rate       | 0.43        |
|    grasp_failure_rate   | 0.661       |
|    insert_depth_mean    | 0.006       |
|    insert_tilt_deg_mean | 0.00634     |
|    success_rate         | 0.1         |
| rollout/                |             |
|    ep_len_mean          | 361         |
|    ep_rew_mean          | -4.42       |
| time/                   |             |
|    fps                  | 617         |
|    iterations           | 391         |
|    time_elapsed         | 3888        |
|    total_timesteps      | 2402304     |
| train/                  |             |
|    approx_kl            | 0.015375304 |
|    clip_fraction        | 0.162       |
|    clip_range           | 0.2         |
|    entropy_loss         | -19.2       |
|    explained_variance   | 0.172       |
|    learning_rate        | 0.0003      |
|    loss                 | 0.69        |
|    n_updates            | 10630       |
|    policy_gradient_loss | -0.0236     |
|    std                  | 2.81        |
|    value_loss           | 3.17        |
-----------------------------------------
-----------------------------------------
| manipularl/             |             |
|    align_curriculum     | 0           |
|    collision_rate       | 0.49        |
|    grasp_failure_rate   | 0.691       |
|    insert_depth_mean    | 0.0036      |
|    insert_tilt_deg_mean | 0.00489     |
|    success_rate         | 0.06        |
| rollout/                |             |
|    ep_len_mean          | 377         |
|    ep_rew_mean          | -9.2        |
| time/                   |             |
|    fps                  | 617         |
|    iterations           | 392         |
|    time_elapsed         | 3898        |
|    total_timesteps      | 2408448     |
| train/                  |             |
|    approx_kl            | 0.011999541 |
|    clip_fraction        | 0.106       |
|    clip_range           | 0.2         |
|    entropy_loss         | -19.2       |
|    explained_variance   | 0.486       |
|    learning_rate        | 0.0003      |
|    loss                 | 1.61        |
|    n_updates            | 10640       |
|    policy_gradient_loss | -0.0267     |
|    std                  | 2.82        |
|    value_loss           | 5.18        |
-----------------------------------------
-----------------------------------------
| manipularl/             |             |
|    align_curriculum     | 0           |
|    collision_rate       | 0.5         |
|    grasp_failure_rate   | 0.696       |
|    insert_depth_mean    | 1.7e-05     |
|    insert_tilt_deg_mean | 0.00307     |
|    success_rate         | 0           |
| rollout/                |             |
|    ep_len_mean          | 400         |
|    ep_rew_mean          | -12.5       |
| time/                   |             |
|    fps                  | 618         |
|    iterations           | 393         |
|    time_elapsed         | 3906        |
|    total_timesteps      | 2414592     |
| train/                  |             |
|    approx_kl            | 0.023054326 |
|    clip_fraction        | 0.154       |
|    clip_range           | 0.2         |
|    entropy_loss         | -19.2       |
|    explained_variance   | 0.816       |
|    learning_rate        | 0.0003      |
|    loss                 | 0.605       |
|    n_updates            | 10650       |
|    policy_gradient_loss | -0.0379     |
|    std                  | 2.82        |
|    value_loss           | 3.93        |
-----------------------------------------
-----------------------------------------
| manipularl/             |             |
|    align_curriculum     | 0           |
|    collision_rate       | 0.47        |
|    grasp_failure_rate   | 0.73        |
|    insert_depth_mean    | 1.7e-05     |
|    insert_tilt_deg_mean | 0.00265     |
|    success_rate         | 0           |
| rollout/                |             |
|    ep_len_mean          | 400         |
|    ep_rew_mean          | -13.5       |
| time/                   |             |
|    fps                  | 618         |
|    iterations           | 394         |
|    time_elapsed         | 3914        |
|    total_timesteps      | 2420736     |
| train/                  |             |
|    approx_kl            | 0.019540353 |
|    clip_fraction        | 0.145       |
|    clip_range           | 0.2         |
|    entropy_loss         | -19.2       |
|    explained_variance   | 0.927       |
|    learning_rate        | 0.0003      |
|    loss                 | 0.374       |
|    n_updates            | 10660       |
|    policy_gradient_loss | -0.028      |
|    std                  | 2.83        |
|    value_loss           | 2.16        |
-----------------------------------------
----------------------------------------
| manipularl/             |            |
|    align_curriculum     | 0          |
|    collision_rate       | 0.4        |
|    grasp_failure_rate   | 0.713      |
|    insert_depth_mean    | 1.7e-05    |
|    insert_tilt_deg_mean | 0.00269    |
|    success_rate         | 0          |
| rollout/                |            |
|    ep_len_mean          | 400        |
|    ep_rew_mean          | -13.3      |
| time/                   |            |
|    fps                  | 618        |
|    iterations           | 395        |
|    time_elapsed         | 3923       |
|    total_timesteps      | 2426880    |
| train/                  |            |
|    approx_kl            | 0.02853532 |
|    clip_fraction        | 0.199      |
|    clip_range           | 0.2        |
|    entropy_loss         | -19.2      |
|    explained_variance   | 0.973      |
|    learning_rate        | 0.0003     |
|    loss                 | 0.0241     |
|    n_updates            | 10670      |
|    policy_gradient_loss | -0.0414    |
|    std                  | 2.82       |
|    value_loss           | 0.95       |
----------------------------------------
----------------------------------------
| manipularl/             |            |
|    align_curriculum     | 0          |
|    collision_rate       | 0.41       |
|    grasp_failure_rate   | 0.727      |
|    insert_depth_mean    | 1.7e-05    |
|    insert_tilt_deg_mean | 0.0028     |
|    success_rate         | 0          |
| rollout/                |            |
|    ep_len_mean          | 400        |
|    ep_rew_mean          | -13        |
| time/                   |            |
|    fps                  | 618        |
|    iterations           | 396        |
|    time_elapsed         | 3932       |
|    total_timesteps      | 2433024    |
| train/                  |            |
|    approx_kl            | 0.03967138 |
|    clip_fraction        | 0.256      |
|    clip_range           | 0.2        |
|    entropy_loss         | -19.2      |
|    explained_variance   | 0.825      |
|    learning_rate        | 0.0003     |
|    loss                 | 0.00651    |
|    n_updates            | 10680      |
|    policy_gradient_loss | -0.0465    |
|    std                  | 2.83       |
|    value_loss           | 0.859      |
----------------------------------------
----------------------------------------
| manipularl/             |            |
|    align_curriculum     | 0          |
|    collision_rate       | 0.32       |
|    grasp_failure_rate   | 0.793      |
|    insert_depth_mean    | 1.7e-05    |
|    insert_tilt_deg_mean | 0.00353    |
|    success_rate         | 0          |
| rollout/                |            |
|    ep_len_mean          | 400        |
|    ep_rew_mean          | -13.9      |
| time/                   |            |
|    fps                  | 618        |
|    iterations           | 397        |
|    time_elapsed         | 3941       |
|    total_timesteps      | 2439168    |
| train/                  |            |
|    approx_kl            | 0.03832109 |
|    clip_fraction        | 0.265      |
|    clip_range           | 0.2        |
|    entropy_loss         | -19.2      |
|    explained_variance   | 0.957      |
|    learning_rate        | 0.0003     |
|    loss                 | -0.0384    |
|    n_updates            | 10690      |
|    policy_gradient_loss | -0.0479    |
|    std                  | 2.84       |
|    value_loss           | 0.784      |
----------------------------------------
-----------------------------------------
| manipularl/             |             |
|    align_curriculum     | 0           |
|    collision_rate       | 0.23        |
|    grasp_failure_rate   | 0.802       |
|    insert_depth_mean    | 1.7e-05     |
|    insert_tilt_deg_mean | 0.00354     |
|    success_rate         | 0           |
| rollout/                |             |
|    ep_len_mean          | 400         |
|    ep_rew_mean          | -12.3       |
| time/                   |             |
|    fps                  | 619         |
|    iterations           | 398         |
|    time_elapsed         | 3949        |
|    total_timesteps      | 2445312     |
| train/                  |             |
|    approx_kl            | 0.026340598 |
|    clip_fraction        | 0.221       |
|    clip_range           | 0.2         |
|    entropy_loss         | -19.3       |
|    explained_variance   | 0.969       |
|    learning_rate        | 0.0003      |
|    loss                 | -0.0435     |
|    n_updates            | 10700       |
|    policy_gradient_loss | -0.0348     |
|    std                  | 2.84        |
|    value_loss           | 0.78        |
-----------------------------------------
-----------------------------------------
| manipularl/             |             |
|    align_curriculum     | 0           |
|    collision_rate       | 0.26        |
|    grasp_failure_rate   | 0.801       |
|    insert_depth_mean    | 0           |
|    insert_tilt_deg_mean | 0.00349     |
|    success_rate         | 0           |
| rollout/                |             |
|    ep_len_mean          | 400         |
|    ep_rew_mean          | -13.1       |
| time/                   |             |
|    fps                  | 619         |
|    iterations           | 399         |
|    time_elapsed         | 3958        |
|    total_timesteps      | 2451456     |
| train/                  |             |
|    approx_kl            | 0.021596389 |
|    clip_fraction        | 0.179       |
|    clip_range           | 0.2         |
|    entropy_loss         | -19.3       |
|    explained_variance   | 0.939       |
|    learning_rate        | 0.0003      |
|    loss                 | 0.0811      |
|    n_updates            | 10710       |
|    policy_gradient_loss | -0.027      |
|    std                  | 2.85        |
|    value_loss           | 1.36        |
-----------------------------------------
-----------------------------------------
| manipularl/             |             |
|    align_curriculum     | 0           |
|    collision_rate       | 0.31        |
|    grasp_failure_rate   | 0.791       |
|    insert_depth_mean    | 0           |
|    insert_tilt_deg_mean | 0.00345     |
|    success_rate         | 0           |
| rollout/                |             |
|    ep_len_mean          | 400         |
|    ep_rew_mean          | -9.09       |
| time/                   |             |
|    fps                  | 619         |
|    iterations           | 400         |
|    time_elapsed         | 3968        |
|    total_timesteps      | 2457600     |
| train/                  |             |
|    approx_kl            | 0.028845256 |
|    clip_fraction        | 0.207       |
|    clip_range           | 0.2         |
|    entropy_loss         | -19.3       |
|    explained_variance   | 0.407       |
|    learning_rate        | 0.0003      |
|    loss                 | -0.0247     |
|    n_updates            | 10720       |
|    policy_gradient_loss | -0.0394     |
|    std                  | 2.85        |
|    value_loss           | 0.744       |
-----------------------------------------
---------------------------------------
| manipularl/             |           |
|    align_curriculum     | 0         |
|    collision_rate       | 0.35      |
|    grasp_failure_rate   | 0.814     |
|    insert_depth_mean    | 0         |
|    insert_tilt_deg_mean | 0.0033    |
|    success_rate         | 0         |
| rollout/                |           |
|    ep_len_mean          | 400       |
|    ep_rew_mean          | -5.42     |
| time/                   |           |
|    fps                  | 619       |
|    iterations           | 401       |
|    time_elapsed         | 3977      |
|    total_timesteps      | 2463744   |
| train/                  |           |
|    approx_kl            | 0.0209577 |
|    clip_fraction        | 0.23      |
|    clip_range           | 0.2       |
|    entropy_loss         | -19.3     |
|    explained_variance   | 0.569     |
|    learning_rate        | 0.0003    |
|    loss                 | 0.334     |
|    n_updates            | 10730     |
|    policy_gradient_loss | -0.0286   |
|    std                  | 2.86      |
|    value_loss           | 2.04      |
---------------------------------------
-----------------------------------------
| manipularl/             |             |
|    align_curriculum     | 0           |
|    collision_rate       | 0.32        |
|    grasp_failure_rate   | 0.832       |
|    insert_depth_mean    | 0           |
|    insert_tilt_deg_mean | 0.00332     |
|    success_rate         | 0           |
| rollout/                |             |
|    ep_len_mean          | 400         |
|    ep_rew_mean          | -5.48       |
| time/                   |             |
|    fps                  | 619         |
|    iterations           | 402         |
|    time_elapsed         | 3986        |
|    total_timesteps      | 2469888     |
| train/                  |             |
|    approx_kl            | 0.035783913 |
|    clip_fraction        | 0.252       |
|    clip_range           | 0.2         |
|    entropy_loss         | -19.3       |
|    explained_variance   | 0.799       |
|    learning_rate        | 0.0003      |
|    loss                 | 0.0689      |
|    n_updates            | 10740       |
|    policy_gradient_loss | -0.044      |
|    std                  | 2.86        |
|    value_loss           | 1.02        |
-----------------------------------------
----------------------------------------
| manipularl/             |            |
|    align_curriculum     | 0          |
|    collision_rate       | 0.41       |
|    grasp_failure_rate   | 0.834      |
|    insert_depth_mean    | 0          |
|    insert_tilt_deg_mean | 0.00276    |
|    success_rate         | 0          |
| rollout/                |            |
|    ep_len_mean          | 400        |
|    ep_rew_mean          | -8.47      |
| time/                   |            |
|    fps                  | 619        |
|    iterations           | 403        |
|    time_elapsed         | 3994       |
|    total_timesteps      | 2476032    |
| train/                  |            |
|    approx_kl            | 0.01995434 |
|    clip_fraction        | 0.161      |
|    clip_range           | 0.2        |
|    entropy_loss         | -19.3      |
|    explained_variance   | 0.852      |
|    learning_rate        | 0.0003     |
|    loss                 | 0.194      |
|    n_updates            | 10750      |
|    policy_gradient_loss | -0.0278    |
|    std                  | 2.87       |
|    value_loss           | 1.93       |
----------------------------------------
----------------------------------------
| manipularl/             |            |
|    align_curriculum     | 0          |
|    collision_rate       | 0.52       |
|    grasp_failure_rate   | 0.791      |
|    insert_depth_mean    | 0          |
|    insert_tilt_deg_mean | 0.00232    |
|    success_rate         | 0          |
| rollout/                |            |
|    ep_len_mean          | 400        |
|    ep_rew_mean          | -10.3      |
| time/                   |            |
|    fps                  | 619        |
|    iterations           | 404        |
|    time_elapsed         | 4007       |
|    total_timesteps      | 2482176    |
| train/                  |            |
|    approx_kl            | 0.01659738 |
|    clip_fraction        | 0.132      |
|    clip_range           | 0.2        |
|    entropy_loss         | -19.3      |
|    explained_variance   | 0.879      |
|    learning_rate        | 0.0003     |
|    loss                 | 1          |
|    n_updates            | 10760      |
|    policy_gradient_loss | -0.0306    |
|    std                  | 2.87       |
|    value_loss           | 4.37       |
----------------------------------------
-----------------------------------------
| manipularl/             |             |
|    align_curriculum     | 0           |
|    collision_rate       | 0.57        |
|    grasp_failure_rate   | 0.773       |
|    insert_depth_mean    | 0           |
|    insert_tilt_deg_mean | 0.00232     |
|    success_rate         | 0           |
| rollout/                |             |
|    ep_len_mean          | 400         |
|    ep_rew_mean          | -10         |
| time/                   |             |
|    fps                  | 619         |
|    iterations           | 405         |
|    time_elapsed         | 4019        |
|    total_timesteps      | 2488320     |
| train/                  |             |
|    approx_kl            | 0.017103253 |
|    clip_fraction        | 0.114       |
|    clip_range           | 0.2         |
|    entropy_loss         | -19.3       |
|    explained_variance   | 0.842       |
|    learning_rate        | 0.0003      |
|    loss                 | 1.14        |
|    n_updates            | 10770       |
|    policy_gradient_loss | -0.028      |
|    std                  | 2.88        |
|    value_loss           | 5.53        |
-----------------------------------------
-----------------------------------------
| manipularl/             |             |
|    align_curriculum     | 0           |
|    collision_rate       | 0.56        |
|    grasp_failure_rate   | 0.774       |
|    insert_depth_mean    | 0           |
|    insert_tilt_deg_mean | 0.00235     |
|    success_rate         | 0           |
| rollout/                |             |
|    ep_len_mean          | 400         |
|    ep_rew_mean          | -11.3       |
| time/                   |             |
|    fps                  | 618         |
|    iterations           | 406         |
|    time_elapsed         | 4031        |
|    total_timesteps      | 2494464     |
| train/                  |             |
|    approx_kl            | 0.021515815 |
|    clip_fraction        | 0.15        |
|    clip_range           | 0.2         |
|    entropy_loss         | -19.3       |
|    explained_variance   | 0.934       |
|    learning_rate        | 0.0003      |
|    loss                 | 0.431       |
|    n_updates            | 10780       |
|    policy_gradient_loss | -0.0337     |
|    std                  | 2.88        |
|    value_loss           | 2.78        |
-----------------------------------------
Eval num_timesteps=2499960, episode_reward=-11.66 +/- 54.45
Episode length: 400.00 +/- 0.00
-----------------------------------------
| eval/                   |             |
|    mean_ep_length       | 400         |
|    mean_reward          | -11.7       |
| manipularl/             |             |
|    align_curriculum     | 0           |
|    collision_rate       | 0.47        |
|    grasp_failure_rate   | 0.744       |
|    insert_depth_mean    | 0           |
|    insert_tilt_deg_mean | 0.00248     |
|    success_rate         | 0           |
| time/                   |             |
|    total_timesteps      | 2499960     |
| train/                  |             |
|    approx_kl            | 0.027716259 |
|    clip_fraction        | 0.206       |
|    clip_range           | 0.2         |
|    entropy_loss         | -19.3       |
|    explained_variance   | 0.931       |
|    learning_rate        | 0.0003      |
|    loss                 | 0.293       |
|    n_updates            | 10790       |
|    policy_gradient_loss | -0.0372     |
|    std                  | 2.89        |
|    value_loss           | 2.1         |
-----------------------------------------
--------------------------------------
| manipularl/             |          |
|    align_curriculum     | 0        |
|    collision_rate       | 0.47     |
|    grasp_failure_rate   | 0.744    |
|    insert_depth_mean    | 0        |
|    insert_tilt_deg_mean | 0.00248  |
|    success_rate         | 0        |
| rollout/                |          |
|    ep_len_mean          | 400      |
|    ep_rew_mean          | -9.34    |
| time/                   |          |
|    fps                  | 614      |
|    iterations           | 407      |
|    time_elapsed         | 4070     |
|    total_timesteps      | 2500608  |
--------------------------------------
----------------------------------------
| manipularl/             |            |
|    align_curriculum     | 0          |
|    collision_rate       | 0.44       |
|    grasp_failure_rate   | 0.74       |
|    insert_depth_mean    | 0          |
|    insert_tilt_deg_mean | 0.00254    |
|    success_rate         | 0          |
| rollout/                |            |
|    ep_len_mean          | 400        |
|    ep_rew_mean          | -13.1      |
| time/                   |            |
|    fps                  | 614        |
|    iterations           | 408        |
|    time_elapsed         | 4081       |
|    total_timesteps      | 2506752    |
| train/                  |            |
|    approx_kl            | 0.02822832 |
|    clip_fraction        | 0.193      |
|    clip_range           | 0.2        |
|    entropy_loss         | -19.4      |
|    explained_variance   | 0.885      |
|    learning_rate        | 0.0003     |
|    loss                 | 0.0784     |
|    n_updates            | 10800      |
|    policy_gradient_loss | -0.0417    |
|    std                  | 2.89       |
|    value_loss           | 1.16       |
----------------------------------------
-----------------------------------------
| manipularl/             |             |
|    align_curriculum     | 0           |
|    collision_rate       | 0.4         |
|    grasp_failure_rate   | 0.756       |
|    insert_depth_mean    | 0           |
|    insert_tilt_deg_mean | 0.00229     |
|    success_rate         | 0           |
| rollout/                |             |
|    ep_len_mean          | 400         |
|    ep_rew_mean          | -21.1       |
| time/                   |             |
|    fps                  | 614         |
|    iterations           | 409         |
|    time_elapsed         | 4091        |
|    total_timesteps      | 2512896     |
| train/                  |             |
|    approx_kl            | 0.013148052 |
|    clip_fraction        | 0.138       |
|    clip_range           | 0.2         |
|    entropy_loss         | -19.4       |
|    explained_variance   | 0.689       |
|    learning_rate        | 0.0003      |
|    loss                 | 1.01        |
|    n_updates            | 10810       |
|    policy_gradient_loss | -0.0202     |
|    std                  | 2.89        |
|    value_loss           | 4.54        |
-----------------------------------------
-----------------------------------------
| manipularl/             |             |
|    align_curriculum     | 0           |
|    collision_rate       | 0.42        |
|    grasp_failure_rate   | 0.78        |
|    insert_depth_mean    | 0           |
|    insert_tilt_deg_mean | 0.00206     |
|    success_rate         | 0           |
| rollout/                |             |
|    ep_len_mean          | 400         |
|    ep_rew_mean          | -31.9       |
| time/                   |             |
|    fps                  | 614         |
|    iterations           | 410         |
|    time_elapsed         | 4100        |
|    total_timesteps      | 2519040     |
| train/                  |             |
|    approx_kl            | 0.012770218 |
|    clip_fraction        | 0.143       |
|    clip_range           | 0.2         |
|    entropy_loss         | -19.4       |
|    explained_variance   | 0.775       |
|    learning_rate        | 0.0003      |
|    loss                 | 2.99        |
|    n_updates            | 10820       |
|    policy_gradient_loss | -0.0145     |
|    std                  | 2.89        |
|    value_loss           | 11.5        |
-----------------------------------------
-----------------------------------------
| manipularl/             |             |
|    align_curriculum     | 0           |
|    collision_rate       | 0.38        |
|    grasp_failure_rate   | 0.75        |
|    insert_depth_mean    | 0           |
|    insert_tilt_deg_mean | 0.00224     |
|    success_rate         | 0           |
| rollout/                |             |
|    ep_len_mean          | 400         |
|    ep_rew_mean          | -29         |
| time/                   |             |
|    fps                  | 614         |
|    iterations           | 411         |
|    time_elapsed         | 4109        |
|    total_timesteps      | 2525184     |
| train/                  |             |
|    approx_kl            | 0.011337115 |
|    clip_fraction        | 0.0924      |
|    clip_range           | 0.2         |
|    entropy_loss         | -19.4       |
|    explained_variance   | 0.876       |
|    learning_rate        | 0.0003      |
|    loss                 | 1.55        |
|    n_updates            | 10830       |
|    policy_gradient_loss | -0.022      |
|    std                  | 2.9         |
|    value_loss           | 8.5         |
-----------------------------------------
-----------------------------------------
| manipularl/             |             |
|    align_curriculum     | 0           |
|    collision_rate       | 0.34        |
|    grasp_failure_rate   | 0.742       |
|    insert_depth_mean    | 0           |
|    insert_tilt_deg_mean | 0.00255     |
|    success_rate         | 0           |
| rollout/                |             |
|    ep_len_mean          | 400         |
|    ep_rew_mean          | -36.2       |
| time/                   |             |
|    fps                  | 614         |
|    iterations           | 412         |
|    time_elapsed         | 4117        |
|    total_timesteps      | 2531328     |
| train/                  |             |
|    approx_kl            | 0.019603895 |
|    clip_fraction        | 0.131       |
|    clip_range           | 0.2         |
|    entropy_loss         | -19.4       |
|    explained_variance   | 0.619       |
|    learning_rate        | 0.0003      |
|    loss                 | 1.01        |
|    n_updates            | 10840       |
|    policy_gradient_loss | -0.0312     |
|    std                  | 2.9         |
|    value_loss           | 4.41        |
-----------------------------------------
----------------------------------------
| manipularl/             |            |
|    align_curriculum     | 0          |
|    collision_rate       | 0.32       |
|    grasp_failure_rate   | 0.758      |
|    insert_depth_mean    | 0          |
|    insert_tilt_deg_mean | 0.00239    |
|    success_rate         | 0          |
| rollout/                |            |
|    ep_len_mean          | 400        |
|    ep_rew_mean          | -37.6      |
| time/                   |            |
|    fps                  | 614        |
|    iterations           | 413        |
|    time_elapsed         | 4126       |
|    total_timesteps      | 2537472    |
| train/                  |            |
|    approx_kl            | 0.01103865 |
|    clip_fraction        | 0.08       |
|    clip_range           | 0.2        |
|    entropy_loss         | -19.4      |
|    explained_variance   | 0.824      |
|    learning_rate        | 0.0003     |
|    loss                 | 1.87       |
|    n_updates            | 10850      |
|    policy_gradient_loss | -0.0223    |
|    std                  | 2.9        |
|    value_loss           | 10         |
----------------------------------------
-----------------------------------------
| manipularl/             |             |
|    align_curriculum     | 0           |
|    collision_rate       | 0.33        |
|    grasp_failure_rate   | 0.77        |
|    insert_depth_mean    | 0           |
|    insert_tilt_deg_mean | 0.00231     |
|    success_rate         | 0           |
| rollout/                |             |
|    ep_len_mean          | 400         |
|    ep_rew_mean          | -37.8       |
| time/                   |             |
|    fps                  | 615         |
|    iterations           | 414         |
|    time_elapsed         | 4134        |
|    total_timesteps      | 2543616     |
| train/                  |             |
|    approx_kl            | 0.024900945 |
|    clip_fraction        | 0.163       |
|    clip_range           | 0.2         |
|    entropy_loss         | -19.4       |
|    explained_variance   | 0.764       |
|    learning_rate        | 0.0003      |
|    loss                 | 0.0345      |
|    n_updates            | 10860       |
|    policy_gradient_loss | -0.0339     |
|    std                  | 2.91        |
|    value_loss           | 0.856       |
-----------------------------------------
-----------------------------------------
| manipularl/             |             |
|    align_curriculum     | 0           |
|    collision_rate       | 0.36        |
|    grasp_failure_rate   | 0.754       |
|    insert_depth_mean    | 0           |
|    insert_tilt_deg_mean | 0.00233     |
|    success_rate         | 0           |
| rollout/                |             |
|    ep_len_mean          | 400         |
|    ep_rew_mean          | -35.4       |
| time/                   |             |
|    fps                  | 615         |
|    iterations           | 415         |
|    time_elapsed         | 4143        |
|    total_timesteps      | 2549760     |
| train/                  |             |
|    approx_kl            | 0.029495066 |
|    clip_fraction        | 0.193       |
|    clip_range           | 0.2         |
|    entropy_loss         | -19.4       |
|    explained_variance   | 0.924       |
|    learning_rate        | 0.0003      |
|    loss                 | 0.462       |
|    n_updates            | 10870       |
|    policy_gradient_loss | -0.036      |
|    std                  | 2.91        |
|    value_loss           | 2.33        |
-----------------------------------------
-----------------------------------------
| manipularl/             |             |
|    align_curriculum     | 0           |
|    collision_rate       | 0.34        |
|    grasp_failure_rate   | 0.771       |
|    insert_depth_mean    | 0           |
|    insert_tilt_deg_mean | 0.00236     |
|    success_rate         | 0           |
| rollout/                |             |
|    ep_len_mean          | 400         |
|    ep_rew_mean          | -22.2       |
| time/                   |             |
|    fps                  | 615         |
|    iterations           | 416         |
|    time_elapsed         | 4151        |
|    total_timesteps      | 2555904     |
| train/                  |             |
|    approx_kl            | 0.017659836 |
|    clip_fraction        | 0.142       |
|    clip_range           | 0.2         |
|    entropy_loss         | -19.4       |
|    explained_variance   | 0.863       |
|    learning_rate        | 0.0003      |
|    loss                 | 0.339       |
|    n_updates            | 10880       |
|    policy_gradient_loss | -0.0278     |
|    std                  | 2.91        |
|    value_loss           | 3.08        |
-----------------------------------------
-----------------------------------------
| manipularl/             |             |
|    align_curriculum     | 0           |
|    collision_rate       | 0.38        |
|    grasp_failure_rate   | 0.802       |
|    insert_depth_mean    | 0           |
|    insert_tilt_deg_mean | 0.00207     |
|    success_rate         | 0           |
| rollout/                |             |
|    ep_len_mean          | 400         |
|    ep_rew_mean          | -27.8       |
| time/                   |             |
|    fps                  | 616         |
|    iterations           | 417         |
|    time_elapsed         | 4158        |
|    total_timesteps      | 2562048     |
| train/                  |             |
|    approx_kl            | 0.013733241 |
|    clip_fraction        | 0.0958      |
|    clip_range           | 0.2         |
|    entropy_loss         | -19.4       |
|    explained_variance   | 0.633       |
|    learning_rate        | 0.0003      |
|    loss                 | 1.1         |
|    n_updates            | 10890       |
|    policy_gradient_loss | -0.0238     |
|    std                  | 2.92        |
|    value_loss           | 7.19        |
-----------------------------------------
----------------------------------------
| manipularl/             |            |
|    align_curriculum     | 0          |
|    collision_rate       | 0.32       |
|    grasp_failure_rate   | 0.828      |
|    insert_depth_mean    | 0          |
|    insert_tilt_deg_mean | 0.0016     |
|    success_rate         | 0          |
| rollout/                |            |
|    ep_len_mean          | 400        |
|    ep_rew_mean          | -25.7      |
| time/                   |            |
|    fps                  | 616        |
|    iterations           | 418        |
|    time_elapsed         | 4167       |
|    total_timesteps      | 2568192    |
| train/                  |            |
|    approx_kl            | 0.01854034 |
|    clip_fraction        | 0.11       |
|    clip_range           | 0.2        |
|    entropy_loss         | -19.4      |
|    explained_variance   | 0.826      |
|    learning_rate        | 0.0003     |
|    loss                 | 0.366      |
|    n_updates            | 10900      |
|    policy_gradient_loss | -0.0294    |
|    std                  | 2.92       |
|    value_loss           | 3.08       |
----------------------------------------
----------------------------------------
| manipularl/             |            |
|    align_curriculum     | 0          |
|    collision_rate       | 0.27       |
|    grasp_failure_rate   | 0.784      |
|    insert_depth_mean    | 0          |
|    insert_tilt_deg_mean | 0.00219    |
|    success_rate         | 0          |
| rollout/                |            |
|    ep_len_mean          | 400        |
|    ep_rew_mean          | -13.5      |
| time/                   |            |
|    fps                  | 616        |
|    iterations           | 419        |
|    time_elapsed         | 4175       |
|    total_timesteps      | 2574336    |
| train/                  |            |
|    approx_kl            | 0.03951776 |
|    clip_fraction        | 0.237      |
|    clip_range           | 0.2        |
|    entropy_loss         | -19.4      |
|    explained_variance   | 0.831      |
|    learning_rate        | 0.0003     |
|    loss                 | -0.0346    |
|    n_updates            | 10910      |
|    policy_gradient_loss | -0.0395    |
|    std                  | 2.93       |
|    value_loss           | 0.702      |
----------------------------------------
----------------------------------------
| manipularl/             |            |
|    align_curriculum     | 0          |
|    collision_rate       | 0.27       |
|    grasp_failure_rate   | 0.789      |
|    insert_depth_mean    | 0          |
|    insert_tilt_deg_mean | 0.00234    |
|    success_rate         | 0          |
| rollout/                |            |
|    ep_len_mean          | 400        |
|    ep_rew_mean          | -14.3      |
| time/                   |            |
|    fps                  | 616        |
|    iterations           | 420        |
|    time_elapsed         | 4183       |
|    total_timesteps      | 2580480    |
| train/                  |            |
|    approx_kl            | 0.03280942 |
|    clip_fraction        | 0.241      |
|    clip_range           | 0.2        |
|    entropy_loss         | -19.5      |
|    explained_variance   | 0.827      |
|    learning_rate        | 0.0003     |
|    loss                 | 0.133      |
|    n_updates            | 10920      |
|    policy_gradient_loss | -0.0451    |
|    std                  | 2.94       |
|    value_loss           | 1.61       |
----------------------------------------
----------------------------------------
| manipularl/             |            |
|    align_curriculum     | 0          |
|    collision_rate       | 0.26       |
|    grasp_failure_rate   | 0.769      |
|    insert_depth_mean    | 0          |
|    insert_tilt_deg_mean | 0.00226    |
|    success_rate         | 0          |
| rollout/                |            |
|    ep_len_mean          | 400        |
|    ep_rew_mean          | -12.4      |
| time/                   |            |
|    fps                  | 617        |
|    iterations           | 421        |
|    time_elapsed         | 4191       |
|    total_timesteps      | 2586624    |
| train/                  |            |
|    approx_kl            | 0.02713822 |
|    clip_fraction        | 0.178      |
|    clip_range           | 0.2        |
|    entropy_loss         | -19.5      |
|    explained_variance   | 0.81       |
|    learning_rate        | 0.0003     |
|    loss                 | 0.143      |
|    n_updates            | 10930      |
|    policy_gradient_loss | -0.0403    |
|    std                  | 2.94       |
|    value_loss           | 1.59       |
----------------------------------------
-----------------------------------------
| manipularl/             |             |
|    align_curriculum     | 0           |
|    collision_rate       | 0.17        |
|    grasp_failure_rate   | 0.715       |
|    insert_depth_mean    | 0           |
|    insert_tilt_deg_mean | 0.00236     |
|    success_rate         | 0           |
| rollout/                |             |
|    ep_len_mean          | 400         |
|    ep_rew_mean          | -8.88       |
| time/                   |             |
|    fps                  | 617         |
|    iterations           | 422         |
|    time_elapsed         | 4199        |
|    total_timesteps      | 2592768     |
| train/                  |             |
|    approx_kl            | 0.018360382 |
|    clip_fraction        | 0.173       |
|    clip_range           | 0.2         |
|    entropy_loss         | -19.5       |
|    explained_variance   | 0.554       |
|    learning_rate        | 0.0003      |
|    loss                 | 0.386       |
|    n_updates            | 10940       |
|    policy_gradient_loss | -0.0194     |
|    std                  | 2.95        |
|    value_loss           | 4.89        |
-----------------------------------------
----------------------------------------
| manipularl/             |            |
|    align_curriculum     | 0          |
|    collision_rate       | 0.11       |
|    grasp_failure_rate   | 0.691      |
|    insert_depth_mean    | 0          |
|    insert_tilt_deg_mean | 0.00244    |
|    success_rate         | 0          |
| rollout/                |            |
|    ep_len_mean          | 400        |
|    ep_rew_mean          | -3.89      |
| time/                   |            |
|    fps                  | 617        |
|    iterations           | 423        |
|    time_elapsed         | 4207       |
|    total_timesteps      | 2598912    |
| train/                  |            |
|    approx_kl            | 0.01945444 |
|    clip_fraction        | 0.156      |
|    clip_range           | 0.2        |
|    entropy_loss         | -19.5      |
|    explained_variance   | 0.873      |
|    learning_rate        | 0.0003     |
|    loss                 | 0.0339     |
|    n_updates            | 10950      |
|    policy_gradient_loss | -0.0285    |
|    std                  | 2.95       |
|    value_loss           | 1.96       |
----------------------------------------
----------------------------------------
| manipularl/             |            |
|    align_curriculum     | 0          |
|    collision_rate       | 0.13       |
|    grasp_failure_rate   | 0.689      |
|    insert_depth_mean    | 0          |
|    insert_tilt_deg_mean | 0.00263    |
|    success_rate         | 0          |
| rollout/                |            |
|    ep_len_mean          | 400        |
|    ep_rew_mean          | -3.73      |
| time/                   |            |
|    fps                  | 617        |
|    iterations           | 424        |
|    time_elapsed         | 4220       |
|    total_timesteps      | 2605056    |
| train/                  |            |
|    approx_kl            | 0.03003697 |
|    clip_fraction        | 0.206      |
|    clip_range           | 0.2        |
|    entropy_loss         | -19.5      |
|    explained_variance   | 0.834      |
|    learning_rate        | 0.0003     |
|    loss                 | 0.102      |
|    n_updates            | 10960      |
|    policy_gradient_loss | -0.0397    |
|    std                  | 2.96       |
|    value_loss           | 1.2        |
----------------------------------------
-----------------------------------------
| manipularl/             |             |
|    align_curriculum     | 0           |
|    collision_rate       | 0.16        |
|    grasp_failure_rate   | 0.688       |
|    insert_depth_mean    | 0           |
|    insert_tilt_deg_mean | 0.00269     |
|    success_rate         | 0           |
| rollout/                |             |
|    ep_len_mean          | 400         |
|    ep_rew_mean          | -8.31       |
| time/                   |             |
|    fps                  | 616         |
|    iterations           | 425         |
|    time_elapsed         | 4234        |
|    total_timesteps      | 2611200     |
| train/                  |             |
|    approx_kl            | 0.014597241 |
|    clip_fraction        | 0.144       |
|    clip_range           | 0.2         |
|    entropy_loss         | -19.5       |
|    explained_variance   | 0.674       |
|    learning_rate        | 0.0003      |
|    loss                 | 0.582       |
|    n_updates            | 10970       |
|    policy_gradient_loss | -0.0229     |
|    std                  | 2.96        |
|    value_loss           | 3.8         |
-----------------------------------------
-----------------------------------------
| manipularl/             |             |
|    align_curriculum     | 0           |
|    collision_rate       | 0.31        |
|    grasp_failure_rate   | 0.726       |
|    insert_depth_mean    | 0           |
|    insert_tilt_deg_mean | 0.00212     |
|    success_rate         | 0           |
| rollout/                |             |
|    ep_len_mean          | 400         |
|    ep_rew_mean          | -21.4       |
| time/                   |             |
|    fps                  | 616         |
|    iterations           | 426         |
|    time_elapsed         | 4247        |
|    total_timesteps      | 2617344     |
| train/                  |             |
|    approx_kl            | 0.013743968 |
|    clip_fraction        | 0.0864      |
|    clip_range           | 0.2         |
|    entropy_loss         | -19.5       |
|    explained_variance   | 0.856       |
|    learning_rate        | 0.0003      |
|    loss                 | 1.16        |
|    n_updates            | 10980       |
|    policy_gradient_loss | -0.0215     |
|    std                  | 2.97        |
|    value_loss           | 7.24        |
-----------------------------------------
-----------------------------------------
| manipularl/             |             |
|    align_curriculum     | 0           |
|    collision_rate       | 0.38        |
|    grasp_failure_rate   | 0.743       |
|    insert_depth_mean    | 0           |
|    insert_tilt_deg_mean | 0.00212     |
|    success_rate         | 0           |
| rollout/                |             |
|    ep_len_mean          | 400         |
|    ep_rew_mean          | -24.2       |
| time/                   |             |
|    fps                  | 615         |
|    iterations           | 427         |
|    time_elapsed         | 4260        |
|    total_timesteps      | 2623488     |
| train/                  |             |
|    approx_kl            | 0.015262489 |
|    clip_fraction        | 0.13        |
|    clip_range           | 0.2         |
|    entropy_loss         | -19.6       |
|    explained_variance   | 0.912       |
|    learning_rate        | 0.0003      |
|    loss                 | 2.57        |
|    n_updates            | 10990       |
|    policy_gradient_loss | -0.0251     |
|    std                  | 2.97        |
|    value_loss           | 7.45        |
-----------------------------------------
-----------------------------------------
| manipularl/             |             |
|    align_curriculum     | 0           |
|    collision_rate       | 0.37        |
|    grasp_failure_rate   | 0.778       |
|    insert_depth_mean    | 0           |
|    insert_tilt_deg_mean | 0.00199     |
|    success_rate         | 0           |
| rollout/                |             |
|    ep_len_mean          | 400         |
|    ep_rew_mean          | -25.8       |
| time/                   |             |
|    fps                  | 615         |
|    iterations           | 428         |
|    time_elapsed         | 4270        |
|    total_timesteps      | 2629632     |
| train/                  |             |
|    approx_kl            | 0.020955222 |
|    clip_fraction        | 0.139       |
|    clip_range           | 0.2         |
|    entropy_loss         | -19.6       |
|    explained_variance   | 0.915       |
|    learning_rate        | 0.0003      |
|    loss                 | 0.376       |
|    n_updates            | 11000       |
|    policy_gradient_loss | -0.0341     |
|    std                  | 2.98        |
|    value_loss           | 2.18        |
-----------------------------------------
-----------------------------------------
| manipularl/             |             |
|    align_curriculum     | 0           |
|    collision_rate       | 0.36        |
|    grasp_failure_rate   | 0.8         |
|    insert_depth_mean    | 0           |
|    insert_tilt_deg_mean | 0.0018      |
|    success_rate         | 0           |
| rollout/                |             |
|    ep_len_mean          | 400         |
|    ep_rew_mean          | -24.3       |
| time/                   |             |
|    fps                  | 616         |
|    iterations           | 429         |
|    time_elapsed         | 4278        |
|    total_timesteps      | 2635776     |
| train/                  |             |
|    approx_kl            | 0.022604585 |
|    clip_fraction        | 0.166       |
|    clip_range           | 0.2         |
|    entropy_loss         | -19.6       |
|    explained_variance   | 0.859       |
|    learning_rate        | 0.0003      |
|    loss                 | 0.708       |
|    n_updates            | 11010       |
|    policy_gradient_loss | -0.0319     |
|    std                  | 2.97        |
|    value_loss           | 3.75        |
-----------------------------------------
----------------------------------------
| manipularl/             |            |
|    align_curriculum     | 0          |
|    collision_rate       | 0.44       |
|    grasp_failure_rate   | 0.778      |
|    insert_depth_mean    | 0          |
|    insert_tilt_deg_mean | 0.00169    |
|    success_rate         | 0          |
| rollout/                |            |
|    ep_len_mean          | 400        |
|    ep_rew_mean          | -24.3      |
| time/                   |            |
|    fps                  | 616        |
|    iterations           | 430        |
|    time_elapsed         | 4287       |
|    total_timesteps      | 2641920    |
| train/                  |            |
|    approx_kl            | 0.02286622 |
|    clip_fraction        | 0.176      |
|    clip_range           | 0.2        |
|    entropy_loss         | -19.6      |
|    explained_variance   | 0.786      |
|    learning_rate        | 0.0003     |
|    loss                 | 0.275      |
|    n_updates            | 11020      |
|    policy_gradient_loss | -0.0326    |
|    std                  | 2.98       |
|    value_loss           | 1.89       |
----------------------------------------
-----------------------------------------
| manipularl/             |             |
|    align_curriculum     | 0           |
|    collision_rate       | 0.46        |
|    grasp_failure_rate   | 0.806       |
|    insert_depth_mean    | 0           |
|    insert_tilt_deg_mean | 0.00143     |
|    success_rate         | 0           |
| rollout/                |             |
|    ep_len_mean          | 400         |
|    ep_rew_mean          | -25.8       |
| time/                   |             |
|    fps                  | 616         |
|    iterations           | 431         |
|    time_elapsed         | 4296        |
|    total_timesteps      | 2648064     |
| train/                  |             |
|    approx_kl            | 0.022683686 |
|    clip_fraction        | 0.161       |
|    clip_range           | 0.2         |
|    entropy_loss         | -19.6       |
|    explained_variance   | 0.548       |
|    learning_rate        | 0.0003      |
|    loss                 | 0.647       |
|    n_updates            | 11030       |
|    policy_gradient_loss | -0.0315     |
|    std                  | 2.98        |
|    value_loss           | 3.37        |
-----------------------------------------
----------------------------------------
| manipularl/             |            |
|    align_curriculum     | 0          |
|    collision_rate       | 0.42       |
|    grasp_failure_rate   | 0.801      |
|    insert_depth_mean    | 0          |
|    insert_tilt_deg_mean | 0.00151    |
|    success_rate         | 0          |
| rollout/                |            |
|    ep_len_mean          | 400        |
|    ep_rew_mean          | -19.4      |
| time/                   |            |
|    fps                  | 616        |
|    iterations           | 432        |
|    time_elapsed         | 4304       |
|    total_timesteps      | 2654208    |
| train/                  |            |
|    approx_kl            | 0.02640036 |
|    clip_fraction        | 0.186      |
|    clip_range           | 0.2        |
|    entropy_loss         | -19.6      |
|    explained_variance   | 0.729      |
|    learning_rate        | 0.0003     |
|    loss                 | 0.276      |
|    n_updates            | 11040      |
|    policy_gradient_loss | -0.0365    |
|    std                  | 2.99       |
|    value_loss           | 1.85       |
----------------------------------------
----------------------------------------
| manipularl/             |            |
|    align_curriculum     | 0          |
|    collision_rate       | 0.35       |
|    grasp_failure_rate   | 0.785      |
|    insert_depth_mean    | 0          |
|    insert_tilt_deg_mean | 1.76       |
|    success_rate         | 0          |
| rollout/                |            |
|    ep_len_mean          | 400        |
|    ep_rew_mean          | -9.94      |
| time/                   |            |
|    fps                  | 616        |
|    iterations           | 433        |
|    time_elapsed         | 4312       |
|    total_timesteps      | 2660352    |
| train/                  |            |
|    approx_kl            | 0.02688243 |
|    clip_fraction        | 0.203      |
|    clip_range           | 0.2        |
|    entropy_loss         | -19.6      |
|    explained_variance   | 0.885      |
|    learning_rate        | 0.0003     |
|    loss                 | 0.111      |
|    n_updates            | 11050      |
|    policy_gradient_loss | -0.0388    |
|    std                  | 3          |
|    value_loss           | 1.75       |
----------------------------------------
----------------------------------------
| manipularl/             |            |
|    align_curriculum     | 0          |
|    collision_rate       | 0.45       |
|    grasp_failure_rate   | 0.784      |
|    insert_depth_mean    | 0          |
|    insert_tilt_deg_mean | 4.35       |
|    success_rate         | 0          |
| rollout/                |            |
|    ep_len_mean          | 400        |
|    ep_rew_mean          | -9.53      |
| time/                   |            |
|    fps                  | 617        |
|    iterations           | 434        |
|    time_elapsed         | 4319       |
|    total_timesteps      | 2666496    |
| train/                  |            |
|    approx_kl            | 0.03038763 |
|    clip_fraction        | 0.21       |
|    clip_range           | 0.2        |
|    entropy_loss         | -19.6      |
|    explained_variance   | 0.949      |
|    learning_rate        | 0.0003     |
|    loss                 | 0.0556     |
|    n_updates            | 11060      |
|    policy_gradient_loss | -0.0417    |
|    std                  | 3          |
|    value_loss           | 1.51       |
----------------------------------------
---------------------------------------
| manipularl/             |           |
|    align_curriculum     | 0         |
|    collision_rate       | 0.52      |
|    grasp_failure_rate   | 0.781     |
|    insert_depth_mean    | 0         |
|    insert_tilt_deg_mean | 6.85      |
|    success_rate         | 0         |
| rollout/                |           |
|    ep_len_mean          | 400       |
|    ep_rew_mean          | -9.29     |
| time/                   |           |
|    fps                  | 617       |
|    iterations           | 435       |
|    time_elapsed         | 4328      |
|    total_timesteps      | 2672640   |
| train/                  |           |
|    approx_kl            | 0.0291754 |
|    clip_fraction        | 0.238     |
|    clip_range           | 0.2       |
|    entropy_loss         | -19.6     |
|    explained_variance   | 0.909     |
|    learning_rate        | 0.0003    |
|    loss                 | 0.199     |
|    n_updates            | 11070     |
|    policy_gradient_loss | -0.0342   |
|    std                  | 3.01      |
|    value_loss           | 1.89      |
---------------------------------------
----------------------------------------
| manipularl/             |            |
|    align_curriculum     | 0          |
|    collision_rate       | 0.48       |
|    grasp_failure_rate   | 0.782      |
|    insert_depth_mean    | 0          |
|    insert_tilt_deg_mean | 6.85       |
|    success_rate         | 0          |
| rollout/                |            |
|    ep_len_mean          | 400        |
|    ep_rew_mean          | -9.47      |
| time/                   |            |
|    fps                  | 617        |
|    iterations           | 436        |
|    time_elapsed         | 4336       |
|    total_timesteps      | 2678784    |
| train/                  |            |
|    approx_kl            | 0.02277189 |
|    clip_fraction        | 0.207      |
|    clip_range           | 0.2        |
|    entropy_loss         | -19.7      |
|    explained_variance   | 0.888      |
|    learning_rate        | 0.0003     |
|    loss                 | 0.807      |
|    n_updates            | 11080      |
|    policy_gradient_loss | -0.0344    |
|    std                  | 3.01       |
|    value_loss           | 2.87       |
----------------------------------------
----------------------------------------
| manipularl/             |            |
|    align_curriculum     | 0          |
|    collision_rate       | 0.49       |
|    grasp_failure_rate   | 0.823      |
|    insert_depth_mean    | 0          |
|    insert_tilt_deg_mean | 6.85       |
|    success_rate         | 0          |
| rollout/                |            |
|    ep_len_mean          | 400        |
|    ep_rew_mean          | -13.9      |
| time/                   |            |
|    fps                  | 617        |
|    iterations           | 437        |
|    time_elapsed         | 4344       |
|    total_timesteps      | 2684928    |
| train/                  |            |
|    approx_kl            | 0.01818245 |
|    clip_fraction        | 0.15       |
|    clip_range           | 0.2        |
|    entropy_loss         | -19.7      |
|    explained_variance   | 0.916      |
|    learning_rate        | 0.0003     |
|    loss                 | 0.781      |
|    n_updates            | 11090      |
|    policy_gradient_loss | -0.0322    |
|    std                  | 3.01       |
|    value_loss           | 3.9        |
----------------------------------------
-----------------------------------------
| manipularl/             |             |
|    align_curriculum     | 0           |
|    collision_rate       | 0.55        |
|    grasp_failure_rate   | 0.817       |
|    insert_depth_mean    | 0           |
|    insert_tilt_deg_mean | 6.85        |
|    success_rate         | 0           |
| rollout/                |             |
|    ep_len_mean          | 400         |
|    ep_rew_mean          | -13.5       |
| time/                   |             |
|    fps                  | 618         |
|    iterations           | 438         |
|    time_elapsed         | 4353        |
|    total_timesteps      | 2691072     |
| train/                  |             |
|    approx_kl            | 0.030954057 |
|    clip_fraction        | 0.205       |
|    clip_range           | 0.2         |
|    entropy_loss         | -19.7       |
|    explained_variance   | 0.875       |
|    learning_rate        | 0.0003      |
|    loss                 | 0.217       |
|    n_updates            | 11100       |
|    policy_gradient_loss | -0.0383     |
|    std                  | 3.01        |
|    value_loss           | 1.24        |
-----------------------------------------
-----------------------------------------
| manipularl/             |             |
|    align_curriculum     | 0           |
|    collision_rate       | 0.58        |
|    grasp_failure_rate   | 0.821       |
|    insert_depth_mean    | 0           |
|    insert_tilt_deg_mean | 6.85        |
|    success_rate         | 0           |
| rollout/                |             |
|    ep_len_mean          | 400         |
|    ep_rew_mean          | -13.7       |
| time/                   |             |
|    fps                  | 618         |
|    iterations           | 439         |
|    time_elapsed         | 4363        |
|    total_timesteps      | 2697216     |
| train/                  |             |
|    approx_kl            | 0.028016776 |
|    clip_fraction        | 0.246       |
|    clip_range           | 0.2         |
|    entropy_loss         | -19.7       |
|    explained_variance   | 0.812       |
|    learning_rate        | 0.0003      |
|    loss                 | 0.581       |
|    n_updates            | 11110       |
|    policy_gradient_loss | -0.0333     |
|    std                  | 3.01        |
|    value_loss           | 1.63        |
-----------------------------------------
-----------------------------------------
| manipularl/             |             |
|    align_curriculum     | 0           |
|    collision_rate       | 0.47        |
|    grasp_failure_rate   | 0.768       |
|    insert_depth_mean    | 0           |
|    insert_tilt_deg_mean | 3.33        |
|    success_rate         | 0           |
| rollout/                |             |
|    ep_len_mean          | 400         |
|    ep_rew_mean          | -8.05       |
| time/                   |             |
|    fps                  | 618         |
|    iterations           | 440         |
|    time_elapsed         | 4372        |
|    total_timesteps      | 2703360     |
| train/                  |             |
|    approx_kl            | 0.041462358 |
|    clip_fraction        | 0.265       |
|    clip_range           | 0.2         |
|    entropy_loss         | -19.7       |
|    explained_variance   | 0.693       |
|    learning_rate        | 0.0003      |
|    loss                 | 0.00957     |
|    n_updates            | 11120       |
|    policy_gradient_loss | -0.0433     |
|    std                  | 3.01        |
|    value_loss           | 0.726       |
-----------------------------------------
----------------------------------------
| manipularl/             |            |
|    align_curriculum     | 0          |
|    collision_rate       | 0.39       |
|    grasp_failure_rate   | 0.739      |
|    insert_depth_mean    | 0          |
|    insert_tilt_deg_mean | 0.00276    |
|    success_rate         | 0          |
| rollout/                |            |
|    ep_len_mean          | 400        |
|    ep_rew_mean          | -5.22      |
| time/                   |            |
|    fps                  | 618        |
|    iterations           | 441        |
|    time_elapsed         | 4380       |
|    total_timesteps      | 2709504    |
| train/                  |            |
|    approx_kl            | 0.03869615 |
|    clip_fraction        | 0.276      |
|    clip_range           | 0.2        |
|    entropy_loss         | -19.7      |
|    explained_variance   | 0.902      |
|    learning_rate        | 0.0003     |
|    loss                 | 0.216      |
|    n_updates            | 11130      |
|    policy_gradient_loss | -0.0434    |
|    std                  | 3.02       |
|    value_loss           | 1.16       |
----------------------------------------
-----------------------------------------
| manipularl/             |             |
|    align_curriculum     | 0           |
|    collision_rate       | 0.4         |
|    grasp_failure_rate   | 0.775       |
|    insert_depth_mean    | 0           |
|    insert_tilt_deg_mean | 0.00248     |
|    success_rate         | 0           |
| rollout/                |             |
|    ep_len_mean          | 400         |
|    ep_rew_mean          | -5.75       |
| time/                   |             |
|    fps                  | 618         |
|    iterations           | 442         |
|    time_elapsed         | 4389        |
|    total_timesteps      | 2715648     |
| train/                  |             |
|    approx_kl            | 0.028085852 |
|    clip_fraction        | 0.21        |
|    clip_range           | 0.2         |
|    entropy_loss         | -19.7       |
|    explained_variance   | 0.921       |
|    learning_rate        | 0.0003      |
|    loss                 | 0.152       |
|    n_updates            | 11140       |
|    policy_gradient_loss | -0.0389     |
|    std                  | 3.02        |
|    value_loss           | 1.72        |
-----------------------------------------
-----------------------------------------
| manipularl/             |             |
|    align_curriculum     | 0           |
|    collision_rate       | 0.4         |
|    grasp_failure_rate   | 0.761       |
|    insert_depth_mean    | 0           |
|    insert_tilt_deg_mean | 0.00243     |
|    success_rate         | 0           |
| rollout/                |             |
|    ep_len_mean          | 400         |
|    ep_rew_mean          | -0.934      |
| time/                   |             |
|    fps                  | 618         |
|    iterations           | 443         |
|    time_elapsed         | 4397        |
|    total_timesteps      | 2721792     |
| train/                  |             |
|    approx_kl            | 0.029851297 |
|    clip_fraction        | 0.234       |
|    clip_range           | 0.2         |
|    entropy_loss         | -19.7       |
|    explained_variance   | 0.884       |
|    learning_rate        | 0.0003      |
|    loss                 | 0.195       |
|    n_updates            | 11150       |
|    policy_gradient_loss | -0.0395     |
|    std                  | 3.03        |
|    value_loss           | 1.05        |
-----------------------------------------
----------------------------------------
| manipularl/             |            |
|    align_curriculum     | 0          |
|    collision_rate       | 0.35       |
|    grasp_failure_rate   | 0.763      |
|    insert_depth_mean    | 0          |
|    insert_tilt_deg_mean | 0.00239    |
|    success_rate         | 0          |
| rollout/                |            |
|    ep_len_mean          | 400        |
|    ep_rew_mean          | -8.24      |
| time/                   |            |
|    fps                  | 619        |
|    iterations           | 444        |
|    time_elapsed         | 4406       |
|    total_timesteps      | 2727936    |
| train/                  |            |
|    approx_kl            | 0.01711537 |
|    clip_fraction        | 0.13       |
|    clip_range           | 0.2        |
|    entropy_loss         | -19.7      |
|    explained_variance   | 0.769      |
|    learning_rate        | 0.0003     |
|    loss                 | 0.475      |
|    n_updates            | 11160      |
|    policy_gradient_loss | -0.0268    |
|    std                  | 3.03       |
|    value_loss           | 3.42       |
----------------------------------------
-----------------------------------------
| manipularl/             |             |
|    align_curriculum     | 0           |
|    collision_rate       | 0.32        |
|    grasp_failure_rate   | 0.774       |
|    insert_depth_mean    | 0           |
|    insert_tilt_deg_mean | 0.00248     |
|    success_rate         | 0           |
| rollout/                |             |
|    ep_len_mean          | 400         |
|    ep_rew_mean          | -16.2       |
| time/                   |             |
|    fps                  | 619         |
|    iterations           | 445         |
|    time_elapsed         | 4416        |
|    total_timesteps      | 2734080     |
| train/                  |             |
|    approx_kl            | 0.012562969 |
|    clip_fraction        | 0.0988      |
|    clip_range           | 0.2         |
|    entropy_loss         | -19.7       |
|    explained_variance   | 0.417       |
|    learning_rate        | 0.0003      |
|    loss                 | 1.91        |
|    n_updates            | 11170       |
|    policy_gradient_loss | -0.0211     |
|    std                  | 3.04        |
|    value_loss           | 6.46        |
-----------------------------------------
----------------------------------------
| manipularl/             |            |
|    align_curriculum     | 0          |
|    collision_rate       | 0.29       |
|    grasp_failure_rate   | 0.774      |
|    insert_depth_mean    | 0          |
|    insert_tilt_deg_mean | 0.00379    |
|    success_rate         | 0          |
| rollout/                |            |
|    ep_len_mean          | 400        |
|    ep_rew_mean          | -16        |
| time/                   |            |
|    fps                  | 618        |
|    iterations           | 446        |
|    time_elapsed         | 4429       |
|    total_timesteps      | 2740224    |
| train/                  |            |
|    approx_kl            | 0.01039026 |
|    clip_fraction        | 0.0802     |
|    clip_range           | 0.2        |
|    entropy_loss         | -19.7      |
|    explained_variance   | 0.691      |
|    learning_rate        | 0.0003     |
|    loss                 | 1.82       |
|    n_updates            | 11180      |
|    policy_gradient_loss | -0.0222    |
|    std                  | 3.04       |
|    value_loss           | 8.29       |
----------------------------------------
-----------------------------------------
| manipularl/             |             |
|    align_curriculum     | 0           |
|    collision_rate       | 0.27        |
|    grasp_failure_rate   | 0.828       |
|    insert_depth_mean    | 0           |
|    insert_tilt_deg_mean | 0.00352     |
|    success_rate         | 0           |
| rollout/                |             |
|    ep_len_mean          | 400         |
|    ep_rew_mean          | -17.1       |
| time/                   |             |
|    fps                  | 618         |
|    iterations           | 447         |
|    time_elapsed         | 4441        |
|    total_timesteps      | 2746368     |
| train/                  |             |
|    approx_kl            | 0.030898958 |
|    clip_fraction        | 0.201       |
|    clip_range           | 0.2         |
|    entropy_loss         | -19.7       |
|    explained_variance   | 0.61        |
|    learning_rate        | 0.0003      |
|    loss                 | 0.336       |
|    n_updates            | 11190       |
|    policy_gradient_loss | -0.0406     |
|    std                  | 3.05        |
|    value_loss           | 1.89        |
-----------------------------------------
Eval num_timesteps=2749956, episode_reward=-50.46 +/- 112.80
Episode length: 400.00 +/- 0.00
-----------------------------------------
| eval/                   |             |
|    mean_ep_length       | 400         |
|    mean_reward          | -50.5       |
| manipularl/             |             |
|    align_curriculum     | 0           |
|    collision_rate       | 0.27        |
|    grasp_failure_rate   | 0.828       |
|    insert_depth_mean    | 0           |
|    insert_tilt_deg_mean | 0.00352     |
|    success_rate         | 0           |
| time/                   |             |
|    total_timesteps      | 2749956     |
| train/                  |             |
|    approx_kl            | 0.020878589 |
|    clip_fraction        | 0.176       |
|    clip_range           | 0.2         |
|    entropy_loss         | -19.8       |
|    explained_variance   | 0.917       |
|    learning_rate        | 0.0003      |
|    loss                 | 0.349       |
|    n_updates            | 11200       |
|    policy_gradient_loss | -0.0322     |
|    std                  | 3.05        |
|    value_loss           | 2.28        |
-----------------------------------------
--------------------------------------
| manipularl/             |          |
|    align_curriculum     | 0        |
|    collision_rate       | 0.26     |
|    grasp_failure_rate   | 0.833    |
|    insert_depth_mean    | 0        |
|    insert_tilt_deg_mean | 0.00348  |
|    success_rate         | 0        |
| rollout/                |          |
|    ep_len_mean          | 400      |
|    ep_rew_mean          | -19.2    |
| time/                   |          |
|    fps                  | 614      |
|    iterations           | 448      |
|    time_elapsed         | 4478     |
|    total_timesteps      | 2752512  |
--------------------------------------
-----------------------------------------
| manipularl/             |             |
|    align_curriculum     | 0           |
|    collision_rate       | 0.26        |
|    grasp_failure_rate   | 0.84        |
|    insert_depth_mean    | 0           |
|    insert_tilt_deg_mean | 0.00355     |
|    success_rate         | 0           |
| rollout/                |             |
|    ep_len_mean          | 400         |
|    ep_rew_mean          | -18.6       |
| time/                   |             |
|    fps                  | 614         |
|    iterations           | 449         |
|    time_elapsed         | 4487        |
|    total_timesteps      | 2758656     |
| train/                  |             |
|    approx_kl            | 0.022012832 |
|    clip_fraction        | 0.18        |
|    clip_range           | 0.2         |
|    entropy_loss         | -19.8       |
|    explained_variance   | 0.932       |
|    learning_rate        | 0.0003      |
|    loss                 | 0.828       |
|    n_updates            | 11210       |
|    policy_gradient_loss | -0.0361     |
|    std                  | 3.05        |
|    value_loss           | 3.17        |
-----------------------------------------
-----------------------------------------
| manipularl/             |             |
|    align_curriculum     | 0           |
|    collision_rate       | 0.3         |
|    grasp_failure_rate   | 0.846       |
|    insert_depth_mean    | 0           |
|    insert_tilt_deg_mean | 0.0036      |
|    success_rate         | 0           |
| rollout/                |             |
|    ep_len_mean          | 400         |
|    ep_rew_mean          | -17.3       |
| time/                   |             |
|    fps                  | 614         |
|    iterations           | 450         |
|    time_elapsed         | 4495        |
|    total_timesteps      | 2764800     |
| train/                  |             |
|    approx_kl            | 0.022103524 |
|    clip_fraction        | 0.168       |
|    clip_range           | 0.2         |
|    entropy_loss         | -19.8       |
|    explained_variance   | 0.878       |
|    learning_rate        | 0.0003      |
|    loss                 | 0.812       |
|    n_updates            | 11220       |
|    policy_gradient_loss | -0.0369     |
|    std                  | 3.05        |
|    value_loss           | 3.48        |
-----------------------------------------
----------------------------------------
| manipularl/             |            |
|    align_curriculum     | 0          |
|    collision_rate       | 0.21       |
|    grasp_failure_rate   | 0.806      |
|    insert_depth_mean    | 0          |
|    insert_tilt_deg_mean | 0.00338    |
|    success_rate         | 0          |
| rollout/                |            |
|    ep_len_mean          | 400        |
|    ep_rew_mean          | -0.687     |
| time/                   |            |
|    fps                  | 615        |
|    iterations           | 451        |
|    time_elapsed         | 4503       |
|    total_timesteps      | 2770944    |
| train/                  |            |
|    approx_kl            | 0.02407308 |
|    clip_fraction        | 0.155      |
|    clip_range           | 0.2        |
|    entropy_loss         | -19.8      |
|    explained_variance   | 0.774      |
|    learning_rate        | 0.0003     |
|    loss                 | 0.0177     |
|    n_updates            | 11230      |
|    policy_gradient_loss | -0.0366    |
|    std                  | 3.05       |
|    value_loss           | 1.18       |
----------------------------------------
----------------------------------------
| manipularl/             |            |
|    align_curriculum     | 0          |
|    collision_rate       | 0.26       |
|    grasp_failure_rate   | 0.81       |
|    insert_depth_mean    | 0          |
|    insert_tilt_deg_mean | 0.00159    |
|    success_rate         | 0          |
| rollout/                |            |
|    ep_len_mean          | 400        |
|    ep_rew_mean          | -1.39      |
| time/                   |            |
|    fps                  | 615        |
|    iterations           | 452        |
|    time_elapsed         | 4512       |
|    total_timesteps      | 2777088    |
| train/                  |            |
|    approx_kl            | 0.02696964 |
|    clip_fraction        | 0.215      |
|    clip_range           | 0.2        |
|    entropy_loss         | -19.8      |
|    explained_variance   | 0.828      |
|    learning_rate        | 0.0003     |
|    loss                 | 0.683      |
|    n_updates            | 11240      |
|    policy_gradient_loss | -0.0377    |
|    std                  | 3.05       |
|    value_loss           | 2.35       |
----------------------------------------
----------------------------------------
| manipularl/             |            |
|    align_curriculum     | 0          |
|    collision_rate       | 0.35       |
|    grasp_failure_rate   | 0.81       |
|    insert_depth_mean    | 0          |
|    insert_tilt_deg_mean | 0.0015     |
|    success_rate         | 0          |
| rollout/                |            |
|    ep_len_mean          | 400        |
|    ep_rew_mean          | -1.96      |
| time/                   |            |
|    fps                  | 615        |
|    iterations           | 453        |
|    time_elapsed         | 4520       |
|    total_timesteps      | 2783232    |
| train/                  |            |
|    approx_kl            | 0.03918584 |
|    clip_fraction        | 0.249      |
|    clip_range           | 0.2        |
|    entropy_loss         | -19.8      |
|    explained_variance   | 0.905      |
|    learning_rate        | 0.0003     |
|    loss                 | 0.156      |
|    n_updates            | 11250      |
|    policy_gradient_loss | -0.0467    |
|    std                  | 3.07       |
|    value_loss           | 1.23       |
----------------------------------------
-----------------------------------------
| manipularl/             |             |
|    align_curriculum     | 0           |
|    collision_rate       | 0.38        |
|    grasp_failure_rate   | 0.785       |
|    insert_depth_mean    | 0           |
|    insert_tilt_deg_mean | 0.00158     |
|    success_rate         | 0           |
| rollout/                |             |
|    ep_len_mean          | 400         |
|    ep_rew_mean          | 1.04        |
| time/                   |             |
|    fps                  | 615         |
|    iterations           | 454         |
|    time_elapsed         | 4529        |
|    total_timesteps      | 2789376     |
| train/                  |             |
|    approx_kl            | 0.029705554 |
|    clip_fraction        | 0.22        |
|    clip_range           | 0.2         |
|    entropy_loss         | -19.8       |
|    explained_variance   | 0.946       |
|    learning_rate        | 0.0003      |
|    loss                 | -0.103      |
|    n_updates            | 11260       |
|    policy_gradient_loss | -0.0327     |
|    std                  | 3.07        |
|    value_loss           | 0.429       |
-----------------------------------------
-----------------------------------------
| manipularl/             |             |
|    align_curriculum     | 0           |
|    collision_rate       | 0.37        |
|    grasp_failure_rate   | 0.777       |
|    insert_depth_mean    | 0           |
|    insert_tilt_deg_mean | 0.00182     |
|    success_rate         | 0           |
| rollout/                |             |
|    ep_len_mean          | 400         |
|    ep_rew_mean          | 2.69        |
| time/                   |             |
|    fps                  | 616         |
|    iterations           | 455         |
|    time_elapsed         | 4537        |
|    total_timesteps      | 2795520     |
| train/                  |             |
|    approx_kl            | 0.044000927 |
|    clip_fraction        | 0.282       |
|    clip_range           | 0.2         |
|    entropy_loss         | -19.8       |
|    explained_variance   | 0.891       |
|    learning_rate        | 0.0003      |
|    loss                 | -0.00191    |
|    n_updates            | 11270       |
|    policy_gradient_loss | -0.0477     |
|    std                  | 3.07        |
|    value_loss           | 0.701       |
-----------------------------------------
-----------------------------------------
| manipularl/             |             |
|    align_curriculum     | 0           |
|    collision_rate       | 0.37        |
|    grasp_failure_rate   | 0.78        |
|    insert_depth_mean    | 0           |
|    insert_tilt_deg_mean | 0.00189     |
|    success_rate         | 0           |
| rollout/                |             |
|    ep_len_mean          | 400         |
|    ep_rew_mean          | -0.0532     |
| time/                   |             |
|    fps                  | 616         |
|    iterations           | 456         |
|    time_elapsed         | 4547        |
|    total_timesteps      | 2801664     |
| train/                  |             |
|    approx_kl            | 0.019126398 |
|    clip_fraction        | 0.186       |
|    clip_range           | 0.2         |
|    entropy_loss         | -19.8       |
|    explained_variance   | 0.816       |
|    learning_rate        | 0.0003      |
|    loss                 | 0.77        |
|    n_updates            | 11280       |
|    policy_gradient_loss | -0.0334     |
|    std                  | 3.08        |
|    value_loss           | 3.27        |
-----------------------------------------
-----------------------------------------
| manipularl/             |             |
|    align_curriculum     | 0           |
|    collision_rate       | 0.37        |
|    grasp_failure_rate   | 0.77        |
|    insert_depth_mean    | 0           |
|    insert_tilt_deg_mean | 0.00178     |
|    success_rate         | 0           |
| rollout/                |             |
|    ep_len_mean          | 400         |
|    ep_rew_mean          | -0.511      |
| time/                   |             |
|    fps                  | 616         |
|    iterations           | 457         |
|    time_elapsed         | 4557        |
|    total_timesteps      | 2807808     |
| train/                  |             |
|    approx_kl            | 0.018089002 |
|    clip_fraction        | 0.133       |
|    clip_range           | 0.2         |
|    entropy_loss         | -19.8       |
|    explained_variance   | 0.908       |
|    learning_rate        | 0.0003      |
|    loss                 | 0.619       |
|    n_updates            | 11290       |
|    policy_gradient_loss | -0.0332     |
|    std                  | 3.08        |
|    value_loss           | 3.57        |
-----------------------------------------
-----------------------------------------
| manipularl/             |             |
|    align_curriculum     | 0           |
|    collision_rate       | 0.41        |
|    grasp_failure_rate   | 0.783       |
|    insert_depth_mean    | 0           |
|    insert_tilt_deg_mean | 0.305       |
|    success_rate         | 0           |
| rollout/                |             |
|    ep_len_mean          | 400         |
|    ep_rew_mean          | -2.04       |
| time/                   |             |
|    fps                  | 616         |
|    iterations           | 458         |
|    time_elapsed         | 4566        |
|    total_timesteps      | 2813952     |
| train/                  |             |
|    approx_kl            | 0.034767516 |
|    clip_fraction        | 0.224       |
|    clip_range           | 0.2         |
|    entropy_loss         | -19.8       |
|    explained_variance   | 0.827       |
|    learning_rate        | 0.0003      |
|    loss                 | 0.155       |
|    n_updates            | 11300       |
|    policy_gradient_loss | -0.0402     |
|    std                  | 3.09        |
|    value_loss           | 1.57        |
-----------------------------------------
-----------------------------------------
| manipularl/             |             |
|    align_curriculum     | 0           |
|    collision_rate       | 0.4         |
|    grasp_failure_rate   | 0.763       |
|    insert_depth_mean    | 0           |
|    insert_tilt_deg_mean | 0.989       |
|    success_rate         | 0           |
| rollout/                |             |
|    ep_len_mean          | 400         |
|    ep_rew_mean          | -3.05       |
| time/                   |             |
|    fps                  | 616         |
|    iterations           | 459         |
|    time_elapsed         | 4575        |
|    total_timesteps      | 2820096     |
| train/                  |             |
|    approx_kl            | 0.012848012 |
|    clip_fraction        | 0.0908      |
|    clip_range           | 0.2         |
|    entropy_loss         | -19.8       |
|    explained_variance   | 0.525       |
|    learning_rate        | 0.0003      |
|    loss                 | 0.435       |
|    n_updates            | 11310       |
|    policy_gradient_loss | -0.0226     |
|    std                  | 3.09        |
|    value_loss           | 4.59        |
-----------------------------------------
----------------------------------------
| manipularl/             |            |
|    align_curriculum     | 0          |
|    collision_rate       | 0.45       |
|    grasp_failure_rate   | 0.728      |
|    insert_depth_mean    | 0          |
|    insert_tilt_deg_mean | 2.71       |
|    success_rate         | 0          |
| rollout/                |            |
|    ep_len_mean          | 400        |
|    ep_rew_mean          | -5.74      |
| time/                   |            |
|    fps                  | 616        |
|    iterations           | 460        |
|    time_elapsed         | 4583       |
|    total_timesteps      | 2826240    |
| train/                  |            |
|    approx_kl            | 0.02138407 |
|    clip_fraction        | 0.133      |
|    clip_range           | 0.2        |
|    entropy_loss         | -19.9      |
|    explained_variance   | 0.218      |
|    learning_rate        | 0.0003     |
|    loss                 | 0.21       |
|    n_updates            | 11320      |
|    policy_gradient_loss | -0.0331    |
|    std                  | 3.1        |
|    value_loss           | 1.91       |
----------------------------------------
-----------------------------------------
| manipularl/             |             |
|    align_curriculum     | 0           |
|    collision_rate       | 0.55        |
|    grasp_failure_rate   | 0.719       |
|    insert_depth_mean    | 0           |
|    insert_tilt_deg_mean | 2.71        |
|    success_rate         | 0           |
| rollout/                |             |
|    ep_len_mean          | 400         |
|    ep_rew_mean          | -8.49       |
| time/                   |             |
|    fps                  | 616         |
|    iterations           | 461         |
|    time_elapsed         | 4592        |
|    total_timesteps      | 2832384     |
| train/                  |             |
|    approx_kl            | 0.021406712 |
|    clip_fraction        | 0.172       |
|    clip_range           | 0.2         |
|    entropy_loss         | -19.9       |
|    explained_variance   | 0.728       |
|    learning_rate        | 0.0003      |
|    loss                 | 0.768       |
|    n_updates            | 11330       |
|    policy_gradient_loss | -0.0341     |
|    std                  | 3.1         |
|    value_loss           | 2.89        |
-----------------------------------------
-----------------------------------------
| manipularl/             |             |
|    align_curriculum     | 0           |
|    collision_rate       | 0.6         |
|    grasp_failure_rate   | 0.659       |
|    insert_depth_mean    | 0           |
|    insert_tilt_deg_mean | 2.71        |
|    success_rate         | 0           |
| rollout/                |             |
|    ep_len_mean          | 400         |
|    ep_rew_mean          | -10         |
| time/                   |             |
|    fps                  | 616         |
|    iterations           | 462         |
|    time_elapsed         | 4601        |
|    total_timesteps      | 2838528     |
| train/                  |             |
|    approx_kl            | 0.014113081 |
|    clip_fraction        | 0.0996      |
|    clip_range           | 0.2         |
|    entropy_loss         | -19.9       |
|    explained_variance   | 0.875       |
|    learning_rate        | 0.0003      |
|    loss                 | 1.4         |
|    n_updates            | 11340       |
|    policy_gradient_loss | -0.0265     |
|    std                  | 3.1         |
|    value_loss           | 6.03        |
-----------------------------------------
-----------------------------------------
| manipularl/             |             |
|    align_curriculum     | 0           |
|    collision_rate       | 0.59        |
|    grasp_failure_rate   | 0.65        |
|    insert_depth_mean    | 0           |
|    insert_tilt_deg_mean | 2.71        |
|    success_rate         | 0           |
| rollout/                |             |
|    ep_len_mean          | 400         |
|    ep_rew_mean          | -9.72       |
| time/                   |             |
|    fps                  | 616         |
|    iterations           | 463         |
|    time_elapsed         | 4610        |
|    total_timesteps      | 2844672     |
| train/                  |             |
|    approx_kl            | 0.028620591 |
|    clip_fraction        | 0.205       |
|    clip_range           | 0.2         |
|    entropy_loss         | -19.9       |
|    explained_variance   | 0.791       |
|    learning_rate        | 0.0003      |
|    loss                 | 0.334       |
|    n_updates            | 11350       |
|    policy_gradient_loss | -0.0374     |
|    std                  | 3.11        |
|    value_loss           | 1.73        |
-----------------------------------------
-----------------------------------------
| manipularl/             |             |
|    align_curriculum     | 0           |
|    collision_rate       | 0.53        |
|    grasp_failure_rate   | 0.641       |
|    insert_depth_mean    | 0           |
|    insert_tilt_deg_mean | 2.71        |
|    success_rate         | 0           |
| rollout/                |             |
|    ep_len_mean          | 400         |
|    ep_rew_mean          | -8.92       |
| time/                   |             |
|    fps                  | 616         |
|    iterations           | 464         |
|    time_elapsed         | 4620        |
|    total_timesteps      | 2850816     |
| train/                  |             |
|    approx_kl            | 0.024432013 |
|    clip_fraction        | 0.198       |
|    clip_range           | 0.2         |
|    entropy_loss         | -19.9       |
|    explained_variance   | 0.398       |
|    learning_rate        | 0.0003      |
|    loss                 | 0.2         |
|    n_updates            | 11360       |
|    policy_gradient_loss | -0.0378     |
|    std                  | 3.11        |
|    value_loss           | 1.78        |
-----------------------------------------
-----------------------------------------
| manipularl/             |             |
|    align_curriculum     | 0           |
|    collision_rate       | 0.52        |
|    grasp_failure_rate   | 0.666       |
|    insert_depth_mean    | 0           |
|    insert_tilt_deg_mean | 2.15        |
|    success_rate         | 0           |
| rollout/                |             |
|    ep_len_mean          | 400         |
|    ep_rew_mean          | -8.01       |
| time/                   |             |
|    fps                  | 616         |
|    iterations           | 465         |
|    time_elapsed         | 4633        |
|    total_timesteps      | 2856960     |
| train/                  |             |
|    approx_kl            | 0.033162195 |
|    clip_fraction        | 0.243       |
|    clip_range           | 0.2         |
|    entropy_loss         | -19.9       |
|    explained_variance   | 0.903       |
|    learning_rate        | 0.0003      |
|    loss                 | 0.162       |
|    n_updates            | 11370       |
|    policy_gradient_loss | -0.0449     |
|    std                  | 3.11        |
|    value_loss           | 1.16        |
-----------------------------------------
-----------------------------------------
| manipularl/             |             |
|    align_curriculum     | 0           |
|    collision_rate       | 0.47        |
|    grasp_failure_rate   | 0.718       |
|    insert_depth_mean    | 0           |
|    insert_tilt_deg_mean | 0.00262     |
|    success_rate         | 0           |
| rollout/                |             |
|    ep_len_mean          | 400         |
|    ep_rew_mean          | -12.7       |
| time/                   |             |
|    fps                  | 616         |
|    iterations           | 466         |
|    time_elapsed         | 4646        |
|    total_timesteps      | 2863104     |
| train/                  |             |
|    approx_kl            | 0.019648133 |
|    clip_fraction        | 0.191       |
|    clip_range           | 0.2         |
|    entropy_loss         | -19.9       |
|    explained_variance   | 0.674       |
|    learning_rate        | 0.0003      |
|    loss                 | 0.653       |
|    n_updates            | 11380       |
|    policy_gradient_loss | -0.028      |
|    std                  | 3.12        |
|    value_loss           | 2.94        |
-----------------------------------------
-----------------------------------------
| manipularl/             |             |
|    align_curriculum     | 0           |
|    collision_rate       | 0.39        |
|    grasp_failure_rate   | 0.749       |
|    insert_depth_mean    | 0           |
|    insert_tilt_deg_mean | 0.00254     |
|    success_rate         | 0           |
| rollout/                |             |
|    ep_len_mean          | 400         |
|    ep_rew_mean          | -17.3       |
| time/                   |             |
|    fps                  | 615         |
|    iterations           | 467         |
|    time_elapsed         | 4658        |
|    total_timesteps      | 2869248     |
| train/                  |             |
|    approx_kl            | 0.011065975 |
|    clip_fraction        | 0.0861      |
|    clip_range           | 0.2         |
|    entropy_loss         | -19.9       |
|    explained_variance   | 0.491       |
|    learning_rate        | 0.0003      |
|    loss                 | 2.04        |
|    n_updates            | 11390       |
|    policy_gradient_loss | -0.0156     |
|    std                  | 3.12        |
|    value_loss           | 11.2        |
-----------------------------------------
-----------------------------------------
| manipularl/             |             |
|    align_curriculum     | 0           |
|    collision_rate       | 0.34        |
|    grasp_failure_rate   | 0.778       |
|    insert_depth_mean    | 0           |
|    insert_tilt_deg_mean | 0.00248     |
|    success_rate         | 0           |
| rollout/                |             |
|    ep_len_mean          | 400         |
|    ep_rew_mean          | -17.4       |
| time/                   |             |
|    fps                  | 615         |
|    iterations           | 468         |
|    time_elapsed         | 4671        |
|    total_timesteps      | 2875392     |
| train/                  |             |
|    approx_kl            | 0.010912501 |
|    clip_fraction        | 0.066       |
|    clip_range           | 0.2         |
|    entropy_loss         | -19.9       |
|    explained_variance   | 0.757       |
|    learning_rate        | 0.0003      |
|    loss                 | 0.958       |
|    n_updates            | 11400       |
|    policy_gradient_loss | -0.0208     |
|    std                  | 3.13        |
|    value_loss           | 7.07        |
-----------------------------------------
-----------------------------------------
| manipularl/             |             |
|    align_curriculum     | 0           |
|    collision_rate       | 0.4         |
|    grasp_failure_rate   | 0.872       |
|    insert_depth_mean    | 0           |
|    insert_tilt_deg_mean | 0.0022      |
|    success_rate         | 0           |
| rollout/                |             |
|    ep_len_mean          | 400         |
|    ep_rew_mean          | -28.5       |
| time/                   |             |
|    fps                  | 615         |
|    iterations           | 469         |
|    time_elapsed         | 4680        |
|    total_timesteps      | 2881536     |
| train/                  |             |
|    approx_kl            | 0.013203084 |
|    clip_fraction        | 0.116       |
|    clip_range           | 0.2         |
|    entropy_loss         | -19.9       |
|    explained_variance   | 0.803       |
|    learning_rate        | 0.0003      |
|    loss                 | 1.9         |
|    n_updates            | 11410       |
|    policy_gradient_loss | -0.0207     |
|    std                  | 3.13        |
|    value_loss           | 7.68        |
-----------------------------------------
-----------------------------------------
| manipularl/             |             |
|    align_curriculum     | 0           |
|    collision_rate       | 0.42        |
|    grasp_failure_rate   | 0.893       |
|    insert_depth_mean    | 0           |
|    insert_tilt_deg_mean | 0.00181     |
|    success_rate         | 0           |
| rollout/                |             |
|    ep_len_mean          | 400         |
|    ep_rew_mean          | -30.7       |
| time/                   |             |
|    fps                  | 615         |
|    iterations           | 470         |
|    time_elapsed         | 4688        |
|    total_timesteps      | 2887680     |
| train/                  |             |
|    approx_kl            | 0.017640522 |
|    clip_fraction        | 0.135       |
|    clip_range           | 0.2         |
|    entropy_loss         | -19.9       |
|    explained_variance   | 0.779       |
|    learning_rate        | 0.0003      |
|    loss                 | 1.39        |
|    n_updates            | 11420       |
|    policy_gradient_loss | -0.0306     |
|    std                  | 3.13        |
|    value_loss           | 4.76        |
-----------------------------------------
----------------------------------------
| manipularl/             |            |
|    align_curriculum     | 0          |
|    collision_rate       | 0.41       |
|    grasp_failure_rate   | 0.896      |
|    insert_depth_mean    | 0          |
|    insert_tilt_deg_mean | 0.00162    |
|    success_rate         | 0          |
| rollout/                |            |
|    ep_len_mean          | 400        |
|    ep_rew_mean          | -31        |
| time/                   |            |
|    fps                  | 616        |
|    iterations           | 471        |
|    time_elapsed         | 4696       |
|    total_timesteps      | 2893824    |
| train/                  |            |
|    approx_kl            | 0.03229607 |
|    clip_fraction        | 0.215      |
|    clip_range           | 0.2        |
|    entropy_loss         | -19.9      |
|    explained_variance   | 0.818      |
|    learning_rate        | 0.0003     |
|    loss                 | 0.686      |
|    n_updates            | 11430      |
|    policy_gradient_loss | -0.045     |
|    std                  | 3.13       |
|    value_loss           | 2.17       |
----------------------------------------
----------------------------------------
| manipularl/             |            |
|    align_curriculum     | 0          |
|    collision_rate       | 0.35       |
|    grasp_failure_rate   | 0.886      |
|    insert_depth_mean    | 0          |
|    insert_tilt_deg_mean | 0.00141    |
|    success_rate         | 0          |
| rollout/                |            |
|    ep_len_mean          | 400        |
|    ep_rew_mean          | -28.7      |
| time/                   |            |
|    fps                  | 616        |
|    iterations           | 472        |
|    time_elapsed         | 4706       |
|    total_timesteps      | 2899968    |
| train/                  |            |
|    approx_kl            | 0.02053552 |
|    clip_fraction        | 0.168      |
|    clip_range           | 0.2        |
|    entropy_loss         | -19.9      |
|    explained_variance   | 0.724      |
|    learning_rate        | 0.0003     |
|    loss                 | 1.01       |
|    n_updates            | 11440      |
|    policy_gradient_loss | -0.0344    |
|    std                  | 3.13       |
|    value_loss           | 3.68       |
----------------------------------------
----------------------------------------
| manipularl/             |            |
|    align_curriculum     | 0          |
|    collision_rate       | 0.37       |
|    grasp_failure_rate   | 0.887      |
|    insert_depth_mean    | 0          |
|    insert_tilt_deg_mean | 0.00148    |
|    success_rate         | 0          |
| rollout/                |            |
|    ep_len_mean          | 400        |
|    ep_rew_mean          | -18.5      |
| time/                   |            |
|    fps                  | 616        |
|    iterations           | 473        |
|    time_elapsed         | 4714       |
|    total_timesteps      | 2906112    |
| train/                  |            |
|    approx_kl            | 0.03219715 |
|    clip_fraction        | 0.189      |
|    clip_range           | 0.2        |
|    entropy_loss         | -19.9      |
|    explained_variance   | 0.794      |
|    learning_rate        | 0.0003     |
|    loss                 | 0.575      |
|    n_updates            | 11450      |
|    policy_gradient_loss | -0.034     |
|    std                  | 3.14       |
|    value_loss           | 2.42       |
----------------------------------------
-----------------------------------------
| manipularl/             |             |
|    align_curriculum     | 0           |
|    collision_rate       | 0.38        |
|    grasp_failure_rate   | 0.877       |
|    insert_depth_mean    | 0           |
|    insert_tilt_deg_mean | 0.00213     |
|    success_rate         | 0           |
| rollout/                |             |
|    ep_len_mean          | 400         |
|    ep_rew_mean          | -14.6       |
| time/                   |             |
|    fps                  | 616         |
|    iterations           | 474         |
|    time_elapsed         | 4722        |
|    total_timesteps      | 2912256     |
| train/                  |             |
|    approx_kl            | 0.028500808 |
|    clip_fraction        | 0.219       |
|    clip_range           | 0.2         |
|    entropy_loss         | -20         |
|    explained_variance   | 0.599       |
|    learning_rate        | 0.0003      |
|    loss                 | 0.222       |
|    n_updates            | 11460       |
|    policy_gradient_loss | -0.0349     |
|    std                  | 3.14        |
|    value_loss           | 1.32        |
-----------------------------------------
-----------------------------------------
| manipularl/             |             |
|    align_curriculum     | 0           |
|    collision_rate       | 0.38        |
|    grasp_failure_rate   | 0.87        |
|    insert_depth_mean    | 0           |
|    insert_tilt_deg_mean | 0.00263     |
|    success_rate         | 0           |
| rollout/                |             |
|    ep_len_mean          | 400         |
|    ep_rew_mean          | -9.94       |
| time/                   |             |
|    fps                  | 616         |
|    iterations           | 475         |
|    time_elapsed         | 4730        |
|    total_timesteps      | 2918400     |
| train/                  |             |
|    approx_kl            | 0.014272624 |
|    clip_fraction        | 0.137       |
|    clip_range           | 0.2         |
|    entropy_loss         | -20         |
|    explained_variance   | 0.821       |
|    learning_rate        | 0.0003      |
|    loss                 | 0.61        |
|    n_updates            | 11470       |
|    policy_gradient_loss | -0.025      |
|    std                  | 3.14        |
|    value_loss           | 4.76        |
-----------------------------------------
-----------------------------------------
| manipularl/             |             |
|    align_curriculum     | 0           |
|    collision_rate       | 0.39        |
|    grasp_failure_rate   | 0.828       |
|    insert_depth_mean    | 0           |
|    insert_tilt_deg_mean | 0.0028      |
|    success_rate         | 0           |
| rollout/                |             |
|    ep_len_mean          | 400         |
|    ep_rew_mean          | -8.5        |
| time/                   |             |
|    fps                  | 617         |
|    iterations           | 476         |
|    time_elapsed         | 4738        |
|    total_timesteps      | 2924544     |
| train/                  |             |
|    approx_kl            | 0.020507105 |
|    clip_fraction        | 0.161       |
|    clip_range           | 0.2         |
|    entropy_loss         | -20         |
|    explained_variance   | 0.93        |
|    learning_rate        | 0.0003      |
|    loss                 | 0.376       |
|    n_updates            | 11480       |
|    policy_gradient_loss | -0.0365     |
|    std                  | 3.15        |
|    value_loss           | 2.29        |
-----------------------------------------
-----------------------------------------
| manipularl/             |             |
|    align_curriculum     | 0           |
|    collision_rate       | 0.39        |
|    grasp_failure_rate   | 0.81        |
|    insert_depth_mean    | 0           |
|    insert_tilt_deg_mean | 0.00285     |
|    success_rate         | 0           |
| rollout/                |             |
|    ep_len_mean          | 400         |
|    ep_rew_mean          | -9.05       |
| time/                   |             |
|    fps                  | 617         |
|    iterations           | 477         |
|    time_elapsed         | 4746        |
|    total_timesteps      | 2930688     |
| train/                  |             |
|    approx_kl            | 0.020807233 |
|    clip_fraction        | 0.18        |
|    clip_range           | 0.2         |
|    entropy_loss         | -20         |
|    explained_variance   | 0.879       |
|    learning_rate        | 0.0003      |
|    loss                 | 0.977       |
|    n_updates            | 11490       |
|    policy_gradient_loss | -0.0371     |
|    std                  | 3.15        |
|    value_loss           | 3.29        |
-----------------------------------------
-----------------------------------------
| manipularl/             |             |
|    align_curriculum     | 0           |
|    collision_rate       | 0.41        |
|    grasp_failure_rate   | 0.802       |
|    insert_depth_mean    | 0           |
|    insert_tilt_deg_mean | 0.00287     |
|    success_rate         | 0           |
| rollout/                |             |
|    ep_len_mean          | 400         |
|    ep_rew_mean          | -11         |
| time/                   |             |
|    fps                  | 617         |
|    iterations           | 478         |
|    time_elapsed         | 4754        |
|    total_timesteps      | 2936832     |
| train/                  |             |
|    approx_kl            | 0.020353204 |
|    clip_fraction        | 0.141       |
|    clip_range           | 0.2         |
|    entropy_loss         | -20         |
|    explained_variance   | 0.815       |
|    learning_rate        | 0.0003      |
|    loss                 | 0.499       |
|    n_updates            | 11500       |
|    policy_gradient_loss | -0.0268     |
|    std                  | 3.15        |
|    value_loss           | 1.97        |
-----------------------------------------
----------------------------------------
| manipularl/             |            |
|    align_curriculum     | 0          |
|    collision_rate       | 0.35       |
|    grasp_failure_rate   | 0.811      |
|    insert_depth_mean    | 0          |
|    insert_tilt_deg_mean | 0.0026     |
|    success_rate         | 0          |
| rollout/                |            |
|    ep_len_mean          | 400        |
|    ep_rew_mean          | -14        |
| time/                   |            |
|    fps                  | 617        |
|    iterations           | 479        |
|    time_elapsed         | 4763       |
|    total_timesteps      | 2942976    |
| train/                  |            |
|    approx_kl            | 0.03763053 |
|    clip_fraction        | 0.217      |
|    clip_range           | 0.2        |
|    entropy_loss         | -20        |
|    explained_variance   | 0.776      |
|    learning_rate        | 0.0003     |
|    loss                 | 0.0782     |
|    n_updates            | 11510      |
|    policy_gradient_loss | -0.026     |
|    std                  | 3.16       |
|    value_loss           | 1.31       |
----------------------------------------
-----------------------------------------
| manipularl/             |             |
|    align_curriculum     | 0           |
|    collision_rate       | 0.45        |
|    grasp_failure_rate   | 0.814       |
|    insert_depth_mean    | 0           |
|    insert_tilt_deg_mean | 0.00203     |
|    success_rate         | 0           |
| rollout/                |             |
|    ep_len_mean          | 400         |
|    ep_rew_mean          | -23.6       |
| time/                   |             |
|    fps                  | 618         |
|    iterations           | 480         |
|    time_elapsed         | 4771        |
|    total_timesteps      | 2949120     |
| train/                  |             |
|    approx_kl            | 0.022654427 |
|    clip_fraction        | 0.279       |
|    clip_range           | 0.2         |
|    entropy_loss         | -20         |
|    explained_variance   | 0.793       |
|    learning_rate        | 0.0003      |
|    loss                 | 0.562       |
|    n_updates            | 11520       |
|    policy_gradient_loss | -0.00756    |
|    std                  | 3.16        |
|    value_loss           | 2.57        |
-----------------------------------------
-----------------------------------------
| manipularl/             |             |
|    align_curriculum     | 0           |
|    collision_rate       | 0.47        |
|    grasp_failure_rate   | 0.803       |
|    insert_depth_mean    | 0           |
|    insert_tilt_deg_mean | 0.00137     |
|    success_rate         | 0           |
| rollout/                |             |
|    ep_len_mean          | 400         |
|    ep_rew_mean          | -23.7       |
| time/                   |             |
|    fps                  | 618         |
|    iterations           | 481         |
|    time_elapsed         | 4779        |
|    total_timesteps      | 2955264     |
| train/                  |             |
|    approx_kl            | 0.028988065 |
|    clip_fraction        | 0.225       |
|    clip_range           | 0.2         |
|    entropy_loss         | -20         |
|    explained_variance   | 0.734       |
|    learning_rate        | 0.0003      |
|    loss                 | 2.49        |
|    n_updates            | 11530       |
|    policy_gradient_loss | -0.016      |
|    std                  | 3.17        |
|    value_loss           | 7.63        |
-----------------------------------------
----------------------------------------
| manipularl/             |            |
|    align_curriculum     | 0          |
|    collision_rate       | 0.47       |
|    grasp_failure_rate   | 0.781      |
|    insert_depth_mean    | 0          |
|    insert_tilt_deg_mean | 0.00161    |
|    success_rate         | 0          |
| rollout/                |            |
|    ep_len_mean          | 400        |
|    ep_rew_mean          | -19.2      |
| time/                   |            |
|    fps                  | 618        |
|    iterations           | 482        |
|    time_elapsed         | 4787       |
|    total_timesteps      | 2961408    |
| train/                  |            |
|    approx_kl            | 0.02445697 |
|    clip_fraction        | 0.215      |
|    clip_range           | 0.2        |
|    entropy_loss         | -20        |
|    explained_variance   | 0.855      |
|    learning_rate        | 0.0003     |
|    loss                 | 1.28       |
|    n_updates            | 11540      |
|    policy_gradient_loss | -0.039     |
|    std                  | 3.18       |
|    value_loss           | 4.07       |
----------------------------------------
-----------------------------------------
| manipularl/             |             |
|    align_curriculum     | 0           |
|    collision_rate       | 0.55        |
|    grasp_failure_rate   | 0.768       |
|    insert_depth_mean    | 0           |
|    insert_tilt_deg_mean | 0.00217     |
|    success_rate         | 0           |
| rollout/                |             |
|    ep_len_mean          | 400         |
|    ep_rew_mean          | -21.9       |
| time/                   |             |
|    fps                  | 618         |
|    iterations           | 483         |
|    time_elapsed         | 4796        |
|    total_timesteps      | 2967552     |
| train/                  |             |
|    approx_kl            | 0.017001735 |
|    clip_fraction        | 0.108       |
|    clip_range           | 0.2         |
|    entropy_loss         | -20         |
|    explained_variance   | 0.743       |
|    learning_rate        | 0.0003      |
|    loss                 | 0.394       |
|    n_updates            | 11550       |
|    policy_gradient_loss | -0.0267     |
|    std                  | 3.18        |
|    value_loss           | 3.68        |
-----------------------------------------
-----------------------------------------
| manipularl/             |             |
|    align_curriculum     | 0           |
|    collision_rate       | 0.58        |
|    grasp_failure_rate   | 0.787       |
|    insert_depth_mean    | 0           |
|    insert_tilt_deg_mean | 0.00205     |
|    success_rate         | 0           |
| rollout/                |             |
|    ep_len_mean          | 400         |
|    ep_rew_mean          | -20.2       |
| time/                   |             |
|    fps                  | 618         |
|    iterations           | 484         |
|    time_elapsed         | 4805        |
|    total_timesteps      | 2973696     |
| train/                  |             |
|    approx_kl            | 0.024101203 |
|    clip_fraction        | 0.152       |
|    clip_range           | 0.2         |
|    entropy_loss         | -20         |
|    explained_variance   | 0.78        |
|    learning_rate        | 0.0003      |
|    loss                 | 0.534       |
|    n_updates            | 11560       |
|    policy_gradient_loss | -0.0343     |
|    std                  | 3.18        |
|    value_loss           | 2.49        |
-----------------------------------------
-----------------------------------------
| manipularl/             |             |
|    align_curriculum     | 0           |
|    collision_rate       | 0.63        |
|    grasp_failure_rate   | 0.775       |
|    insert_depth_mean    | 0           |
|    insert_tilt_deg_mean | 0.00201     |
|    success_rate         | 0           |
| rollout/                |             |
|    ep_len_mean          | 400         |
|    ep_rew_mean          | -17.6       |
| time/                   |             |
|    fps                  | 618         |
|    iterations           | 485         |
|    time_elapsed         | 4816        |
|    total_timesteps      | 2979840     |
| train/                  |             |
|    approx_kl            | 0.025286026 |
|    clip_fraction        | 0.186       |
|    clip_range           | 0.2         |
|    entropy_loss         | -20.1       |
|    explained_variance   | 0.789       |
|    learning_rate        | 0.0003      |
|    loss                 | 0.366       |
|    n_updates            | 11570       |
|    policy_gradient_loss | -0.0397     |
|    std                  | 3.19        |
|    value_loss           | 1.84        |
-----------------------------------------
-----------------------------------------
| manipularl/             |             |
|    align_curriculum     | 0           |
|    collision_rate       | 0.63        |
|    grasp_failure_rate   | 0.78        |
|    insert_depth_mean    | 0           |
|    insert_tilt_deg_mean | 0.00215     |
|    success_rate         | 0           |
| rollout/                |             |
|    ep_len_mean          | 400         |
|    ep_rew_mean          | -22.1       |
| time/                   |             |
|    fps                  | 618         |
|    iterations           | 486         |
|    time_elapsed         | 4829        |
|    total_timesteps      | 2985984     |
| train/                  |             |
|    approx_kl            | 0.016018711 |
|    clip_fraction        | 0.103       |
|    clip_range           | 0.2         |
|    entropy_loss         | -20.1       |
|    explained_variance   | 0.746       |
|    learning_rate        | 0.0003      |
|    loss                 | 0.353       |
|    n_updates            | 11580       |
|    policy_gradient_loss | -0.0235     |
|    std                  | 3.19        |
|    value_loss           | 4.12        |
-----------------------------------------
-----------------------------------------
| manipularl/             |             |
|    align_curriculum     | 0           |
|    collision_rate       | 0.48        |
|    grasp_failure_rate   | 0.719       |
|    insert_depth_mean    | 0           |
|    insert_tilt_deg_mean | 0.00259     |
|    success_rate         | 0           |
| rollout/                |             |
|    ep_len_mean          | 400         |
|    ep_rew_mean          | -9.98       |
| time/                   |             |
|    fps                  | 618         |
|    iterations           | 487         |
|    time_elapsed         | 4839        |
|    total_timesteps      | 2992128     |
| train/                  |             |
|    approx_kl            | 0.016572611 |
|    clip_fraction        | 0.116       |
|    clip_range           | 0.2         |
|    entropy_loss         | -20.1       |
|    explained_variance   | 0.779       |
|    learning_rate        | 0.0003      |
|    loss                 | 0.247       |
|    n_updates            | 11590       |
|    policy_gradient_loss | -0.0288     |
|    std                  | 3.2         |
|    value_loss           | 3.56        |
-----------------------------------------
-----------------------------------------
| manipularl/             |             |
|    align_curriculum     | 0           |
|    collision_rate       | 0.41        |
|    grasp_failure_rate   | 0.726       |
|    insert_depth_mean    | 0           |
|    insert_tilt_deg_mean | 0.00253     |
|    success_rate         | 0           |
| rollout/                |             |
|    ep_len_mean          | 400         |
|    ep_rew_mean          | -7.38       |
| time/                   |             |
|    fps                  | 617         |
|    iterations           | 488         |
|    time_elapsed         | 4851        |
|    total_timesteps      | 2998272     |
| train/                  |             |
|    approx_kl            | 0.024535373 |
|    clip_fraction        | 0.183       |
|    clip_range           | 0.2         |
|    entropy_loss         | -20.1       |
|    explained_variance   | 0.794       |
|    learning_rate        | 0.0003      |
|    loss                 | 0.803       |
|    n_updates            | 11600       |
|    policy_gradient_loss | -0.0418     |
|    std                  | 3.2         |
|    value_loss           | 3.06        |
-----------------------------------------
Eval num_timesteps=2999952, episode_reward=3.94 +/- 17.87
Episode length: 400.00 +/- 0.00
----------------------------------------
| eval/                   |            |
|    mean_ep_length       | 400        |
|    mean_reward          | 3.94       |
| manipularl/             |            |
|    align_curriculum     | 0          |
|    collision_rate       | 0.41       |
|    grasp_failure_rate   | 0.726      |
|    insert_depth_mean    | 0          |
|    insert_tilt_deg_mean | 0.00253    |
|    success_rate         | 0          |
| time/                   |            |
|    total_timesteps      | 2999952    |
| train/                  |            |
|    approx_kl            | 0.03161108 |
|    clip_fraction        | 0.212      |
|    clip_range           | 0.2        |
|    entropy_loss         | -20.1      |
|    explained_variance   | 0.885      |
|    learning_rate        | 0.0003     |
|    loss                 | 0.277      |
|    n_updates            | 11610      |
|    policy_gradient_loss | -0.0431    |
|    std                  | 3.21       |
|    value_loss           | 2.03       |
----------------------------------------
New best mean reward!
--------------------------------------
| manipularl/             |          |
|    align_curriculum     | 0        |
|    collision_rate       | 0.36     |
|    grasp_failure_rate   | 0.778    |
|    insert_depth_mean    | 0        |
|    insert_tilt_deg_mean | 0.00214  |
|    success_rate         | 0        |
| rollout/                |          |
|    ep_len_mean          | 400      |
|    ep_rew_mean          | -6.81    |
| time/                   |          |
|    fps                  | 614      |
|    iterations           | 489      |
|    time_elapsed         | 4885     |
|    total_timesteps      | 3004416  |
--------------------------------------
----------------------------------------
| manipularl/             |            |
|    align_curriculum     | 0          |
|    collision_rate       | 0.33       |
|    grasp_failure_rate   | 0.833      |
|    insert_depth_mean    | 0          |
|    insert_tilt_deg_mean | 0.00246    |
|    success_rate         | 0          |
| rollout/                |            |
|    ep_len_mean          | 400        |
|    ep_rew_mean          | -8.03      |
| time/                   |            |
|    fps                  | 615        |
|    iterations           | 490        |
|    time_elapsed         | 4894       |
|    total_timesteps      | 3010560    |
| train/                  |            |
|    approx_kl            | 0.04714943 |
|    clip_fraction        | 0.296      |
|    clip_range           | 0.2        |
|    entropy_loss         | -20.1      |
|    explained_variance   | 0.644      |
|    learning_rate        | 0.0003     |
|    loss                 | 0.118      |
|    n_updates            | 11620      |
|    policy_gradient_loss | -0.0462    |
|    std                  | 3.22       |
|    value_loss           | 1          |
----------------------------------------
-----------------------------------------
| manipularl/             |             |
|    align_curriculum     | 0           |
|    collision_rate       | 0.29        |
|    grasp_failure_rate   | 0.849       |
|    insert_depth_mean    | 0           |
|    insert_tilt_deg_mean | 0.0028      |
|    success_rate         | 0           |
| rollout/                |             |
|    ep_len_mean          | 400         |
|    ep_rew_mean          | -14.8       |
| time/                   |             |
|    fps                  | 615         |
|    iterations           | 491         |
|    time_elapsed         | 4902        |
|    total_timesteps      | 3016704     |
| train/                  |             |
|    approx_kl            | 0.022566862 |
|    clip_fraction        | 0.206       |
|    clip_range           | 0.2         |
|    entropy_loss         | -20.1       |
|    explained_variance   | 0.683       |
|    learning_rate        | 0.0003      |
|    loss                 | 0.375       |
|    n_updates            | 11630       |
|    policy_gradient_loss | -0.0293     |
|    std                  | 3.23        |
|    value_loss           | 2.3         |
-----------------------------------------
-----------------------------------------
| manipularl/             |             |
|    align_curriculum     | 0           |
|    collision_rate       | 0.34        |
|    grasp_failure_rate   | 0.858       |
|    insert_depth_mean    | 0           |
|    insert_tilt_deg_mean | 0.00284     |
|    success_rate         | 0           |
| rollout/                |             |
|    ep_len_mean          | 400         |
|    ep_rew_mean          | -26.9       |
| time/                   |             |
|    fps                  | 615         |
|    iterations           | 492         |
|    time_elapsed         | 4910        |
|    total_timesteps      | 3022848     |
| train/                  |             |
|    approx_kl            | 0.011827516 |
|    clip_fraction        | 0.167       |
|    clip_range           | 0.2         |
|    entropy_loss         | -20.2       |
|    explained_variance   | 0.562       |
|    learning_rate        | 0.0003      |
|    loss                 | 2.16        |
|    n_updates            | 11640       |
|    policy_gradient_loss | -0.0112     |
|    std                  | 3.24        |
|    value_loss           | 10.2        |
-----------------------------------------
----------------------------------------
| manipularl/             |            |
|    align_curriculum     | 0          |
|    collision_rate       | 0.39       |
|    grasp_failure_rate   | 0.876      |
|    insert_depth_mean    | 0          |
|    insert_tilt_deg_mean | 0.0028     |
|    success_rate         | 0          |
| rollout/                |            |
|    ep_len_mean          | 400        |
|    ep_rew_mean          | -37.3      |
| time/                   |            |
|    fps                  | 615        |
|    iterations           | 493        |
|    time_elapsed         | 4919       |
|    total_timesteps      | 3028992    |
| train/                  |            |
|    approx_kl            | 0.01136597 |
|    clip_fraction        | 0.137      |
|    clip_range           | 0.2        |
|    entropy_loss         | -20.2      |
|    explained_variance   | 0.886      |
|    learning_rate        | 0.0003     |
|    loss                 | 1.49       |
|    n_updates            | 11650      |
|    policy_gradient_loss | -0.0103    |
|    std                  | 3.24       |
|    value_loss           | 9.06       |
----------------------------------------
-----------------------------------------
| manipularl/             |             |
|    align_curriculum     | 0           |
|    collision_rate       | 0.49        |
|    grasp_failure_rate   | 0.895       |
|    insert_depth_mean    | 0           |
|    insert_tilt_deg_mean | 0.00314     |
|    success_rate         | 0           |
| rollout/                |             |
|    ep_len_mean          | 400         |
|    ep_rew_mean          | -41.9       |
| time/                   |             |
|    fps                  | 615         |
|    iterations           | 494         |
|    time_elapsed         | 4927        |
|    total_timesteps      | 3035136     |
| train/                  |             |
|    approx_kl            | 0.022702314 |
|    clip_fraction        | 0.166       |
|    clip_range           | 0.2         |
|    entropy_loss         | -20.2       |
|    explained_variance   | 0.945       |
|    learning_rate        | 0.0003      |
|    loss                 | 0.731       |
|    n_updates            | 11660       |
|    policy_gradient_loss | -0.0373     |
|    std                  | 3.24        |
|    value_loss           | 3.42        |
-----------------------------------------
-----------------------------------------
| manipularl/             |             |
|    align_curriculum     | 0           |
|    collision_rate       | 0.54        |
|    grasp_failure_rate   | 0.88        |
|    insert_depth_mean    | 0           |
|    insert_tilt_deg_mean | 0.00377     |
|    success_rate         | 0           |
| rollout/                |             |
|    ep_len_mean          | 400         |
|    ep_rew_mean          | -42.9       |
| time/                   |             |
|    fps                  | 616         |
|    iterations           | 495         |
|    time_elapsed         | 4935        |
|    total_timesteps      | 3041280     |
| train/                  |             |
|    approx_kl            | 0.018546345 |
|    clip_fraction        | 0.19        |
|    clip_range           | 0.2         |
|    entropy_loss         | -20.2       |
|    explained_variance   | 0.691       |
|    learning_rate        | 0.0003      |
|    loss                 | 2.95        |
|    n_updates            | 11670       |
|    policy_gradient_loss | -0.0247     |
|    std                  | 3.25        |
|    value_loss           | 9.35        |
-----------------------------------------
----------------------------------------
| manipularl/             |            |
|    align_curriculum     | 0          |
|    collision_rate       | 0.48       |
|    grasp_failure_rate   | 0.867      |
|    insert_depth_mean    | 0          |
|    insert_tilt_deg_mean | 0.00385    |
|    success_rate         | 0          |
| rollout/                |            |
|    ep_len_mean          | 400        |
|    ep_rew_mean          | -41.7      |
| time/                   |            |
|    fps                  | 616        |
|    iterations           | 496        |
|    time_elapsed         | 4945       |
|    total_timesteps      | 3047424    |
| train/                  |            |
|    approx_kl            | 0.04456154 |
|    clip_fraction        | 0.253      |
|    clip_range           | 0.2        |
|    entropy_loss         | -20.2      |
|    explained_variance   | 0.763      |
|    learning_rate        | 0.0003     |
|    loss                 | 0.0408     |
|    n_updates            | 11680      |
|    policy_gradient_loss | -0.0452    |
|    std                  | 3.25       |
|    value_loss           | 0.88       |
----------------------------------------
-----------------------------------------
| manipularl/             |             |
|    align_curriculum     | 0           |
|    collision_rate       | 0.56        |
|    grasp_failure_rate   | 0.774       |
|    insert_depth_mean    | 0           |
|    insert_tilt_deg_mean | 0.00361     |
|    success_rate         | 0           |
| rollout/                |             |
|    ep_len_mean          | 400         |
|    ep_rew_mean          | -34.8       |
| time/                   |             |
|    fps                  | 616         |
|    iterations           | 497         |
|    time_elapsed         | 4954        |
|    total_timesteps      | 3053568     |
| train/                  |             |
|    approx_kl            | 0.044502646 |
|    clip_fraction        | 0.302       |
|    clip_range           | 0.2         |
|    entropy_loss         | -20.2       |
|    explained_variance   | 0.767       |
|    learning_rate        | 0.0003      |
|    loss                 | -0.13       |
|    n_updates            | 11690       |
|    policy_gradient_loss | -0.0465     |
|    std                  | 3.27        |
|    value_loss           | 0.417       |
-----------------------------------------
-----------------------------------------
| manipularl/             |             |
|    align_curriculum     | 0           |
|    collision_rate       | 0.5         |
|    grasp_failure_rate   | 0.726       |
|    insert_depth_mean    | 0           |
|    insert_tilt_deg_mean | 0.00391     |
|    success_rate         | 0           |
| rollout/                |             |
|    ep_len_mean          | 400         |
|    ep_rew_mean          | -21.2       |
| time/                   |             |
|    fps                  | 616         |
|    iterations           | 498         |
|    time_elapsed         | 4964        |
|    total_timesteps      | 3059712     |
| train/                  |             |
|    approx_kl            | 0.039044607 |
|    clip_fraction        | 0.268       |
|    clip_range           | 0.2         |
|    entropy_loss         | -20.3       |
|    explained_variance   | 0.761       |
|    learning_rate        | 0.0003      |
|    loss                 | 0.00464     |
|    n_updates            | 11700       |
|    policy_gradient_loss | -0.0428     |
|    std                  | 3.28        |
|    value_loss           | 0.902       |
-----------------------------------------
-----------------------------------------
| manipularl/             |             |
|    align_curriculum     | 0           |
|    collision_rate       | 0.47        |
|    grasp_failure_rate   | 0.701       |
|    insert_depth_mean    | 0           |
|    insert_tilt_deg_mean | 0.00379     |
|    success_rate         | 0           |
| rollout/                |             |
|    ep_len_mean          | 400         |
|    ep_rew_mean          | -1.34       |
| time/                   |             |
|    fps                  | 616         |
|    iterations           | 499         |
|    time_elapsed         | 4972        |
|    total_timesteps      | 3065856     |
| train/                  |             |
|    approx_kl            | 0.034492765 |
|    clip_fraction        | 0.24        |
|    clip_range           | 0.2         |
|    entropy_loss         | -20.3       |
|    explained_variance   | 0.687       |
|    learning_rate        | 0.0003      |
|    loss                 | 0.188       |
|    n_updates            | 11710       |
|    policy_gradient_loss | -0.0412     |
|    std                  | 3.28        |
|    value_loss           | 1.55        |
-----------------------------------------
-----------------------------------------
| manipularl/             |             |
|    align_curriculum     | 0           |
|    collision_rate       | 0.47        |
|    grasp_failure_rate   | 0.716       |
|    insert_depth_mean    | 0           |
|    insert_tilt_deg_mean | 0.00355     |
|    success_rate         | 0           |
| rollout/                |             |
|    ep_len_mean          | 400         |
|    ep_rew_mean          | -2.76       |
| time/                   |             |
|    fps                  | 616         |
|    iterations           | 500         |
|    time_elapsed         | 4980        |
|    total_timesteps      | 3072000     |
| train/                  |             |
|    approx_kl            | 0.023069039 |
|    clip_fraction        | 0.21        |
|    clip_range           | 0.2         |
|    entropy_loss         | -20.3       |
|    explained_variance   | 0.826       |
|    learning_rate        | 0.0003      |
|    loss                 | 0.304       |
|    n_updates            | 11720       |
|    policy_gradient_loss | -0.0328     |
|    std                  | 3.28        |
|    value_loss           | 2.37        |
-----------------------------------------
----------------------------------------
| manipularl/             |            |
|    align_curriculum     | 0          |
|    collision_rate       | 0.39       |
|    grasp_failure_rate   | 0.759      |
|    insert_depth_mean    | 0          |
|    insert_tilt_deg_mean | 0.00263    |
|    success_rate         | 0          |
| rollout/                |            |
|    ep_len_mean          | 400        |
|    ep_rew_mean          | -4.96      |
| time/                   |            |
|    fps                  | 616        |
|    iterations           | 501        |
|    time_elapsed         | 4988       |
|    total_timesteps      | 3078144    |
| train/                  |            |
|    approx_kl            | 0.01729048 |
|    clip_fraction        | 0.138      |
|    clip_range           | 0.2        |
|    entropy_loss         | -20.3      |
|    explained_variance   | 0.914      |
|    learning_rate        | 0.0003     |
|    loss                 | 0.591      |
|    n_updates            | 11730      |
|    policy_gradient_loss | -0.0299    |
|    std                  | 3.28       |
|    value_loss           | 3.72       |
----------------------------------------
-----------------------------------------
| manipularl/             |             |
|    align_curriculum     | 0           |
|    collision_rate       | 0.44        |
|    grasp_failure_rate   | 0.771       |
|    insert_depth_mean    | 0           |
|    insert_tilt_deg_mean | 0.00274     |
|    success_rate         | 0           |
| rollout/                |             |
|    ep_len_mean          | 400         |
|    ep_rew_mean          | -7.06       |
| time/                   |             |
|    fps                  | 617         |
|    iterations           | 502         |
|    time_elapsed         | 4998        |
|    total_timesteps      | 3084288     |
| train/                  |             |
|    approx_kl            | 0.021532416 |
|    clip_fraction        | 0.142       |
|    clip_range           | 0.2         |
|    entropy_loss         | -20.3       |
|    explained_variance   | 0.863       |
|    learning_rate        | 0.0003      |
|    loss                 | 0.845       |
|    n_updates            | 11740       |
|    policy_gradient_loss | -0.0334     |
|    std                  | 3.29        |
|    value_loss           | 2.68        |
-----------------------------------------
-----------------------------------------
| manipularl/             |             |
|    align_curriculum     | 0           |
|    collision_rate       | 0.44        |
|    grasp_failure_rate   | 0.81        |
|    insert_depth_mean    | 0           |
|    insert_tilt_deg_mean | 0.00235     |
|    success_rate         | 0           |
| rollout/                |             |
|    ep_len_mean          | 400         |
|    ep_rew_mean          | -16.8       |
| time/                   |             |
|    fps                  | 617         |
|    iterations           | 503         |
|    time_elapsed         | 5006        |
|    total_timesteps      | 3090432     |
| train/                  |             |
|    approx_kl            | 0.014505535 |
|    clip_fraction        | 0.159       |
|    clip_range           | 0.2         |
|    entropy_loss         | -20.3       |
|    explained_variance   | 0.712       |
|    learning_rate        | 0.0003      |
|    loss                 | 0.8         |
|    n_updates            | 11750       |
|    policy_gradient_loss | -0.0249     |
|    std                  | 3.29        |
|    value_loss           | 3.24        |
-----------------------------------------
------------------------------------------
| manipularl/             |              |
|    align_curriculum     | 0            |
|    collision_rate       | 0.43         |
|    grasp_failure_rate   | 0.882        |
|    insert_depth_mean    | 0            |
|    insert_tilt_deg_mean | 0.00193      |
|    success_rate         | 0            |
| rollout/                |              |
|    ep_len_mean          | 400          |
|    ep_rew_mean          | -43.5        |
| time/                   |              |
|    fps                  | 617          |
|    iterations           | 504          |
|    time_elapsed         | 5016         |
|    total_timesteps      | 3096576      |
| train/                  |              |
|    approx_kl            | 0.0090288585 |
|    clip_fraction        | 0.074        |
|    clip_range           | 0.2          |
|    entropy_loss         | -20.3        |
|    explained_variance   | 0.776        |
|    learning_rate        | 0.0003       |
|    loss                 | 1.95         |
|    n_updates            | 11760        |
|    policy_gradient_loss | -0.0141      |
|    std                  | 3.29         |
|    value_loss           | 11.6         |
------------------------------------------
------------------------------------------
| manipularl/             |              |
|    align_curriculum     | 0            |
|    collision_rate       | 0.46         |
|    grasp_failure_rate   | 0.945        |
|    insert_depth_mean    | 0            |
|    insert_tilt_deg_mean | 0.00186      |
|    success_rate         | 0            |
| rollout/                |              |
|    ep_len_mean          | 400          |
|    ep_rew_mean          | -48.7        |
| time/                   |              |
|    fps                  | 616          |
|    iterations           | 505          |
|    time_elapsed         | 5029         |
|    total_timesteps      | 3102720      |
| train/                  |              |
|    approx_kl            | 0.0121395895 |
|    clip_fraction        | 0.0809       |
|    clip_range           | 0.2          |
|    entropy_loss         | -20.3        |
|    explained_variance   | 0.872        |
|    learning_rate        | 0.0003       |
|    loss                 | 2.33         |
|    n_updates            | 11770        |
|    policy_gradient_loss | -0.015       |
|    std                  | 3.29         |
|    value_loss           | 10.6         |
------------------------------------------
-----------------------------------------
| manipularl/             |             |
|    align_curriculum     | 0           |
|    collision_rate       | 0.42        |
|    grasp_failure_rate   | 0.948       |
|    insert_depth_mean    | 0           |
|    insert_tilt_deg_mean | 0.00209     |
|    success_rate         | 0           |
| rollout/                |             |
|    ep_len_mean          | 400         |
|    ep_rew_mean          | -47.7       |
| time/                   |             |
|    fps                  | 616         |
|    iterations           | 506         |
|    time_elapsed         | 5041        |
|    total_timesteps      | 3108864     |
| train/                  |             |
|    approx_kl            | 0.026250666 |
|    clip_fraction        | 0.182       |
|    clip_range           | 0.2         |
|    entropy_loss         | -20.3       |
|    explained_variance   | 0.943       |
|    learning_rate        | 0.0003      |
|    loss                 | 0.784       |
|    n_updates            | 11780       |
|    policy_gradient_loss | -0.039      |
|    std                  | 3.3         |
|    value_loss           | 3.19        |
-----------------------------------------
-----------------------------------------
| manipularl/             |             |
|    align_curriculum     | 0           |
|    collision_rate       | 0.47        |
|    grasp_failure_rate   | 0.946       |
|    insert_depth_mean    | 0           |
|    insert_tilt_deg_mean | 0.00235     |
|    success_rate         | 0           |
| rollout/                |             |
|    ep_len_mean          | 400         |
|    ep_rew_mean          | -46         |
| time/                   |             |
|    fps                  | 616         |
|    iterations           | 507         |
|    time_elapsed         | 5053        |
|    total_timesteps      | 3115008     |
| train/                  |             |
|    approx_kl            | 0.028740583 |
|    clip_fraction        | 0.219       |
|    clip_range           | 0.2         |
|    entropy_loss         | -20.3       |
|    explained_variance   | 0.826       |
|    learning_rate        | 0.0003      |
|    loss                 | 0.691       |
|    n_updates            | 11790       |
|    policy_gradient_loss | -0.0406     |
|    std                  | 3.31        |
|    value_loss           | 2.82        |
-----------------------------------------
-----------------------------------------
| manipularl/             |             |
|    align_curriculum     | 0           |
|    collision_rate       | 0.41        |
|    grasp_failure_rate   | 0.931       |
|    insert_depth_mean    | 0           |
|    insert_tilt_deg_mean | 0.00187     |
|    success_rate         | 0           |
| rollout/                |             |
|    ep_len_mean          | 400         |
|    ep_rew_mean          | -41.1       |
| time/                   |             |
|    fps                  | 616         |
|    iterations           | 508         |
|    time_elapsed         | 5066        |
|    total_timesteps      | 3121152     |
| train/                  |             |
|    approx_kl            | 0.021038033 |
|    clip_fraction        | 0.161       |
|    clip_range           | 0.2         |
|    entropy_loss         | -20.4       |
|    explained_variance   | 0.754       |
|    learning_rate        | 0.0003      |
|    loss                 | 0.691       |
|    n_updates            | 11800       |
|    policy_gradient_loss | -0.034      |
|    std                  | 3.31        |
|    value_loss           | 3.76        |
-----------------------------------------
-----------------------------------------
| manipularl/             |             |
|    align_curriculum     | 0           |
|    collision_rate       | 0.44        |
|    grasp_failure_rate   | 0.909       |
|    insert_depth_mean    | 0           |
|    insert_tilt_deg_mean | 0.00205     |
|    success_rate         | 0           |
| rollout/                |             |
|    ep_len_mean          | 400         |
|    ep_rew_mean          | -39.4       |
| time/                   |             |
|    fps                  | 616         |
|    iterations           | 509         |
|    time_elapsed         | 5075        |
|    total_timesteps      | 3127296     |
| train/                  |             |
|    approx_kl            | 0.028108805 |
|    clip_fraction        | 0.18        |
|    clip_range           | 0.2         |
|    entropy_loss         | -20.4       |
|    explained_variance   | 0.556       |
|    learning_rate        | 0.0003      |
|    loss                 | 0.298       |
|    n_updates            | 11810       |
|    policy_gradient_loss | -0.0391     |
|    std                  | 3.32        |
|    value_loss           | 1.83        |
-----------------------------------------
-----------------------------------------
| manipularl/             |             |
|    align_curriculum     | 0           |
|    collision_rate       | 0.39        |
|    grasp_failure_rate   | 0.879       |
|    insert_depth_mean    | 0           |
|    insert_tilt_deg_mean | 0.00222     |
|    success_rate         | 0           |
| rollout/                |             |
|    ep_len_mean          | 400         |
|    ep_rew_mean          | -28.8       |
| time/                   |             |
|    fps                  | 616         |
|    iterations           | 510         |
|    time_elapsed         | 5083        |
|    total_timesteps      | 3133440     |
| train/                  |             |
|    approx_kl            | 0.025058031 |
|    clip_fraction        | 0.211       |
|    clip_range           | 0.2         |
|    entropy_loss         | -20.4       |
|    explained_variance   | 0.876       |
|    learning_rate        | 0.0003      |
|    loss                 | 0.292       |
|    n_updates            | 11820       |
|    policy_gradient_loss | -0.0336     |
|    std                  | 3.32        |
|    value_loss           | 2.66        |
-----------------------------------------
----------------------------------------
| manipularl/             |            |
|    align_curriculum     | 0          |
|    collision_rate       | 0.31       |
|    grasp_failure_rate   | 0.868      |
|    insert_depth_mean    | 0          |
|    insert_tilt_deg_mean | 0.00245    |
|    success_rate         | 0          |
| rollout/                |            |
|    ep_len_mean          | 400        |
|    ep_rew_mean          | -8.51      |
| time/                   |            |
|    fps                  | 616        |
|    iterations           | 511        |
|    time_elapsed         | 5091       |
|    total_timesteps      | 3139584    |
| train/                  |            |
|    approx_kl            | 0.02116616 |
|    clip_fraction        | 0.163      |
|    clip_range           | 0.2        |
|    entropy_loss         | -20.4      |
|    explained_variance   | 0.882      |
|    learning_rate        | 0.0003     |
|    loss                 | 0.608      |
|    n_updates            | 11830      |
|    policy_gradient_loss | -0.033     |
|    std                  | 3.33       |
|    value_loss           | 4.17       |
----------------------------------------
-----------------------------------------
| manipularl/             |             |
|    align_curriculum     | 0           |
|    collision_rate       | 0.32        |
|    grasp_failure_rate   | 0.837       |
|    insert_depth_mean    | 0           |
|    insert_tilt_deg_mean | 0.00265     |
|    success_rate         | 0           |
| rollout/                |             |
|    ep_len_mean          | 400         |
|    ep_rew_mean          | -5.18       |
| time/                   |             |
|    fps                  | 616         |
|    iterations           | 512         |
|    time_elapsed         | 5100        |
|    total_timesteps      | 3145728     |
| train/                  |             |
|    approx_kl            | 0.035031382 |
|    clip_fraction        | 0.221       |
|    clip_range           | 0.2         |
|    entropy_loss         | -20.4       |
|    explained_variance   | 0.909       |
|    learning_rate        | 0.0003      |
|    loss                 | 0.0458      |
|    n_updates            | 11840       |
|    policy_gradient_loss | -0.0492     |
|    std                  | 3.32        |
|    value_loss           | 1.34        |
-----------------------------------------
-----------------------------------------
| manipularl/             |             |
|    align_curriculum     | 0           |
|    collision_rate       | 0.26        |
|    grasp_failure_rate   | 0.81        |
|    insert_depth_mean    | 0           |
|    insert_tilt_deg_mean | 0.00236     |
|    success_rate         | 0           |
| rollout/                |             |
|    ep_len_mean          | 400         |
|    ep_rew_mean          | -3.63       |
| time/                   |             |
|    fps                  | 616         |
|    iterations           | 513         |
|    time_elapsed         | 5110        |
|    total_timesteps      | 3151872     |
| train/                  |             |
|    approx_kl            | 0.031536255 |
|    clip_fraction        | 0.237       |
|    clip_range           | 0.2         |
|    entropy_loss         | -20.4       |
|    explained_variance   | 0.901       |
|    learning_rate        | 0.0003      |
|    loss                 | 0.307       |
|    n_updates            | 11850       |
|    policy_gradient_loss | -0.0384     |
|    std                  | 3.32        |
|    value_loss           | 1.86        |
-----------------------------------------
-----------------------------------------
| manipularl/             |             |
|    align_curriculum     | 0           |
|    collision_rate       | 0.23        |
|    grasp_failure_rate   | 0.792       |
|    insert_depth_mean    | 0           |
|    insert_tilt_deg_mean | 0.00234     |
|    success_rate         | 0           |
| rollout/                |             |
|    ep_len_mean          | 400         |
|    ep_rew_mean          | -1.77       |
| time/                   |             |
|    fps                  | 616         |
|    iterations           | 514         |
|    time_elapsed         | 5119        |
|    total_timesteps      | 3158016     |
| train/                  |             |
|    approx_kl            | 0.030164314 |
|    clip_fraction        | 0.2         |
|    clip_range           | 0.2         |
|    entropy_loss         | -20.4       |
|    explained_variance   | 0.817       |
|    learning_rate        | 0.0003      |
|    loss                 | -0.109      |
|    n_updates            | 11860       |
|    policy_gradient_loss | -0.0344     |
|    std                  | 3.32        |
|    value_loss           | 0.737       |
-----------------------------------------
-----------------------------------------
| manipularl/             |             |
|    align_curriculum     | 0           |
|    collision_rate       | 0.26        |
|    grasp_failure_rate   | 0.788       |
|    insert_depth_mean    | 0           |
|    insert_tilt_deg_mean | 0.00227     |
|    success_rate         | 0           |
| rollout/                |             |
|    ep_len_mean          | 400         |
|    ep_rew_mean          | -8.79       |
| time/                   |             |
|    fps                  | 617         |
|    iterations           | 515         |
|    time_elapsed         | 5127        |
|    total_timesteps      | 3164160     |
| train/                  |             |
|    approx_kl            | 0.018906806 |
|    clip_fraction        | 0.21        |
|    clip_range           | 0.2         |
|    entropy_loss         | -20.4       |
|    explained_variance   | 0.69        |
|    learning_rate        | 0.0003      |
|    loss                 | 0.173       |
|    n_updates            | 11870       |
|    policy_gradient_loss | -0.0223     |
|    std                  | 3.33        |
|    value_loss           | 1.72        |
-----------------------------------------
-----------------------------------------
| manipularl/             |             |
|    align_curriculum     | 0           |
|    collision_rate       | 0.34        |
|    grasp_failure_rate   | 0.822       |
|    insert_depth_mean    | 0           |
|    insert_tilt_deg_mean | 0.00218     |
|    success_rate         | 0           |
| rollout/                |             |
|    ep_len_mean          | 400         |
|    ep_rew_mean          | -22.3       |
| time/                   |             |
|    fps                  | 617         |
|    iterations           | 516         |
|    time_elapsed         | 5136        |
|    total_timesteps      | 3170304     |
| train/                  |             |
|    approx_kl            | 0.013615142 |
|    clip_fraction        | 0.144       |
|    clip_range           | 0.2         |
|    entropy_loss         | -20.4       |
|    explained_variance   | 0.872       |
|    learning_rate        | 0.0003      |
|    loss                 | 1.49        |
|    n_updates            | 11880       |
|    policy_gradient_loss | -0.0162     |
|    std                  | 3.34        |
|    value_loss           | 4.71        |
-----------------------------------------
-----------------------------------------
| manipularl/             |             |
|    align_curriculum     | 0           |
|    collision_rate       | 0.39        |
|    grasp_failure_rate   | 0.823       |
|    insert_depth_mean    | 0           |
|    insert_tilt_deg_mean | 0.00218     |
|    success_rate         | 0           |
| rollout/                |             |
|    ep_len_mean          | 400         |
|    ep_rew_mean          | -24.2       |
| time/                   |             |
|    fps                  | 617         |
|    iterations           | 517         |
|    time_elapsed         | 5146        |
|    total_timesteps      | 3176448     |
| train/                  |             |
|    approx_kl            | 0.011473998 |
|    clip_fraction        | 0.11        |
|    clip_range           | 0.2         |
|    entropy_loss         | -20.4       |
|    explained_variance   | 0.894       |
|    learning_rate        | 0.0003      |
|    loss                 | 1.47        |
|    n_updates            | 11890       |
|    policy_gradient_loss | -0.0192     |
|    std                  | 3.34        |
|    value_loss           | 7.27        |
-----------------------------------------
----------------------------------------
| manipularl/             |            |
|    align_curriculum     | 0          |
|    collision_rate       | 0.47       |
|    grasp_failure_rate   | 0.832      |
|    insert_depth_mean    | 0          |
|    insert_tilt_deg_mean | 0.00197    |
|    success_rate         | 0          |
| rollout/                |            |
|    ep_len_mean          | 400        |
|    ep_rew_mean          | -25.6      |
| time/                   |            |
|    fps                  | 617        |
|    iterations           | 518        |
|    time_elapsed         | 5154       |
|    total_timesteps      | 3182592    |
| train/                  |            |
|    approx_kl            | 0.02035632 |
|    clip_fraction        | 0.129      |
|    clip_range           | 0.2        |
|    entropy_loss         | -20.4      |
|    explained_variance   | 0.847      |
|    learning_rate        | 0.0003     |
|    loss                 | 0.668      |
|    n_updates            | 11900      |
|    policy_gradient_loss | -0.0353    |
|    std                  | 3.35       |
|    value_loss           | 3.79       |
----------------------------------------
-----------------------------------------
| manipularl/             |             |
|    align_curriculum     | 0           |
|    collision_rate       | 0.48        |
|    grasp_failure_rate   | 0.85        |
|    insert_depth_mean    | 0           |
|    insert_tilt_deg_mean | 0.00197     |
|    success_rate         | 0           |
| rollout/                |             |
|    ep_len_mean          | 400         |
|    ep_rew_mean          | -27.5       |
| time/                   |             |
|    fps                  | 617         |
|    iterations           | 519         |
|    time_elapsed         | 5163        |
|    total_timesteps      | 3188736     |
| train/                  |             |
|    approx_kl            | 0.029486885 |
|    clip_fraction        | 0.209       |
|    clip_range           | 0.2         |
|    entropy_loss         | -20.4       |
|    explained_variance   | 0.923       |
|    learning_rate        | 0.0003      |
|    loss                 | 0.194       |
|    n_updates            | 11910       |
|    policy_gradient_loss | -0.0413     |
|    std                  | 3.35        |
|    value_loss           | 1.44        |
-----------------------------------------
-----------------------------------------
| manipularl/             |             |
|    align_curriculum     | 0           |
|    collision_rate       | 0.47        |
|    grasp_failure_rate   | 0.851       |
|    insert_depth_mean    | 0           |
|    insert_tilt_deg_mean | 0.00216     |
|    success_rate         | 0           |
| rollout/                |             |
|    ep_len_mean          | 400         |
|    ep_rew_mean          | -29         |
| time/                   |             |
|    fps                  | 617         |
|    iterations           | 520         |
|    time_elapsed         | 5171        |
|    total_timesteps      | 3194880     |
| train/                  |             |
|    approx_kl            | 0.025279416 |
|    clip_fraction        | 0.193       |
|    clip_range           | 0.2         |
|    entropy_loss         | -20.4       |
|    explained_variance   | 0.883       |
|    learning_rate        | 0.0003      |
|    loss                 | 0.0528      |
|    n_updates            | 11920       |
|    policy_gradient_loss | -0.0395     |
|    std                  | 3.35        |
|    value_loss           | 1.15        |
-----------------------------------------
-----------------------------------------
| manipularl/             |             |
|    align_curriculum     | 0           |
|    collision_rate       | 0.47        |
|    grasp_failure_rate   | 0.864       |
|    insert_depth_mean    | 0           |
|    insert_tilt_deg_mean | 0.00214     |
|    success_rate         | 0           |
| rollout/                |             |
|    ep_len_mean          | 400         |
|    ep_rew_mean          | -32.9       |
| time/                   |             |
|    fps                  | 617         |
|    iterations           | 521         |
|    time_elapsed         | 5180        |
|    total_timesteps      | 3201024     |
| train/                  |             |
|    approx_kl            | 0.027331837 |
|    clip_fraction        | 0.187       |
|    clip_range           | 0.2         |
|    entropy_loss         | -20.5       |
|    explained_variance   | 0.884       |
|    learning_rate        | 0.0003      |
|    loss                 | 0.108       |
|    n_updates            | 11930       |
|    policy_gradient_loss | -0.0359     |
|    std                  | 3.37        |
|    value_loss           | 1.14        |
-----------------------------------------
-----------------------------------------
| manipularl/             |             |
|    align_curriculum     | 0           |
|    collision_rate       | 0.44        |
|    grasp_failure_rate   | 0.864       |
|    insert_depth_mean    | 0           |
|    insert_tilt_deg_mean | 0.002       |
|    success_rate         | 0           |
| rollout/                |             |
|    ep_len_mean          | 400         |
|    ep_rew_mean          | -17.4       |
| time/                   |             |
|    fps                  | 617         |
|    iterations           | 522         |
|    time_elapsed         | 5191        |
|    total_timesteps      | 3207168     |
| train/                  |             |
|    approx_kl            | 0.022249104 |
|    clip_fraction        | 0.188       |
|    clip_range           | 0.2         |
|    entropy_loss         | -20.5       |
|    explained_variance   | 0.899       |
|    learning_rate        | 0.0003      |
|    loss                 | -0.0221     |
|    n_updates            | 11940       |
|    policy_gradient_loss | -0.0371     |
|    std                  | 3.38        |
|    value_loss           | 0.876       |
-----------------------------------------
-----------------------------------------
| manipularl/             |             |
|    align_curriculum     | 0           |
|    collision_rate       | 0.48        |
|    grasp_failure_rate   | 0.866       |
|    insert_depth_mean    | 0           |
|    insert_tilt_deg_mean | 0.00174     |
|    success_rate         | 0           |
| rollout/                |             |
|    ep_len_mean          | 400         |
|    ep_rew_mean          | -15.2       |
| time/                   |             |
|    fps                  | 617         |
|    iterations           | 523         |
|    time_elapsed         | 5199        |
|    total_timesteps      | 3213312     |
| train/                  |             |
|    approx_kl            | 0.018409168 |
|    clip_fraction        | 0.197       |
|    clip_range           | 0.2         |
|    entropy_loss         | -20.5       |
|    explained_variance   | 0.592       |
|    learning_rate        | 0.0003      |
|    loss                 | 0.521       |
|    n_updates            | 11950       |
|    policy_gradient_loss | -0.0242     |
|    std                  | 3.38        |
|    value_loss           | 3           |
-----------------------------------------
-----------------------------------------
| manipularl/             |             |
|    align_curriculum     | 0           |
|    collision_rate       | 0.42        |
|    grasp_failure_rate   | 0.853       |
|    insert_depth_mean    | 0           |
|    insert_tilt_deg_mean | 0.00169     |
|    success_rate         | 0           |
| rollout/                |             |
|    ep_len_mean          | 400         |
|    ep_rew_mean          | -14.6       |
| time/                   |             |
|    fps                  | 618         |
|    iterations           | 524         |
|    time_elapsed         | 5208        |
|    total_timesteps      | 3219456     |
| train/                  |             |
|    approx_kl            | 0.030870184 |
|    clip_fraction        | 0.241       |
|    clip_range           | 0.2         |
|    entropy_loss         | -20.5       |
|    explained_variance   | 0.79        |
|    learning_rate        | 0.0003      |
|    loss                 | 0.596       |
|    n_updates            | 11960       |
|    policy_gradient_loss | -0.0292     |
|    std                  | 3.39        |
|    value_loss           | 2.46        |
-----------------------------------------
-----------------------------------------
| manipularl/             |             |
|    align_curriculum     | 0           |
|    collision_rate       | 0.41        |
|    grasp_failure_rate   | 0.852       |
|    insert_depth_mean    | 0           |
|    insert_tilt_deg_mean | 0.00178     |
|    success_rate         | 0           |
| rollout/                |             |
|    ep_len_mean          | 400         |
|    ep_rew_mean          | -14.7       |
| time/                   |             |
|    fps                  | 617         |
|    iterations           | 525         |
|    time_elapsed         | 5221        |
|    total_timesteps      | 3225600     |
| train/                  |             |
|    approx_kl            | 0.015248176 |
|    clip_fraction        | 0.134       |
|    clip_range           | 0.2         |
|    entropy_loss         | -20.5       |
|    explained_variance   | 0.813       |
|    learning_rate        | 0.0003      |
|    loss                 | 1.36        |
|    n_updates            | 11970       |
|    policy_gradient_loss | -0.0296     |
|    std                  | 3.39        |
|    value_loss           | 5.45        |
-----------------------------------------
-----------------------------------------
| manipularl/             |             |
|    align_curriculum     | 0           |
|    collision_rate       | 0.54        |
|    grasp_failure_rate   | 0.866       |
|    insert_depth_mean    | 0           |
|    insert_tilt_deg_mean | 0.0019      |
|    success_rate         | 0           |
| rollout/                |             |
|    ep_len_mean          | 400         |
|    ep_rew_mean          | -21.8       |
| time/                   |             |
|    fps                  | 617         |
|    iterations           | 526         |
|    time_elapsed         | 5236        |
|    total_timesteps      | 3231744     |
| train/                  |             |
|    approx_kl            | 0.011731754 |
|    clip_fraction        | 0.0804      |
|    clip_range           | 0.2         |
|    entropy_loss         | -20.5       |
|    explained_variance   | 0.81        |
|    learning_rate        | 0.0003      |
|    loss                 | 2.04        |
|    n_updates            | 11980       |
|    policy_gradient_loss | -0.0227     |
|    std                  | 3.4         |
|    value_loss           | 9.49        |
-----------------------------------------
----------------------------------------
| manipularl/             |            |
|    align_curriculum     | 0          |
|    collision_rate       | 0.57       |
|    grasp_failure_rate   | 0.854      |
|    insert_depth_mean    | 0          |
|    insert_tilt_deg_mean | 0.00236    |
|    success_rate         | 0          |
| rollout/                |            |
|    ep_len_mean          | 400        |
|    ep_rew_mean          | -17.6      |
| time/                   |            |
|    fps                  | 616        |
|    iterations           | 527        |
|    time_elapsed         | 5250       |
|    total_timesteps      | 3237888    |
| train/                  |            |
|    approx_kl            | 0.02732972 |
|    clip_fraction        | 0.179      |
|    clip_range           | 0.2        |
|    entropy_loss         | -20.5      |
|    explained_variance   | 0.709      |
|    learning_rate        | 0.0003     |
|    loss                 | 0.507      |
|    n_updates            | 11990      |
|    policy_gradient_loss | -0.0382    |
|    std                  | 3.4        |
|    value_loss           | 2.23       |
----------------------------------------
-----------------------------------------
| manipularl/             |             |
|    align_curriculum     | 0           |
|    collision_rate       | 0.6         |
|    grasp_failure_rate   | 0.855       |
|    insert_depth_mean    | 0           |
|    insert_tilt_deg_mean | 0.0027      |
|    success_rate         | 0           |
| rollout/                |             |
|    ep_len_mean          | 400         |
|    ep_rew_mean          | -20.2       |
| time/                   |             |
|    fps                  | 616         |
|    iterations           | 528         |
|    time_elapsed         | 5263        |
|    total_timesteps      | 3244032     |
| train/                  |             |
|    approx_kl            | 0.029562289 |
|    clip_fraction        | 0.214       |
|    clip_range           | 0.2         |
|    entropy_loss         | -20.6       |
|    explained_variance   | 0.812       |
|    learning_rate        | 0.0003      |
|    loss                 | 0.262       |
|    n_updates            | 12000       |
|    policy_gradient_loss | -0.0398     |
|    std                  | 3.41        |
|    value_loss           | 1.83        |
-----------------------------------------
Eval num_timesteps=3249948, episode_reward=-0.81 +/- 32.95
Episode length: 380.50 +/- 85.00
-----------------------------------------
| eval/                   |             |
|    mean_ep_length       | 380         |
|    mean_reward          | -0.812      |
| manipularl/             |             |
|    align_curriculum     | 0           |
|    collision_rate       | 0.53        |
|    grasp_failure_rate   | 0.834       |
|    insert_depth_mean    | 0           |
|    insert_tilt_deg_mean | 0.00331     |
|    success_rate         | 0           |
| time/                   |             |
|    total_timesteps      | 3249948     |
| train/                  |             |
|    approx_kl            | 0.017225116 |
|    clip_fraction        | 0.141       |
|    clip_range           | 0.2         |
|    entropy_loss         | -20.6       |
|    explained_variance   | 0.879       |
|    learning_rate        | 0.0003      |
|    loss                 | 0.794       |
|    n_updates            | 12010       |
|    policy_gradient_loss | -0.0299     |
|    std                  | 3.42        |
|    value_loss           | 4.91        |
-----------------------------------------
--------------------------------------
| manipularl/             |          |
|    align_curriculum     | 0        |
|    collision_rate       | 0.5      |
|    grasp_failure_rate   | 0.831    |
|    insert_depth_mean    | 0        |
|    insert_tilt_deg_mean | 0.0033   |
|    success_rate         | 0        |
| rollout/                |          |
|    ep_len_mean          | 400      |
|    ep_rew_mean          | -20.6    |
| time/                   |          |
|    fps                  | 613      |
|    iterations           | 529      |
|    time_elapsed         | 5296     |
|    total_timesteps      | 3250176  |
--------------------------------------
-----------------------------------------
| manipularl/             |             |
|    align_curriculum     | 0           |
|    collision_rate       | 0.48        |
|    grasp_failure_rate   | 0.825       |
|    insert_depth_mean    | 0           |
|    insert_tilt_deg_mean | 0.00324     |
|    success_rate         | 0           |
| rollout/                |             |
|    ep_len_mean          | 400         |
|    ep_rew_mean          | -44.4       |
| time/                   |             |
|    fps                  | 613         |
|    iterations           | 530         |
|    time_elapsed         | 5305        |
|    total_timesteps      | 3256320     |
| train/                  |             |
|    approx_kl            | 0.009312311 |
|    clip_fraction        | 0.127       |
|    clip_range           | 0.2         |
|    entropy_loss         | -20.6       |
|    explained_variance   | 0.738       |
|    learning_rate        | 0.0003      |
|    loss                 | 1.85        |
|    n_updates            | 12020       |
|    policy_gradient_loss | -0.00989    |
|    std                  | 3.42        |
|    value_loss           | 17.2        |
-----------------------------------------
------------------------------------------
| manipularl/             |              |
|    align_curriculum     | 0            |
|    collision_rate       | 0.47         |
|    grasp_failure_rate   | 0.843        |
|    insert_depth_mean    | 0            |
|    insert_tilt_deg_mean | 0.00315      |
|    success_rate         | 0            |
| rollout/                |              |
|    ep_len_mean          | 400          |
|    ep_rew_mean          | -64.1        |
| time/                   |              |
|    fps                  | 613          |
|    iterations           | 531          |
|    time_elapsed         | 5314         |
|    total_timesteps      | 3262464      |
| train/                  |              |
|    approx_kl            | 0.0085869655 |
|    clip_fraction        | 0.0982       |
|    clip_range           | 0.2          |
|    entropy_loss         | -20.6        |
|    explained_variance   | 0.818        |
|    learning_rate        | 0.0003       |
|    loss                 | 3.19         |
|    n_updates            | 12030        |
|    policy_gradient_loss | -0.00962     |
|    std                  | 3.42         |
|    value_loss           | 21.2         |
------------------------------------------
-----------------------------------------
| manipularl/             |             |
|    align_curriculum     | 0           |
|    collision_rate       | 0.38        |
|    grasp_failure_rate   | 0.831       |
|    insert_depth_mean    | 0           |
|    insert_tilt_deg_mean | 0.00316     |
|    success_rate         | 0           |
| rollout/                |             |
|    ep_len_mean          | 400         |
|    ep_rew_mean          | -56.8       |
| time/                   |             |
|    fps                  | 614         |
|    iterations           | 532         |
|    time_elapsed         | 5322        |
|    total_timesteps      | 3268608     |
| train/                  |             |
|    approx_kl            | 0.007763801 |
|    clip_fraction        | 0.0352      |
|    clip_range           | 0.2         |
|    entropy_loss         | -20.6       |
|    explained_variance   | 0.896       |
|    learning_rate        | 0.0003      |
|    loss                 | 1.77        |
|    n_updates            | 12040       |
|    policy_gradient_loss | -0.00923    |
|    std                  | 3.43        |
|    value_loss           | 17.6        |
-----------------------------------------
-----------------------------------------
| manipularl/             |             |
|    align_curriculum     | 0           |
|    collision_rate       | 0.35        |
|    grasp_failure_rate   | 0.857       |
|    insert_depth_mean    | 0           |
|    insert_tilt_deg_mean | 0.00241     |
|    success_rate         | 0           |
| rollout/                |             |
|    ep_len_mean          | 400         |
|    ep_rew_mean          | -76.4       |
| time/                   |             |
|    fps                  | 614         |
|    iterations           | 533         |
|    time_elapsed         | 5330        |
|    total_timesteps      | 3274752     |
| train/                  |             |
|    approx_kl            | 0.019937048 |
|    clip_fraction        | 0.123       |
|    clip_range           | 0.2         |
|    entropy_loss         | -20.6       |
|    explained_variance   | 0.886       |
|    learning_rate        | 0.0003      |
|    loss                 | 0.875       |
|    n_updates            | 12050       |
|    policy_gradient_loss | -0.0324     |
|    std                  | 3.43        |
|    value_loss           | 4.38        |
-----------------------------------------
-----------------------------------------
| manipularl/             |             |
|    align_curriculum     | 0           |
|    collision_rate       | 0.37        |
|    grasp_failure_rate   | 0.881       |
|    insert_depth_mean    | 0           |
|    insert_tilt_deg_mean | 0.00188     |
|    success_rate         | 0           |
| rollout/                |             |
|    ep_len_mean          | 400         |
|    ep_rew_mean          | -79.1       |
| time/                   |             |
|    fps                  | 614         |
|    iterations           | 534         |
|    time_elapsed         | 5339        |
|    total_timesteps      | 3280896     |
| train/                  |             |
|    approx_kl            | 0.013091281 |
|    clip_fraction        | 0.123       |
|    clip_range           | 0.2         |
|    entropy_loss         | -20.6       |
|    explained_variance   | 0.933       |
|    learning_rate        | 0.0003      |
|    loss                 | 2.84        |
|    n_updates            | 12060       |
|    policy_gradient_loss | -0.018      |
|    std                  | 3.44        |
|    value_loss           | 10.8        |
-----------------------------------------
-----------------------------------------
| manipularl/             |             |
|    align_curriculum     | 0           |
|    collision_rate       | 0.34        |
|    grasp_failure_rate   | 0.887       |
|    insert_depth_mean    | 0           |
|    insert_tilt_deg_mean | 0.00119     |
|    success_rate         | 0           |
| rollout/                |             |
|    ep_len_mean          | 400         |
|    ep_rew_mean          | -75.4       |
| time/                   |             |
|    fps                  | 614         |
|    iterations           | 535         |
|    time_elapsed         | 5347        |
|    total_timesteps      | 3287040     |
| train/                  |             |
|    approx_kl            | 0.015420512 |
|    clip_fraction        | 0.102       |
|    clip_range           | 0.2         |
|    entropy_loss         | -20.6       |
|    explained_variance   | 0.858       |
|    learning_rate        | 0.0003      |
|    loss                 | 1.98        |
|    n_updates            | 12070       |
|    policy_gradient_loss | -0.0279     |
|    std                  | 3.44        |
|    value_loss           | 6.49        |
-----------------------------------------
----------------------------------------
| manipularl/             |            |
|    align_curriculum     | 0          |
|    collision_rate       | 0.35       |
|    grasp_failure_rate   | 0.886      |
|    insert_depth_mean    | 0          |
|    insert_tilt_deg_mean | 0.0013     |
|    success_rate         | 0          |
| rollout/                |            |
|    ep_len_mean          | 400        |
|    ep_rew_mean          | -71.3      |
| time/                   |            |
|    fps                  | 614        |
|    iterations           | 536        |
|    time_elapsed         | 5356       |
|    total_timesteps      | 3293184    |
| train/                  |            |
|    approx_kl            | 0.02122961 |
|    clip_fraction        | 0.143      |
|    clip_range           | 0.2        |
|    entropy_loss         | -20.6      |
|    explained_variance   | 0.754      |
|    learning_rate        | 0.0003     |
|    loss                 | 1.14       |
|    n_updates            | 12080      |
|    policy_gradient_loss | -0.0314    |
|    std                  | 3.44       |
|    value_loss           | 4.03       |
----------------------------------------
-----------------------------------------
| manipularl/             |             |
|    align_curriculum     | 0           |
|    collision_rate       | 0.38        |
|    grasp_failure_rate   | 0.901       |
|    insert_depth_mean    | 0           |
|    insert_tilt_deg_mean | 0.00122     |
|    success_rate         | 0           |
| rollout/                |             |
|    ep_len_mean          | 400         |
|    ep_rew_mean          | -27.8       |
| time/                   |             |
|    fps                  | 614         |
|    iterations           | 537         |
|    time_elapsed         | 5367        |
|    total_timesteps      | 3299328     |
| train/                  |             |
|    approx_kl            | 0.019076437 |
|    clip_fraction        | 0.147       |
|    clip_range           | 0.2         |
|    entropy_loss         | -20.6       |
|    explained_variance   | 0.904       |
|    learning_rate        | 0.0003      |
|    loss                 | 1.17        |
|    n_updates            | 12090       |
|    policy_gradient_loss | -0.0308     |
|    std                  | 3.44        |
|    value_loss           | 4.76        |
-----------------------------------------
-----------------------------------------
| manipularl/             |             |
|    align_curriculum     | 0           |
|    collision_rate       | 0.4         |
|    grasp_failure_rate   | 0.888       |
|    insert_depth_mean    | 0           |
|    insert_tilt_deg_mean | 0.00123     |
|    success_rate         | 0           |
| rollout/                |             |
|    ep_len_mean          | 400         |
|    ep_rew_mean          | -28.3       |
| time/                   |             |
|    fps                  | 614         |
|    iterations           | 538         |
|    time_elapsed         | 5380        |
|    total_timesteps      | 3305472     |
| train/                  |             |
|    approx_kl            | 0.021026189 |
|    clip_fraction        | 0.178       |
|    clip_range           | 0.2         |
|    entropy_loss         | -20.6       |
|    explained_variance   | 0.866       |
|    learning_rate        | 0.0003      |
|    loss                 | 1.22        |
|    n_updates            | 12100       |
|    policy_gradient_loss | -0.0309     |
|    std                  | 3.44        |
|    value_loss           | 3.31        |
-----------------------------------------
-----------------------------------------
| manipularl/             |             |
|    align_curriculum     | 0           |
|    collision_rate       | 0.44        |
|    grasp_failure_rate   | 0.857       |
|    insert_depth_mean    | 0           |
|    insert_tilt_deg_mean | 0.00141     |
|    success_rate         | 0           |
| rollout/                |             |
|    ep_len_mean          | 400         |
|    ep_rew_mean          | -27         |
| time/                   |             |
|    fps                  | 614         |
|    iterations           | 539         |
|    time_elapsed         | 5392        |
|    total_timesteps      | 3311616     |
| train/                  |             |
|    approx_kl            | 0.036723826 |
|    clip_fraction        | 0.252       |
|    clip_range           | 0.2         |
|    entropy_loss         | -20.6       |
|    explained_variance   | 0.895       |
|    learning_rate        | 0.0003      |
|    loss                 | 0.117       |
|    n_updates            | 12110       |
|    policy_gradient_loss | -0.0457     |
|    std                  | 3.43        |
|    value_loss           | 1.18        |
-----------------------------------------
-----------------------------------------
| manipularl/             |             |
|    align_curriculum     | 0           |
|    collision_rate       | 0.34        |
|    grasp_failure_rate   | 0.829       |
|    insert_depth_mean    | 0.0012      |
|    insert_tilt_deg_mean | 0.00207     |
|    success_rate         | 0.02        |
| rollout/                |             |
|    ep_len_mean          | 392         |
|    ep_rew_mean          | -5.32       |
| time/                   |             |
|    fps                  | 613         |
|    iterations           | 540         |
|    time_elapsed         | 5406        |
|    total_timesteps      | 3317760     |
| train/                  |             |
|    approx_kl            | 0.031116508 |
|    clip_fraction        | 0.225       |
|    clip_range           | 0.2         |
|    entropy_loss         | -20.6       |
|    explained_variance   | 0.802       |
|    learning_rate        | 0.0003      |
|    loss                 | 0.043       |
|    n_updates            | 12120       |
|    policy_gradient_loss | -0.0405     |
|    std                  | 3.44        |
|    value_loss           | 1.25        |
-----------------------------------------
-----------------------------------------
| manipularl/             |             |
|    align_curriculum     | 0           |
|    collision_rate       | 0.37        |
|    grasp_failure_rate   | 0.84        |
|    insert_depth_mean    | 0.003       |
|    insert_tilt_deg_mean | 0.00274     |
|    success_rate         | 0.05        |
| rollout/                |             |
|    ep_len_mean          | 381         |
|    ep_rew_mean          | -5.65       |
| time/                   |             |
|    fps                  | 613         |
|    iterations           | 541         |
|    time_elapsed         | 5417        |
|    total_timesteps      | 3323904     |
| train/                  |             |
|    approx_kl            | 0.022433171 |
|    clip_fraction        | 0.205       |
|    clip_range           | 0.2         |
|    entropy_loss         | -20.6       |
|    explained_variance   | 0.649       |
|    learning_rate        | 0.0003      |
|    loss                 | 0.497       |
|    n_updates            | 12130       |
|    policy_gradient_loss | -0.0312     |
|    std                  | 3.45        |
|    value_loss           | 3.26        |
-----------------------------------------
---------------------------------------
| manipularl/             |           |
|    align_curriculum     | 0         |
|    collision_rate       | 0.37      |
|    grasp_failure_rate   | 0.851     |
|    insert_depth_mean    | 0.0066    |
|    insert_tilt_deg_mean | 0.0471    |
|    success_rate         | 0.11      |
| rollout/                |           |
|    ep_len_mean          | 357       |
|    ep_rew_mean          | -1.66     |
| time/                   |           |
|    fps                  | 613       |
|    iterations           | 542       |
|    time_elapsed         | 5426      |
|    total_timesteps      | 3330048   |
| train/                  |           |
|    approx_kl            | 0.0230399 |
|    clip_fraction        | 0.145     |
|    clip_range           | 0.2       |
|    entropy_loss         | -20.7     |
|    explained_variance   | 0.759     |
|    learning_rate        | 0.0003    |
|    loss                 | 0.745     |
|    n_updates            | 12140     |
|    policy_gradient_loss | -0.0348   |
|    std                  | 3.45      |
|    value_loss           | 3.84      |
---------------------------------------
----------------------------------------
| manipularl/             |            |
|    align_curriculum     | 0          |
|    collision_rate       | 0.3        |
|    grasp_failure_rate   | 0.816      |
|    insert_depth_mean    | 0.0066     |
|    insert_tilt_deg_mean | 0.0475     |
|    success_rate         | 0.11       |
| rollout/                |            |
|    ep_len_mean          | 357        |
|    ep_rew_mean          | 1.25       |
| time/                   |            |
|    fps                  | 613        |
|    iterations           | 543        |
|    time_elapsed         | 5435       |
|    total_timesteps      | 3336192    |
| train/                  |            |
|    approx_kl            | 0.04177996 |
|    clip_fraction        | 0.209      |
|    clip_range           | 0.2        |
|    entropy_loss         | -20.7      |
|    explained_variance   | 0.935      |
|    learning_rate        | 0.0003     |
|    loss                 | -0.0492    |
|    n_updates            | 12150      |
|    policy_gradient_loss | -0.0356    |
|    std                  | 3.46       |
|    value_loss           | 0.833      |
----------------------------------------
----------------------------------------
| manipularl/             |            |
|    align_curriculum     | 0          |
|    collision_rate       | 0.3        |
|    grasp_failure_rate   | 0.855      |
|    insert_depth_mean    | 0.0066     |
|    insert_tilt_deg_mean | 0.0477     |
|    success_rate         | 0.11       |
| rollout/                |            |
|    ep_len_mean          | 357        |
|    ep_rew_mean          | 0.419      |
| time/                   |            |
|    fps                  | 613        |
|    iterations           | 544        |
|    time_elapsed         | 5444       |
|    total_timesteps      | 3342336    |
| train/                  |            |
|    approx_kl            | 0.02873829 |
|    clip_fraction        | 0.274      |
|    clip_range           | 0.2        |
|    entropy_loss         | -20.7      |
|    explained_variance   | 0.747      |
|    learning_rate        | 0.0003     |
|    loss                 | 0.684      |
|    n_updates            | 12160      |
|    policy_gradient_loss | -0.0307    |
|    std                  | 3.47       |
|    value_loss           | 2.52       |
----------------------------------------
-----------------------------------------
| manipularl/             |             |
|    align_curriculum     | 0           |
|    collision_rate       | 0.28        |
|    grasp_failure_rate   | 0.88        |
|    insert_depth_mean    | 0.0066      |
|    insert_tilt_deg_mean | 0.0477      |
|    success_rate         | 0.11        |
| rollout/                |             |
|    ep_len_mean          | 357         |
|    ep_rew_mean          | -1.06       |
| time/                   |             |
|    fps                  | 614         |
|    iterations           | 545         |
|    time_elapsed         | 5453        |
|    total_timesteps      | 3348480     |
| train/                  |             |
|    approx_kl            | 0.028955432 |
|    clip_fraction        | 0.196       |
|    clip_range           | 0.2         |
|    entropy_loss         | -20.7       |
|    explained_variance   | 0.694       |
|    learning_rate        | 0.0003      |
|    loss                 | 0.863       |
|    n_updates            | 12170       |
|    policy_gradient_loss | -0.0336     |
|    std                  | 3.47        |
|    value_loss           | 2.73        |
-----------------------------------------
-----------------------------------------
| manipularl/             |             |
|    align_curriculum     | 0           |
|    collision_rate       | 0.3         |
|    grasp_failure_rate   | 0.889       |
|    insert_depth_mean    | 0.0066      |
|    insert_tilt_deg_mean | 0.048       |
|    success_rate         | 0.11        |
| rollout/                |             |
|    ep_len_mean          | 357         |
|    ep_rew_mean          | -5.05       |
| time/                   |             |
|    fps                  | 614         |
|    iterations           | 546         |
|    time_elapsed         | 5461        |
|    total_timesteps      | 3354624     |
| train/                  |             |
|    approx_kl            | 0.044706885 |
|    clip_fraction        | 0.206       |
|    clip_range           | 0.2         |
|    entropy_loss         | -20.7       |
|    explained_variance   | 0.907       |
|    learning_rate        | 0.0003      |
|    loss                 | 0.0174      |
|    n_updates            | 12180       |
|    policy_gradient_loss | -0.0283     |
|    std                  | 3.47        |
|    value_loss           | 0.85        |
-----------------------------------------
-----------------------------------------
| manipularl/             |             |
|    align_curriculum     | 0           |
|    collision_rate       | 0.31        |
|    grasp_failure_rate   | 0.849       |
|    insert_depth_mean    | 0.0036      |
|    insert_tilt_deg_mean | 0.047       |
|    success_rate         | 0.06        |
| rollout/                |             |
|    ep_len_mean          | 377         |
|    ep_rew_mean          | -15.5       |
| time/                   |             |
|    fps                  | 614         |
|    iterations           | 547         |
|    time_elapsed         | 5470        |
|    total_timesteps      | 3360768     |
| train/                  |             |
|    approx_kl            | 0.029369904 |
|    clip_fraction        | 0.408       |
|    clip_range           | 0.2         |
|    entropy_loss         | -20.7       |
|    explained_variance   | 0.859       |
|    learning_rate        | 0.0003      |
|    loss                 | 0.925       |
|    n_updates            | 12190       |
|    policy_gradient_loss | -0.00582    |
|    std                  | 3.47        |
|    value_loss           | 3.85        |
-----------------------------------------
------------------------------------------
| manipularl/             |              |
|    align_curriculum     | 0            |
|    collision_rate       | 0.32         |
|    grasp_failure_rate   | 0.839        |
|    insert_depth_mean    | 0.003        |
|    insert_tilt_deg_mean | 0.00401      |
|    success_rate         | 0.05         |
| rollout/                |              |
|    ep_len_mean          | 380          |
|    ep_rew_mean          | -23.5        |
| time/                   |              |
|    fps                  | 614          |
|    iterations           | 548          |
|    time_elapsed         | 5478         |
|    total_timesteps      | 3366912      |
| train/                  |              |
|    approx_kl            | 0.0131968185 |
|    clip_fraction        | 0.107        |
|    clip_range           | 0.2          |
|    entropy_loss         | -20.7        |
|    explained_variance   | 0.883        |
|    learning_rate        | 0.0003       |
|    loss                 | 1.53         |
|    n_updates            | 12200        |
|    policy_gradient_loss | -0.0204      |
|    std                  | 3.48         |
|    value_loss           | 5.85         |
------------------------------------------
-----------------------------------------
| manipularl/             |             |
|    align_curriculum     | 0           |
|    collision_rate       | 0.31        |
|    grasp_failure_rate   | 0.872       |
|    insert_depth_mean    | 0.00721     |
|    insert_tilt_deg_mean | 0.00568     |
|    success_rate         | 0.12        |
| rollout/                |             |
|    ep_len_mean          | 353         |
|    ep_rew_mean          | -20         |
| time/                   |             |
|    fps                  | 614         |
|    iterations           | 549         |
|    time_elapsed         | 5487        |
|    total_timesteps      | 3373056     |
| train/                  |             |
|    approx_kl            | 0.016196685 |
|    clip_fraction        | 0.151       |
|    clip_range           | 0.2         |
|    entropy_loss         | -20.7       |
|    explained_variance   | 0.92        |
|    learning_rate        | 0.0003      |
|    loss                 | 2.64        |
|    n_updates            | 12210       |
|    policy_gradient_loss | -0.0256     |
|    std                  | 3.48        |
|    value_loss           | 7.68        |
-----------------------------------------
-----------------------------------------
| manipularl/             |             |
|    align_curriculum     | 0           |
|    collision_rate       | 0.27        |
|    grasp_failure_rate   | 0.839       |
|    insert_depth_mean    | 0.00721     |
|    insert_tilt_deg_mean | 0.00588     |
|    success_rate         | 0.12        |
| rollout/                |             |
|    ep_len_mean          | 353         |
|    ep_rew_mean          | -18.7       |
| time/                   |             |
|    fps                  | 614         |
|    iterations           | 550         |
|    time_elapsed         | 5495        |
|    total_timesteps      | 3379200     |
| train/                  |             |
|    approx_kl            | 0.024345912 |
|    clip_fraction        | 0.18        |
|    clip_range           | 0.2         |
|    entropy_loss         | -20.7       |
|    explained_variance   | 0.897       |
|    learning_rate        | 0.0003      |
|    loss                 | 0.583       |
|    n_updates            | 12220       |
|    policy_gradient_loss | -0.0359     |
|    std                  | 3.49        |
|    value_loss           | 3.1         |
-----------------------------------------
----------------------------------------
| manipularl/             |            |
|    align_curriculum     | 0          |
|    collision_rate       | 0.48       |
|    grasp_failure_rate   | 0.802      |
|    insert_depth_mean    | 0.00721    |
|    insert_tilt_deg_mean | 0.00602    |
|    success_rate         | 0.12       |
| rollout/                |            |
|    ep_len_mean          | 353        |
|    ep_rew_mean          | -23.6      |
| time/                   |            |
|    fps                  | 615        |
|    iterations           | 551        |
|    time_elapsed         | 5504       |
|    total_timesteps      | 3385344    |
| train/                  |            |
|    approx_kl            | 0.01192227 |
|    clip_fraction        | 0.0932     |
|    clip_range           | 0.2        |
|    entropy_loss         | -20.7      |
|    explained_variance   | 0.622      |
|    learning_rate        | 0.0003     |
|    loss                 | 0.597      |
|    n_updates            | 12230      |
|    policy_gradient_loss | -0.0173    |
|    std                  | 3.49       |
|    value_loss           | 3.75       |
----------------------------------------
-----------------------------------------
| manipularl/             |             |
|    align_curriculum     | 0           |
|    collision_rate       | 0.54        |
|    grasp_failure_rate   | 0.8         |
|    insert_depth_mean    | 0.00721     |
|    insert_tilt_deg_mean | 0.00582     |
|    success_rate         | 0.12        |
| rollout/                |             |
|    ep_len_mean          | 353         |
|    ep_rew_mean          | -33         |
| time/                   |             |
|    fps                  | 615         |
|    iterations           | 552         |
|    time_elapsed         | 5512        |
|    total_timesteps      | 3391488     |
| train/                  |             |
|    approx_kl            | 0.010657678 |
|    clip_fraction        | 0.174       |
|    clip_range           | 0.2         |
|    entropy_loss         | -20.7       |
|    explained_variance   | 0.863       |
|    learning_rate        | 0.0003      |
|    loss                 | 1.5         |
|    n_updates            | 12240       |
|    policy_gradient_loss | -0.00794    |
|    std                  | 3.49        |
|    value_loss           | 5.95        |
-----------------------------------------
----------------------------------------
| manipularl/             |            |
|    align_curriculum     | 0          |
|    collision_rate       | 0.57       |
|    grasp_failure_rate   | 0.781      |
|    insert_depth_mean    | 0.00721    |
|    insert_tilt_deg_mean | 0.00593    |
|    success_rate         | 0.12       |
| rollout/                |            |
|    ep_len_mean          | 353        |
|    ep_rew_mean          | -31.2      |
| time/                   |            |
|    fps                  | 615        |
|    iterations           | 553        |
|    time_elapsed         | 5522       |
|    total_timesteps      | 3397632    |
| train/                  |            |
|    approx_kl            | 0.01823124 |
|    clip_fraction        | 0.145      |
|    clip_range           | 0.2        |
|    entropy_loss         | -20.7      |
|    explained_variance   | 0.953      |
|    learning_rate        | 0.0003     |
|    loss                 | 0.842      |
|    n_updates            | 12250      |
|    policy_gradient_loss | -0.0299    |
|    std                  | 3.5        |
|    value_loss           | 3.66       |
----------------------------------------
-----------------------------------------
| manipularl/             |             |
|    align_curriculum     | 0           |
|    collision_rate       | 0.51        |
|    grasp_failure_rate   | 0.752       |
|    insert_depth_mean    | 0.006       |
|    insert_tilt_deg_mean | 0.00523     |
|    success_rate         | 0.1         |
| rollout/                |             |
|    ep_len_mean          | 361         |
|    ep_rew_mean          | -25.5       |
| time/                   |             |
|    fps                  | 615         |
|    iterations           | 554         |
|    time_elapsed         | 5529        |
|    total_timesteps      | 3403776     |
| train/                  |             |
|    approx_kl            | 0.015772322 |
|    clip_fraction        | 0.153       |
|    clip_range           | 0.2         |
|    entropy_loss         | -20.8       |
|    explained_variance   | 0.924       |
|    learning_rate        | 0.0003      |
|    loss                 | 0.809       |
|    n_updates            | 12260       |
|    policy_gradient_loss | -0.026      |
|    std                  | 3.5         |
|    value_loss           | 4.73        |
-----------------------------------------
-----------------------------------------
| manipularl/             |             |
|    align_curriculum     | 0           |
|    collision_rate       | 0.6         |
|    grasp_failure_rate   | 0.777       |
|    insert_depth_mean    | 0           |
|    insert_tilt_deg_mean | 0.00233     |
|    success_rate         | 0           |
| rollout/                |             |
|    ep_len_mean          | 400         |
|    ep_rew_mean          | -42.8       |
| time/                   |             |
|    fps                  | 615         |
|    iterations           | 555         |
|    time_elapsed         | 5538        |
|    total_timesteps      | 3409920     |
| train/                  |             |
|    approx_kl            | 0.019405028 |
|    clip_fraction        | 0.133       |
|    clip_range           | 0.2         |
|    entropy_loss         | -20.8       |
|    explained_variance   | 0.926       |
|    learning_rate        | 0.0003      |
|    loss                 | 2.88        |
|    n_updates            | 12270       |
|    policy_gradient_loss | -0.0234     |
|    std                  | 3.51        |
|    value_loss           | 8.48        |
-----------------------------------------
-----------------------------------------
| manipularl/             |             |
|    align_curriculum     | 0           |
|    collision_rate       | 0.63        |
|    grasp_failure_rate   | 0.816       |
|    insert_depth_mean    | 0           |
|    insert_tilt_deg_mean | 0.00207     |
|    success_rate         | 0           |
| rollout/                |             |
|    ep_len_mean          | 400         |
|    ep_rew_mean          | -45.1       |
| time/                   |             |
|    fps                  | 615         |
|    iterations           | 556         |
|    time_elapsed         | 5546        |
|    total_timesteps      | 3416064     |
| train/                  |             |
|    approx_kl            | 0.026479011 |
|    clip_fraction        | 0.208       |
|    clip_range           | 0.2         |
|    entropy_loss         | -20.8       |
|    explained_variance   | 0.836       |
|    learning_rate        | 0.0003      |
|    loss                 | 0.435       |
|    n_updates            | 12280       |
|    policy_gradient_loss | -0.0342     |
|    std                  | 3.51        |
|    value_loss           | 2.21        |
-----------------------------------------
-----------------------------------------
| manipularl/             |             |
|    align_curriculum     | 0           |
|    collision_rate       | 0.59        |
|    grasp_failure_rate   | 0.839       |
|    insert_depth_mean    | 0           |
|    insert_tilt_deg_mean | 0.00188     |
|    success_rate         | 0           |
| rollout/                |             |
|    ep_len_mean          | 400         |
|    ep_rew_mean          | -45.2       |
| time/                   |             |
|    fps                  | 615         |
|    iterations           | 557         |
|    time_elapsed         | 5559        |
|    total_timesteps      | 3422208     |
| train/                  |             |
|    approx_kl            | 0.019423475 |
|    clip_fraction        | 0.166       |
|    clip_range           | 0.2         |
|    entropy_loss         | -20.8       |
|    explained_variance   | 0.74        |
|    learning_rate        | 0.0003      |
|    loss                 | 1.17        |
|    n_updates            | 12290       |
|    policy_gradient_loss | -0.03       |
|    std                  | 3.51        |
|    value_loss           | 4.12        |
-----------------------------------------
-----------------------------------------
| manipularl/             |             |
|    align_curriculum     | 0           |
|    collision_rate       | 0.45        |
|    grasp_failure_rate   | 0.837       |
|    insert_depth_mean    | 0           |
|    insert_tilt_deg_mean | 0.00189     |
|    success_rate         | 0           |
| rollout/                |             |
|    ep_len_mean          | 400         |
|    ep_rew_mean          | -22.3       |
| time/                   |             |
|    fps                  | 615         |
|    iterations           | 558         |
|    time_elapsed         | 5572        |
|    total_timesteps      | 3428352     |
| train/                  |             |
|    approx_kl            | 0.018080698 |
|    clip_fraction        | 0.149       |
|    clip_range           | 0.2         |
|    entropy_loss         | -20.8       |
|    explained_variance   | 0.761       |
|    learning_rate        | 0.0003      |
|    loss                 | 0.448       |
|    n_updates            | 12300       |
|    policy_gradient_loss | -0.0276     |
|    std                  | 3.51        |
|    value_loss           | 2.38        |
-----------------------------------------
-----------------------------------------
| manipularl/             |             |
|    align_curriculum     | 0           |
|    collision_rate       | 0.41        |
|    grasp_failure_rate   | 0.873       |
|    insert_depth_mean    | 0           |
|    insert_tilt_deg_mean | 0.00204     |
|    success_rate         | 0           |
| rollout/                |             |
|    ep_len_mean          | 400         |
|    ep_rew_mean          | -21.5       |
| time/                   |             |
|    fps                  | 614         |
|    iterations           | 559         |
|    time_elapsed         | 5587        |
|    total_timesteps      | 3434496     |
| train/                  |             |
|    approx_kl            | 0.032569956 |
|    clip_fraction        | 0.222       |
|    clip_range           | 0.2         |
|    entropy_loss         | -20.8       |
|    explained_variance   | 0.867       |
|    learning_rate        | 0.0003      |
|    loss                 | 0.221       |
|    n_updates            | 12310       |
|    policy_gradient_loss | -0.0323     |
|    std                  | 3.51        |
|    value_loss           | 1.32        |
-----------------------------------------
----------------------------------------
| manipularl/             |            |
|    align_curriculum     | 0          |
|    collision_rate       | 0.43       |
|    grasp_failure_rate   | 0.904      |
|    insert_depth_mean    | 0          |
|    insert_tilt_deg_mean | 0.00232    |
|    success_rate         | 0          |
| rollout/                |            |
|    ep_len_mean          | 400        |
|    ep_rew_mean          | -18.8      |
| time/                   |            |
|    fps                  | 614        |
|    iterations           | 560        |
|    time_elapsed         | 5601       |
|    total_timesteps      | 3440640    |
| train/                  |            |
|    approx_kl            | 0.03175721 |
|    clip_fraction        | 0.256      |
|    clip_range           | 0.2        |
|    entropy_loss         | -20.8      |
|    explained_variance   | 0.773      |
|    learning_rate        | 0.0003     |
|    loss                 | 0.127      |
|    n_updates            | 12320      |
|    policy_gradient_loss | -0.0371    |
|    std                  | 3.51       |
|    value_loss           | 1.37       |
----------------------------------------
-----------------------------------------
| manipularl/             |             |
|    align_curriculum     | 0           |
|    collision_rate       | 0.41        |
|    grasp_failure_rate   | 0.88        |
|    insert_depth_mean    | 0           |
|    insert_tilt_deg_mean | 0.00884     |
|    success_rate         | 0           |
| rollout/                |             |
|    ep_len_mean          | 400         |
|    ep_rew_mean          | -3.24       |
| time/                   |             |
|    fps                  | 613         |
|    iterations           | 561         |
|    time_elapsed         | 5614        |
|    total_timesteps      | 3446784     |
| train/                  |             |
|    approx_kl            | 0.027104087 |
|    clip_fraction        | 0.188       |
|    clip_range           | 0.2         |
|    entropy_loss         | -20.8       |
|    explained_variance   | 0.895       |
|    learning_rate        | 0.0003      |
|    loss                 | 0.221       |
|    n_updates            | 12330       |
|    policy_gradient_loss | -0.0348     |
|    std                  | 3.52        |
|    value_loss           | 1.87        |
-----------------------------------------
----------------------------------------
| manipularl/             |            |
|    align_curriculum     | 0          |
|    collision_rate       | 0.32       |
|    grasp_failure_rate   | 0.834      |
|    insert_depth_mean    | 0          |
|    insert_tilt_deg_mean | 0.0158     |
|    success_rate         | 0          |
| rollout/                |            |
|    ep_len_mean          | 400        |
|    ep_rew_mean          | 1.3        |
| time/                   |            |
|    fps                  | 613        |
|    iterations           | 562        |
|    time_elapsed         | 5626       |
|    total_timesteps      | 3452928    |
| train/                  |            |
|    approx_kl            | 0.04947265 |
|    clip_fraction        | 0.288      |
|    clip_range           | 0.2        |
|    entropy_loss         | -20.8      |
|    explained_variance   | 0.822      |
|    learning_rate        | 0.0003     |
|    loss                 | -0.14      |
|    n_updates            | 12340      |
|    policy_gradient_loss | -0.0491    |
|    std                  | 3.52       |
|    value_loss           | 0.397      |
----------------------------------------
-----------------------------------------
| manipularl/             |             |
|    align_curriculum     | 0           |
|    collision_rate       | 0.3         |
|    grasp_failure_rate   | 0.839       |
|    insert_depth_mean    | 0           |
|    insert_tilt_deg_mean | 0.0157      |
|    success_rate         | 0           |
| rollout/                |             |
|    ep_len_mean          | 400         |
|    ep_rew_mean          | 0.486       |
| time/                   |             |
|    fps                  | 613         |
|    iterations           | 563         |
|    time_elapsed         | 5634        |
|    total_timesteps      | 3459072     |
| train/                  |             |
|    approx_kl            | 0.022148883 |
|    clip_fraction        | 0.285       |
|    clip_range           | 0.2         |
|    entropy_loss         | -20.8       |
|    explained_variance   | 0.651       |
|    learning_rate        | 0.0003      |
|    loss                 | 0.205       |
|    n_updates            | 12350       |
|    policy_gradient_loss | -0.0271     |
|    std                  | 3.52        |
|    value_loss           | 1.71        |
-----------------------------------------
-----------------------------------------
| manipularl/             |             |
|    align_curriculum     | 0           |
|    collision_rate       | 0.24        |
|    grasp_failure_rate   | 0.815       |
|    insert_depth_mean    | 0           |
|    insert_tilt_deg_mean | 0.0157      |
|    success_rate         | 0           |
| rollout/                |             |
|    ep_len_mean          | 400         |
|    ep_rew_mean          | 1.37        |
| time/                   |             |
|    fps                  | 613         |
|    iterations           | 564         |
|    time_elapsed         | 5644        |
|    total_timesteps      | 3465216     |
| train/                  |             |
|    approx_kl            | 0.029801639 |
|    clip_fraction        | 0.203       |
|    clip_range           | 0.2         |
|    entropy_loss         | -20.8       |
|    explained_variance   | 0.649       |
|    learning_rate        | 0.0003      |
|    loss                 | 0.0353      |
|    n_updates            | 12360       |
|    policy_gradient_loss | -0.0364     |
|    std                  | 3.52        |
|    value_loss           | 1.06        |
-----------------------------------------
----------------------------------------
| manipularl/             |            |
|    align_curriculum     | 0          |
|    collision_rate       | 0.21       |
|    grasp_failure_rate   | 0.81       |
|    insert_depth_mean    | 0          |
|    insert_tilt_deg_mean | 0.0156     |
|    success_rate         | 0          |
| rollout/                |            |
|    ep_len_mean          | 400        |
|    ep_rew_mean          | 1.12       |
| time/                   |            |
|    fps                  | 614        |
|    iterations           | 565        |
|    time_elapsed         | 5653       |
|    total_timesteps      | 3471360    |
| train/                  |            |
|    approx_kl            | 0.04870525 |
|    clip_fraction        | 0.311      |
|    clip_range           | 0.2        |
|    entropy_loss         | -20.8      |
|    explained_variance   | 0.942      |
|    learning_rate        | 0.0003     |
|    loss                 | -0.0792    |
|    n_updates            | 12370      |
|    policy_gradient_loss | -0.0502    |
|    std                  | 3.52       |
|    value_loss           | 0.718      |
----------------------------------------
-----------------------------------------
| manipularl/             |             |
|    align_curriculum     | 0           |
|    collision_rate       | 0.17        |
|    grasp_failure_rate   | 0.799       |
|    insert_depth_mean    | 0           |
|    insert_tilt_deg_mean | 0.0154      |
|    success_rate         | 0           |
| rollout/                |             |
|    ep_len_mean          | 400         |
|    ep_rew_mean          | 4.01        |
| time/                   |             |
|    fps                  | 614         |
|    iterations           | 566         |
|    time_elapsed         | 5662        |
|    total_timesteps      | 3477504     |
| train/                  |             |
|    approx_kl            | 0.037506714 |
|    clip_fraction        | 0.311       |
|    clip_range           | 0.2         |
|    entropy_loss         | -20.8       |
|    explained_variance   | 0.925       |
|    learning_rate        | 0.0003      |
|    loss                 | 0.00409     |
|    n_updates            | 12380       |
|    policy_gradient_loss | -0.0416     |
|    std                  | 3.53        |
|    value_loss           | 1.08        |
-----------------------------------------
-----------------------------------------
| manipularl/             |             |
|    align_curriculum     | 0           |
|    collision_rate       | 0.08        |
|    grasp_failure_rate   | 0.792       |
|    insert_depth_mean    | 0           |
|    insert_tilt_deg_mean | 0.0155      |
|    success_rate         | 0           |
| rollout/                |             |
|    ep_len_mean          | 400         |
|    ep_rew_mean          | 3.71        |
| time/                   |             |
|    fps                  | 614         |
|    iterations           | 567         |
|    time_elapsed         | 5670        |
|    total_timesteps      | 3483648     |
| train/                  |             |
|    approx_kl            | 0.030155743 |
|    clip_fraction        | 0.206       |
|    clip_range           | 0.2         |
|    entropy_loss         | -20.8       |
|    explained_variance   | 0.76        |
|    learning_rate        | 0.0003      |
|    loss                 | 0.0943      |
|    n_updates            | 12390       |
|    policy_gradient_loss | -0.0404     |
|    std                  | 3.53        |
|    value_loss           | 1.13        |
-----------------------------------------
-----------------------------------------
| manipularl/             |             |
|    align_curriculum     | 0           |
|    collision_rate       | 0.11        |
|    grasp_failure_rate   | 0.806       |
|    insert_depth_mean    | 0           |
|    insert_tilt_deg_mean | 0.00871     |
|    success_rate         | 0           |
| rollout/                |             |
|    ep_len_mean          | 400         |
|    ep_rew_mean          | 1.1         |
| time/                   |             |
|    fps                  | 614         |
|    iterations           | 568         |
|    time_elapsed         | 5678        |
|    total_timesteps      | 3489792     |
| train/                  |             |
|    approx_kl            | 0.019511132 |
|    clip_fraction        | 0.185       |
|    clip_range           | 0.2         |
|    entropy_loss         | -20.8       |
|    explained_variance   | -0.0146     |
|    learning_rate        | 0.0003      |
|    loss                 | 0.321       |
|    n_updates            | 12400       |
|    policy_gradient_loss | -0.0332     |
|    std                  | 3.53        |
|    value_loss           | 1.87        |
-----------------------------------------
-----------------------------------------
| manipularl/             |             |
|    align_curriculum     | 0           |
|    collision_rate       | 0.18        |
|    grasp_failure_rate   | 0.82        |
|    insert_depth_mean    | 0           |
|    insert_tilt_deg_mean | 0.00248     |
|    success_rate         | 0           |
| rollout/                |             |
|    ep_len_mean          | 400         |
|    ep_rew_mean          | -1.55       |
| time/                   |             |
|    fps                  | 614         |
|    iterations           | 569         |
|    time_elapsed         | 5687        |
|    total_timesteps      | 3495936     |
| train/                  |             |
|    approx_kl            | 0.022308849 |
|    clip_fraction        | 0.182       |
|    clip_range           | 0.2         |
|    entropy_loss         | -20.8       |
|    explained_variance   | 0.548       |
|    learning_rate        | 0.0003      |
|    loss                 | -0.0495     |
|    n_updates            | 12410       |
|    policy_gradient_loss | -0.0357     |
|    std                  | 3.53        |
|    value_loss           | 0.887       |
-----------------------------------------
Eval num_timesteps=3499944, episode_reward=-6.27 +/- 35.91
Episode length: 361.00 +/- 117.00
-----------------------------------------
| eval/                   |             |
|    mean_ep_length       | 361         |
|    mean_reward          | -6.27       |
| manipularl/             |             |
|    align_curriculum     | 0           |
|    collision_rate       | 0.17        |
|    grasp_failure_rate   | 0.819       |
|    insert_depth_mean    | 0           |
|    insert_tilt_deg_mean | 0.00251     |
|    success_rate         | 0           |
| time/                   |             |
|    total_timesteps      | 3499944     |
| train/                  |             |
|    approx_kl            | 0.029672833 |
|    clip_fraction        | 0.251       |
|    clip_range           | 0.2         |
|    entropy_loss         | -20.8       |
|    explained_variance   | 0.633       |
|    learning_rate        | 0.0003      |
|    loss                 | 0.231       |
|    n_updates            | 12420       |
|    policy_gradient_loss | -0.042      |
|    std                  | 3.52        |
|    value_loss           | 1.42        |
-----------------------------------------
--------------------------------------
| manipularl/             |          |
|    align_curriculum     | 0        |
|    collision_rate       | 0.19     |
|    grasp_failure_rate   | 0.829    |
|    insert_depth_mean    | 0        |
|    insert_tilt_deg_mean | 0.00242  |
|    success_rate         | 0        |
| rollout/                |          |
|    ep_len_mean          | 400      |
|    ep_rew_mean          | -1.65    |
| time/                   |          |
|    fps                  | 612      |
|    iterations           | 570      |
|    time_elapsed         | 5714     |
|    total_timesteps      | 3502080  |
--------------------------------------
-----------------------------------------
| manipularl/             |             |
|    align_curriculum     | 0           |
|    collision_rate       | 0.24        |
|    grasp_failure_rate   | 0.829       |
|    insert_depth_mean    | 0           |
|    insert_tilt_deg_mean | 0.00245     |
|    success_rate         | 0           |
| rollout/                |             |
|    ep_len_mean          | 400         |
|    ep_rew_mean          | -1.52       |
| time/                   |             |
|    fps                  | 612         |
|    iterations           | 571         |
|    time_elapsed         | 5724        |
|    total_timesteps      | 3508224     |
| train/                  |             |
|    approx_kl            | 0.038766075 |
|    clip_fraction        | 0.252       |
|    clip_range           | 0.2         |
|    entropy_loss         | -20.8       |
|    explained_variance   | 0.829       |
|    learning_rate        | 0.0003      |
|    loss                 | -0.04       |
|    n_updates            | 12430       |
|    policy_gradient_loss | -0.0511     |
|    std                  | 3.53        |
|    value_loss           | 0.784       |
-----------------------------------------
----------------------------------------
| manipularl/             |            |
|    align_curriculum     | 0          |
|    collision_rate       | 0.3        |
|    grasp_failure_rate   | 0.816      |
|    insert_depth_mean    | 0          |
|    insert_tilt_deg_mean | 0.00204    |
|    success_rate         | 0          |
| rollout/                |            |
|    ep_len_mean          | 400        |
|    ep_rew_mean          | -2         |
| time/                   |            |
|    fps                  | 612        |
|    iterations           | 572        |
|    time_elapsed         | 5736       |
|    total_timesteps      | 3514368    |
| train/                  |            |
|    approx_kl            | 0.04044075 |
|    clip_fraction        | 0.29       |
|    clip_range           | 0.2        |
|    entropy_loss         | -20.8      |
|    explained_variance   | 0.839      |
|    learning_rate        | 0.0003     |
|    loss                 | -0.138     |
|    n_updates            | 12440      |
|    policy_gradient_loss | -0.046     |
|    std                  | 3.54       |
|    value_loss           | 0.401      |
----------------------------------------
---------------------------------------
| manipularl/             |           |
|    align_curriculum     | 0         |
|    collision_rate       | 0.3       |
|    grasp_failure_rate   | 0.782     |
|    insert_depth_mean    | 0         |
|    insert_tilt_deg_mean | 0.0021    |
|    success_rate         | 0         |
| rollout/                |           |
|    ep_len_mean          | 400       |
|    ep_rew_mean          | -3.08     |
| time/                   |           |
|    fps                  | 612       |
|    iterations           | 573       |
|    time_elapsed         | 5749      |
|    total_timesteps      | 3520512   |
| train/                  |           |
|    approx_kl            | 0.0204011 |
|    clip_fraction        | 0.202     |
|    clip_range           | 0.2       |
|    entropy_loss         | -20.9     |
|    explained_variance   | 0.534     |
|    learning_rate        | 0.0003    |
|    loss                 | 0.154     |
|    n_updates            | 12450     |
|    policy_gradient_loss | -0.0254   |
|    std                  | 3.55      |
|    value_loss           | 1.89      |
---------------------------------------
-----------------------------------------
| manipularl/             |             |
|    align_curriculum     | 0           |
|    collision_rate       | 0.29        |
|    grasp_failure_rate   | 0.763       |
|    insert_depth_mean    | 0           |
|    insert_tilt_deg_mean | 0.00221     |
|    success_rate         | 0           |
| rollout/                |             |
|    ep_len_mean          | 400         |
|    ep_rew_mean          | -0.169      |
| time/                   |             |
|    fps                  | 611         |
|    iterations           | 574         |
|    time_elapsed         | 5762        |
|    total_timesteps      | 3526656     |
| train/                  |             |
|    approx_kl            | 0.038784757 |
|    clip_fraction        | 0.234       |
|    clip_range           | 0.2         |
|    entropy_loss         | -20.9       |
|    explained_variance   | 0.61        |
|    learning_rate        | 0.0003      |
|    loss                 | -0.0598     |
|    n_updates            | 12460       |
|    policy_gradient_loss | -0.0383     |
|    std                  | 3.55        |
|    value_loss           | 0.767       |
-----------------------------------------
-----------------------------------------
| manipularl/             |             |
|    align_curriculum     | 0           |
|    collision_rate       | 0.27        |
|    grasp_failure_rate   | 0.737       |
|    insert_depth_mean    | 0           |
|    insert_tilt_deg_mean | 0.00236     |
|    success_rate         | 0           |
| rollout/                |             |
|    ep_len_mean          | 400         |
|    ep_rew_mean          | 5.65        |
| time/                   |             |
|    fps                  | 611         |
|    iterations           | 575         |
|    time_elapsed         | 5776        |
|    total_timesteps      | 3532800     |
| train/                  |             |
|    approx_kl            | 0.051900774 |
|    clip_fraction        | 0.313       |
|    clip_range           | 0.2         |
|    entropy_loss         | -20.9       |
|    explained_variance   | 0.878       |
|    learning_rate        | 0.0003      |
|    loss                 | -0.142      |
|    n_updates            | 12470       |
|    policy_gradient_loss | -0.0548     |
|    std                  | 3.55        |
|    value_loss           | 0.364       |
-----------------------------------------
-----------------------------------------
| manipularl/             |             |
|    align_curriculum     | 0           |
|    collision_rate       | 0.19        |
|    grasp_failure_rate   | 0.724       |
|    insert_depth_mean    | 0           |
|    insert_tilt_deg_mean | 0.00258     |
|    success_rate         | 0           |
| rollout/                |             |
|    ep_len_mean          | 400         |
|    ep_rew_mean          | 4.96        |
| time/                   |             |
|    fps                  | 611         |
|    iterations           | 576         |
|    time_elapsed         | 5786        |
|    total_timesteps      | 3538944     |
| train/                  |             |
|    approx_kl            | 0.023195649 |
|    clip_fraction        | 0.217       |
|    clip_range           | 0.2         |
|    entropy_loss         | -20.9       |
|    explained_variance   | 0.843       |
|    learning_rate        | 0.0003      |
|    loss                 | 0.161       |
|    n_updates            | 12480       |
|    policy_gradient_loss | -0.032      |
|    std                  | 3.55        |
|    value_loss           | 0.948       |
-----------------------------------------
-----------------------------------------
| manipularl/             |             |
|    align_curriculum     | 0           |
|    collision_rate       | 0.17        |
|    grasp_failure_rate   | 0.747       |
|    insert_depth_mean    | 0           |
|    insert_tilt_deg_mean | 0.00238     |
|    success_rate         | 0           |
| rollout/                |             |
|    ep_len_mean          | 400         |
|    ep_rew_mean          | 4.04        |
| time/                   |             |
|    fps                  | 611         |
|    iterations           | 577         |
|    time_elapsed         | 5795        |
|    total_timesteps      | 3545088     |
| train/                  |             |
|    approx_kl            | 0.046625253 |
|    clip_fraction        | 0.306       |
|    clip_range           | 0.2         |
|    entropy_loss         | -20.9       |
|    explained_variance   | 0.862       |
|    learning_rate        | 0.0003      |
|    loss                 | -0.0453     |
|    n_updates            | 12490       |
|    policy_gradient_loss | -0.0528     |
|    std                  | 3.56        |
|    value_loss           | 0.533       |
-----------------------------------------
-----------------------------------------
| manipularl/             |             |
|    align_curriculum     | 0           |
|    collision_rate       | 0.24        |
|    grasp_failure_rate   | 0.765       |
|    insert_depth_mean    | 0           |
|    insert_tilt_deg_mean | 0.00245     |
|    success_rate         | 0           |
| rollout/                |             |
|    ep_len_mean          | 400         |
|    ep_rew_mean          | -4.23       |
| time/                   |             |
|    fps                  | 611         |
|    iterations           | 578         |
|    time_elapsed         | 5803        |
|    total_timesteps      | 3551232     |
| train/                  |             |
|    approx_kl            | 0.016935695 |
|    clip_fraction        | 0.215       |
|    clip_range           | 0.2         |
|    entropy_loss         | -20.9       |
|    explained_variance   | 0.483       |
|    learning_rate        | 0.0003      |
|    loss                 | 0.338       |
|    n_updates            | 12500       |
|    policy_gradient_loss | -0.0232     |
|    std                  | 3.56        |
|    value_loss           | 1.81        |
-----------------------------------------
----------------------------------------
| manipularl/             |            |
|    align_curriculum     | 0          |
|    collision_rate       | 0.22       |
|    grasp_failure_rate   | 0.789      |
|    insert_depth_mean    | 0          |
|    insert_tilt_deg_mean | 0.00253    |
|    success_rate         | 0          |
| rollout/                |            |
|    ep_len_mean          | 400        |
|    ep_rew_mean          | -7.86      |
| time/                   |            |
|    fps                  | 611        |
|    iterations           | 579        |
|    time_elapsed         | 5812       |
|    total_timesteps      | 3557376    |
| train/                  |            |
|    approx_kl            | 0.00883843 |
|    clip_fraction        | 0.0797     |
|    clip_range           | 0.2        |
|    entropy_loss         | -20.9      |
|    explained_variance   | 0.645      |
|    learning_rate        | 0.0003     |
|    loss                 | 1.47       |
|    n_updates            | 12510      |
|    policy_gradient_loss | -0.0157    |
|    std                  | 3.56       |
|    value_loss           | 8.74       |
----------------------------------------
-----------------------------------------
| manipularl/             |             |
|    align_curriculum     | 0           |
|    collision_rate       | 0.34        |
|    grasp_failure_rate   | 0.855       |
|    insert_depth_mean    | 0           |
|    insert_tilt_deg_mean | 0.00254     |
|    success_rate         | 0           |
| rollout/                |             |
|    ep_len_mean          | 400         |
|    ep_rew_mean          | -20.9       |
| time/                   |             |
|    fps                  | 612         |
|    iterations           | 580         |
|    time_elapsed         | 5820        |
|    total_timesteps      | 3563520     |
| train/                  |             |
|    approx_kl            | 0.008153414 |
|    clip_fraction        | 0.053       |
|    clip_range           | 0.2         |
|    entropy_loss         | -20.9       |
|    explained_variance   | 0.734       |
|    learning_rate        | 0.0003      |
|    loss                 | 2.08        |
|    n_updates            | 12520       |
|    policy_gradient_loss | -0.0156     |
|    std                  | 3.57        |
|    value_loss           | 11.4        |
-----------------------------------------
-----------------------------------------
| manipularl/             |             |
|    align_curriculum     | 0           |
|    collision_rate       | 0.38        |
|    grasp_failure_rate   | 0.874       |
|    insert_depth_mean    | 0           |
|    insert_tilt_deg_mean | 0.00285     |
|    success_rate         | 0           |
| rollout/                |             |
|    ep_len_mean          | 400         |
|    ep_rew_mean          | -21.4       |
| time/                   |             |
|    fps                  | 612         |
|    iterations           | 581         |
|    time_elapsed         | 5829        |
|    total_timesteps      | 3569664     |
| train/                  |             |
|    approx_kl            | 0.021876248 |
|    clip_fraction        | 0.135       |
|    clip_range           | 0.2         |
|    entropy_loss         | -20.9       |
|    explained_variance   | 0.893       |
|    learning_rate        | 0.0003      |
|    loss                 | 0.519       |
|    n_updates            | 12530       |
|    policy_gradient_loss | -0.0342     |
|    std                  | 3.57        |
|    value_loss           | 3.08        |
-----------------------------------------
----------------------------------------
| manipularl/             |            |
|    align_curriculum     | 0          |
|    collision_rate       | 0.41       |
|    grasp_failure_rate   | 0.891      |
|    insert_depth_mean    | 0          |
|    insert_tilt_deg_mean | 0.00255    |
|    success_rate         | 0          |
| rollout/                |            |
|    ep_len_mean          | 400        |
|    ep_rew_mean          | -21.7      |
| time/                   |            |
|    fps                  | 612        |
|    iterations           | 582        |
|    time_elapsed         | 5837       |
|    total_timesteps      | 3575808    |
| train/                  |            |
|    approx_kl            | 0.04164972 |
|    clip_fraction        | 0.27       |
|    clip_range           | 0.2        |
|    entropy_loss         | -20.9      |
|    explained_variance   | 0.635      |
|    learning_rate        | 0.0003     |
|    loss                 | -0.0797    |
|    n_updates            | 12540      |
|    policy_gradient_loss | -0.0475    |
|    std                  | 3.58       |
|    value_loss           | 0.598      |
----------------------------------------
----------------------------------------
| manipularl/             |            |
|    align_curriculum     | 0          |
|    collision_rate       | 0.52       |
|    grasp_failure_rate   | 0.91       |
|    insert_depth_mean    | 0          |
|    insert_tilt_deg_mean | 0.00244    |
|    success_rate         | 0          |
| rollout/                |            |
|    ep_len_mean          | 400        |
|    ep_rew_mean          | -23        |
| time/                   |            |
|    fps                  | 612        |
|    iterations           | 583        |
|    time_elapsed         | 5846       |
|    total_timesteps      | 3581952    |
| train/                  |            |
|    approx_kl            | 0.03507686 |
|    clip_fraction        | 0.28       |
|    clip_range           | 0.2        |
|    entropy_loss         | -21        |
|    explained_variance   | 0.48       |
|    learning_rate        | 0.0003     |
|    loss                 | 0.0539     |
|    n_updates            | 12550      |
|    policy_gradient_loss | -0.0411    |
|    std                  | 3.59       |
|    value_loss           | 0.805      |
----------------------------------------
-----------------------------------------
| manipularl/             |             |
|    align_curriculum     | 0           |
|    collision_rate       | 0.45        |
|    grasp_failure_rate   | 0.891       |
|    insert_depth_mean    | 0           |
|    insert_tilt_deg_mean | 0.00259     |
|    success_rate         | 0           |
| rollout/                |             |
|    ep_len_mean          | 400         |
|    ep_rew_mean          | -21.6       |
| time/                   |             |
|    fps                  | 612         |
|    iterations           | 584         |
|    time_elapsed         | 5855        |
|    total_timesteps      | 3588096     |
| train/                  |             |
|    approx_kl            | 0.030784145 |
|    clip_fraction        | 0.233       |
|    clip_range           | 0.2         |
|    entropy_loss         | -21         |
|    explained_variance   | 0.639       |
|    learning_rate        | 0.0003      |
|    loss                 | 0.14        |
|    n_updates            | 12560       |
|    policy_gradient_loss | -0.0416     |
|    std                  | 3.6         |
|    value_loss           | 1.22        |
-----------------------------------------
----------------------------------------
| manipularl/             |            |
|    align_curriculum     | 0          |
|    collision_rate       | 0.39       |
|    grasp_failure_rate   | 0.873      |
|    insert_depth_mean    | 0          |
|    insert_tilt_deg_mean | 0.00268    |
|    success_rate         | 0          |
| rollout/                |            |
|    ep_len_mean          | 400        |
|    ep_rew_mean          | -12.4      |
| time/                   |            |
|    fps                  | 612        |
|    iterations           | 585        |
|    time_elapsed         | 5864       |
|    total_timesteps      | 3594240    |
| train/                  |            |
|    approx_kl            | 0.02705934 |
|    clip_fraction        | 0.191      |
|    clip_range           | 0.2        |
|    entropy_loss         | -21        |
|    explained_variance   | 0.746      |
|    learning_rate        | 0.0003     |
|    loss                 | 0.157      |
|    n_updates            | 12570      |
|    policy_gradient_loss | -0.041     |
|    std                  | 3.6        |
|    value_loss           | 1.11       |
----------------------------------------
----------------------------------------
| manipularl/             |            |
|    align_curriculum     | 0          |
|    collision_rate       | 0.39       |
|    grasp_failure_rate   | 0.866      |
|    insert_depth_mean    | 0          |
|    insert_tilt_deg_mean | 0.00278    |
|    success_rate         | 0          |
| rollout/                |            |
|    ep_len_mean          | 400        |
|    ep_rew_mean          | -8.4       |
| time/                   |            |
|    fps                  | 613        |
|    iterations           | 586        |
|    time_elapsed         | 5872       |
|    total_timesteps      | 3600384    |
| train/                  |            |
|    approx_kl            | 0.01782561 |
|    clip_fraction        | 0.136      |
|    clip_range           | 0.2        |
|    entropy_loss         | -21        |
|    explained_variance   | 0.903      |
|    learning_rate        | 0.0003     |
|    loss                 | 0.411      |
|    n_updates            | 12580      |
|    policy_gradient_loss | -0.0321    |
|    std                  | 3.6        |
|    value_loss           | 2.01       |
----------------------------------------
-----------------------------------------
| manipularl/             |             |
|    align_curriculum     | 0           |
|    collision_rate       | 0.33        |
|    grasp_failure_rate   | 0.875       |
|    insert_depth_mean    | 0           |
|    insert_tilt_deg_mean | 0.00201     |
|    success_rate         | 0           |
| rollout/                |             |
|    ep_len_mean          | 400         |
|    ep_rew_mean          | -9.63       |
| time/                   |             |
|    fps                  | 612         |
|    iterations           | 587         |
|    time_elapsed         | 5883        |
|    total_timesteps      | 3606528     |
| train/                  |             |
|    approx_kl            | 0.013917641 |
|    clip_fraction        | 0.138       |
|    clip_range           | 0.2         |
|    entropy_loss         | -21         |
|    explained_variance   | 0.895       |
|    learning_rate        | 0.0003      |
|    loss                 | 1.12        |
|    n_updates            | 12590       |
|    policy_gradient_loss | -0.0269     |
|    std                  | 3.6         |
|    value_loss           | 3.77        |
-----------------------------------------
-----------------------------------------
| manipularl/             |             |
|    align_curriculum     | 0           |
|    collision_rate       | 0.3         |
|    grasp_failure_rate   | 0.879       |
|    insert_depth_mean    | 0           |
|    insert_tilt_deg_mean | 0.00194     |
|    success_rate         | 0           |
| rollout/                |             |
|    ep_len_mean          | 400         |
|    ep_rew_mean          | -13.2       |
| time/                   |             |
|    fps                  | 613         |
|    iterations           | 588         |
|    time_elapsed         | 5892        |
|    total_timesteps      | 3612672     |
| train/                  |             |
|    approx_kl            | 0.027311884 |
|    clip_fraction        | 0.186       |
|    clip_range           | 0.2         |
|    entropy_loss         | -21         |
|    explained_variance   | 0.819       |
|    learning_rate        | 0.0003      |
|    loss                 | 0.133       |
|    n_updates            | 12600       |
|    policy_gradient_loss | -0.0386     |
|    std                  | 3.61        |
|    value_loss           | 1.09        |
-----------------------------------------
----------------------------------------
| manipularl/             |            |
|    align_curriculum     | 0          |
|    collision_rate       | 0.29       |
|    grasp_failure_rate   | 0.881      |
|    insert_depth_mean    | 0          |
|    insert_tilt_deg_mean | 0.00166    |
|    success_rate         | 0          |
| rollout/                |            |
|    ep_len_mean          | 400        |
|    ep_rew_mean          | -12.8      |
| time/                   |            |
|    fps                  | 613        |
|    iterations           | 589        |
|    time_elapsed         | 5902       |
|    total_timesteps      | 3618816    |
| train/                  |            |
|    approx_kl            | 0.02200652 |
|    clip_fraction        | 0.169      |
|    clip_range           | 0.2        |
|    entropy_loss         | -21        |
|    explained_variance   | 0.87       |
|    learning_rate        | 0.0003     |
|    loss                 | 0.0033     |
|    n_updates            | 12610      |
|    policy_gradient_loss | -0.0344    |
|    std                  | 3.61       |
|    value_loss           | 0.861      |
----------------------------------------
-----------------------------------------
| manipularl/             |             |
|    align_curriculum     | 0           |
|    collision_rate       | 0.27        |
|    grasp_failure_rate   | 0.89        |
|    insert_depth_mean    | 0           |
|    insert_tilt_deg_mean | 0.00141     |
|    success_rate         | 0           |
| rollout/                |             |
|    ep_len_mean          | 400         |
|    ep_rew_mean          | -12.1       |
| time/                   |             |
|    fps                  | 613         |
|    iterations           | 590         |
|    time_elapsed         | 5911        |
|    total_timesteps      | 3624960     |
| train/                  |             |
|    approx_kl            | 0.027536055 |
|    clip_fraction        | 0.186       |
|    clip_range           | 0.2         |
|    entropy_loss         | -21         |
|    explained_variance   | 0.712       |
|    learning_rate        | 0.0003      |
|    loss                 | -0.0185     |
|    n_updates            | 12620       |
|    policy_gradient_loss | -0.0431     |
|    std                  | 3.61        |
|    value_loss           | 0.797       |
-----------------------------------------
----------------------------------------
| manipularl/             |            |
|    align_curriculum     | 0          |
|    collision_rate       | 0.26       |
|    grasp_failure_rate   | 0.92       |
|    insert_depth_mean    | 0          |
|    insert_tilt_deg_mean | 0.00121    |
|    success_rate         | 0          |
| rollout/                |            |
|    ep_len_mean          | 400        |
|    ep_rew_mean          | -13.5      |
| time/                   |            |
|    fps                  | 612        |
|    iterations           | 591        |
|    time_elapsed         | 5923       |
|    total_timesteps      | 3631104    |
| train/                  |            |
|    approx_kl            | 0.03235152 |
|    clip_fraction        | 0.215      |
|    clip_range           | 0.2        |
|    entropy_loss         | -21        |
|    explained_variance   | 0.351      |
|    learning_rate        | 0.0003     |
|    loss                 | 0.162      |
|    n_updates            | 12630      |
|    policy_gradient_loss | -0.0366    |
|    std                  | 3.62       |
|    value_loss           | 1.21       |
----------------------------------------
-----------------------------------------
| manipularl/             |             |
|    align_curriculum     | 0           |
|    collision_rate       | 0.24        |
|    grasp_failure_rate   | 0.914       |
|    insert_depth_mean    | 0           |
|    insert_tilt_deg_mean | 0.0012      |
|    success_rate         | 0           |
| rollout/                |             |
|    ep_len_mean          | 400         |
|    ep_rew_mean          | -12.7       |
| time/                   |             |
|    fps                  | 612         |
|    iterations           | 592         |
|    time_elapsed         | 5935        |
|    total_timesteps      | 3637248     |
| train/                  |             |
|    approx_kl            | 0.015537843 |
|    clip_fraction        | 0.193       |
|    clip_range           | 0.2         |
|    entropy_loss         | -21         |
|    explained_variance   | 0.538       |
|    learning_rate        | 0.0003      |
|    loss                 | 0.781       |
|    n_updates            | 12640       |
|    policy_gradient_loss | -0.0264     |
|    std                  | 3.63        |
|    value_loss           | 4.39        |
-----------------------------------------
-----------------------------------------
| manipularl/             |             |
|    align_curriculum     | 0           |
|    collision_rate       | 0.22        |
|    grasp_failure_rate   | 0.907       |
|    insert_depth_mean    | 0           |
|    insert_tilt_deg_mean | 0.00132     |
|    success_rate         | 0           |
| rollout/                |             |
|    ep_len_mean          | 400         |
|    ep_rew_mean          | -7.87       |
| time/                   |             |
|    fps                  | 612         |
|    iterations           | 593         |
|    time_elapsed         | 5948        |
|    total_timesteps      | 3643392     |
| train/                  |             |
|    approx_kl            | 0.012466381 |
|    clip_fraction        | 0.0978      |
|    clip_range           | 0.2         |
|    entropy_loss         | -21.1       |
|    explained_variance   | 0.824       |
|    learning_rate        | 0.0003      |
|    loss                 | 0.569       |
|    n_updates            | 12650       |
|    policy_gradient_loss | -0.0293     |
|    std                  | 3.64        |
|    value_loss           | 4.98        |
-----------------------------------------
-----------------------------------------
| manipularl/             |             |
|    align_curriculum     | 0           |
|    collision_rate       | 0.32        |
|    grasp_failure_rate   | 0.862       |
|    insert_depth_mean    | 0           |
|    insert_tilt_deg_mean | 0.00177     |
|    success_rate         | 0           |
| rollout/                |             |
|    ep_len_mean          | 400         |
|    ep_rew_mean          | -2.89       |
| time/                   |             |
|    fps                  | 612         |
|    iterations           | 594         |
|    time_elapsed         | 5962        |
|    total_timesteps      | 3649536     |
| train/                  |             |
|    approx_kl            | 0.026839355 |
|    clip_fraction        | 0.217       |
|    clip_range           | 0.2         |
|    entropy_loss         | -21.1       |
|    explained_variance   | 0.811       |
|    learning_rate        | 0.0003      |
|    loss                 | 0.177       |
|    n_updates            | 12660       |
|    policy_gradient_loss | -0.0385     |
|    std                  | 3.64        |
|    value_loss           | 1.33        |
-----------------------------------------
-----------------------------------------
| manipularl/             |             |
|    align_curriculum     | 0           |
|    collision_rate       | 0.33        |
|    grasp_failure_rate   | 0.858       |
|    insert_depth_mean    | 0           |
|    insert_tilt_deg_mean | 0.00206     |
|    success_rate         | 0           |
| rollout/                |             |
|    ep_len_mean          | 400         |
|    ep_rew_mean          | -3.49       |
| time/                   |             |
|    fps                  | 611         |
|    iterations           | 595         |
|    time_elapsed         | 5973        |
|    total_timesteps      | 3655680     |
| train/                  |             |
|    approx_kl            | 0.028659144 |
|    clip_fraction        | 0.182       |
|    clip_range           | 0.2         |
|    entropy_loss         | -21.1       |
|    explained_variance   | 0.563       |
|    learning_rate        | 0.0003      |
|    loss                 | 0.213       |
|    n_updates            | 12670       |
|    policy_gradient_loss | -0.0356     |
|    std                  | 3.64        |
|    value_loss           | 1.37        |
-----------------------------------------
-----------------------------------------
| manipularl/             |             |
|    align_curriculum     | 0           |
|    collision_rate       | 0.32        |
|    grasp_failure_rate   | 0.841       |
|    insert_depth_mean    | 0           |
|    insert_tilt_deg_mean | 0.00231     |
|    success_rate         | 0           |
| rollout/                |             |
|    ep_len_mean          | 400         |
|    ep_rew_mean          | -2.64       |
| time/                   |             |
|    fps                  | 612         |
|    iterations           | 596         |
|    time_elapsed         | 5983        |
|    total_timesteps      | 3661824     |
| train/                  |             |
|    approx_kl            | 0.033856917 |
|    clip_fraction        | 0.24        |
|    clip_range           | 0.2         |
|    entropy_loss         | -21.1       |
|    explained_variance   | 0.671       |
|    learning_rate        | 0.0003      |
|    loss                 | 0.156       |
|    n_updates            | 12680       |
|    policy_gradient_loss | -0.0395     |
|    std                  | 3.64        |
|    value_loss           | 1.33        |
-----------------------------------------
----------------------------------------
| manipularl/             |            |
|    align_curriculum     | 0          |
|    collision_rate       | 0.29       |
|    grasp_failure_rate   | 0.82       |
|    insert_depth_mean    | 0          |
|    insert_tilt_deg_mean | 0.873      |
|    success_rate         | 0          |
| rollout/                |            |
|    ep_len_mean          | 400        |
|    ep_rew_mean          | -4.82      |
| time/                   |            |
|    fps                  | 612        |
|    iterations           | 597        |
|    time_elapsed         | 5990       |
|    total_timesteps      | 3667968    |
| train/                  |            |
|    approx_kl            | 0.02347163 |
|    clip_fraction        | 0.172      |
|    clip_range           | 0.2        |
|    entropy_loss         | -21.1      |
|    explained_variance   | 0.719      |
|    learning_rate        | 0.0003     |
|    loss                 | 0.00683    |
|    n_updates            | 12690      |
|    policy_gradient_loss | -0.0349    |
|    std                  | 3.65       |
|    value_loss           | 1.07       |
----------------------------------------
-----------------------------------------
| manipularl/             |             |
|    align_curriculum     | 0           |
|    collision_rate       | 0.25        |
|    grasp_failure_rate   | 0.835       |
|    insert_depth_mean    | 0           |
|    insert_tilt_deg_mean | 5.22        |
|    success_rate         | 0           |
| rollout/                |             |
|    ep_len_mean          | 400         |
|    ep_rew_mean          | -2.98       |
| time/                   |             |
|    fps                  | 612         |
|    iterations           | 598         |
|    time_elapsed         | 5997        |
|    total_timesteps      | 3674112     |
| train/                  |             |
|    approx_kl            | 0.018122455 |
|    clip_fraction        | 0.173       |
|    clip_range           | 0.2         |
|    entropy_loss         | -21.1       |
|    explained_variance   | 0.694       |
|    learning_rate        | 0.0003      |
|    loss                 | 0.731       |
|    n_updates            | 12700       |
|    policy_gradient_loss | -0.0352     |
|    std                  | 3.65        |
|    value_loss           | 2.83        |
-----------------------------------------
-----------------------------------------
| manipularl/             |             |
|    align_curriculum     | 0           |
|    collision_rate       | 0.21        |
|    grasp_failure_rate   | 0.844       |
|    insert_depth_mean    | 0           |
|    insert_tilt_deg_mean | 5.22        |
|    success_rate         | 0           |
| rollout/                |             |
|    ep_len_mean          | 400         |
|    ep_rew_mean          | -4.14       |
| time/                   |             |
|    fps                  | 612         |
|    iterations           | 599         |
|    time_elapsed         | 6005        |
|    total_timesteps      | 3680256     |
| train/                  |             |
|    approx_kl            | 0.023741677 |
|    clip_fraction        | 0.187       |
|    clip_range           | 0.2         |
|    entropy_loss         | -21.1       |
|    explained_variance   | 0.83        |
|    learning_rate        | 0.0003      |
|    loss                 | 0.632       |
|    n_updates            | 12710       |
|    policy_gradient_loss | -0.0329     |
|    std                  | 3.66        |
|    value_loss           | 2.39        |
-----------------------------------------
----------------------------------------
| manipularl/             |            |
|    align_curriculum     | 0          |
|    collision_rate       | 0.24       |
|    grasp_failure_rate   | 0.867      |
|    insert_depth_mean    | 0          |
|    insert_tilt_deg_mean | 5.22       |
|    success_rate         | 0          |
| rollout/                |            |
|    ep_len_mean          | 400        |
|    ep_rew_mean          | -8.99      |
| time/                   |            |
|    fps                  | 613        |
|    iterations           | 600        |
|    time_elapsed         | 6013       |
|    total_timesteps      | 3686400    |
| train/                  |            |
|    approx_kl            | 0.02297602 |
|    clip_fraction        | 0.154      |
|    clip_range           | 0.2        |
|    entropy_loss         | -21.1      |
|    explained_variance   | 0.875      |
|    learning_rate        | 0.0003     |
|    loss                 | 0.18       |
|    n_updates            | 12720      |
|    policy_gradient_loss | -0.0325    |
|    std                  | 3.67       |
|    value_loss           | 1.53       |
----------------------------------------
-----------------------------------------
| manipularl/             |             |
|    align_curriculum     | 0           |
|    collision_rate       | 0.33        |
|    grasp_failure_rate   | 0.862       |
|    insert_depth_mean    | 0           |
|    insert_tilt_deg_mean | 5.22        |
|    success_rate         | 0           |
| rollout/                |             |
|    ep_len_mean          | 400         |
|    ep_rew_mean          | -10.9       |
| time/                   |             |
|    fps                  | 613         |
|    iterations           | 601         |
|    time_elapsed         | 6022        |
|    total_timesteps      | 3692544     |
| train/                  |             |
|    approx_kl            | 0.027375968 |
|    clip_fraction        | 0.202       |
|    clip_range           | 0.2         |
|    entropy_loss         | -21.1       |
|    explained_variance   | 0.922       |
|    learning_rate        | 0.0003      |
|    loss                 | 0.215       |
|    n_updates            | 12730       |
|    policy_gradient_loss | -0.042      |
|    std                  | 3.67        |
|    value_loss           | 1.57        |
-----------------------------------------
----------------------------------------
| manipularl/             |            |
|    align_curriculum     | 0          |
|    collision_rate       | 0.4        |
|    grasp_failure_rate   | 0.875      |
|    insert_depth_mean    | 0          |
|    insert_tilt_deg_mean | 5.22       |
|    success_rate         | 0          |
| rollout/                |            |
|    ep_len_mean          | 400        |
|    ep_rew_mean          | -11.9      |
| time/                   |            |
|    fps                  | 613        |
|    iterations           | 602        |
|    time_elapsed         | 6031       |
|    total_timesteps      | 3698688    |
| train/                  |            |
|    approx_kl            | 0.02946282 |
|    clip_fraction        | 0.214      |
|    clip_range           | 0.2        |
|    entropy_loss         | -21.1      |
|    explained_variance   | 0.854      |
|    learning_rate        | 0.0003     |
|    loss                 | 0.537      |
|    n_updates            | 12740      |
|    policy_gradient_loss | -0.0457    |
|    std                  | 3.68       |
|    value_loss           | 2.06       |
----------------------------------------
----------------------------------------
| manipularl/             |            |
|    align_curriculum     | 0          |
|    collision_rate       | 0.42       |
|    grasp_failure_rate   | 0.902      |
|    insert_depth_mean    | 0          |
|    insert_tilt_deg_mean | 5.22       |
|    success_rate         | 0          |
| rollout/                |            |
|    ep_len_mean          | 400        |
|    ep_rew_mean          | -13        |
| time/                   |            |
|    fps                  | 613        |
|    iterations           | 603        |
|    time_elapsed         | 6039       |
|    total_timesteps      | 3704832    |
| train/                  |            |
|    approx_kl            | 0.02351659 |
|    clip_fraction        | 0.186      |
|    clip_range           | 0.2        |
|    entropy_loss         | -21.2      |
|    explained_variance   | 0.774      |
|    learning_rate        | 0.0003     |
|    loss                 | 0.286      |
|    n_updates            | 12750      |
|    policy_gradient_loss | -0.0368    |
|    std                  | 3.68       |
|    value_loss           | 1.24       |
----------------------------------------
-----------------------------------------
| manipularl/             |             |
|    align_curriculum     | 0           |
|    collision_rate       | 0.46        |
|    grasp_failure_rate   | 0.903       |
|    insert_depth_mean    | 0           |
|    insert_tilt_deg_mean | 3.92        |
|    success_rate         | 0           |
| rollout/                |             |
|    ep_len_mean          | 400         |
|    ep_rew_mean          | -13.7       |
| time/                   |             |
|    fps                  | 613         |
|    iterations           | 604         |
|    time_elapsed         | 6047        |
|    total_timesteps      | 3710976     |
| train/                  |             |
|    approx_kl            | 0.015224894 |
|    clip_fraction        | 0.134       |
|    clip_range           | 0.2         |
|    entropy_loss         | -21.2       |
|    explained_variance   | 0.697       |
|    learning_rate        | 0.0003      |
|    loss                 | 0.733       |
|    n_updates            | 12760       |
|    policy_gradient_loss | -0.0284     |
|    std                  | 3.69        |
|    value_loss           | 2.56        |
-----------------------------------------
------------------------------------------
| manipularl/             |              |
|    align_curriculum     | 0            |
|    collision_rate       | 0.58         |
|    grasp_failure_rate   | 0.876        |
|    insert_depth_mean    | 0            |
|    insert_tilt_deg_mean | 0.00277      |
|    success_rate         | 0            |
| rollout/                |              |
|    ep_len_mean          | 400          |
|    ep_rew_mean          | -17.6        |
| time/                   |              |
|    fps                  | 613          |
|    iterations           | 605          |
|    time_elapsed         | 6055         |
|    total_timesteps      | 3717120      |
| train/                  |              |
|    approx_kl            | 0.0153642455 |
|    clip_fraction        | 0.103        |
|    clip_range           | 0.2          |
|    entropy_loss         | -21.2        |
|    explained_variance   | 0.48         |
|    learning_rate        | 0.0003       |
|    loss                 | 0.513        |
|    n_updates            | 12770        |
|    policy_gradient_loss | -0.0216      |
|    std                  | 3.69         |
|    value_loss           | 2.66         |
------------------------------------------
----------------------------------------
| manipularl/             |            |
|    align_curriculum     | 0          |
|    collision_rate       | 0.55       |
|    grasp_failure_rate   | 0.847      |
|    insert_depth_mean    | 0          |
|    insert_tilt_deg_mean | 0.00299    |
|    success_rate         | 0          |
| rollout/                |            |
|    ep_len_mean          | 400        |
|    ep_rew_mean          | -12.6      |
| time/                   |            |
|    fps                  | 614        |
|    iterations           | 606        |
|    time_elapsed         | 6063       |
|    total_timesteps      | 3723264    |
| train/                  |            |
|    approx_kl            | 0.01717784 |
|    clip_fraction        | 0.119      |
|    clip_range           | 0.2        |
|    entropy_loss         | -21.2      |
|    explained_variance   | 0.815      |
|    learning_rate        | 0.0003     |
|    loss                 | 1.08       |
|    n_updates            | 12780      |
|    policy_gradient_loss | -0.016     |
|    std                  | 3.69       |
|    value_loss           | 4.18       |
----------------------------------------
-----------------------------------------
| manipularl/             |             |
|    align_curriculum     | 0           |
|    collision_rate       | 0.47        |
|    grasp_failure_rate   | 0.849       |
|    insert_depth_mean    | 0           |
|    insert_tilt_deg_mean | 0.00331     |
|    success_rate         | 0           |
| rollout/                |             |
|    ep_len_mean          | 400         |
|    ep_rew_mean          | -11.8       |
| time/                   |             |
|    fps                  | 614         |
|    iterations           | 607         |
|    time_elapsed         | 6071        |
|    total_timesteps      | 3729408     |
| train/                  |             |
|    approx_kl            | 0.022574635 |
|    clip_fraction        | 0.15        |
|    clip_range           | 0.2         |
|    entropy_loss         | -21.2       |
|    explained_variance   | 0.689       |
|    learning_rate        | 0.0003      |
|    loss                 | 0.211       |
|    n_updates            | 12790       |
|    policy_gradient_loss | -0.0396     |
|    std                  | 3.69        |
|    value_loss           | 1.38        |
-----------------------------------------
----------------------------------------
| manipularl/             |            |
|    align_curriculum     | 0          |
|    collision_rate       | 0.32       |
|    grasp_failure_rate   | 0.81       |
|    insert_depth_mean    | 0          |
|    insert_tilt_deg_mean | 0.00367    |
|    success_rate         | 0          |
| rollout/                |            |
|    ep_len_mean          | 400        |
|    ep_rew_mean          | -9.22      |
| time/                   |            |
|    fps                  | 614        |
|    iterations           | 608        |
|    time_elapsed         | 6080       |
|    total_timesteps      | 3735552    |
| train/                  |            |
|    approx_kl            | 0.02927134 |
|    clip_fraction        | 0.208      |
|    clip_range           | 0.2        |
|    entropy_loss         | -21.2      |
|    explained_variance   | 0.882      |
|    learning_rate        | 0.0003     |
|    loss                 | -0.00436   |
|    n_updates            | 12800      |
|    policy_gradient_loss | -0.0432    |
|    std                  | 3.68       |
|    value_loss           | 0.911      |
----------------------------------------
-----------------------------------------
| manipularl/             |             |
|    align_curriculum     | 0           |
|    collision_rate       | 0.37        |
|    grasp_failure_rate   | 0.81        |
|    insert_depth_mean    | 0           |
|    insert_tilt_deg_mean | 0.00345     |
|    success_rate         | 0           |
| rollout/                |             |
|    ep_len_mean          | 400         |
|    ep_rew_mean          | -11.6       |
| time/                   |             |
|    fps                  | 614         |
|    iterations           | 609         |
|    time_elapsed         | 6088        |
|    total_timesteps      | 3741696     |
| train/                  |             |
|    approx_kl            | 0.033712476 |
|    clip_fraction        | 0.207       |
|    clip_range           | 0.2         |
|    entropy_loss         | -21.2       |
|    explained_variance   | 0.73        |
|    learning_rate        | 0.0003      |
|    loss                 | -0.0857     |
|    n_updates            | 12810       |
|    policy_gradient_loss | -0.039      |
|    std                  | 3.69        |
|    value_loss           | 0.596       |
-----------------------------------------
----------------------------------------
| manipularl/             |            |
|    align_curriculum     | 0          |
|    collision_rate       | 0.36       |
|    grasp_failure_rate   | 0.807      |
|    insert_depth_mean    | 0          |
|    insert_tilt_deg_mean | 0.00335    |
|    success_rate         | 0          |
| rollout/                |            |
|    ep_len_mean          | 400        |
|    ep_rew_mean          | -10.8      |
| time/                   |            |
|    fps                  | 614        |
|    iterations           | 610        |
|    time_elapsed         | 6097       |
|    total_timesteps      | 3747840    |
| train/                  |            |
|    approx_kl            | 0.02165652 |
|    clip_fraction        | 0.283      |
|    clip_range           | 0.2        |
|    entropy_loss         | -21.2      |
|    explained_variance   | 0.306      |
|    learning_rate        | 0.0003     |
|    loss                 | 0.501      |
|    n_updates            | 12820      |
|    policy_gradient_loss | -0.0159    |
|    std                  | 3.7        |
|    value_loss           | 2.49       |
----------------------------------------
Eval num_timesteps=3749940, episode_reward=-12.78 +/- 25.00
Episode length: 400.00 +/- 0.00
-----------------------------------------
| eval/                   |             |
|    mean_ep_length       | 400         |
|    mean_reward          | -12.8       |
| manipularl/             |             |
|    align_curriculum     | 0           |
|    collision_rate       | 0.4         |
|    grasp_failure_rate   | 0.792       |
|    insert_depth_mean    | 0           |
|    insert_tilt_deg_mean | 0.00338     |
|    success_rate         | 0           |
| time/                   |             |
|    total_timesteps      | 3749940     |
| train/                  |             |
|    approx_kl            | 0.030842617 |
|    clip_fraction        | 0.197       |
|    clip_range           | 0.2         |
|    entropy_loss         | -21.2       |
|    explained_variance   | 0.775       |
|    learning_rate        | 0.0003      |
|    loss                 | 0.0778      |
|    n_updates            | 12830       |
|    policy_gradient_loss | -0.0414     |
|    std                  | 3.7         |
|    value_loss           | 1.1         |
-----------------------------------------
--------------------------------------
| manipularl/             |          |
|    align_curriculum     | 0        |
|    collision_rate       | 0.4      |
|    grasp_failure_rate   | 0.792    |
|    insert_depth_mean    | 0        |
|    insert_tilt_deg_mean | 0.00338  |
|    success_rate         | 0        |
| rollout/                |          |
|    ep_len_mean          | 400      |
|    ep_rew_mean          | -8.43    |
| time/                   |          |
|    fps                  | 611      |
|    iterations           | 611      |
|    time_elapsed         | 6135     |
|    total_timesteps      | 3753984  |
--------------------------------------
----------------------------------------
| manipularl/             |            |
|    align_curriculum     | 0          |
|    collision_rate       | 0.33       |
|    grasp_failure_rate   | 0.767      |
|    insert_depth_mean    | 0          |
|    insert_tilt_deg_mean | 0.00346    |
|    success_rate         | 0          |
| rollout/                |            |
|    ep_len_mean          | 400        |
|    ep_rew_mean          | -1.09      |
| time/                   |            |
|    fps                  | 611        |
|    iterations           | 612        |
|    time_elapsed         | 6148       |
|    total_timesteps      | 3760128    |
| train/                  |            |
|    approx_kl            | 0.03780185 |
|    clip_fraction        | 0.266      |
|    clip_range           | 0.2        |
|    entropy_loss         | -21.2      |
|    explained_variance   | 0.641      |
|    learning_rate        | 0.0003     |
|    loss                 | -0.111     |
|    n_updates            | 12840      |
|    policy_gradient_loss | -0.0499    |
|    std                  | 3.7        |
|    value_loss           | 0.524      |
----------------------------------------
----------------------------------------
| manipularl/             |            |
|    align_curriculum     | 0          |
|    collision_rate       | 0.36       |
|    grasp_failure_rate   | 0.761      |
|    insert_depth_mean    | 0          |
|    insert_tilt_deg_mean | 0.00318    |
|    success_rate         | 0          |
| rollout/                |            |
|    ep_len_mean          | 400        |
|    ep_rew_mean          | -2.24      |
| time/                   |            |
|    fps                  | 611        |
|    iterations           | 613        |
|    time_elapsed         | 6160       |
|    total_timesteps      | 3766272    |
| train/                  |            |
|    approx_kl            | 0.03620483 |
|    clip_fraction        | 0.266      |
|    clip_range           | 0.2        |
|    entropy_loss         | -21.2      |
|    explained_variance   | 0.722      |
|    learning_rate        | 0.0003     |
|    loss                 | 0.0251     |
|    n_updates            | 12850      |
|    policy_gradient_loss | -0.0422    |
|    std                  | 3.71       |
|    value_loss           | 0.945      |
----------------------------------------
-----------------------------------------
| manipularl/             |             |
|    align_curriculum     | 0           |
|    collision_rate       | 0.42        |
|    grasp_failure_rate   | 0.755       |
|    insert_depth_mean    | 0           |
|    insert_tilt_deg_mean | 0.00287     |
|    success_rate         | 0           |
| rollout/                |             |
|    ep_len_mean          | 400         |
|    ep_rew_mean          | -2.87       |
| time/                   |             |
|    fps                  | 611         |
|    iterations           | 614         |
|    time_elapsed         | 6171        |
|    total_timesteps      | 3772416     |
| train/                  |             |
|    approx_kl            | 0.037747305 |
|    clip_fraction        | 0.262       |
|    clip_range           | 0.2         |
|    entropy_loss         | -21.2       |
|    explained_variance   | 0.743       |
|    learning_rate        | 0.0003      |
|    loss                 | -0.00738    |
|    n_updates            | 12860       |
|    policy_gradient_loss | -0.0443     |
|    std                  | 3.71        |
|    value_loss           | 0.586       |
-----------------------------------------
----------------------------------------
| manipularl/             |            |
|    align_curriculum     | 0          |
|    collision_rate       | 0.46       |
|    grasp_failure_rate   | 0.784      |
|    insert_depth_mean    | 0          |
|    insert_tilt_deg_mean | 0.0028     |
|    success_rate         | 0          |
| rollout/                |            |
|    ep_len_mean          | 400        |
|    ep_rew_mean          | -3.28      |
| time/                   |            |
|    fps                  | 611        |
|    iterations           | 615        |
|    time_elapsed         | 6179       |
|    total_timesteps      | 3778560    |
| train/                  |            |
|    approx_kl            | 0.03314407 |
|    clip_fraction        | 0.263      |
|    clip_range           | 0.2        |
|    entropy_loss         | -21.2      |
|    explained_variance   | 0.803      |
|    learning_rate        | 0.0003     |
|    loss                 | 0.0315     |
|    n_updates            | 12870      |
|    policy_gradient_loss | -0.0441    |
|    std                  | 3.71       |
|    value_loss           | 0.982      |
----------------------------------------
----------------------------------------
| manipularl/             |            |
|    align_curriculum     | 0          |
|    collision_rate       | 0.37       |
|    grasp_failure_rate   | 0.766      |
|    insert_depth_mean    | 0          |
|    insert_tilt_deg_mean | 0.00275    |
|    success_rate         | 0          |
| rollout/                |            |
|    ep_len_mean          | 400        |
|    ep_rew_mean          | 0.936      |
| time/                   |            |
|    fps                  | 611        |
|    iterations           | 616        |
|    time_elapsed         | 6188       |
|    total_timesteps      | 3784704    |
| train/                  |            |
|    approx_kl            | 0.02741722 |
|    clip_fraction        | 0.22       |
|    clip_range           | 0.2        |
|    entropy_loss         | -21.2      |
|    explained_variance   | 0.696      |
|    learning_rate        | 0.0003     |
|    loss                 | 0.259      |
|    n_updates            | 12880      |
|    policy_gradient_loss | -0.0385    |
|    std                  | 3.71       |
|    value_loss           | 1.45       |
----------------------------------------
-----------------------------------------
| manipularl/             |             |
|    align_curriculum     | 0           |
|    collision_rate       | 0.3         |
|    grasp_failure_rate   | 0.779       |
|    insert_depth_mean    | 0           |
|    insert_tilt_deg_mean | 0.00259     |
|    success_rate         | 0           |
| rollout/                |             |
|    ep_len_mean          | 400         |
|    ep_rew_mean          | -3.14       |
| time/                   |             |
|    fps                  | 611         |
|    iterations           | 617         |
|    time_elapsed         | 6196        |
|    total_timesteps      | 3790848     |
| train/                  |             |
|    approx_kl            | 0.016372636 |
|    clip_fraction        | 0.133       |
|    clip_range           | 0.2         |
|    entropy_loss         | -21.2       |
|    explained_variance   | 0.762       |
|    learning_rate        | 0.0003      |
|    loss                 | 0.484       |
|    n_updates            | 12890       |
|    policy_gradient_loss | -0.0318     |
|    std                  | 3.71        |
|    value_loss           | 2.25        |
-----------------------------------------
-----------------------------------------
| manipularl/             |             |
|    align_curriculum     | 0           |
|    collision_rate       | 0.34        |
|    grasp_failure_rate   | 0.794       |
|    insert_depth_mean    | 0           |
|    insert_tilt_deg_mean | 0.0023      |
|    success_rate         | 0           |
| rollout/                |             |
|    ep_len_mean          | 400         |
|    ep_rew_mean          | -9.16       |
| time/                   |             |
|    fps                  | 611         |
|    iterations           | 618         |
|    time_elapsed         | 6204        |
|    total_timesteps      | 3796992     |
| train/                  |             |
|    approx_kl            | 0.011553138 |
|    clip_fraction        | 0.0861      |
|    clip_range           | 0.2         |
|    entropy_loss         | -21.2       |
|    explained_variance   | 0.903       |
|    learning_rate        | 0.0003      |
|    loss                 | 0.761       |
|    n_updates            | 12900       |
|    policy_gradient_loss | -0.0223     |
|    std                  | 3.71        |
|    value_loss           | 3.31        |
-----------------------------------------
----------------------------------------
| manipularl/             |            |
|    align_curriculum     | 0          |
|    collision_rate       | 0.43       |
|    grasp_failure_rate   | 0.831      |
|    insert_depth_mean    | 0          |
|    insert_tilt_deg_mean | 0.00171    |
|    success_rate         | 0          |
| rollout/                |            |
|    ep_len_mean          | 400        |
|    ep_rew_mean          | -28.7      |
| time/                   |            |
|    fps                  | 612        |
|    iterations           | 619        |
|    time_elapsed         | 6213       |
|    total_timesteps      | 3803136    |
| train/                  |            |
|    approx_kl            | 0.01220478 |
|    clip_fraction        | 0.13       |
|    clip_range           | 0.2        |
|    entropy_loss         | -21.2      |
|    explained_variance   | 0.928      |
|    learning_rate        | 0.0003     |
|    loss                 | 1.57       |
|    n_updates            | 12910      |
|    policy_gradient_loss | -0.0157    |
|    std                  | 3.71       |
|    value_loss           | 7.31       |
----------------------------------------
-----------------------------------------
| manipularl/             |             |
|    align_curriculum     | 0           |
|    collision_rate       | 0.39        |
|    grasp_failure_rate   | 0.838       |
|    insert_depth_mean    | 0           |
|    insert_tilt_deg_mean | 0.00178     |
|    success_rate         | 0           |
| rollout/                |             |
|    ep_len_mean          | 400         |
|    ep_rew_mean          | -28         |
| time/                   |             |
|    fps                  | 612         |
|    iterations           | 620         |
|    time_elapsed         | 6220        |
|    total_timesteps      | 3809280     |
| train/                  |             |
|    approx_kl            | 0.010847506 |
|    clip_fraction        | 0.0716      |
|    clip_range           | 0.2         |
|    entropy_loss         | -21.2       |
|    explained_variance   | 0.745       |
|    learning_rate        | 0.0003      |
|    loss                 | 2.24        |
|    n_updates            | 12920       |
|    policy_gradient_loss | -0.0187     |
|    std                  | 3.71        |
|    value_loss           | 11.5        |
-----------------------------------------
-----------------------------------------
| manipularl/             |             |
|    align_curriculum     | 0           |
|    collision_rate       | 0.36        |
|    grasp_failure_rate   | 0.835       |
|    insert_depth_mean    | 0           |
|    insert_tilt_deg_mean | 0.0017      |
|    success_rate         | 0           |
| rollout/                |             |
|    ep_len_mean          | 400         |
|    ep_rew_mean          | -27.9       |
| time/                   |             |
|    fps                  | 612         |
|    iterations           | 621         |
|    time_elapsed         | 6229        |
|    total_timesteps      | 3815424     |
| train/                  |             |
|    approx_kl            | 0.022052037 |
|    clip_fraction        | 0.176       |
|    clip_range           | 0.2         |
|    entropy_loss         | -21.2       |
|    explained_variance   | 0.875       |
|    learning_rate        | 0.0003      |
|    loss                 | 0.402       |
|    n_updates            | 12930       |
|    policy_gradient_loss | -0.0394     |
|    std                  | 3.71        |
|    value_loss           | 2.74        |
-----------------------------------------
------------------------------------------
| manipularl/             |              |
|    align_curriculum     | 0            |
|    collision_rate       | 0.28         |
|    grasp_failure_rate   | 0.807        |
|    insert_depth_mean    | 0            |
|    insert_tilt_deg_mean | 0.00166      |
|    success_rate         | 0            |
| rollout/                |              |
|    ep_len_mean          | 400          |
|    ep_rew_mean          | -30.7        |
| time/                   |              |
|    fps                  | 612          |
|    iterations           | 622          |
|    time_elapsed         | 6237         |
|    total_timesteps      | 3821568      |
| train/                  |              |
|    approx_kl            | 0.0125279175 |
|    clip_fraction        | 0.0817       |
|    clip_range           | 0.2          |
|    entropy_loss         | -21.2        |
|    explained_variance   | 0.415        |
|    learning_rate        | 0.0003       |
|    loss                 | 0.47         |
|    n_updates            | 12940        |
|    policy_gradient_loss | -0.0207      |
|    std                  | 3.73         |
|    value_loss           | 4.93         |
------------------------------------------
-----------------------------------------
| manipularl/             |             |
|    align_curriculum     | 0           |
|    collision_rate       | 0.32        |
|    grasp_failure_rate   | 0.824       |
|    insert_depth_mean    | 0           |
|    insert_tilt_deg_mean | 0.00159     |
|    success_rate         | 0           |
| rollout/                |             |
|    ep_len_mean          | 400         |
|    ep_rew_mean          | -33.6       |
| time/                   |             |
|    fps                  | 612         |
|    iterations           | 623         |
|    time_elapsed         | 6245        |
|    total_timesteps      | 3827712     |
| train/                  |             |
|    approx_kl            | 0.015036755 |
|    clip_fraction        | 0.105       |
|    clip_range           | 0.2         |
|    entropy_loss         | -21.3       |
|    explained_variance   | 0.759       |
|    learning_rate        | 0.0003      |
|    loss                 | 0.245       |
|    n_updates            | 12950       |
|    policy_gradient_loss | -0.0279     |
|    std                  | 3.73        |
|    value_loss           | 2.59        |
-----------------------------------------
-----------------------------------------
| manipularl/             |             |
|    align_curriculum     | 0           |
|    collision_rate       | 0.29        |
|    grasp_failure_rate   | 0.81        |
|    insert_depth_mean    | 0           |
|    insert_tilt_deg_mean | 0.00168     |
|    success_rate         | 0           |
| rollout/                |             |
|    ep_len_mean          | 400         |
|    ep_rew_mean          | -27.8       |
| time/                   |             |
|    fps                  | 613         |
|    iterations           | 624         |
|    time_elapsed         | 6253        |
|    total_timesteps      | 3833856     |
| train/                  |             |
|    approx_kl            | 0.022080159 |
|    clip_fraction        | 0.198       |
|    clip_range           | 0.2         |
|    entropy_loss         | -21.3       |
|    explained_variance   | 0.722       |
|    learning_rate        | 0.0003      |
|    loss                 | 0.483       |
|    n_updates            | 12960       |
|    policy_gradient_loss | -0.0394     |
|    std                  | 3.73        |
|    value_loss           | 1.93        |
-----------------------------------------
-----------------------------------------
| manipularl/             |             |
|    align_curriculum     | 0           |
|    collision_rate       | 0.26        |
|    grasp_failure_rate   | 0.789       |
|    insert_depth_mean    | 0           |
|    insert_tilt_deg_mean | 0.002       |
|    success_rate         | 0           |
| rollout/                |             |
|    ep_len_mean          | 400         |
|    ep_rew_mean          | -10.4       |
| time/                   |             |
|    fps                  | 613         |
|    iterations           | 625         |
|    time_elapsed         | 6263        |
|    total_timesteps      | 3840000     |
| train/                  |             |
|    approx_kl            | 0.028631836 |
|    clip_fraction        | 0.192       |
|    clip_range           | 0.2         |
|    entropy_loss         | -21.3       |
|    explained_variance   | 0.729       |
|    learning_rate        | 0.0003      |
|    loss                 | -0.0146     |
|    n_updates            | 12970       |
|    policy_gradient_loss | -0.0386     |
|    std                  | 3.73        |
|    value_loss           | 0.949       |
-----------------------------------------
-----------------------------------------
| manipularl/             |             |
|    align_curriculum     | 0           |
|    collision_rate       | 0.26        |
|    grasp_failure_rate   | 0.764       |
|    insert_depth_mean    | 0           |
|    insert_tilt_deg_mean | 0.0023      |
|    success_rate         | 0           |
| rollout/                |             |
|    ep_len_mean          | 400         |
|    ep_rew_mean          | -3.8        |
| time/                   |             |
|    fps                  | 613         |
|    iterations           | 626         |
|    time_elapsed         | 6270        |
|    total_timesteps      | 3846144     |
| train/                  |             |
|    approx_kl            | 0.039025154 |
|    clip_fraction        | 0.245       |
|    clip_range           | 0.2         |
|    entropy_loss         | -21.3       |
|    explained_variance   | 0.824       |
|    learning_rate        | 0.0003      |
|    loss                 | -0.0879     |
|    n_updates            | 12980       |
|    policy_gradient_loss | -0.0439     |
|    std                  | 3.73        |
|    value_loss           | 0.593       |
-----------------------------------------
-----------------------------------------
| manipularl/             |             |
|    align_curriculum     | 0           |
|    collision_rate       | 0.26        |
|    grasp_failure_rate   | 0.756       |
|    insert_depth_mean    | 0           |
|    insert_tilt_deg_mean | 0.00252     |
|    success_rate         | 0           |
| rollout/                |             |
|    ep_len_mean          | 400         |
|    ep_rew_mean          | -3.46       |
| time/                   |             |
|    fps                  | 613         |
|    iterations           | 627         |
|    time_elapsed         | 6278        |
|    total_timesteps      | 3852288     |
| train/                  |             |
|    approx_kl            | 0.025263155 |
|    clip_fraction        | 0.239       |
|    clip_range           | 0.2         |
|    entropy_loss         | -21.3       |
|    explained_variance   | 0.667       |
|    learning_rate        | 0.0003      |
|    loss                 | 0.142       |
|    n_updates            | 12990       |
|    policy_gradient_loss | -0.0312     |
|    std                  | 3.73        |
|    value_loss           | 1.45        |
-----------------------------------------
-----------------------------------------
| manipularl/             |             |
|    align_curriculum     | 0           |
|    collision_rate       | 0.26        |
|    grasp_failure_rate   | 0.767       |
|    insert_depth_mean    | 0           |
|    insert_tilt_deg_mean | 0.00273     |
|    success_rate         | 0           |
| rollout/                |             |
|    ep_len_mean          | 400         |
|    ep_rew_mean          | 0.54        |
| time/                   |             |
|    fps                  | 613         |
|    iterations           | 628         |
|    time_elapsed         | 6287        |
|    total_timesteps      | 3858432     |
| train/                  |             |
|    approx_kl            | 0.023446782 |
|    clip_fraction        | 0.189       |
|    clip_range           | 0.2         |
|    entropy_loss         | -21.3       |
|    explained_variance   | 0.783       |
|    learning_rate        | 0.0003      |
|    loss                 | 0.26        |
|    n_updates            | 13000       |
|    policy_gradient_loss | -0.0386     |
|    std                  | 3.73        |
|    value_loss           | 1.33        |
-----------------------------------------
----------------------------------------
| manipularl/             |            |
|    align_curriculum     | 0          |
|    collision_rate       | 0.27       |
|    grasp_failure_rate   | 0.77       |
|    insert_depth_mean    | 0          |
|    insert_tilt_deg_mean | 0.00327    |
|    success_rate         | 0          |
| rollout/                |            |
|    ep_len_mean          | 400        |
|    ep_rew_mean          | 1.67       |
| time/                   |            |
|    fps                  | 613        |
|    iterations           | 629        |
|    time_elapsed         | 6296       |
|    total_timesteps      | 3864576    |
| train/                  |            |
|    approx_kl            | 0.03022516 |
|    clip_fraction        | 0.212      |
|    clip_range           | 0.2        |
|    entropy_loss         | -21.3      |
|    explained_variance   | 0.824      |
|    learning_rate        | 0.0003     |
|    loss                 | 0.0957     |
|    n_updates            | 13010      |
|    policy_gradient_loss | -0.0423    |
|    std                  | 3.74       |
|    value_loss           | 1.3        |
----------------------------------------
-----------------------------------------
| manipularl/             |             |
|    align_curriculum     | 0           |
|    collision_rate       | 0.26        |
|    grasp_failure_rate   | 0.758       |
|    insert_depth_mean    | 0           |
|    insert_tilt_deg_mean | 0.00385     |
|    success_rate         | 0           |
| rollout/                |             |
|    ep_len_mean          | 400         |
|    ep_rew_mean          | 2.43        |
| time/                   |             |
|    fps                  | 614         |
|    iterations           | 630         |
|    time_elapsed         | 6303        |
|    total_timesteps      | 3870720     |
| train/                  |             |
|    approx_kl            | 0.025128966 |
|    clip_fraction        | 0.165       |
|    clip_range           | 0.2         |
|    entropy_loss         | -21.3       |
|    explained_variance   | 0.708       |
|    learning_rate        | 0.0003      |
|    loss                 | -0.0391     |
|    n_updates            | 13020       |
|    policy_gradient_loss | -0.0368     |
|    std                  | 3.74        |
|    value_loss           | 0.941       |
-----------------------------------------
-----------------------------------------
| manipularl/             |             |
|    align_curriculum     | 0           |
|    collision_rate       | 0.2         |
|    grasp_failure_rate   | 0.768       |
|    insert_depth_mean    | 0           |
|    insert_tilt_deg_mean | 0.00401     |
|    success_rate         | 0           |
| rollout/                |             |
|    ep_len_mean          | 400         |
|    ep_rew_mean          | -0.000904   |
| time/                   |             |
|    fps                  | 614         |
|    iterations           | 631         |
|    time_elapsed         | 6312        |
|    total_timesteps      | 3876864     |
| train/                  |             |
|    approx_kl            | 0.019442206 |
|    clip_fraction        | 0.159       |
|    clip_range           | 0.2         |
|    entropy_loss         | -21.3       |
|    explained_variance   | 0.765       |
|    learning_rate        | 0.0003      |
|    loss                 | 0.285       |
|    n_updates            | 13030       |
|    policy_gradient_loss | -0.0323     |
|    std                  | 3.74        |
|    value_loss           | 1.86        |
-----------------------------------------
-----------------------------------------
| manipularl/             |             |
|    align_curriculum     | 0           |
|    collision_rate       | 0.21        |
|    grasp_failure_rate   | 0.8         |
|    insert_depth_mean    | 0           |
|    insert_tilt_deg_mean | 0.004       |
|    success_rate         | 0           |
| rollout/                |             |
|    ep_len_mean          | 400         |
|    ep_rew_mean          | -6.73       |
| time/                   |             |
|    fps                  | 614         |
|    iterations           | 632         |
|    time_elapsed         | 6322        |
|    total_timesteps      | 3883008     |
| train/                  |             |
|    approx_kl            | 0.028893406 |
|    clip_fraction        | 0.188       |
|    clip_range           | 0.2         |
|    entropy_loss         | -21.3       |
|    explained_variance   | 0.892       |
|    learning_rate        | 0.0003      |
|    loss                 | -0.0694     |
|    n_updates            | 13040       |
|    policy_gradient_loss | -0.0328     |
|    std                  | 3.74        |
|    value_loss           | 1.02        |
-----------------------------------------
-----------------------------------------
| manipularl/             |             |
|    align_curriculum     | 0           |
|    collision_rate       | 0.22        |
|    grasp_failure_rate   | 0.86        |
|    insert_depth_mean    | 0           |
|    insert_tilt_deg_mean | 0.00322     |
|    success_rate         | 0           |
| rollout/                |             |
|    ep_len_mean          | 400         |
|    ep_rew_mean          | -14.8       |
| time/                   |             |
|    fps                  | 613         |
|    iterations           | 633         |
|    time_elapsed         | 6334        |
|    total_timesteps      | 3889152     |
| train/                  |             |
|    approx_kl            | 0.018367065 |
|    clip_fraction        | 0.203       |
|    clip_range           | 0.2         |
|    entropy_loss         | -21.3       |
|    explained_variance   | 0.829       |
|    learning_rate        | 0.0003      |
|    loss                 | 0.00119     |
|    n_updates            | 13050       |
|    policy_gradient_loss | -0.0268     |
|    std                  | 3.75        |
|    value_loss           | 1.7         |
-----------------------------------------
-----------------------------------------
| manipularl/             |             |
|    align_curriculum     | 0           |
|    collision_rate       | 0.18        |
|    grasp_failure_rate   | 0.89        |
|    insert_depth_mean    | 0           |
|    insert_tilt_deg_mean | 0.00317     |
|    success_rate         | 0           |
| rollout/                |             |
|    ep_len_mean          | 400         |
|    ep_rew_mean          | -14.7       |
| time/                   |             |
|    fps                  | 613         |
|    iterations           | 634         |
|    time_elapsed         | 6347        |
|    total_timesteps      | 3895296     |
| train/                  |             |
|    approx_kl            | 0.019275252 |
|    clip_fraction        | 0.16        |
|    clip_range           | 0.2         |
|    entropy_loss         | -21.3       |
|    explained_variance   | 0.781       |
|    learning_rate        | 0.0003      |
|    loss                 | 0.339       |
|    n_updates            | 13060       |
|    policy_gradient_loss | -0.0347     |
|    std                  | 3.74        |
|    value_loss           | 2.08        |
-----------------------------------------
-----------------------------------------
| manipularl/             |             |
|    align_curriculum     | 0           |
|    collision_rate       | 0.19        |
|    grasp_failure_rate   | 0.888       |
|    insert_depth_mean    | 0           |
|    insert_tilt_deg_mean | 0.00264     |
|    success_rate         | 0           |
| rollout/                |             |
|    ep_len_mean          | 400         |
|    ep_rew_mean          | -14.9       |
| time/                   |             |
|    fps                  | 613         |
|    iterations           | 635         |
|    time_elapsed         | 6359        |
|    total_timesteps      | 3901440     |
| train/                  |             |
|    approx_kl            | 0.025920935 |
|    clip_fraction        | 0.198       |
|    clip_range           | 0.2         |
|    entropy_loss         | -21.3       |
|    explained_variance   | 0.673       |
|    learning_rate        | 0.0003      |
|    loss                 | 0.0707      |
|    n_updates            | 13070       |
|    policy_gradient_loss | -0.0431     |
|    std                  | 3.74        |
|    value_loss           | 0.895       |
-----------------------------------------
-----------------------------------------
| manipularl/             |             |
|    align_curriculum     | 0           |
|    collision_rate       | 0.2         |
|    grasp_failure_rate   | 0.897       |
|    insert_depth_mean    | 0           |
|    insert_tilt_deg_mean | 0.00246     |
|    success_rate         | 0           |
| rollout/                |             |
|    ep_len_mean          | 400         |
|    ep_rew_mean          | -16.5       |
| time/                   |             |
|    fps                  | 613         |
|    iterations           | 636         |
|    time_elapsed         | 6370        |
|    total_timesteps      | 3907584     |
| train/                  |             |
|    approx_kl            | 0.050649654 |
|    clip_fraction        | 0.325       |
|    clip_range           | 0.2         |
|    entropy_loss         | -21.3       |
|    explained_variance   | 0.91        |
|    learning_rate        | 0.0003      |
|    loss                 | -0.151      |
|    n_updates            | 13080       |
|    policy_gradient_loss | -0.052      |
|    std                  | 3.74        |
|    value_loss           | 0.409       |
-----------------------------------------
----------------------------------------
| manipularl/             |            |
|    align_curriculum     | 0          |
|    collision_rate       | 0.19       |
|    grasp_failure_rate   | 0.913      |
|    insert_depth_mean    | 0          |
|    insert_tilt_deg_mean | 0.0017     |
|    success_rate         | 0          |
| rollout/                |            |
|    ep_len_mean          | 400        |
|    ep_rew_mean          | -20.9      |
| time/                   |            |
|    fps                  | 613        |
|    iterations           | 637        |
|    time_elapsed         | 6377       |
|    total_timesteps      | 3913728    |
| train/                  |            |
|    approx_kl            | 0.03231935 |
|    clip_fraction        | 0.246      |
|    clip_range           | 0.2        |
|    entropy_loss         | -21.3      |
|    explained_variance   | 0.864      |
|    learning_rate        | 0.0003     |
|    loss                 | -0.19      |
|    n_updates            | 13090      |
|    policy_gradient_loss | -0.0398    |
|    std                  | 3.75       |
|    value_loss           | 0.279      |
----------------------------------------
----------------------------------------
| manipularl/             |            |
|    align_curriculum     | 0          |
|    collision_rate       | 0.24       |
|    grasp_failure_rate   | 0.892      |
|    insert_depth_mean    | 0          |
|    insert_tilt_deg_mean | 0.00135    |
|    success_rate         | 0          |
| rollout/                |            |
|    ep_len_mean          | 400        |
|    ep_rew_mean          | -17.5      |
| time/                   |            |
|    fps                  | 613        |
|    iterations           | 638        |
|    time_elapsed         | 6386       |
|    total_timesteps      | 3919872    |
| train/                  |            |
|    approx_kl            | 0.02437286 |
|    clip_fraction        | 0.23       |
|    clip_range           | 0.2        |
|    entropy_loss         | -21.3      |
|    explained_variance   | 0.896      |
|    learning_rate        | 0.0003     |
|    loss                 | -0.0851    |
|    n_updates            | 13100      |
|    policy_gradient_loss | -0.0336    |
|    std                  | 3.76       |
|    value_loss           | 0.492      |
----------------------------------------
-----------------------------------------
| manipularl/             |             |
|    align_curriculum     | 0           |
|    collision_rate       | 0.23        |
|    grasp_failure_rate   | 0.863       |
|    insert_depth_mean    | 0           |
|    insert_tilt_deg_mean | 0.00125     |
|    success_rate         | 0           |
| rollout/                |             |
|    ep_len_mean          | 400         |
|    ep_rew_mean          | -9.74       |
| time/                   |             |
|    fps                  | 613         |
|    iterations           | 639         |
|    time_elapsed         | 6394        |
|    total_timesteps      | 3926016     |
| train/                  |             |
|    approx_kl            | 0.022288082 |
|    clip_fraction        | 0.185       |
|    clip_range           | 0.2         |
|    entropy_loss         | -21.3       |
|    explained_variance   | 0.773       |
|    learning_rate        | 0.0003      |
|    loss                 | 0.164       |
|    n_updates            | 13110       |
|    policy_gradient_loss | -0.0309     |
|    std                  | 3.76        |
|    value_loss           | 1.21        |
-----------------------------------------
-----------------------------------------
| manipularl/             |             |
|    align_curriculum     | 0           |
|    collision_rate       | 0.3         |
|    grasp_failure_rate   | 0.869       |
|    insert_depth_mean    | 0           |
|    insert_tilt_deg_mean | 0.00126     |
|    success_rate         | 0           |
| rollout/                |             |
|    ep_len_mean          | 400         |
|    ep_rew_mean          | -11.3       |
| time/                   |             |
|    fps                  | 614         |
|    iterations           | 640         |
|    time_elapsed         | 6402        |
|    total_timesteps      | 3932160     |
| train/                  |             |
|    approx_kl            | 0.025507977 |
|    clip_fraction        | 0.201       |
|    clip_range           | 0.2         |
|    entropy_loss         | -21.3       |
|    explained_variance   | 0.745       |
|    learning_rate        | 0.0003      |
|    loss                 | 0.173       |
|    n_updates            | 13120       |
|    policy_gradient_loss | -0.0443     |
|    std                  | 3.77        |
|    value_loss           | 1.54        |
-----------------------------------------
-----------------------------------------
| manipularl/             |             |
|    align_curriculum     | 0           |
|    collision_rate       | 0.35        |
|    grasp_failure_rate   | 0.863       |
|    insert_depth_mean    | 0           |
|    insert_tilt_deg_mean | 0.00153     |
|    success_rate         | 0           |
| rollout/                |             |
|    ep_len_mean          | 400         |
|    ep_rew_mean          | -15.4       |
| time/                   |             |
|    fps                  | 614         |
|    iterations           | 641         |
|    time_elapsed         | 6409        |
|    total_timesteps      | 3938304     |
| train/                  |             |
|    approx_kl            | 0.025761545 |
|    clip_fraction        | 0.178       |
|    clip_range           | 0.2         |
|    entropy_loss         | -21.3       |
|    explained_variance   | 0.891       |
|    learning_rate        | 0.0003      |
|    loss                 | -0.0472     |
|    n_updates            | 13130       |
|    policy_gradient_loss | -0.0384     |
|    std                  | 3.77        |
|    value_loss           | 1           |
-----------------------------------------
-----------------------------------------
| manipularl/             |             |
|    align_curriculum     | 0           |
|    collision_rate       | 0.42        |
|    grasp_failure_rate   | 0.877       |
|    insert_depth_mean    | 0           |
|    insert_tilt_deg_mean | 0.00188     |
|    success_rate         | 0           |
| rollout/                |             |
|    ep_len_mean          | 400         |
|    ep_rew_mean          | -21.6       |
| time/                   |             |
|    fps                  | 614         |
|    iterations           | 642         |
|    time_elapsed         | 6417        |
|    total_timesteps      | 3944448     |
| train/                  |             |
|    approx_kl            | 0.019644156 |
|    clip_fraction        | 0.171       |
|    clip_range           | 0.2         |
|    entropy_loss         | -21.3       |
|    explained_variance   | 0.907       |
|    learning_rate        | 0.0003      |
|    loss                 | 0.308       |
|    n_updates            | 13140       |
|    policy_gradient_loss | -0.0282     |
|    std                  | 3.77        |
|    value_loss           | 2.58        |
-----------------------------------------
-----------------------------------------
| manipularl/             |             |
|    align_curriculum     | 0           |
|    collision_rate       | 0.5         |
|    grasp_failure_rate   | 0.846       |
|    insert_depth_mean    | 0           |
|    insert_tilt_deg_mean | 0.00207     |
|    success_rate         | 0           |
| rollout/                |             |
|    ep_len_mean          | 400         |
|    ep_rew_mean          | -19.7       |
| time/                   |             |
|    fps                  | 614         |
|    iterations           | 643         |
|    time_elapsed         | 6427        |
|    total_timesteps      | 3950592     |
| train/                  |             |
|    approx_kl            | 0.027385721 |
|    clip_fraction        | 0.206       |
|    clip_range           | 0.2         |
|    entropy_loss         | -21.3       |
|    explained_variance   | 0.968       |
|    learning_rate        | 0.0003      |
|    loss                 | 0.0469      |
|    n_updates            | 13150       |
|    policy_gradient_loss | -0.0335     |
|    std                  | 3.78        |
|    value_loss           | 0.878       |
-----------------------------------------
-----------------------------------------
| manipularl/             |             |
|    align_curriculum     | 0           |
|    collision_rate       | 0.48        |
|    grasp_failure_rate   | 0.85        |
|    insert_depth_mean    | 0.003       |
|    insert_tilt_deg_mean | 0.00463     |
|    success_rate         | 0.05        |
| rollout/                |             |
|    ep_len_mean          | 380         |
|    ep_rew_mean          | -15.4       |
| time/                   |             |
|    fps                  | 614         |
|    iterations           | 644         |
|    time_elapsed         | 6434        |
|    total_timesteps      | 3956736     |
| train/                  |             |
|    approx_kl            | 0.035334382 |
|    clip_fraction        | 0.274       |
|    clip_range           | 0.2         |
|    entropy_loss         | -21.4       |
|    explained_variance   | 0.963       |
|    learning_rate        | 0.0003      |
|    loss                 | -0.058      |
|    n_updates            | 13160       |
|    policy_gradient_loss | -0.0398     |
|    std                  | 3.78        |
|    value_loss           | 0.75        |
-----------------------------------------
-----------------------------------------
| manipularl/             |             |
|    align_curriculum     | 0           |
|    collision_rate       | 0.4         |
|    grasp_failure_rate   | 0.862       |
|    insert_depth_mean    | 0.00721     |
|    insert_tilt_deg_mean | 0.00734     |
|    success_rate         | 0.12        |
| rollout/                |             |
|    ep_len_mean          | 353         |
|    ep_rew_mean          | -10.7       |
| time/                   |             |
|    fps                  | 615         |
|    iterations           | 645         |
|    time_elapsed         | 6443        |
|    total_timesteps      | 3962880     |
| train/                  |             |
|    approx_kl            | 0.024840549 |
|    clip_fraction        | 0.293       |
|    clip_range           | 0.2         |
|    entropy_loss         | -21.4       |
|    explained_variance   | 0.957       |
|    learning_rate        | 0.0003      |
|    loss                 | -0.0399     |
|    n_updates            | 13170       |
|    policy_gradient_loss | -0.0196     |
|    std                  | 3.79        |
|    value_loss           | 0.961       |
-----------------------------------------
-----------------------------------------
| manipularl/             |             |
|    align_curriculum     | 0           |
|    collision_rate       | 0.4         |
|    grasp_failure_rate   | 0.866       |
|    insert_depth_mean    | 0.00721     |
|    insert_tilt_deg_mean | 0.00763     |
|    success_rate         | 0.12        |
| rollout/                |             |
|    ep_len_mean          | 353         |
|    ep_rew_mean          | -12.4       |
| time/                   |             |
|    fps                  | 615         |
|    iterations           | 646         |
|    time_elapsed         | 6450        |
|    total_timesteps      | 3969024     |
| train/                  |             |
|    approx_kl            | 0.022970527 |
|    clip_fraction        | 0.163       |
|    clip_range           | 0.2         |
|    entropy_loss         | -21.4       |
|    explained_variance   | 0.918       |
|    learning_rate        | 0.0003      |
|    loss                 | 0.338       |
|    n_updates            | 13180       |
|    policy_gradient_loss | -0.0374     |
|    std                  | 3.79        |
|    value_loss           | 1.64        |
-----------------------------------------
-----------------------------------------
| manipularl/             |             |
|    align_curriculum     | 0           |
|    collision_rate       | 0.4         |
|    grasp_failure_rate   | 0.871       |
|    insert_depth_mean    | 0.00721     |
|    insert_tilt_deg_mean | 0.00752     |
|    success_rate         | 0.12        |
| rollout/                |             |
|    ep_len_mean          | 353         |
|    ep_rew_mean          | -10.4       |
| time/                   |             |
|    fps                  | 615         |
|    iterations           | 647         |
|    time_elapsed         | 6458        |
|    total_timesteps      | 3975168     |
| train/                  |             |
|    approx_kl            | 0.025160588 |
|    clip_fraction        | 0.18        |
|    clip_range           | 0.2         |
|    entropy_loss         | -21.4       |
|    explained_variance   | 0.307       |
|    learning_rate        | 0.0003      |
|    loss                 | 0.222       |
|    n_updates            | 13190       |
|    policy_gradient_loss | -0.0357     |
|    std                  | 3.79        |
|    value_loss           | 1.39        |
-----------------------------------------
----------------------------------------
| manipularl/             |            |
|    align_curriculum     | 0          |
|    collision_rate       | 0.33       |
|    grasp_failure_rate   | 0.892      |
|    insert_depth_mean    | 0.00721    |
|    insert_tilt_deg_mean | 0.00711    |
|    success_rate         | 0.12       |
| rollout/                |            |
|    ep_len_mean          | 353        |
|    ep_rew_mean          | -8.01      |
| time/                   |            |
|    fps                  | 615        |
|    iterations           | 648        |
|    time_elapsed         | 6467       |
|    total_timesteps      | 3981312    |
| train/                  |            |
|    approx_kl            | 0.02115953 |
|    clip_fraction        | 0.23       |
|    clip_range           | 0.2        |
|    entropy_loss         | -21.4      |
|    explained_variance   | 0.366      |
|    learning_rate        | 0.0003     |
|    loss                 | 0.596      |
|    n_updates            | 13200      |
|    policy_gradient_loss | -0.0209    |
|    std                  | 3.8        |
|    value_loss           | 2.46       |
----------------------------------------
-----------------------------------------
| manipularl/             |             |
|    align_curriculum     | 0           |
|    collision_rate       | 0.33        |
|    grasp_failure_rate   | 0.885       |
|    insert_depth_mean    | 0.00721     |
|    insert_tilt_deg_mean | 0.00695     |
|    success_rate         | 0.12        |
| rollout/                |             |
|    ep_len_mean          | 353         |
|    ep_rew_mean          | -9.27       |
| time/                   |             |
|    fps                  | 615         |
|    iterations           | 649         |
|    time_elapsed         | 6475        |
|    total_timesteps      | 3987456     |
| train/                  |             |
|    approx_kl            | 0.020142814 |
|    clip_fraction        | 0.155       |
|    clip_range           | 0.2         |
|    entropy_loss         | -21.4       |
|    explained_variance   | 0.598       |
|    learning_rate        | 0.0003      |
|    loss                 | 0.862       |
|    n_updates            | 13210       |
|    policy_gradient_loss | -0.0388     |
|    std                  | 3.8         |
|    value_loss           | 3.29        |
-----------------------------------------
-----------------------------------------
| manipularl/             |             |
|    align_curriculum     | 0           |
|    collision_rate       | 0.33        |
|    grasp_failure_rate   | 0.868       |
|    insert_depth_mean    | 0.00601     |
|    insert_tilt_deg_mean | 0.00576     |
|    success_rate         | 0.1         |
| rollout/                |             |
|    ep_len_mean          | 361         |
|    ep_rew_mean          | -5.9        |
| time/                   |             |
|    fps                  | 615         |
|    iterations           | 650         |
|    time_elapsed         | 6483        |
|    total_timesteps      | 3993600     |
| train/                  |             |
|    approx_kl            | 0.013627294 |
|    clip_fraction        | 0.0887      |
|    clip_range           | 0.2         |
|    entropy_loss         | -21.4       |
|    explained_variance   | 0.672       |
|    learning_rate        | 0.0003      |
|    loss                 | 0.681       |
|    n_updates            | 13220       |
|    policy_gradient_loss | -0.0264     |
|    std                  | 3.8         |
|    value_loss           | 4.95        |
-----------------------------------------
----------------------------------------
| manipularl/             |            |
|    align_curriculum     | 0          |
|    collision_rate       | 0.52       |
|    grasp_failure_rate   | 0.872      |
|    insert_depth_mean    | 0          |
|    insert_tilt_deg_mean | 0.00184    |
|    success_rate         | 0          |
| rollout/                |            |
|    ep_len_mean          | 400        |
|    ep_rew_mean          | -21.1      |
| time/                   |            |
|    fps                  | 616        |
|    iterations           | 651        |
|    time_elapsed         | 6491       |
|    total_timesteps      | 3999744    |
| train/                  |            |
|    approx_kl            | 0.01379098 |
|    clip_fraction        | 0.0936     |
|    clip_range           | 0.2        |
|    entropy_loss         | -21.4      |
|    explained_variance   | 0.681      |
|    learning_rate        | 0.0003     |
|    loss                 | 0.897      |
|    n_updates            | 13230      |
|    policy_gradient_loss | -0.0283    |
|    std                  | 3.8        |
|    value_loss           | 4.52       |
----------------------------------------
Eval num_timesteps=3999936, episode_reward=-0.78 +/- 18.47
Episode length: 400.00 +/- 0.00
-----------------------------------------
| eval/                   |             |
|    mean_ep_length       | 400         |
|    mean_reward          | -0.782      |
| manipularl/             |             |
|    align_curriculum     | 0           |
|    collision_rate       | 0.52        |
|    grasp_failure_rate   | 0.872       |
|    insert_depth_mean    | 0           |
|    insert_tilt_deg_mean | 0.00184     |
|    success_rate         | 0           |
| time/                   |             |
|    total_timesteps      | 3999936     |
| train/                  |             |
|    approx_kl            | 0.009464898 |
|    clip_fraction        | 0.0758      |
|    clip_range           | 0.2         |
|    entropy_loss         | -21.4       |
|    explained_variance   | -0.346      |
|    learning_rate        | 0.0003      |
|    loss                 | 1.04        |
|    n_updates            | 13240       |
|    policy_gradient_loss | -0.021      |
|    std                  | 3.81        |
|    value_loss           | 4.45        |
-----------------------------------------
--------------------------------------
| manipularl/             |          |
|    align_curriculum     | 0        |
|    collision_rate       | 0.58     |
|    grasp_failure_rate   | 0.888    |
|    insert_depth_mean    | 0        |
|    insert_tilt_deg_mean | 0.0014   |
|    success_rate         | 0        |
| rollout/                |          |
|    ep_len_mean          | 400      |
|    ep_rew_mean          | -26.4    |
| time/                   |          |
|    fps                  | 613      |
|    iterations           | 652      |
|    time_elapsed         | 6531     |
|    total_timesteps      | 4005888  |
--------------------------------------
[train] saved runs/phase4_ppo/model.zip and runs/phase4_ppo/vecnormalize.pkl
>>> 15:03:46 phase4 TrackA rc=0 OK
pybullet build time: Nov 28 2023 23:45:17
[       in_dist] success=0.015 collision=0.260 steps=394 path_eff=0.06 depth=0.001 tilt=0.1
[eval] wrote results/eval_phase4.csv
>>> 15:16:36 phase4 TrackA eval: 4,in_dist,200,0.015,0.26,394.15,0.061844970300806004,0.23456583896498107,0.908993166258949,0.0009005501969597983,0.10530885953617995
