>>> 01:06:25 TRAIN phase4 Task 1 v5 (align, grasp-drop penalty added -- explicit reward shaping)
pybullet build time: Nov 28 2023 23:45:17
[train] phase=4 algo=ppo n_envs=14 steps=2,000,000 frame_stack=3 -> runs/phase4_task1_align_v5
pybullet build time: Nov 28 2023 23:45:17
pybullet build time: Nov 28 2023 23:45:17
pybullet build time: Nov 28 2023 23:45:17
pybullet build time: Nov 28 2023 23:45:17
pybullet build time: Nov 28 2023 23:45:17
pybullet build time: Nov 28 2023 23:45:17
pybullet build time: Nov 28 2023 23:45:17
pybullet build time: Nov 28 2023 23:45:17
pybullet build time: Nov 28 2023 23:45:17
pybullet build time: Nov 28 2023 23:45:17
pybullet build time: Nov 28 2023 23:45:17
pybullet build time: Nov 28 2023 23:45:17
pybullet build time: Nov 28 2023 23:45:17
pybullet build time: Nov 28 2023 23:45:17
[train] warm-starting from runs/phase3_ppo_v7_terminal/model.zip
[train] grasp-curriculum anneal 0.5 -> 0.0 over 40% of training
Logging to runs/phase4_task1_align_v5/tb/PPO_1
--------------------------------------
| manipularl/             |          |
|    collision_rate       | 0.7      |
|    grasp_curriculum     | 0.496    |
|    grasp_failure_rate   | 0.636    |
|    insert_depth_mean    | 0.000341 |
|    insert_tilt_deg_mean | 9.53     |
|    success_rate         | 0        |
| rollout/                |          |
|    ep_len_mean          | 223      |
|    ep_rew_mean          | -57.6    |
| time/                   |          |
|    fps                  | 1243     |
|    iterations           | 1        |
|    time_elapsed         | 5        |
|    total_timesteps      | 7168     |
--------------------------------------
---------------------------------------
| manipularl/             |           |
|    collision_rate       | 0.618     |
|    grasp_curriculum     | 0.491     |
|    grasp_failure_rate   | 0.653     |
|    insert_depth_mean    | 0.00116   |
|    insert_tilt_deg_mean | 17.9      |
|    success_rate         | 0         |
| rollout/                |           |
|    ep_len_mean          | 213       |
|    ep_rew_mean          | -51.9     |
| time/                   |           |
|    fps                  | 999       |
|    iterations           | 2         |
|    time_elapsed         | 14        |
|    total_timesteps      | 14336     |
| train/                  |           |
|    approx_kl            | 0.0968911 |
|    clip_fraction        | 0.39      |
|    clip_range           | 0.2       |
|    entropy_loss         | -17.3     |
|    explained_variance   | -0.239    |
|    learning_rate        | 0.0003    |
|    loss                 | 9.88      |
|    n_updates            | 13290     |
|    policy_gradient_loss | -0.025    |
|    std                  | 3.27      |
|    value_loss           | 51.8      |
---------------------------------------
---------------------------------------
| manipularl/             |           |
|    collision_rate       | 0.616     |
|    grasp_curriculum     | 0.487     |
|    grasp_failure_rate   | 0.634     |
|    insert_depth_mean    | 0.000799  |
|    insert_tilt_deg_mean | 20.1      |
|    success_rate         | 0         |
| rollout/                |           |
|    ep_len_mean          | 217       |
|    ep_rew_mean          | -60.3     |
| time/                   |           |
|    fps                  | 934       |
|    iterations           | 3         |
|    time_elapsed         | 23        |
|    total_timesteps      | 21504     |
| train/                  |           |
|    approx_kl            | 1.0654441 |
|    clip_fraction        | 0.781     |
|    clip_range           | 0.2       |
|    entropy_loss         | -17.4     |
|    explained_variance   | -0.546    |
|    learning_rate        | 0.0003    |
|    loss                 | 4.42      |
|    n_updates            | 13300     |
|    policy_gradient_loss | 0.123     |
|    std                  | 3.28      |
|    value_loss           | 28.9      |
---------------------------------------
----------------------------------------
| manipularl/             |            |
|    collision_rate       | 0.64       |
|    grasp_curriculum     | 0.482      |
|    grasp_failure_rate   | 0.552      |
|    insert_depth_mean    | 7.8e-05    |
|    insert_tilt_deg_mean | 23.6       |
|    success_rate         | 0          |
| rollout/                |            |
|    ep_len_mean          | 199        |
|    ep_rew_mean          | -66.1      |
| time/                   |            |
|    fps                  | 910        |
|    iterations           | 4          |
|    time_elapsed         | 31         |
|    total_timesteps      | 28672      |
| train/                  |            |
|    approx_kl            | 0.09717317 |
|    clip_fraction        | 0.438      |
|    clip_range           | 0.2        |
|    entropy_loss         | -17.4      |
|    explained_variance   | -0.42      |
|    learning_rate        | 0.0003     |
|    loss                 | 4.34       |
|    n_updates            | 13310      |
|    policy_gradient_loss | -0.0276    |
|    std                  | 3.29       |
|    value_loss           | 25.6       |
----------------------------------------
----------------------------------------
| manipularl/             |            |
|    collision_rate       | 0.63       |
|    grasp_curriculum     | 0.478      |
|    grasp_failure_rate   | 0.488      |
|    insert_depth_mean    | 4.77e-05   |
|    insert_tilt_deg_mean | 21.7       |
|    success_rate         | 0          |
| rollout/                |            |
|    ep_len_mean          | 198        |
|    ep_rew_mean          | -72.9      |
| time/                   |            |
|    fps                  | 935        |
|    iterations           | 5          |
|    time_elapsed         | 38         |
|    total_timesteps      | 35840      |
| train/                  |            |
|    approx_kl            | 0.13782227 |
|    clip_fraction        | 0.677      |
|    clip_range           | 0.2        |
|    entropy_loss         | -17.4      |
|    explained_variance   | 0.475      |
|    learning_rate        | 0.0003     |
|    loss                 | 3.65       |
|    n_updates            | 13320      |
|    policy_gradient_loss | 0.0581     |
|    std                  | 3.3        |
|    value_loss           | 20.7       |
----------------------------------------
----------------------------------------
| manipularl/             |            |
|    collision_rate       | 0.58       |
|    grasp_curriculum     | 0.473      |
|    grasp_failure_rate   | 0.492      |
|    insert_depth_mean    | 0          |
|    insert_tilt_deg_mean | 23         |
|    success_rate         | 0          |
| rollout/                |            |
|    ep_len_mean          | 216        |
|    ep_rew_mean          | -71.3      |
| time/                   |            |
|    fps                  | 967        |
|    iterations           | 6          |
|    time_elapsed         | 44         |
|    total_timesteps      | 43008      |
| train/                  |            |
|    approx_kl            | 0.13871077 |
|    clip_fraction        | 0.512      |
|    clip_range           | 0.2        |
|    entropy_loss         | -17.4      |
|    explained_variance   | 0.681      |
|    learning_rate        | 0.0003     |
|    loss                 | 3.38       |
|    n_updates            | 13330      |
|    policy_gradient_loss | -0.0274    |
|    std                  | 3.31       |
|    value_loss           | 14.9       |
----------------------------------------
----------------------------------------
| manipularl/             |            |
|    collision_rate       | 0.56       |
|    grasp_curriculum     | 0.469      |
|    grasp_failure_rate   | 0.577      |
|    insert_depth_mean    | 0          |
|    insert_tilt_deg_mean | 24.4       |
|    success_rate         | 0          |
| rollout/                |            |
|    ep_len_mean          | 220        |
|    ep_rew_mean          | -61.9      |
| time/                   |            |
|    fps                  | 992        |
|    iterations           | 7          |
|    time_elapsed         | 50         |
|    total_timesteps      | 50176      |
| train/                  |            |
|    approx_kl            | 0.12472941 |
|    clip_fraction        | 0.505      |
|    clip_range           | 0.2        |
|    entropy_loss         | -17.5      |
|    explained_variance   | 0.808      |
|    learning_rate        | 0.0003     |
|    loss                 | 2.77       |
|    n_updates            | 13340      |
|    policy_gradient_loss | -0.0455    |
|    std                  | 3.31       |
|    value_loss           | 12.4       |
----------------------------------------
----------------------------------------
| manipularl/             |            |
|    collision_rate       | 0.54       |
|    grasp_curriculum     | 0.464      |
|    grasp_failure_rate   | 0.639      |
|    insert_depth_mean    | 0          |
|    insert_tilt_deg_mean | 24.6       |
|    success_rate         | 0          |
| rollout/                |            |
|    ep_len_mean          | 223        |
|    ep_rew_mean          | -52.3      |
| time/                   |            |
|    fps                  | 1007       |
|    iterations           | 8          |
|    time_elapsed         | 56         |
|    total_timesteps      | 57344      |
| train/                  |            |
|    approx_kl            | 0.12865081 |
|    clip_fraction        | 0.472      |
|    clip_range           | 0.2        |
|    entropy_loss         | -17.5      |
|    explained_variance   | 0.805      |
|    learning_rate        | 0.0003     |
|    loss                 | 3.97       |
|    n_updates            | 13350      |
|    policy_gradient_loss | -0.0586    |
|    std                  | 3.32       |
|    value_loss           | 15.7       |
----------------------------------------
----------------------------------------
| manipularl/             |            |
|    collision_rate       | 0.64       |
|    grasp_curriculum     | 0.46       |
|    grasp_failure_rate   | 0.642      |
|    insert_depth_mean    | 0.00184    |
|    insert_tilt_deg_mean | 19.8       |
|    success_rate         | 0          |
| rollout/                |            |
|    ep_len_mean          | 200        |
|    ep_rew_mean          | -50.8      |
| time/                   |            |
|    fps                  | 1026       |
|    iterations           | 9          |
|    time_elapsed         | 62         |
|    total_timesteps      | 64512      |
| train/                  |            |
|    approx_kl            | 0.15851378 |
|    clip_fraction        | 0.492      |
|    clip_range           | 0.2        |
|    entropy_loss         | -17.5      |
|    explained_variance   | 0.879      |
|    learning_rate        | 0.0003     |
|    loss                 | 2.55       |
|    n_updates            | 13360      |
|    policy_gradient_loss | -0.0535    |
|    std                  | 3.33       |
|    value_loss           | 10.4       |
----------------------------------------
----------------------------------------
| manipularl/             |            |
|    collision_rate       | 0.7        |
|    grasp_curriculum     | 0.455      |
|    grasp_failure_rate   | 0.635      |
|    insert_depth_mean    | 0.00364    |
|    insert_tilt_deg_mean | 14.6       |
|    success_rate         | 0          |
| rollout/                |            |
|    ep_len_mean          | 186        |
|    ep_rew_mean          | -57.2      |
| time/                   |            |
|    fps                  | 1035       |
|    iterations           | 10         |
|    time_elapsed         | 69         |
|    total_timesteps      | 71680      |
| train/                  |            |
|    approx_kl            | 0.15990283 |
|    clip_fraction        | 0.522      |
|    clip_range           | 0.2        |
|    entropy_loss         | -17.5      |
|    explained_variance   | 0.831      |
|    learning_rate        | 0.0003     |
|    loss                 | 4.89       |
|    n_updates            | 13370      |
|    policy_gradient_loss | -0.0336    |
|    std                  | 3.34       |
|    value_loss           | 18.4       |
----------------------------------------
----------------------------------------
| manipularl/             |            |
|    collision_rate       | 0.77       |
|    grasp_curriculum     | 0.451      |
|    grasp_failure_rate   | 0.617      |
|    insert_depth_mean    | 0.00412    |
|    insert_tilt_deg_mean | 15.1       |
|    success_rate         | 0          |
| rollout/                |            |
|    ep_len_mean          | 171        |
|    ep_rew_mean          | -58.8      |
| time/                   |            |
|    fps                  | 1040       |
|    iterations           | 11         |
|    time_elapsed         | 75         |
|    total_timesteps      | 78848      |
| train/                  |            |
|    approx_kl            | 0.12206487 |
|    clip_fraction        | 0.478      |
|    clip_range           | 0.2        |
|    entropy_loss         | -17.5      |
|    explained_variance   | 0.856      |
|    learning_rate        | 0.0003     |
|    loss                 | 3.41       |
|    n_updates            | 13380      |
|    policy_gradient_loss | -0.0536    |
|    std                  | 3.35       |
|    value_loss           | 17.7       |
----------------------------------------
----------------------------------------
| manipularl/             |            |
|    collision_rate       | 0.76       |
|    grasp_curriculum     | 0.446      |
|    grasp_failure_rate   | 0.571      |
|    insert_depth_mean    | 0.0047     |
|    insert_tilt_deg_mean | 17.4       |
|    success_rate         | 0          |
| rollout/                |            |
|    ep_len_mean          | 164        |
|    ep_rew_mean          | -61.8      |
| time/                   |            |
|    fps                  | 1034       |
|    iterations           | 12         |
|    time_elapsed         | 83         |
|    total_timesteps      | 86016      |
| train/                  |            |
|    approx_kl            | 0.17470858 |
|    clip_fraction        | 0.515      |
|    clip_range           | 0.2        |
|    entropy_loss         | -17.5      |
|    explained_variance   | 0.863      |
|    learning_rate        | 0.0003     |
|    loss                 | 7.09       |
|    n_updates            | 13390      |
|    policy_gradient_loss | -0.0473    |
|    std                  | 3.35       |
|    value_loss           | 20.7       |
----------------------------------------
----------------------------------------
| manipularl/             |            |
|    collision_rate       | 0.77       |
|    grasp_curriculum     | 0.442      |
|    grasp_failure_rate   | 0.562      |
|    insert_depth_mean    | 0.00248    |
|    insert_tilt_deg_mean | 21         |
|    success_rate         | 0          |
| rollout/                |            |
|    ep_len_mean          | 146        |
|    ep_rew_mean          | -57.6      |
| time/                   |            |
|    fps                  | 1042       |
|    iterations           | 13         |
|    time_elapsed         | 89         |
|    total_timesteps      | 93184      |
| train/                  |            |
|    approx_kl            | 0.10801624 |
|    clip_fraction        | 0.477      |
|    clip_range           | 0.2        |
|    entropy_loss         | -17.6      |
|    explained_variance   | 0.883      |
|    learning_rate        | 0.0003     |
|    loss                 | 6.21       |
|    n_updates            | 13400      |
|    policy_gradient_loss | -0.0581    |
|    std                  | 3.35       |
|    value_loss           | 20.4       |
----------------------------------------
-----------------------------------------
| manipularl/             |             |
|    collision_rate       | 0.7         |
|    grasp_curriculum     | 0.437       |
|    grasp_failure_rate   | 0.545       |
|    insert_depth_mean    | 0.00193     |
|    insert_tilt_deg_mean | 22          |
|    success_rate         | 0           |
| rollout/                |             |
|    ep_len_mean          | 181         |
|    ep_rew_mean          | -70.1       |
| time/                   |             |
|    fps                  | 1043        |
|    iterations           | 14          |
|    time_elapsed         | 96          |
|    total_timesteps      | 100352      |
| train/                  |             |
|    approx_kl            | 0.122061625 |
|    clip_fraction        | 0.44        |
|    clip_range           | 0.2         |
|    entropy_loss         | -17.6       |
|    explained_variance   | 0.884       |
|    learning_rate        | 0.0003      |
|    loss                 | 5.12        |
|    n_updates            | 13410       |
|    policy_gradient_loss | -0.0638     |
|    std                  | 3.36        |
|    value_loss           | 17.7        |
-----------------------------------------
----------------------------------------
| manipularl/             |            |
|    collision_rate       | 0.69       |
|    grasp_curriculum     | 0.433      |
|    grasp_failure_rate   | 0.529      |
|    insert_depth_mean    | 0.00076    |
|    insert_tilt_deg_mean | 26         |
|    success_rate         | 0          |
| rollout/                |            |
|    ep_len_mean          | 187        |
|    ep_rew_mean          | -70.1      |
| time/                   |            |
|    fps                  | 1048       |
|    iterations           | 15         |
|    time_elapsed         | 102        |
|    total_timesteps      | 107520     |
| train/                  |            |
|    approx_kl            | 0.16540158 |
|    clip_fraction        | 0.482      |
|    clip_range           | 0.2        |
|    entropy_loss         | -17.6      |
|    explained_variance   | 0.893      |
|    learning_rate        | 0.0003     |
|    loss                 | 5.27       |
|    n_updates            | 13420      |
|    policy_gradient_loss | -0.0617    |
|    std                  | 3.37       |
|    value_loss           | 18.6       |
----------------------------------------
---------------------------------------
| manipularl/             |           |
|    collision_rate       | 0.67      |
|    grasp_curriculum     | 0.428     |
|    grasp_failure_rate   | 0.5       |
|    insert_depth_mean    | 0.00026   |
|    insert_tilt_deg_mean | 23.2      |
|    success_rate         | 0         |
| rollout/                |           |
|    ep_len_mean          | 192       |
|    ep_rew_mean          | -67       |
| time/                   |           |
|    fps                  | 1054      |
|    iterations           | 16        |
|    time_elapsed         | 108       |
|    total_timesteps      | 114688    |
| train/                  |           |
|    approx_kl            | 0.1287277 |
|    clip_fraction        | 0.46      |
|    clip_range           | 0.2       |
|    entropy_loss         | -17.6     |
|    explained_variance   | 0.92      |
|    learning_rate        | 0.0003    |
|    loss                 | 4.95      |
|    n_updates            | 13430     |
|    policy_gradient_loss | -0.0679   |
|    std                  | 3.38      |
|    value_loss           | 14.9      |
---------------------------------------
----------------------------------------
| manipularl/             |            |
|    collision_rate       | 0.72       |
|    grasp_curriculum     | 0.424      |
|    grasp_failure_rate   | 0.496      |
|    insert_depth_mean    | 0.000129   |
|    insert_tilt_deg_mean | 20.9       |
|    success_rate         | 0          |
| rollout/                |            |
|    ep_len_mean          | 177        |
|    ep_rew_mean          | -58.9      |
| time/                   |            |
|    fps                  | 1061       |
|    iterations           | 17         |
|    time_elapsed         | 114        |
|    total_timesteps      | 121856     |
| train/                  |            |
|    approx_kl            | 0.10421575 |
|    clip_fraction        | 0.427      |
|    clip_range           | 0.2        |
|    entropy_loss         | -17.6      |
|    explained_variance   | 0.876      |
|    learning_rate        | 0.0003     |
|    loss                 | 5.38       |
|    n_updates            | 13440      |
|    policy_gradient_loss | -0.0664    |
|    std                  | 3.4        |
|    value_loss           | 20.5       |
----------------------------------------
-----------------------------------------
| manipularl/             |             |
|    collision_rate       | 0.76        |
|    grasp_curriculum     | 0.419       |
|    grasp_failure_rate   | 0.515       |
|    insert_depth_mean    | 5.19e-05    |
|    insert_tilt_deg_mean | 16.6        |
|    success_rate         | 0           |
| rollout/                |             |
|    ep_len_mean          | 162         |
|    ep_rew_mean          | -51.3       |
| time/                   |             |
|    fps                  | 1066        |
|    iterations           | 18          |
|    time_elapsed         | 121         |
|    total_timesteps      | 129024      |
| train/                  |             |
|    approx_kl            | 0.124124646 |
|    clip_fraction        | 0.469       |
|    clip_range           | 0.2         |
|    entropy_loss         | -17.6       |
|    explained_variance   | 0.872       |
|    learning_rate        | 0.0003      |
|    loss                 | 4.76        |
|    n_updates            | 13450       |
|    policy_gradient_loss | -0.0701     |
|    std                  | 3.4         |
|    value_loss           | 15.3        |
-----------------------------------------
----------------------------------------
| manipularl/             |            |
|    collision_rate       | 0.76       |
|    grasp_curriculum     | 0.415      |
|    grasp_failure_rate   | 0.521      |
|    insert_depth_mean    | 5.75e-05   |
|    insert_tilt_deg_mean | 19.8       |
|    success_rate         | 0          |
| rollout/                |            |
|    ep_len_mean          | 152        |
|    ep_rew_mean          | -52.1      |
| time/                   |            |
|    fps                  | 1069       |
|    iterations           | 19         |
|    time_elapsed         | 127        |
|    total_timesteps      | 136192     |
| train/                  |            |
|    approx_kl            | 0.10402091 |
|    clip_fraction        | 0.455      |
|    clip_range           | 0.2        |
|    entropy_loss         | -17.6      |
|    explained_variance   | 0.813      |
|    learning_rate        | 0.0003     |
|    loss                 | 6.41       |
|    n_updates            | 13460      |
|    policy_gradient_loss | -0.0542    |
|    std                  | 3.41       |
|    value_loss           | 22.7       |
----------------------------------------
----------------------------------------
| manipularl/             |            |
|    collision_rate       | 0.75       |
|    grasp_curriculum     | 0.41       |
|    grasp_failure_rate   | 0.543      |
|    insert_depth_mean    | 5.56e-06   |
|    insert_tilt_deg_mean | 21.2       |
|    success_rate         | 0          |
| rollout/                |            |
|    ep_len_mean          | 154        |
|    ep_rew_mean          | -47.2      |
| time/                   |            |
|    fps                  | 1072       |
|    iterations           | 20         |
|    time_elapsed         | 133        |
|    total_timesteps      | 143360     |
| train/                  |            |
|    approx_kl            | 0.14746273 |
|    clip_fraction        | 0.492      |
|    clip_range           | 0.2        |
|    entropy_loss         | -17.6      |
|    explained_variance   | 0.885      |
|    learning_rate        | 0.0003     |
|    loss                 | 3.79       |
|    n_updates            | 13470      |
|    policy_gradient_loss | -0.0706    |
|    std                  | 3.43       |
|    value_loss           | 14.7       |
----------------------------------------
-----------------------------------------
| manipularl/             |             |
|    collision_rate       | 0.74        |
|    grasp_curriculum     | 0.406       |
|    grasp_failure_rate   | 0.543       |
|    insert_depth_mean    | 0.000166    |
|    insert_tilt_deg_mean | 19.7        |
|    success_rate         | 0           |
| rollout/                |             |
|    ep_len_mean          | 160         |
|    ep_rew_mean          | -50.4       |
| time/                   |             |
|    fps                  | 1077        |
|    iterations           | 21          |
|    time_elapsed         | 139         |
|    total_timesteps      | 150528      |
| train/                  |             |
|    approx_kl            | 0.122336596 |
|    clip_fraction        | 0.48        |
|    clip_range           | 0.2         |
|    entropy_loss         | -17.7       |
|    explained_variance   | 0.865       |
|    learning_rate        | 0.0003      |
|    loss                 | 5.05        |
|    n_updates            | 13480       |
|    policy_gradient_loss | -0.0615     |
|    std                  | 3.44        |
|    value_loss           | 16.2        |
-----------------------------------------
----------------------------------------
| manipularl/             |            |
|    collision_rate       | 0.72       |
|    grasp_curriculum     | 0.401      |
|    grasp_failure_rate   | 0.507      |
|    insert_depth_mean    | 0.000213   |
|    insert_tilt_deg_mean | 20.2       |
|    success_rate         | 0          |
| rollout/                |            |
|    ep_len_mean          | 170        |
|    ep_rew_mean          | -58        |
| time/                   |            |
|    fps                  | 1080       |
|    iterations           | 22         |
|    time_elapsed         | 145        |
|    total_timesteps      | 157696     |
| train/                  |            |
|    approx_kl            | 0.10228033 |
|    clip_fraction        | 0.439      |
|    clip_range           | 0.2        |
|    entropy_loss         | -17.7      |
|    explained_variance   | 0.867      |
|    learning_rate        | 0.0003     |
|    loss                 | 6.06       |
|    n_updates            | 13490      |
|    policy_gradient_loss | -0.0655    |
|    std                  | 3.45       |
|    value_loss           | 17.4       |
----------------------------------------
----------------------------------------
| manipularl/             |            |
|    collision_rate       | 0.75       |
|    grasp_curriculum     | 0.397      |
|    grasp_failure_rate   | 0.516      |
|    insert_depth_mean    | 0.000328   |
|    insert_tilt_deg_mean | 21.3       |
|    success_rate         | 0          |
| rollout/                |            |
|    ep_len_mean          | 166        |
|    ep_rew_mean          | -52.5      |
| time/                   |            |
|    fps                  | 1083       |
|    iterations           | 23         |
|    time_elapsed         | 152        |
|    total_timesteps      | 164864     |
| train/                  |            |
|    approx_kl            | 0.13044137 |
|    clip_fraction        | 0.467      |
|    clip_range           | 0.2        |
|    entropy_loss         | -17.7      |
|    explained_variance   | 0.869      |
|    learning_rate        | 0.0003     |
|    loss                 | 5.29       |
|    n_updates            | 13500      |
|    policy_gradient_loss | -0.0768    |
|    std                  | 3.46       |
|    value_loss           | 17.2       |
----------------------------------------
----------------------------------------
| manipularl/             |            |
|    collision_rate       | 0.72       |
|    grasp_curriculum     | 0.392      |
|    grasp_failure_rate   | 0.574      |
|    insert_depth_mean    | 0.000156   |
|    insert_tilt_deg_mean | 17.1       |
|    success_rate         | 0          |
| rollout/                |            |
|    ep_len_mean          | 186        |
|    ep_rew_mean          | -56.2      |
| time/                   |            |
|    fps                  | 1089       |
|    iterations           | 24         |
|    time_elapsed         | 157        |
|    total_timesteps      | 172032     |
| train/                  |            |
|    approx_kl            | 0.10858849 |
|    clip_fraction        | 0.44       |
|    clip_range           | 0.2        |
|    entropy_loss         | -17.7      |
|    explained_variance   | 0.858      |
|    learning_rate        | 0.0003     |
|    loss                 | 5.39       |
|    n_updates            | 13510      |
|    policy_gradient_loss | -0.072     |
|    std                  | 3.47       |
|    value_loss           | 17.1       |
----------------------------------------
----------------------------------------
| manipularl/             |            |
|    collision_rate       | 0.71       |
|    grasp_curriculum     | 0.388      |
|    grasp_failure_rate   | 0.62       |
|    insert_depth_mean    | 0.000254   |
|    insert_tilt_deg_mean | 15.4       |
|    success_rate         | 0          |
| rollout/                |            |
|    ep_len_mean          | 187        |
|    ep_rew_mean          | -58.3      |
| time/                   |            |
|    fps                  | 1090       |
|    iterations           | 25         |
|    time_elapsed         | 164        |
|    total_timesteps      | 179200     |
| train/                  |            |
|    approx_kl            | 0.13380924 |
|    clip_fraction        | 0.474      |
|    clip_range           | 0.2        |
|    entropy_loss         | -17.7      |
|    explained_variance   | 0.848      |
|    learning_rate        | 0.0003     |
|    loss                 | 4.16       |
|    n_updates            | 13520      |
|    policy_gradient_loss | -0.0691    |
|    std                  | 3.49       |
|    value_loss           | 16.6       |
----------------------------------------
----------------------------------------
| manipularl/             |            |
|    collision_rate       | 0.73       |
|    grasp_curriculum     | 0.384      |
|    grasp_failure_rate   | 0.638      |
|    insert_depth_mean    | 0.000147   |
|    insert_tilt_deg_mean | 17.5       |
|    success_rate         | 0          |
| rollout/                |            |
|    ep_len_mean          | 185        |
|    ep_rew_mean          | -54.7      |
| time/                   |            |
|    fps                  | 1095       |
|    iterations           | 26         |
|    time_elapsed         | 170        |
|    total_timesteps      | 186368     |
| train/                  |            |
|    approx_kl            | 0.10956215 |
|    clip_fraction        | 0.451      |
|    clip_range           | 0.2        |
|    entropy_loss         | -17.7      |
|    explained_variance   | 0.866      |
|    learning_rate        | 0.0003     |
|    loss                 | 4.64       |
|    n_updates            | 13530      |
|    policy_gradient_loss | -0.069     |
|    std                  | 3.5        |
|    value_loss           | 17.7       |
----------------------------------------
----------------------------------------
| manipularl/             |            |
|    collision_rate       | 0.73       |
|    grasp_curriculum     | 0.379      |
|    grasp_failure_rate   | 0.652      |
|    insert_depth_mean    | 8.3e-05    |
|    insert_tilt_deg_mean | 17.7       |
|    success_rate         | 0          |
| rollout/                |            |
|    ep_len_mean          | 173        |
|    ep_rew_mean          | -51.5      |
| time/                   |            |
|    fps                  | 1098       |
|    iterations           | 27         |
|    time_elapsed         | 176        |
|    total_timesteps      | 193536     |
| train/                  |            |
|    approx_kl            | 0.13231498 |
|    clip_fraction        | 0.45       |
|    clip_range           | 0.2        |
|    entropy_loss         | -17.7      |
|    explained_variance   | 0.857      |
|    learning_rate        | 0.0003     |
|    loss                 | 4.44       |
|    n_updates            | 13540      |
|    policy_gradient_loss | -0.0718    |
|    std                  | 3.51       |
|    value_loss           | 14.8       |
----------------------------------------
Eval num_timesteps=199990, episode_reward=-58.30 +/- 64.16
Episode length: 269.20 +/- 158.93
----------------------------------------
| eval/                   |            |
|    mean_ep_length       | 269        |
|    mean_reward          | -58.3      |
| manipularl/             |            |
|    collision_rate       | 0.67       |
|    grasp_curriculum     | 0.375      |
|    grasp_failure_rate   | 0.654      |
|    insert_depth_mean    | 4.5e-05    |
|    insert_tilt_deg_mean | 16.6       |
|    success_rate         | 0          |
| time/                   |            |
|    total_timesteps      | 199990     |
| train/                  |            |
|    approx_kl            | 0.11752674 |
|    clip_fraction        | 0.448      |
|    clip_range           | 0.2        |
|    entropy_loss         | -17.8      |
|    explained_variance   | 0.861      |
|    learning_rate        | 0.0003     |
|    loss                 | 3.68       |
|    n_updates            | 13550      |
|    policy_gradient_loss | -0.0651    |
|    std                  | 3.54       |
|    value_loss           | 12.5       |
----------------------------------------
New best mean reward!
--------------------------------------
| manipularl/             |          |
|    collision_rate       | 0.64     |
|    grasp_curriculum     | 0.375    |
|    grasp_failure_rate   | 0.672    |
|    insert_depth_mean    | 4.5e-05  |
|    insert_tilt_deg_mean | 16       |
|    success_rate         | 0        |
| rollout/                |          |
|    ep_len_mean          | 203      |
|    ep_rew_mean          | -60.1    |
| time/                   |          |
|    fps                  | 1013     |
|    iterations           | 28       |
|    time_elapsed         | 198      |
|    total_timesteps      | 200704   |
--------------------------------------
----------------------------------------
| manipularl/             |            |
|    collision_rate       | 0.63       |
|    grasp_curriculum     | 0.37       |
|    grasp_failure_rate   | 0.671      |
|    insert_depth_mean    | 3.66e-06   |
|    insert_tilt_deg_mean | 18.7       |
|    success_rate         | 0          |
| rollout/                |            |
|    ep_len_mean          | 191        |
|    ep_rew_mean          | -61.9      |
| time/                   |            |
|    fps                  | 1015       |
|    iterations           | 29         |
|    time_elapsed         | 204        |
|    total_timesteps      | 207872     |
| train/                  |            |
|    approx_kl            | 0.11299834 |
|    clip_fraction        | 0.445      |
|    clip_range           | 0.2        |
|    entropy_loss         | -17.8      |
|    explained_variance   | 0.901      |
|    learning_rate        | 0.0003     |
|    loss                 | 2.47       |
|    n_updates            | 13560      |
|    policy_gradient_loss | -0.0632    |
|    std                  | 3.55       |
|    value_loss           | 10         |
----------------------------------------
----------------------------------------
| manipularl/             |            |
|    collision_rate       | 0.7        |
|    grasp_curriculum     | 0.366      |
|    grasp_failure_rate   | 0.668      |
|    insert_depth_mean    | 3.66e-06   |
|    insert_tilt_deg_mean | 17.2       |
|    success_rate         | 0          |
| rollout/                |            |
|    ep_len_mean          | 172        |
|    ep_rew_mean          | -55.5      |
| time/                   |            |
|    fps                  | 1019       |
|    iterations           | 30         |
|    time_elapsed         | 210        |
|    total_timesteps      | 215040     |
| train/                  |            |
|    approx_kl            | 0.13119763 |
|    clip_fraction        | 0.505      |
|    clip_range           | 0.2        |
|    entropy_loss         | -17.8      |
|    explained_variance   | 0.908      |
|    learning_rate        | 0.0003     |
|    loss                 | 3.48       |
|    n_updates            | 13570      |
|    policy_gradient_loss | -0.0592    |
|    std                  | 3.57       |
|    value_loss           | 11.5       |
----------------------------------------
----------------------------------------
| manipularl/             |            |
|    collision_rate       | 0.71       |
|    grasp_curriculum     | 0.361      |
|    grasp_failure_rate   | 0.672      |
|    insert_depth_mean    | 1.17e-05   |
|    insert_tilt_deg_mean | 17.4       |
|    success_rate         | 0          |
| rollout/                |            |
|    ep_len_mean          | 172        |
|    ep_rew_mean          | -50.7      |
| time/                   |            |
|    fps                  | 1024       |
|    iterations           | 31         |
|    time_elapsed         | 216        |
|    total_timesteps      | 222208     |
| train/                  |            |
|    approx_kl            | 0.13532543 |
|    clip_fraction        | 0.474      |
|    clip_range           | 0.2        |
|    entropy_loss         | -17.8      |
|    explained_variance   | 0.888      |
|    learning_rate        | 0.0003     |
|    loss                 | 3.68       |
|    n_updates            | 13580      |
|    policy_gradient_loss | -0.0698    |
|    std                  | 3.58       |
|    value_loss           | 15.1       |
----------------------------------------
-----------------------------------------
| manipularl/             |             |
|    collision_rate       | 0.65        |
|    grasp_curriculum     | 0.357       |
|    grasp_failure_rate   | 0.664       |
|    insert_depth_mean    | 7.81e-05    |
|    insert_tilt_deg_mean | 12.9        |
|    success_rate         | 0           |
| rollout/                |             |
|    ep_len_mean          | 202         |
|    ep_rew_mean          | -61.7       |
| time/                   |             |
|    fps                  | 1031        |
|    iterations           | 32          |
|    time_elapsed         | 222         |
|    total_timesteps      | 229376      |
| train/                  |             |
|    approx_kl            | 0.112437636 |
|    clip_fraction        | 0.445       |
|    clip_range           | 0.2         |
|    entropy_loss         | -17.8       |
|    explained_variance   | 0.896       |
|    learning_rate        | 0.0003      |
|    loss                 | 5.05        |
|    n_updates            | 13590       |
|    policy_gradient_loss | -0.069      |
|    std                  | 3.6         |
|    value_loss           | 16.2        |
-----------------------------------------
-----------------------------------------
| manipularl/             |             |
|    collision_rate       | 0.64        |
|    grasp_curriculum     | 0.352       |
|    grasp_failure_rate   | 0.64        |
|    insert_depth_mean    | 0.00019     |
|    insert_tilt_deg_mean | 12.6        |
|    success_rate         | 0           |
| rollout/                |             |
|    ep_len_mean          | 216         |
|    ep_rew_mean          | -62.1       |
| time/                   |             |
|    fps                  | 1037        |
|    iterations           | 33          |
|    time_elapsed         | 227         |
|    total_timesteps      | 236544      |
| train/                  |             |
|    approx_kl            | 0.119550176 |
|    clip_fraction        | 0.461       |
|    clip_range           | 0.2         |
|    entropy_loss         | -17.9       |
|    explained_variance   | 0.903       |
|    learning_rate        | 0.0003      |
|    loss                 | 4.84        |
|    n_updates            | 13600       |
|    policy_gradient_loss | -0.0651     |
|    std                  | 3.61        |
|    value_loss           | 15.9        |
-----------------------------------------
----------------------------------------
| manipularl/             |            |
|    collision_rate       | 0.54       |
|    grasp_curriculum     | 0.348      |
|    grasp_failure_rate   | 0.58       |
|    insert_depth_mean    | 0.00019    |
|    insert_tilt_deg_mean | 13.3       |
|    success_rate         | 0          |
| rollout/                |            |
|    ep_len_mean          | 234        |
|    ep_rew_mean          | -62.8      |
| time/                   |            |
|    fps                  | 1043       |
|    iterations           | 34         |
|    time_elapsed         | 233        |
|    total_timesteps      | 243712     |
| train/                  |            |
|    approx_kl            | 0.12269242 |
|    clip_fraction        | 0.453      |
|    clip_range           | 0.2        |
|    entropy_loss         | -17.9      |
|    explained_variance   | 0.887      |
|    learning_rate        | 0.0003     |
|    loss                 | 3.09       |
|    n_updates            | 13610      |
|    policy_gradient_loss | -0.0685    |
|    std                  | 3.62       |
|    value_loss           | 14         |
----------------------------------------
-----------------------------------------
| manipularl/             |             |
|    collision_rate       | 0.59        |
|    grasp_curriculum     | 0.343       |
|    grasp_failure_rate   | 0.538       |
|    insert_depth_mean    | 0.000111    |
|    insert_tilt_deg_mean | 15.5        |
|    success_rate         | 0           |
| rollout/                |             |
|    ep_len_mean          | 227         |
|    ep_rew_mean          | -60.3       |
| time/                   |             |
|    fps                  | 1048        |
|    iterations           | 35          |
|    time_elapsed         | 239         |
|    total_timesteps      | 250880      |
| train/                  |             |
|    approx_kl            | 0.120542325 |
|    clip_fraction        | 0.444       |
|    clip_range           | 0.2         |
|    entropy_loss         | -17.9       |
|    explained_variance   | 0.909       |
|    learning_rate        | 0.0003      |
|    loss                 | 4.1         |
|    n_updates            | 13620       |
|    policy_gradient_loss | -0.0642     |
|    std                  | 3.63        |
|    value_loss           | 11.7        |
-----------------------------------------
----------------------------------------
| manipularl/             |            |
|    collision_rate       | 0.56       |
|    grasp_curriculum     | 0.339      |
|    grasp_failure_rate   | 0.511      |
|    insert_depth_mean    | 2.95e-05   |
|    insert_tilt_deg_mean | 17.3       |
|    success_rate         | 0          |
| rollout/                |            |
|    ep_len_mean          | 229        |
|    ep_rew_mean          | -61        |
| time/                   |            |
|    fps                  | 1051       |
|    iterations           | 36         |
|    time_elapsed         | 245        |
|    total_timesteps      | 258048     |
| train/                  |            |
|    approx_kl            | 0.10839031 |
|    clip_fraction        | 0.459      |
|    clip_range           | 0.2        |
|    entropy_loss         | -17.9      |
|    explained_variance   | 0.896      |
|    learning_rate        | 0.0003     |
|    loss                 | 3.55       |
|    n_updates            | 13630      |
|    policy_gradient_loss | -0.0673    |
|    std                  | 3.64       |
|    value_loss           | 12.4       |
----------------------------------------
----------------------------------------
| manipularl/             |            |
|    collision_rate       | 0.66       |
|    grasp_curriculum     | 0.334      |
|    grasp_failure_rate   | 0.556      |
|    insert_depth_mean    | 0.000148   |
|    insert_tilt_deg_mean | 14.7       |
|    success_rate         | 0          |
| rollout/                |            |
|    ep_len_mean          | 193        |
|    ep_rew_mean          | -52.3      |
| time/                   |            |
|    fps                  | 1055       |
|    iterations           | 37         |
|    time_elapsed         | 251        |
|    total_timesteps      | 265216     |
| train/                  |            |
|    approx_kl            | 0.11996171 |
|    clip_fraction        | 0.469      |
|    clip_range           | 0.2        |
|    entropy_loss         | -17.9      |
|    explained_variance   | 0.881      |
|    learning_rate        | 0.0003     |
|    loss                 | 3.26       |
|    n_updates            | 13640      |
|    policy_gradient_loss | -0.0708    |
|    std                  | 3.66       |
|    value_loss           | 12.5       |
----------------------------------------
----------------------------------------
| manipularl/             |            |
|    collision_rate       | 0.69       |
|    grasp_curriculum     | 0.33       |
|    grasp_failure_rate   | 0.612      |
|    insert_depth_mean    | 0.0002     |
|    insert_tilt_deg_mean | 12.3       |
|    success_rate         | 0          |
| rollout/                |            |
|    ep_len_mean          | 169        |
|    ep_rew_mean          | -45.8      |
| time/                   |            |
|    fps                  | 1058       |
|    iterations           | 38         |
|    time_elapsed         | 257        |
|    total_timesteps      | 272384     |
| train/                  |            |
|    approx_kl            | 0.10661523 |
|    clip_fraction        | 0.434      |
|    clip_range           | 0.2        |
|    entropy_loss         | -18        |
|    explained_variance   | 0.886      |
|    learning_rate        | 0.0003     |
|    loss                 | 3.43       |
|    n_updates            | 13650      |
|    policy_gradient_loss | -0.0639    |
|    std                  | 3.66       |
|    value_loss           | 13.6       |
----------------------------------------
----------------------------------------
| manipularl/             |            |
|    collision_rate       | 0.66       |
|    grasp_curriculum     | 0.325      |
|    grasp_failure_rate   | 0.582      |
|    insert_depth_mean    | 0.000577   |
|    insert_tilt_deg_mean | 14.1       |
|    success_rate         | 0          |
| rollout/                |            |
|    ep_len_mean          | 186        |
|    ep_rew_mean          | -62        |
| time/                   |            |
|    fps                  | 1060       |
|    iterations           | 39         |
|    time_elapsed         | 263        |
|    total_timesteps      | 279552     |
| train/                  |            |
|    approx_kl            | 0.12418572 |
|    clip_fraction        | 0.485      |
|    clip_range           | 0.2        |
|    entropy_loss         | -18        |
|    explained_variance   | 0.896      |
|    learning_rate        | 0.0003     |
|    loss                 | 2.78       |
|    n_updates            | 13660      |
|    policy_gradient_loss | -0.057     |
|    std                  | 3.69       |
|    value_loss           | 10.8       |
----------------------------------------
----------------------------------------
| manipularl/             |            |
|    collision_rate       | 0.62       |
|    grasp_curriculum     | 0.321      |
|    grasp_failure_rate   | 0.585      |
|    insert_depth_mean    | 0.000521   |
|    insert_tilt_deg_mean | 17.2       |
|    success_rate         | 0          |
| rollout/                |            |
|    ep_len_mean          | 197        |
|    ep_rew_mean          | -60        |
| time/                   |            |
|    fps                  | 1062       |
|    iterations           | 40         |
|    time_elapsed         | 269        |
|    total_timesteps      | 286720     |
| train/                  |            |
|    approx_kl            | 0.12776911 |
|    clip_fraction        | 0.483      |
|    clip_range           | 0.2        |
|    entropy_loss         | -18        |
|    explained_variance   | 0.876      |
|    learning_rate        | 0.0003     |
|    loss                 | 3.92       |
|    n_updates            | 13670      |
|    policy_gradient_loss | -0.0663    |
|    std                  | 3.7        |
|    value_loss           | 13.9       |
----------------------------------------
----------------------------------------
| manipularl/             |            |
|    collision_rate       | 0.67       |
|    grasp_curriculum     | 0.316      |
|    grasp_failure_rate   | 0.614      |
|    insert_depth_mean    | 8.73e-05   |
|    insert_tilt_deg_mean | 18.3       |
|    success_rate         | 0          |
| rollout/                |            |
|    ep_len_mean          | 173        |
|    ep_rew_mean          | -46.4      |
| time/                   |            |
|    fps                  | 1066       |
|    iterations           | 41         |
|    time_elapsed         | 275        |
|    total_timesteps      | 293888     |
| train/                  |            |
|    approx_kl            | 0.13542598 |
|    clip_fraction        | 0.465      |
|    clip_range           | 0.2        |
|    entropy_loss         | -18        |
|    explained_variance   | 0.905      |
|    learning_rate        | 0.0003     |
|    loss                 | 3.02       |
|    n_updates            | 13680      |
|    policy_gradient_loss | -0.0664    |
|    std                  | 3.72       |
|    value_loss           | 11.1       |
----------------------------------------
-----------------------------------------
| manipularl/             |             |
|    collision_rate       | 0.71        |
|    grasp_curriculum     | 0.312       |
|    grasp_failure_rate   | 0.665       |
|    insert_depth_mean    | 6.16e-05    |
|    insert_tilt_deg_mean | 15.7        |
|    success_rate         | 0           |
| rollout/                |             |
|    ep_len_mean          | 162         |
|    ep_rew_mean          | -37.3       |
| time/                   |             |
|    fps                  | 1067        |
|    iterations           | 42          |
|    time_elapsed         | 281         |
|    total_timesteps      | 301056      |
| train/                  |             |
|    approx_kl            | 0.115952775 |
|    clip_fraction        | 0.442       |
|    clip_range           | 0.2         |
|    entropy_loss         | -18.1       |
|    explained_variance   | 0.808       |
|    learning_rate        | 0.0003      |
|    loss                 | 2.85        |
|    n_updates            | 13690       |
|    policy_gradient_loss | -0.0635     |
|    std                  | 3.73        |
|    value_loss           | 13.2        |
-----------------------------------------
-----------------------------------------
| manipularl/             |             |
|    collision_rate       | 0.73        |
|    grasp_curriculum     | 0.307       |
|    grasp_failure_rate   | 0.671       |
|    insert_depth_mean    | 5.5e-05     |
|    insert_tilt_deg_mean | 15.8        |
|    success_rate         | 0           |
| rollout/                |             |
|    ep_len_mean          | 148         |
|    ep_rew_mean          | -36.1       |
| time/                   |             |
|    fps                  | 1069        |
|    iterations           | 43          |
|    time_elapsed         | 288         |
|    total_timesteps      | 308224      |
| train/                  |             |
|    approx_kl            | 0.103472814 |
|    clip_fraction        | 0.461       |
|    clip_range           | 0.2         |
|    entropy_loss         | -18.1       |
|    explained_variance   | 0.861       |
|    learning_rate        | 0.0003      |
|    loss                 | 2.48        |
|    n_updates            | 13700       |
|    policy_gradient_loss | -0.0706     |
|    std                  | 3.75        |
|    value_loss           | 11.4        |
-----------------------------------------
----------------------------------------
| manipularl/             |            |
|    collision_rate       | 0.74       |
|    grasp_curriculum     | 0.303      |
|    grasp_failure_rate   | 0.58       |
|    insert_depth_mean    | 4.17e-05   |
|    insert_tilt_deg_mean | 17         |
|    success_rate         | 0          |
| rollout/                |            |
|    ep_len_mean          | 143        |
|    ep_rew_mean          | -36.7      |
| time/                   |            |
|    fps                  | 1071       |
|    iterations           | 44         |
|    time_elapsed         | 294        |
|    total_timesteps      | 315392     |
| train/                  |            |
|    approx_kl            | 0.12952083 |
|    clip_fraction        | 0.482      |
|    clip_range           | 0.2        |
|    entropy_loss         | -18.1      |
|    explained_variance   | 0.892      |
|    learning_rate        | 0.0003     |
|    loss                 | 2.95       |
|    n_updates            | 13710      |
|    policy_gradient_loss | -0.069     |
|    std                  | 3.76       |
|    value_loss           | 11         |
----------------------------------------
----------------------------------------
| manipularl/             |            |
|    collision_rate       | 0.7        |
|    grasp_curriculum     | 0.298      |
|    grasp_failure_rate   | 0.578      |
|    insert_depth_mean    | 0.00018    |
|    insert_tilt_deg_mean | 15.4       |
|    success_rate         | 0          |
| rollout/                |            |
|    ep_len_mean          | 166        |
|    ep_rew_mean          | -45.7      |
| time/                   |            |
|    fps                  | 1072       |
|    iterations           | 45         |
|    time_elapsed         | 300        |
|    total_timesteps      | 322560     |
| train/                  |            |
|    approx_kl            | 0.11451979 |
|    clip_fraction        | 0.472      |
|    clip_range           | 0.2        |
|    entropy_loss         | -18.1      |
|    explained_variance   | 0.873      |
|    learning_rate        | 0.0003     |
|    loss                 | 3.77       |
|    n_updates            | 13720      |
|    policy_gradient_loss | -0.0703    |
|    std                  | 3.77       |
|    value_loss           | 12.4       |
----------------------------------------
----------------------------------------
| manipularl/             |            |
|    collision_rate       | 0.69       |
|    grasp_curriculum     | 0.294      |
|    grasp_failure_rate   | 0.526      |
|    insert_depth_mean    | 0.00034    |
|    insert_tilt_deg_mean | 16.3       |
|    success_rate         | 0          |
| rollout/                |            |
|    ep_len_mean          | 179        |
|    ep_rew_mean          | -53.8      |
| time/                   |            |
|    fps                  | 1075       |
|    iterations           | 46         |
|    time_elapsed         | 306        |
|    total_timesteps      | 329728     |
| train/                  |            |
|    approx_kl            | 0.11905223 |
|    clip_fraction        | 0.459      |
|    clip_range           | 0.2        |
|    entropy_loss         | -18.1      |
|    explained_variance   | 0.876      |
|    learning_rate        | 0.0003     |
|    loss                 | 3.09       |
|    n_updates            | 13730      |
|    policy_gradient_loss | -0.0749    |
|    std                  | 3.77       |
|    value_loss           | 10.3       |
----------------------------------------
----------------------------------------
| manipularl/             |            |
|    collision_rate       | 0.66       |
|    grasp_curriculum     | 0.289      |
|    grasp_failure_rate   | 0.501      |
|    insert_depth_mean    | 0.000476   |
|    insert_tilt_deg_mean | 9.88       |
|    success_rate         | 0          |
| rollout/                |            |
|    ep_len_mean          | 195        |
|    ep_rew_mean          | -59.9      |
| time/                   |            |
|    fps                  | 1078       |
|    iterations           | 47         |
|    time_elapsed         | 312        |
|    total_timesteps      | 336896     |
| train/                  |            |
|    approx_kl            | 0.13720344 |
|    clip_fraction        | 0.51       |
|    clip_range           | 0.2        |
|    entropy_loss         | -18.1      |
|    explained_variance   | 0.793      |
|    learning_rate        | 0.0003     |
|    loss                 | 3.78       |
|    n_updates            | 13740      |
|    policy_gradient_loss | -0.0654    |
|    std                  | 3.8        |
|    value_loss           | 11.5       |
----------------------------------------
----------------------------------------
| manipularl/             |            |
|    collision_rate       | 0.66       |
|    grasp_curriculum     | 0.285      |
|    grasp_failure_rate   | 0.554      |
|    insert_depth_mean    | 0.000334   |
|    insert_tilt_deg_mean | 8.35       |
|    success_rate         | 0          |
| rollout/                |            |
|    ep_len_mean          | 205        |
|    ep_rew_mean          | -52.7      |
| time/                   |            |
|    fps                  | 1081       |
|    iterations           | 48         |
|    time_elapsed         | 318        |
|    total_timesteps      | 344064     |
| train/                  |            |
|    approx_kl            | 0.11935181 |
|    clip_fraction        | 0.484      |
|    clip_range           | 0.2        |
|    entropy_loss         | -18.1      |
|    explained_variance   | 0.811      |
|    learning_rate        | 0.0003     |
|    loss                 | 3.35       |
|    n_updates            | 13750      |
|    policy_gradient_loss | -0.0728    |
|    std                  | 3.81       |
|    value_loss           | 12.5       |
----------------------------------------
----------------------------------------
| manipularl/             |            |
|    collision_rate       | 0.65       |
|    grasp_curriculum     | 0.28       |
|    grasp_failure_rate   | 0.575      |
|    insert_depth_mean    | 0.000269   |
|    insert_tilt_deg_mean | 11         |
|    success_rate         | 0          |
| rollout/                |            |
|    ep_len_mean          | 195        |
|    ep_rew_mean          | -49.9      |
| time/                   |            |
|    fps                  | 1082       |
|    iterations           | 49         |
|    time_elapsed         | 324        |
|    total_timesteps      | 351232     |
| train/                  |            |
|    approx_kl            | 0.13873734 |
|    clip_fraction        | 0.469      |
|    clip_range           | 0.2        |
|    entropy_loss         | -18.2      |
|    explained_variance   | 0.887      |
|    learning_rate        | 0.0003     |
|    loss                 | 3.05       |
|    n_updates            | 13760      |
|    policy_gradient_loss | -0.0622    |
|    std                  | 3.82       |
|    value_loss           | 10.9       |
----------------------------------------
----------------------------------------
| manipularl/             |            |
|    collision_rate       | 0.67       |
|    grasp_curriculum     | 0.276      |
|    grasp_failure_rate   | 0.59       |
|    insert_depth_mean    | 0.000151   |
|    insert_tilt_deg_mean | 13.4       |
|    success_rate         | 0          |
| rollout/                |            |
|    ep_len_mean          | 186        |
|    ep_rew_mean          | -50.2      |
| time/                   |            |
|    fps                  | 1084       |
|    iterations           | 50         |
|    time_elapsed         | 330        |
|    total_timesteps      | 358400     |
| train/                  |            |
|    approx_kl            | 0.09928906 |
|    clip_fraction        | 0.426      |
|    clip_range           | 0.2        |
|    entropy_loss         | -18.2      |
|    explained_variance   | 0.788      |
|    learning_rate        | 0.0003     |
|    loss                 | 4.53       |
|    n_updates            | 13770      |
|    policy_gradient_loss | -0.0635    |
|    std                  | 3.83       |
|    value_loss           | 13.4       |
----------------------------------------
---------------------------------------
| manipularl/             |           |
|    collision_rate       | 0.68      |
|    grasp_curriculum     | 0.272     |
|    grasp_failure_rate   | 0.551     |
|    insert_depth_mean    | 0.000192  |
|    insert_tilt_deg_mean | 15.8      |
|    success_rate         | 0         |
| rollout/                |           |
|    ep_len_mean          | 177       |
|    ep_rew_mean          | -52.8     |
| time/                   |           |
|    fps                  | 1085      |
|    iterations           | 51        |
|    time_elapsed         | 336       |
|    total_timesteps      | 365568    |
| train/                  |           |
|    approx_kl            | 0.0975158 |
|    clip_fraction        | 0.423     |
|    clip_range           | 0.2       |
|    entropy_loss         | -18.2     |
|    explained_variance   | 0.9       |
|    learning_rate        | 0.0003    |
|    loss                 | 3.41      |
|    n_updates            | 13780     |
|    policy_gradient_loss | -0.0633   |
|    std                  | 3.85      |
|    value_loss           | 12.1      |
---------------------------------------
----------------------------------------
| manipularl/             |            |
|    collision_rate       | 0.69       |
|    grasp_curriculum     | 0.267      |
|    grasp_failure_rate   | 0.545      |
|    insert_depth_mean    | 0.000192   |
|    insert_tilt_deg_mean | 14.6       |
|    success_rate         | 0          |
| rollout/                |            |
|    ep_len_mean          | 172        |
|    ep_rew_mean          | -47.7      |
| time/                   |            |
|    fps                  | 1087       |
|    iterations           | 52         |
|    time_elapsed         | 342        |
|    total_timesteps      | 372736     |
| train/                  |            |
|    approx_kl            | 0.10011183 |
|    clip_fraction        | 0.424      |
|    clip_range           | 0.2        |
|    entropy_loss         | -18.2      |
|    explained_variance   | 0.863      |
|    learning_rate        | 0.0003     |
|    loss                 | 3.47       |
|    n_updates            | 13790      |
|    policy_gradient_loss | -0.0692    |
|    std                  | 3.86       |
|    value_loss           | 12.2       |
----------------------------------------
----------------------------------------
| manipularl/             |            |
|    collision_rate       | 0.63       |
|    grasp_curriculum     | 0.263      |
|    grasp_failure_rate   | 0.535      |
|    insert_depth_mean    | 0.000253   |
|    insert_tilt_deg_mean | 14.4       |
|    success_rate         | 0          |
| rollout/                |            |
|    ep_len_mean          | 193        |
|    ep_rew_mean          | -50.2      |
| time/                   |            |
|    fps                  | 1089       |
|    iterations           | 53         |
|    time_elapsed         | 348        |
|    total_timesteps      | 379904     |
| train/                  |            |
|    approx_kl            | 0.09442221 |
|    clip_fraction        | 0.435      |
|    clip_range           | 0.2        |
|    entropy_loss         | -18.2      |
|    explained_variance   | 0.876      |
|    learning_rate        | 0.0003     |
|    loss                 | 4.02       |
|    n_updates            | 13800      |
|    policy_gradient_loss | -0.0685    |
|    std                  | 3.87       |
|    value_loss           | 13.3       |
----------------------------------------
-----------------------------------------
| manipularl/             |             |
|    collision_rate       | 0.56        |
|    grasp_curriculum     | 0.258       |
|    grasp_failure_rate   | 0.54        |
|    insert_depth_mean    | 0.000369    |
|    insert_tilt_deg_mean | 13.3        |
|    success_rate         | 0           |
| rollout/                |             |
|    ep_len_mean          | 220         |
|    ep_rew_mean          | -55.5       |
| time/                   |             |
|    fps                  | 1091        |
|    iterations           | 54          |
|    time_elapsed         | 354         |
|    total_timesteps      | 387072      |
| train/                  |             |
|    approx_kl            | 0.113543585 |
|    clip_fraction        | 0.442       |
|    clip_range           | 0.2         |
|    entropy_loss         | -18.3       |
|    explained_variance   | 0.926       |
|    learning_rate        | 0.0003      |
|    loss                 | 2.15        |
|    n_updates            | 13810       |
|    policy_gradient_loss | -0.0684     |
|    std                  | 3.9         |
|    value_loss           | 7.96        |
-----------------------------------------
----------------------------------------
| manipularl/             |            |
|    collision_rate       | 0.48       |
|    grasp_curriculum     | 0.254      |
|    grasp_failure_rate   | 0.538      |
|    insert_depth_mean    | 0.000462   |
|    insert_tilt_deg_mean | 11.2       |
|    success_rate         | 0          |
| rollout/                |            |
|    ep_len_mean          | 259        |
|    ep_rew_mean          | -63.1      |
| time/                   |            |
|    fps                  | 1092       |
|    iterations           | 55         |
|    time_elapsed         | 360        |
|    total_timesteps      | 394240     |
| train/                  |            |
|    approx_kl            | 0.13481179 |
|    clip_fraction        | 0.466      |
|    clip_range           | 0.2        |
|    entropy_loss         | -18.3      |
|    explained_variance   | 0.927      |
|    learning_rate        | 0.0003     |
|    loss                 | 2.68       |
|    n_updates            | 13820      |
|    policy_gradient_loss | -0.0737    |
|    std                  | 3.92       |
|    value_loss           | 8.19       |
----------------------------------------
Eval num_timesteps=399980, episode_reward=-53.27 +/- 45.98
Episode length: 197.20 +/- 151.95
----------------------------------------
| eval/                   |            |
|    mean_ep_length       | 197        |
|    mean_reward          | -53.3      |
| manipularl/             |            |
|    collision_rate       | 0.46       |
|    grasp_curriculum     | 0.25       |
|    grasp_failure_rate   | 0.528      |
|    insert_depth_mean    | 0.000465   |
|    insert_tilt_deg_mean | 12         |
|    success_rate         | 0          |
| time/                   |            |
|    total_timesteps      | 399980     |
| train/                  |            |
|    approx_kl            | 0.15854956 |
|    clip_fraction        | 0.492      |
|    clip_range           | 0.2        |
|    entropy_loss         | -18.3      |
|    explained_variance   | 0.916      |
|    learning_rate        | 0.0003     |
|    loss                 | 2.27       |
|    n_updates            | 13830      |
|    policy_gradient_loss | -0.0671    |
|    std                  | 3.94       |
|    value_loss           | 7.56       |
----------------------------------------
New best mean reward!
--------------------------------------
| manipularl/             |          |
|    collision_rate       | 0.46     |
|    grasp_curriculum     | 0.249    |
|    grasp_failure_rate   | 0.529    |
|    insert_depth_mean    | 0.000533 |
|    insert_tilt_deg_mean | 12.1     |
|    success_rate         | 0        |
| rollout/                |          |
|    ep_len_mean          | 271      |
|    ep_rew_mean          | -65.7    |
| time/                   |          |
|    fps                  | 1069     |
|    iterations           | 56       |
|    time_elapsed         | 375      |
|    total_timesteps      | 401408   |
--------------------------------------
----------------------------------------
| manipularl/             |            |
|    collision_rate       | 0.54       |
|    grasp_curriculum     | 0.245      |
|    grasp_failure_rate   | 0.535      |
|    insert_depth_mean    | 0.000616   |
|    insert_tilt_deg_mean | 10.3       |
|    success_rate         | 0          |
| rollout/                |            |
|    ep_len_mean          | 252        |
|    ep_rew_mean          | -61.3      |
| time/                   |            |
|    fps                  | 1071       |
|    iterations           | 57         |
|    time_elapsed         | 381        |
|    total_timesteps      | 408576     |
| train/                  |            |
|    approx_kl            | 0.15304919 |
|    clip_fraction        | 0.48       |
|    clip_range           | 0.2        |
|    entropy_loss         | -18.3      |
|    explained_variance   | 0.858      |
|    learning_rate        | 0.0003     |
|    loss                 | 2.79       |
|    n_updates            | 13840      |
|    policy_gradient_loss | -0.0703    |
|    std                  | 3.95       |
|    value_loss           | 9.29       |
----------------------------------------
----------------------------------------
| manipularl/             |            |
|    collision_rate       | 0.56       |
|    grasp_curriculum     | 0.24       |
|    grasp_failure_rate   | 0.514      |
|    insert_depth_mean    | 0.000605   |
|    insert_tilt_deg_mean | 11.2       |
|    success_rate         | 0          |
| rollout/                |            |
|    ep_len_mean          | 251        |
|    ep_rew_mean          | -63        |
| time/                   |            |
|    fps                  | 1072       |
|    iterations           | 58         |
|    time_elapsed         | 387        |
|    total_timesteps      | 415744     |
| train/                  |            |
|    approx_kl            | 0.15638189 |
|    clip_fraction        | 0.519      |
|    clip_range           | 0.2        |
|    entropy_loss         | -18.4      |
|    explained_variance   | 0.855      |
|    learning_rate        | 0.0003     |
|    loss                 | 2.64       |
|    n_updates            | 13850      |
|    policy_gradient_loss | -0.0642    |
|    std                  | 3.97       |
|    value_loss           | 8.18       |
----------------------------------------
----------------------------------------
| manipularl/             |            |
|    collision_rate       | 0.55       |
|    grasp_curriculum     | 0.236      |
|    grasp_failure_rate   | 0.505      |
|    insert_depth_mean    | 0.000569   |
|    insert_tilt_deg_mean | 11.7       |
|    success_rate         | 0          |
| rollout/                |            |
|    ep_len_mean          | 243        |
|    ep_rew_mean          | -62        |
| time/                   |            |
|    fps                  | 1073       |
|    iterations           | 59         |
|    time_elapsed         | 393        |
|    total_timesteps      | 422912     |
| train/                  |            |
|    approx_kl            | 0.13364828 |
|    clip_fraction        | 0.489      |
|    clip_range           | 0.2        |
|    entropy_loss         | -18.4      |
|    explained_variance   | 0.88       |
|    learning_rate        | 0.0003     |
|    loss                 | 2.05       |
|    n_updates            | 13860      |
|    policy_gradient_loss | -0.0676    |
|    std                  | 4          |
|    value_loss           | 8.12       |
----------------------------------------
-----------------------------------------
| manipularl/             |             |
|    collision_rate       | 0.52        |
|    grasp_curriculum     | 0.231       |
|    grasp_failure_rate   | 0.51        |
|    insert_depth_mean    | 0.000425    |
|    insert_tilt_deg_mean | 12.3        |
|    success_rate         | 0           |
| rollout/                |             |
|    ep_len_mean          | 249         |
|    ep_rew_mean          | -62.6       |
| time/                   |             |
|    fps                  | 1076        |
|    iterations           | 60          |
|    time_elapsed         | 399         |
|    total_timesteps      | 430080      |
| train/                  |             |
|    approx_kl            | 0.101135015 |
|    clip_fraction        | 0.465       |
|    clip_range           | 0.2         |
|    entropy_loss         | -18.4       |
|    explained_variance   | 0.819       |
|    learning_rate        | 0.0003      |
|    loss                 | 3.3         |
|    n_updates            | 13870       |
|    policy_gradient_loss | -0.0661     |
|    std                  | 4.01        |
|    value_loss           | 10.2        |
-----------------------------------------
----------------------------------------
| manipularl/             |            |
|    collision_rate       | 0.47       |
|    grasp_curriculum     | 0.227      |
|    grasp_failure_rate   | 0.52       |
|    insert_depth_mean    | 0.000376   |
|    insert_tilt_deg_mean | 11.7       |
|    success_rate         | 0          |
| rollout/                |            |
|    ep_len_mean          | 259        |
|    ep_rew_mean          | -61.5      |
| time/                   |            |
|    fps                  | 1078       |
|    iterations           | 61         |
|    time_elapsed         | 405        |
|    total_timesteps      | 437248     |
| train/                  |            |
|    approx_kl            | 0.13801599 |
|    clip_fraction        | 0.49       |
|    clip_range           | 0.2        |
|    entropy_loss         | -18.4      |
|    explained_variance   | 0.896      |
|    learning_rate        | 0.0003     |
|    loss                 | 2.6        |
|    n_updates            | 13880      |
|    policy_gradient_loss | -0.0635    |
|    std                  | 4.03       |
|    value_loss           | 8.29       |
----------------------------------------
----------------------------------------
| manipularl/             |            |
|    collision_rate       | 0.43       |
|    grasp_curriculum     | 0.222      |
|    grasp_failure_rate   | 0.561      |
|    insert_depth_mean    | 7.93e-05   |
|    insert_tilt_deg_mean | 11.1       |
|    success_rate         | 0          |
| rollout/                |            |
|    ep_len_mean          | 267        |
|    ep_rew_mean          | -60.2      |
| time/                   |            |
|    fps                  | 1082       |
|    iterations           | 62         |
|    time_elapsed         | 410        |
|    total_timesteps      | 444416     |
| train/                  |            |
|    approx_kl            | 0.13514532 |
|    clip_fraction        | 0.475      |
|    clip_range           | 0.2        |
|    entropy_loss         | -18.5      |
|    explained_variance   | 0.913      |
|    learning_rate        | 0.0003     |
|    loss                 | 1.64       |
|    n_updates            | 13890      |
|    policy_gradient_loss | -0.0678    |
|    std                  | 4.06       |
|    value_loss           | 7.3        |
----------------------------------------
-----------------------------------------
| manipularl/             |             |
|    collision_rate       | 0.44        |
|    grasp_curriculum     | 0.218       |
|    grasp_failure_rate   | 0.612       |
|    insert_depth_mean    | 0.000103    |
|    insert_tilt_deg_mean | 10.2        |
|    success_rate         | 0           |
| rollout/                |             |
|    ep_len_mean          | 255         |
|    ep_rew_mean          | -48.6       |
| time/                   |             |
|    fps                  | 1084        |
|    iterations           | 63          |
|    time_elapsed         | 416         |
|    total_timesteps      | 451584      |
| train/                  |             |
|    approx_kl            | 0.117418915 |
|    clip_fraction        | 0.473       |
|    clip_range           | 0.2         |
|    entropy_loss         | -18.5       |
|    explained_variance   | 0.882       |
|    learning_rate        | 0.0003      |
|    loss                 | 1.62        |
|    n_updates            | 13900       |
|    policy_gradient_loss | -0.0685     |
|    std                  | 4.06        |
|    value_loss           | 6.51        |
-----------------------------------------
----------------------------------------
| manipularl/             |            |
|    collision_rate       | 0.54       |
|    grasp_curriculum     | 0.213      |
|    grasp_failure_rate   | 0.648      |
|    insert_depth_mean    | 0.000125   |
|    insert_tilt_deg_mean | 9.68       |
|    success_rate         | 0          |
| rollout/                |            |
|    ep_len_mean          | 223        |
|    ep_rew_mean          | -45.2      |
| time/                   |            |
|    fps                  | 1086       |
|    iterations           | 64         |
|    time_elapsed         | 422        |
|    total_timesteps      | 458752     |
| train/                  |            |
|    approx_kl            | 0.12264074 |
|    clip_fraction        | 0.463      |
|    clip_range           | 0.2        |
|    entropy_loss         | -18.5      |
|    explained_variance   | 0.87       |
|    learning_rate        | 0.0003     |
|    loss                 | 2.07       |
|    n_updates            | 13910      |
|    policy_gradient_loss | -0.0629    |
|    std                  | 4.07       |
|    value_loss           | 7.74       |
----------------------------------------
---------------------------------------
| manipularl/             |           |
|    collision_rate       | 0.7       |
|    grasp_curriculum     | 0.209     |
|    grasp_failure_rate   | 0.69      |
|    insert_depth_mean    | 0.000125  |
|    insert_tilt_deg_mean | 7.28      |
|    success_rate         | 0         |
| rollout/                |           |
|    ep_len_mean          | 169       |
|    ep_rew_mean          | -36.4     |
| time/                   |           |
|    fps                  | 1088      |
|    iterations           | 65        |
|    time_elapsed         | 428       |
|    total_timesteps      | 465920    |
| train/                  |           |
|    approx_kl            | 0.1138335 |
|    clip_fraction        | 0.448     |
|    clip_range           | 0.2       |
|    entropy_loss         | -18.5     |
|    explained_variance   | 0.854     |
|    learning_rate        | 0.0003    |
|    loss                 | 2.32      |
|    n_updates            | 13920     |
|    policy_gradient_loss | -0.0656   |
|    std                  | 4.09      |
|    value_loss           | 8.38      |
---------------------------------------
-----------------------------------------
| manipularl/             |             |
|    collision_rate       | 0.72        |
|    grasp_curriculum     | 0.204       |
|    grasp_failure_rate   | 0.708       |
|    insert_depth_mean    | 4.53e-06    |
|    insert_tilt_deg_mean | 5.17        |
|    success_rate         | 0           |
| rollout/                |             |
|    ep_len_mean          | 167         |
|    ep_rew_mean          | -38.8       |
| time/                   |             |
|    fps                  | 1090        |
|    iterations           | 66          |
|    time_elapsed         | 433         |
|    total_timesteps      | 473088      |
| train/                  |             |
|    approx_kl            | 0.096942715 |
|    clip_fraction        | 0.431       |
|    clip_range           | 0.2         |
|    entropy_loss         | -18.5       |
|    explained_variance   | 0.824       |
|    learning_rate        | 0.0003      |
|    loss                 | 2.71        |
|    n_updates            | 13930       |
|    policy_gradient_loss | -0.0717     |
|    std                  | 4.1         |
|    value_loss           | 10.6        |
-----------------------------------------
-----------------------------------------
| manipularl/             |             |
|    collision_rate       | 0.7         |
|    grasp_curriculum     | 0.2         |
|    grasp_failure_rate   | 0.656       |
|    insert_depth_mean    | 4.53e-06    |
|    insert_tilt_deg_mean | 6.72        |
|    success_rate         | 0           |
| rollout/                |             |
|    ep_len_mean          | 188         |
|    ep_rew_mean          | -49         |
| time/                   |             |
|    fps                  | 1092        |
|    iterations           | 67          |
|    time_elapsed         | 439         |
|    total_timesteps      | 480256      |
| train/                  |             |
|    approx_kl            | 0.082196996 |
|    clip_fraction        | 0.403       |
|    clip_range           | 0.2         |
|    entropy_loss         | -18.5       |
|    explained_variance   | 0.855       |
|    learning_rate        | 0.0003      |
|    loss                 | 2.31        |
|    n_updates            | 13940       |
|    policy_gradient_loss | -0.0626     |
|    std                  | 4.1         |
|    value_loss           | 7.91        |
-----------------------------------------
-----------------------------------------
| manipularl/             |             |
|    collision_rate       | 0.67        |
|    grasp_curriculum     | 0.195       |
|    grasp_failure_rate   | 0.637       |
|    insert_depth_mean    | 0.000246    |
|    insert_tilt_deg_mean | 6.18        |
|    success_rate         | 0           |
| rollout/                |             |
|    ep_len_mean          | 202         |
|    ep_rew_mean          | -56.1       |
| time/                   |             |
|    fps                  | 1095        |
|    iterations           | 68          |
|    time_elapsed         | 445         |
|    total_timesteps      | 487424      |
| train/                  |             |
|    approx_kl            | 0.082740955 |
|    clip_fraction        | 0.402       |
|    clip_range           | 0.2         |
|    entropy_loss         | -18.5       |
|    explained_variance   | 0.814       |
|    learning_rate        | 0.0003      |
|    loss                 | 3.76        |
|    n_updates            | 13950       |
|    policy_gradient_loss | -0.0652     |
|    std                  | 4.1         |
|    value_loss           | 12.3        |
-----------------------------------------
----------------------------------------
| manipularl/             |            |
|    collision_rate       | 0.71       |
|    grasp_curriculum     | 0.191      |
|    grasp_failure_rate   | 0.623      |
|    insert_depth_mean    | 0.000254   |
|    insert_tilt_deg_mean | 10.1       |
|    success_rate         | 0          |
| rollout/                |            |
|    ep_len_mean          | 189        |
|    ep_rew_mean          | -53.1      |
| time/                   |            |
|    fps                  | 1096       |
|    iterations           | 69         |
|    time_elapsed         | 450        |
|    total_timesteps      | 494592     |
| train/                  |            |
|    approx_kl            | 0.13464409 |
|    clip_fraction        | 0.461      |
|    clip_range           | 0.2        |
|    entropy_loss         | -18.5      |
|    explained_variance   | 0.843      |
|    learning_rate        | 0.0003     |
|    loss                 | 2.99       |
|    n_updates            | 13960      |
|    policy_gradient_loss | -0.0716    |
|    std                  | 4.12       |
|    value_loss           | 10.6       |
----------------------------------------
-----------------------------------------
| manipularl/             |             |
|    collision_rate       | 0.69        |
|    grasp_curriculum     | 0.186       |
|    grasp_failure_rate   | 0.643       |
|    insert_depth_mean    | 0.000207    |
|    insert_tilt_deg_mean | 10.4        |
|    success_rate         | 0           |
| rollout/                |             |
|    ep_len_mean          | 200         |
|    ep_rew_mean          | -51.7       |
| time/                   |             |
|    fps                  | 1098        |
|    iterations           | 70          |
|    time_elapsed         | 456         |
|    total_timesteps      | 501760      |
| train/                  |             |
|    approx_kl            | 0.097931735 |
|    clip_fraction        | 0.426       |
|    clip_range           | 0.2         |
|    entropy_loss         | -18.5       |
|    explained_variance   | 0.828       |
|    learning_rate        | 0.0003      |
|    loss                 | 3.55        |
|    n_updates            | 13970       |
|    policy_gradient_loss | -0.0709     |
|    std                  | 4.12        |
|    value_loss           | 10.3        |
-----------------------------------------
----------------------------------------
| manipularl/             |            |
|    collision_rate       | 0.77       |
|    grasp_curriculum     | 0.182      |
|    grasp_failure_rate   | 0.64       |
|    insert_depth_mean    | 0.000232   |
|    insert_tilt_deg_mean | 10         |
|    success_rate         | 0          |
| rollout/                |            |
|    ep_len_mean          | 163        |
|    ep_rew_mean          | -45.9      |
| time/                   |            |
|    fps                  | 1100       |
|    iterations           | 71         |
|    time_elapsed         | 462        |
|    total_timesteps      | 508928     |
| train/                  |            |
|    approx_kl            | 0.07795346 |
|    clip_fraction        | 0.388      |
|    clip_range           | 0.2        |
|    entropy_loss         | -18.5      |
|    explained_variance   | 0.843      |
|    learning_rate        | 0.0003     |
|    loss                 | 4.2        |
|    n_updates            | 13980      |
|    policy_gradient_loss | -0.0711    |
|    std                  | 4.12       |
|    value_loss           | 12.7       |
----------------------------------------
---------------------------------------
| manipularl/             |           |
|    collision_rate       | 0.82      |
|    grasp_curriculum     | 0.177     |
|    grasp_failure_rate   | 0.671     |
|    insert_depth_mean    | 0.000294  |
|    insert_tilt_deg_mean | 7.54      |
|    success_rate         | 0         |
| rollout/                |           |
|    ep_len_mean          | 143       |
|    ep_rew_mean          | -44.2     |
| time/                   |           |
|    fps                  | 1101      |
|    iterations           | 72        |
|    time_elapsed         | 468       |
|    total_timesteps      | 516096    |
| train/                  |           |
|    approx_kl            | 0.0672489 |
|    clip_fraction        | 0.375     |
|    clip_range           | 0.2       |
|    entropy_loss         | -18.5     |
|    explained_variance   | 0.784     |
|    learning_rate        | 0.0003    |
|    loss                 | 4.86      |
|    n_updates            | 13990     |
|    policy_gradient_loss | -0.0706   |
|    std                  | 4.14      |
|    value_loss           | 15.9      |
---------------------------------------
----------------------------------------
| manipularl/             |            |
|    collision_rate       | 0.75       |
|    grasp_curriculum     | 0.173      |
|    grasp_failure_rate   | 0.677      |
|    insert_depth_mean    | 0.000226   |
|    insert_tilt_deg_mean | 7.41       |
|    success_rate         | 0          |
| rollout/                |            |
|    ep_len_mean          | 168        |
|    ep_rew_mean          | -47.2      |
| time/                   |            |
|    fps                  | 1102       |
|    iterations           | 73         |
|    time_elapsed         | 474        |
|    total_timesteps      | 523264     |
| train/                  |            |
|    approx_kl            | 0.10621258 |
|    clip_fraction        | 0.443      |
|    clip_range           | 0.2        |
|    entropy_loss         | -18.6      |
|    explained_variance   | 0.798      |
|    learning_rate        | 0.0003     |
|    loss                 | 3.05       |
|    n_updates            | 14000      |
|    policy_gradient_loss | -0.0739    |
|    std                  | 4.14       |
|    value_loss           | 12.9       |
----------------------------------------
----------------------------------------
| manipularl/             |            |
|    collision_rate       | 0.7        |
|    grasp_curriculum     | 0.168      |
|    grasp_failure_rate   | 0.649      |
|    insert_depth_mean    | 0.000247   |
|    insert_tilt_deg_mean | 12.7       |
|    success_rate         | 0          |
| rollout/                |            |
|    ep_len_mean          | 180        |
|    ep_rew_mean          | -48.7      |
| time/                   |            |
|    fps                  | 1103       |
|    iterations           | 74         |
|    time_elapsed         | 480        |
|    total_timesteps      | 530432     |
| train/                  |            |
|    approx_kl            | 0.09124378 |
|    clip_fraction        | 0.408      |
|    clip_range           | 0.2        |
|    entropy_loss         | -18.6      |
|    explained_variance   | 0.868      |
|    learning_rate        | 0.0003     |
|    loss                 | 2.09       |
|    n_updates            | 14010      |
|    policy_gradient_loss | -0.0727    |
|    std                  | 4.16       |
|    value_loss           | 10         |
----------------------------------------
----------------------------------------
| manipularl/             |            |
|    collision_rate       | 0.66       |
|    grasp_curriculum     | 0.164      |
|    grasp_failure_rate   | 0.632      |
|    insert_depth_mean    | 0.000255   |
|    insert_tilt_deg_mean | 13.8       |
|    success_rate         | 0          |
| rollout/                |            |
|    ep_len_mean          | 188        |
|    ep_rew_mean          | -48.2      |
| time/                   |            |
|    fps                  | 1105       |
|    iterations           | 75         |
|    time_elapsed         | 486        |
|    total_timesteps      | 537600     |
| train/                  |            |
|    approx_kl            | 0.09525925 |
|    clip_fraction        | 0.416      |
|    clip_range           | 0.2        |
|    entropy_loss         | -18.6      |
|    explained_variance   | 0.852      |
|    learning_rate        | 0.0003     |
|    loss                 | 2.02       |
|    n_updates            | 14020      |
|    policy_gradient_loss | -0.0676    |
|    std                  | 4.18       |
|    value_loss           | 8.27       |
----------------------------------------
-----------------------------------------
| manipularl/             |             |
|    collision_rate       | 0.62        |
|    grasp_curriculum     | 0.16        |
|    grasp_failure_rate   | 0.617       |
|    insert_depth_mean    | 0.000338    |
|    insert_tilt_deg_mean | 12.2        |
|    success_rate         | 0           |
| rollout/                |             |
|    ep_len_mean          | 208         |
|    ep_rew_mean          | -55.6       |
| time/                   |             |
|    fps                  | 1105        |
|    iterations           | 76          |
|    time_elapsed         | 492         |
|    total_timesteps      | 544768      |
| train/                  |             |
|    approx_kl            | 0.094754934 |
|    clip_fraction        | 0.409       |
|    clip_range           | 0.2         |
|    entropy_loss         | -18.6       |
|    explained_variance   | 0.862       |
|    learning_rate        | 0.0003      |
|    loss                 | 3.16        |
|    n_updates            | 14030       |
|    policy_gradient_loss | -0.0688     |
|    std                  | 4.19        |
|    value_loss           | 9.89        |
-----------------------------------------
----------------------------------------
| manipularl/             |            |
|    collision_rate       | 0.61       |
|    grasp_curriculum     | 0.155      |
|    grasp_failure_rate   | 0.66       |
|    insert_depth_mean    | 0.000306   |
|    insert_tilt_deg_mean | 7.91       |
|    success_rate         | 0          |
| rollout/                |            |
|    ep_len_mean          | 210        |
|    ep_rew_mean          | -51.2      |
| time/                   |            |
|    fps                  | 1107       |
|    iterations           | 77         |
|    time_elapsed         | 498        |
|    total_timesteps      | 551936     |
| train/                  |            |
|    approx_kl            | 0.11250661 |
|    clip_fraction        | 0.443      |
|    clip_range           | 0.2        |
|    entropy_loss         | -18.6      |
|    explained_variance   | 0.89       |
|    learning_rate        | 0.0003     |
|    loss                 | 1.93       |
|    n_updates            | 14040      |
|    policy_gradient_loss | -0.0607    |
|    std                  | 4.2        |
|    value_loss           | 7.6        |
----------------------------------------
-----------------------------------------
| manipularl/             |             |
|    collision_rate       | 0.65        |
|    grasp_curriculum     | 0.151       |
|    grasp_failure_rate   | 0.668       |
|    insert_depth_mean    | 0.000252    |
|    insert_tilt_deg_mean | 6.07        |
|    success_rate         | 0           |
| rollout/                |             |
|    ep_len_mean          | 204         |
|    ep_rew_mean          | -49.1       |
| time/                   |             |
|    fps                  | 1109        |
|    iterations           | 78          |
|    time_elapsed         | 503         |
|    total_timesteps      | 559104      |
| train/                  |             |
|    approx_kl            | 0.093649015 |
|    clip_fraction        | 0.417       |
|    clip_range           | 0.2         |
|    entropy_loss         | -18.6       |
|    explained_variance   | 0.838       |
|    learning_rate        | 0.0003      |
|    loss                 | 3.65        |
|    n_updates            | 14050       |
|    policy_gradient_loss | -0.0698     |
|    std                  | 4.21        |
|    value_loss           | 12.3        |
-----------------------------------------
---------------------------------------
| manipularl/             |           |
|    collision_rate       | 0.66      |
|    grasp_curriculum     | 0.146     |
|    grasp_failure_rate   | 0.68      |
|    insert_depth_mean    | 0.000477  |
|    insert_tilt_deg_mean | 4.42      |
|    success_rate         | 0         |
| rollout/                |           |
|    ep_len_mean          | 200       |
|    ep_rew_mean          | -44.7     |
| time/                   |           |
|    fps                  | 1111      |
|    iterations           | 79        |
|    time_elapsed         | 509       |
|    total_timesteps      | 566272    |
| train/                  |           |
|    approx_kl            | 0.1215527 |
|    clip_fraction        | 0.438     |
|    clip_range           | 0.2       |
|    entropy_loss         | -18.6     |
|    explained_variance   | 0.839     |
|    learning_rate        | 0.0003    |
|    loss                 | 1.78      |
|    n_updates            | 14060     |
|    policy_gradient_loss | -0.0646   |
|    std                  | 4.21      |
|    value_loss           | 8.49      |
---------------------------------------
----------------------------------------
| manipularl/             |            |
|    collision_rate       | 0.64       |
|    grasp_curriculum     | 0.142      |
|    grasp_failure_rate   | 0.649      |
|    insert_depth_mean    | 0.000464   |
|    insert_tilt_deg_mean | 6.49       |
|    success_rate         | 0          |
| rollout/                |            |
|    ep_len_mean          | 200        |
|    ep_rew_mean          | -47.4      |
| time/                   |            |
|    fps                  | 1111       |
|    iterations           | 80         |
|    time_elapsed         | 516        |
|    total_timesteps      | 573440     |
| train/                  |            |
|    approx_kl            | 0.11570381 |
|    clip_fraction        | 0.462      |
|    clip_range           | 0.2        |
|    entropy_loss         | -18.7      |
|    explained_variance   | 0.863      |
|    learning_rate        | 0.0003     |
|    loss                 | 2.44       |
|    n_updates            | 14070      |
|    policy_gradient_loss | -0.0678    |
|    std                  | 4.24       |
|    value_loss           | 8.89       |
----------------------------------------
----------------------------------------
| manipularl/             |            |
|    collision_rate       | 0.61       |
|    grasp_curriculum     | 0.137      |
|    grasp_failure_rate   | 0.663      |
|    insert_depth_mean    | 0.000842   |
|    insert_tilt_deg_mean | 7.98       |
|    success_rate         | 0          |
| rollout/                |            |
|    ep_len_mean          | 212        |
|    ep_rew_mean          | -50.8      |
| time/                   |            |
|    fps                  | 1112       |
|    iterations           | 81         |
|    time_elapsed         | 521        |
|    total_timesteps      | 580608     |
| train/                  |            |
|    approx_kl            | 0.09772512 |
|    clip_fraction        | 0.424      |
|    clip_range           | 0.2        |
|    entropy_loss         | -18.7      |
|    explained_variance   | 0.874      |
|    learning_rate        | 0.0003     |
|    loss                 | 2.22       |
|    n_updates            | 14080      |
|    policy_gradient_loss | -0.0633    |
|    std                  | 4.25       |
|    value_loss           | 9.25       |
----------------------------------------
----------------------------------------
| manipularl/             |            |
|    collision_rate       | 0.64       |
|    grasp_curriculum     | 0.133      |
|    grasp_failure_rate   | 0.685      |
|    insert_depth_mean    | 0.000726   |
|    insert_tilt_deg_mean | 8.92       |
|    success_rate         | 0          |
| rollout/                |            |
|    ep_len_mean          | 203        |
|    ep_rew_mean          | -47.8      |
| time/                   |            |
|    fps                  | 1114       |
|    iterations           | 82         |
|    time_elapsed         | 527        |
|    total_timesteps      | 587776     |
| train/                  |            |
|    approx_kl            | 0.36761707 |
|    clip_fraction        | 0.493      |
|    clip_range           | 0.2        |
|    entropy_loss         | -18.7      |
|    explained_variance   | 0.897      |
|    learning_rate        | 0.0003     |
|    loss                 | 1.53       |
|    n_updates            | 14090      |
|    policy_gradient_loss | -0.0598    |
|    std                  | 4.25       |
|    value_loss           | 6.06       |
----------------------------------------
-----------------------------------------
| manipularl/             |             |
|    collision_rate       | 0.62        |
|    grasp_curriculum     | 0.128       |
|    grasp_failure_rate   | 0.666       |
|    insert_depth_mean    | 0.000881    |
|    insert_tilt_deg_mean | 8.83        |
|    success_rate         | 0           |
| rollout/                |             |
|    ep_len_mean          | 221         |
|    ep_rew_mean          | -52.9       |
| time/                   |             |
|    fps                  | 1115        |
|    iterations           | 83          |
|    time_elapsed         | 533         |
|    total_timesteps      | 594944      |
| train/                  |             |
|    approx_kl            | 0.111935064 |
|    clip_fraction        | 0.449       |
|    clip_range           | 0.2         |
|    entropy_loss         | -18.7       |
|    explained_variance   | 0.897       |
|    learning_rate        | 0.0003      |
|    loss                 | 3.74        |
|    n_updates            | 14100       |
|    policy_gradient_loss | -0.0695     |
|    std                  | 4.26        |
|    value_loss           | 10.9        |
-----------------------------------------
Eval num_timesteps=599970, episode_reward=-52.22 +/- 41.90
Episode length: 226.20 +/- 161.99
-----------------------------------------
| eval/                   |             |
|    mean_ep_length       | 226         |
|    mean_reward          | -52.2       |
| manipularl/             |             |
|    collision_rate       | 0.59        |
|    grasp_curriculum     | 0.125       |
|    grasp_failure_rate   | 0.696       |
|    insert_depth_mean    | 0.000823    |
|    insert_tilt_deg_mean | 6.81        |
|    success_rate         | 0           |
| time/                   |             |
|    total_timesteps      | 599970      |
| train/                  |             |
|    approx_kl            | 0.083719485 |
|    clip_fraction        | 0.377       |
|    clip_range           | 0.2         |
|    entropy_loss         | -18.7       |
|    explained_variance   | 0.868       |
|    learning_rate        | 0.0003      |
|    loss                 | 2.01        |
|    n_updates            | 14110       |
|    policy_gradient_loss | -0.0661     |
|    std                  | 4.27        |
|    value_loss           | 8.65        |
-----------------------------------------
New best mean reward!
--------------------------------------
| manipularl/             |          |
|    collision_rate       | 0.56     |
|    grasp_curriculum     | 0.124    |
|    grasp_failure_rate   | 0.688    |
|    insert_depth_mean    | 0.000219 |
|    insert_tilt_deg_mean | 5.87     |
|    success_rate         | 0        |
| rollout/                |          |
|    ep_len_mean          | 236      |
|    ep_rew_mean          | -53.9    |
| time/                   |          |
|    fps                  | 1093     |
|    iterations           | 84       |
|    time_elapsed         | 550      |
|    total_timesteps      | 602112   |
--------------------------------------
-----------------------------------------
| manipularl/             |             |
|    collision_rate       | 0.53        |
|    grasp_curriculum     | 0.119       |
|    grasp_failure_rate   | 0.695       |
|    insert_depth_mean    | 0.000211    |
|    insert_tilt_deg_mean | 4.07        |
|    success_rate         | 0           |
| rollout/                |             |
|    ep_len_mean          | 246         |
|    ep_rew_mean          | -57.4       |
| time/                   |             |
|    fps                  | 1095        |
|    iterations           | 85          |
|    time_elapsed         | 556         |
|    total_timesteps      | 609280      |
| train/                  |             |
|    approx_kl            | 0.086637944 |
|    clip_fraction        | 0.422       |
|    clip_range           | 0.2         |
|    entropy_loss         | -18.7       |
|    explained_variance   | 0.868       |
|    learning_rate        | 0.0003      |
|    loss                 | 2.63        |
|    n_updates            | 14120       |
|    policy_gradient_loss | -0.0595     |
|    std                  | 4.29        |
|    value_loss           | 9.05        |
-----------------------------------------
----------------------------------------
| manipularl/             |            |
|    collision_rate       | 0.51       |
|    grasp_curriculum     | 0.115      |
|    grasp_failure_rate   | 0.642      |
|    insert_depth_mean    | 0.000318   |
|    insert_tilt_deg_mean | 3.55       |
|    success_rate         | 0          |
| rollout/                |            |
|    ep_len_mean          | 247        |
|    ep_rew_mean          | -64.9      |
| time/                   |            |
|    fps                  | 1096       |
|    iterations           | 86         |
|    time_elapsed         | 562        |
|    total_timesteps      | 616448     |
| train/                  |            |
|    approx_kl            | 0.10539602 |
|    clip_fraction        | 0.425      |
|    clip_range           | 0.2        |
|    entropy_loss         | -18.7      |
|    explained_variance   | 0.907      |
|    learning_rate        | 0.0003     |
|    loss                 | 2.16       |
|    n_updates            | 14130      |
|    policy_gradient_loss | -0.0574    |
|    std                  | 4.31       |
|    value_loss           | 8.91       |
----------------------------------------
----------------------------------------
| manipularl/             |            |
|    collision_rate       | 0.57       |
|    grasp_curriculum     | 0.11       |
|    grasp_failure_rate   | 0.647      |
|    insert_depth_mean    | 0.000238   |
|    insert_tilt_deg_mean | 2.68       |
|    success_rate         | 0          |
| rollout/                |            |
|    ep_len_mean          | 217        |
|    ep_rew_mean          | -55.9      |
| time/                   |            |
|    fps                  | 1098       |
|    iterations           | 87         |
|    time_elapsed         | 567        |
|    total_timesteps      | 623616     |
| train/                  |            |
|    approx_kl            | 0.08529191 |
|    clip_fraction        | 0.42       |
|    clip_range           | 0.2        |
|    entropy_loss         | -18.8      |
|    explained_variance   | 0.877      |
|    learning_rate        | 0.0003     |
|    loss                 | 2.66       |
|    n_updates            | 14140      |
|    policy_gradient_loss | -0.061     |
|    std                  | 4.32       |
|    value_loss           | 12.1       |
----------------------------------------
----------------------------------------
| manipularl/             |            |
|    collision_rate       | 0.62       |
|    grasp_curriculum     | 0.106      |
|    grasp_failure_rate   | 0.644      |
|    insert_depth_mean    | 0.000318   |
|    insert_tilt_deg_mean | 3.14       |
|    success_rate         | 0          |
| rollout/                |            |
|    ep_len_mean          | 200        |
|    ep_rew_mean          | -49.3      |
| time/                   |            |
|    fps                  | 1098       |
|    iterations           | 88         |
|    time_elapsed         | 573        |
|    total_timesteps      | 630784     |
| train/                  |            |
|    approx_kl            | 0.09356261 |
|    clip_fraction        | 0.414      |
|    clip_range           | 0.2        |
|    entropy_loss         | -18.8      |
|    explained_variance   | 0.893      |
|    learning_rate        | 0.0003     |
|    loss                 | 3.53       |
|    n_updates            | 14150      |
|    policy_gradient_loss | -0.0691    |
|    std                  | 4.33       |
|    value_loss           | 9.66       |
----------------------------------------
----------------------------------------
| manipularl/             |            |
|    collision_rate       | 0.64       |
|    grasp_curriculum     | 0.101      |
|    grasp_failure_rate   | 0.695      |
|    insert_depth_mean    | 0.00015    |
|    insert_tilt_deg_mean | 4.43       |
|    success_rate         | 0          |
| rollout/                |            |
|    ep_len_mean          | 197        |
|    ep_rew_mean          | -42.1      |
| time/                   |            |
|    fps                  | 1098       |
|    iterations           | 89         |
|    time_elapsed         | 581        |
|    total_timesteps      | 637952     |
| train/                  |            |
|    approx_kl            | 0.10396914 |
|    clip_fraction        | 0.433      |
|    clip_range           | 0.2        |
|    entropy_loss         | -18.8      |
|    explained_variance   | 0.881      |
|    learning_rate        | 0.0003     |
|    loss                 | 1.86       |
|    n_updates            | 14160      |
|    policy_gradient_loss | -0.0705    |
|    std                  | 4.34       |
|    value_loss           | 8.11       |
----------------------------------------
----------------------------------------
| manipularl/             |            |
|    collision_rate       | 0.61       |
|    grasp_curriculum     | 0.0968     |
|    grasp_failure_rate   | 0.686      |
|    insert_depth_mean    | 0.00024    |
|    insert_tilt_deg_mean | 5.14       |
|    success_rate         | 0          |
| rollout/                |            |
|    ep_len_mean          | 206        |
|    ep_rew_mean          | -42.3      |
| time/                   |            |
|    fps                  | 1097       |
|    iterations           | 90         |
|    time_elapsed         | 587        |
|    total_timesteps      | 645120     |
| train/                  |            |
|    approx_kl            | 0.09674516 |
|    clip_fraction        | 0.422      |
|    clip_range           | 0.2        |
|    entropy_loss         | -18.8      |
|    explained_variance   | 0.867      |
|    learning_rate        | 0.0003     |
|    loss                 | 1.7        |
|    n_updates            | 14170      |
|    policy_gradient_loss | -0.0657    |
|    std                  | 4.36       |
|    value_loss           | 7.73       |
----------------------------------------
-----------------------------------------
| manipularl/             |             |
|    collision_rate       | 0.57        |
|    grasp_curriculum     | 0.0923      |
|    grasp_failure_rate   | 0.658       |
|    insert_depth_mean    | 0.00017     |
|    insert_tilt_deg_mean | 6.35        |
|    success_rate         | 0           |
| rollout/                |             |
|    ep_len_mean          | 216         |
|    ep_rew_mean          | -45.6       |
| time/                   |             |
|    fps                  | 1098        |
|    iterations           | 91          |
|    time_elapsed         | 593         |
|    total_timesteps      | 652288      |
| train/                  |             |
|    approx_kl            | 0.112650454 |
|    clip_fraction        | 0.442       |
|    clip_range           | 0.2         |
|    entropy_loss         | -18.8       |
|    explained_variance   | 0.898       |
|    learning_rate        | 0.0003      |
|    loss                 | 1.37        |
|    n_updates            | 14180       |
|    policy_gradient_loss | -0.0658     |
|    std                  | 4.37        |
|    value_loss           | 6.27        |
-----------------------------------------
----------------------------------------
| manipularl/             |            |
|    collision_rate       | 0.59       |
|    grasp_curriculum     | 0.0878     |
|    grasp_failure_rate   | 0.6        |
|    insert_depth_mean    | 0.000207   |
|    insert_tilt_deg_mean | 6.11       |
|    success_rate         | 0          |
| rollout/                |            |
|    ep_len_mean          | 230        |
|    ep_rew_mean          | -56.6      |
| time/                   |            |
|    fps                  | 1098       |
|    iterations           | 92         |
|    time_elapsed         | 600        |
|    total_timesteps      | 659456     |
| train/                  |            |
|    approx_kl            | 0.09020733 |
|    clip_fraction        | 0.417      |
|    clip_range           | 0.2        |
|    entropy_loss         | -18.8      |
|    explained_variance   | 0.889      |
|    learning_rate        | 0.0003     |
|    loss                 | 1.81       |
|    n_updates            | 14190      |
|    policy_gradient_loss | -0.0665    |
|    std                  | 4.39       |
|    value_loss           | 7.31       |
----------------------------------------
--------------------------------------
| manipularl/             |          |
|    collision_rate       | 0.68     |
|    grasp_curriculum     | 0.0834   |
|    grasp_failure_rate   | 0.577    |
|    insert_depth_mean    | 0.000143 |
|    insert_tilt_deg_mean | 5.94     |
|    success_rate         | 0        |
| rollout/                |          |
|    ep_len_mean          | 206      |
|    ep_rew_mean          | -57.6    |
| time/                   |          |
|    fps                  | 1100     |
|    iterations           | 93       |
|    time_elapsed         | 605      |
|    total_timesteps      | 666624   |
| train/                  |          |
|    approx_kl            | 0.092646 |
|    clip_fraction        | 0.421    |
|    clip_range           | 0.2      |
|    entropy_loss         | -18.8    |
|    explained_variance   | 0.836    |
|    learning_rate        | 0.0003   |
|    loss                 | 2.39     |
|    n_updates            | 14200    |
|    policy_gradient_loss | -0.0694  |
|    std                  | 4.39     |
|    value_loss           | 9.54     |
--------------------------------------
----------------------------------------
| manipularl/             |            |
|    collision_rate       | 0.72       |
|    grasp_curriculum     | 0.0789     |
|    grasp_failure_rate   | 0.601      |
|    insert_depth_mean    | 0.000108   |
|    insert_tilt_deg_mean | 5.32       |
|    success_rate         | 0          |
| rollout/                |            |
|    ep_len_mean          | 190        |
|    ep_rew_mean          | -51.3      |
| time/                   |            |
|    fps                  | 1101       |
|    iterations           | 94         |
|    time_elapsed         | 611        |
|    total_timesteps      | 673792     |
| train/                  |            |
|    approx_kl            | 0.08466408 |
|    clip_fraction        | 0.392      |
|    clip_range           | 0.2        |
|    entropy_loss         | -18.8      |
|    explained_variance   | 0.76       |
|    learning_rate        | 0.0003     |
|    loss                 | 2.99       |
|    n_updates            | 14210      |
|    policy_gradient_loss | -0.0685    |
|    std                  | 4.39       |
|    value_loss           | 10.5       |
----------------------------------------
-----------------------------------------
| manipularl/             |             |
|    collision_rate       | 0.7         |
|    grasp_curriculum     | 0.0744      |
|    grasp_failure_rate   | 0.692       |
|    insert_depth_mean    | 5.02e-05    |
|    insert_tilt_deg_mean | 2.07        |
|    success_rate         | 0           |
| rollout/                |             |
|    ep_len_mean          | 176         |
|    ep_rew_mean          | -40.5       |
| time/                   |             |
|    fps                  | 1102        |
|    iterations           | 95          |
|    time_elapsed         | 617         |
|    total_timesteps      | 680960      |
| train/                  |             |
|    approx_kl            | 0.088404834 |
|    clip_fraction        | 0.418       |
|    clip_range           | 0.2         |
|    entropy_loss         | -18.8       |
|    explained_variance   | 0.822       |
|    learning_rate        | 0.0003      |
|    loss                 | 4.24        |
|    n_updates            | 14220       |
|    policy_gradient_loss | -0.074      |
|    std                  | 4.4         |
|    value_loss           | 11.7        |
-----------------------------------------
----------------------------------------
| manipularl/             |            |
|    collision_rate       | 0.65       |
|    grasp_curriculum     | 0.0699     |
|    grasp_failure_rate   | 0.693      |
|    insert_depth_mean    | 3.05e-05   |
|    insert_tilt_deg_mean | 2.18       |
|    success_rate         | 0          |
| rollout/                |            |
|    ep_len_mean          | 186        |
|    ep_rew_mean          | -41.9      |
| time/                   |            |
|    fps                  | 1103       |
|    iterations           | 96         |
|    time_elapsed         | 623        |
|    total_timesteps      | 688128     |
| train/                  |            |
|    approx_kl            | 0.08579543 |
|    clip_fraction        | 0.404      |
|    clip_range           | 0.2        |
|    entropy_loss         | -18.8      |
|    explained_variance   | 0.863      |
|    learning_rate        | 0.0003     |
|    loss                 | 2.41       |
|    n_updates            | 14230      |
|    policy_gradient_loss | -0.068     |
|    std                  | 4.42       |
|    value_loss           | 9.3        |
----------------------------------------
----------------------------------------
| manipularl/             |            |
|    collision_rate       | 0.67       |
|    grasp_curriculum     | 0.0654     |
|    grasp_failure_rate   | 0.698      |
|    insert_depth_mean    | 7.16e-05   |
|    insert_tilt_deg_mean | 2.64       |
|    success_rate         | 0          |
| rollout/                |            |
|    ep_len_mean          | 194        |
|    ep_rew_mean          | -46        |
| time/                   |            |
|    fps                  | 1104       |
|    iterations           | 97         |
|    time_elapsed         | 629        |
|    total_timesteps      | 695296     |
| train/                  |            |
|    approx_kl            | 0.12374046 |
|    clip_fraction        | 0.467      |
|    clip_range           | 0.2        |
|    entropy_loss         | -18.8      |
|    explained_variance   | 0.863      |
|    learning_rate        | 0.0003     |
|    loss                 | 2.57       |
|    n_updates            | 14240      |
|    policy_gradient_loss | -0.063     |
|    std                  | 4.44       |
|    value_loss           | 8.18       |
----------------------------------------
----------------------------------------
| manipularl/             |            |
|    collision_rate       | 0.69       |
|    grasp_curriculum     | 0.061      |
|    grasp_failure_rate   | 0.68       |
|    insert_depth_mean    | 0.000162   |
|    insert_tilt_deg_mean | 2.97       |
|    success_rate         | 0          |
| rollout/                |            |
|    ep_len_mean          | 204        |
|    ep_rew_mean          | -50.8      |
| time/                   |            |
|    fps                  | 1105       |
|    iterations           | 98         |
|    time_elapsed         | 635        |
|    total_timesteps      | 702464     |
| train/                  |            |
|    approx_kl            | 0.08159571 |
|    clip_fraction        | 0.401      |
|    clip_range           | 0.2        |
|    entropy_loss         | -18.8      |
|    explained_variance   | 0.788      |
|    learning_rate        | 0.0003     |
|    loss                 | 2.64       |
|    n_updates            | 14250      |
|    policy_gradient_loss | -0.0645    |
|    std                  | 4.46       |
|    value_loss           | 10.3       |
----------------------------------------
----------------------------------------
| manipularl/             |            |
|    collision_rate       | 0.74       |
|    grasp_curriculum     | 0.0565     |
|    grasp_failure_rate   | 0.668      |
|    insert_depth_mean    | 0.000132   |
|    insert_tilt_deg_mean | 2.84       |
|    success_rate         | 0          |
| rollout/                |            |
|    ep_len_mean          | 200        |
|    ep_rew_mean          | -50        |
| time/                   |            |
|    fps                  | 1106       |
|    iterations           | 99         |
|    time_elapsed         | 641        |
|    total_timesteps      | 709632     |
| train/                  |            |
|    approx_kl            | 0.10135113 |
|    clip_fraction        | 0.425      |
|    clip_range           | 0.2        |
|    entropy_loss         | -18.9      |
|    explained_variance   | 0.835      |
|    learning_rate        | 0.0003     |
|    loss                 | 2.65       |
|    n_updates            | 14260      |
|    policy_gradient_loss | -0.0591    |
|    std                  | 4.48       |
|    value_loss           | 9.37       |
----------------------------------------
----------------------------------------
| manipularl/             |            |
|    collision_rate       | 0.7        |
|    grasp_curriculum     | 0.052      |
|    grasp_failure_rate   | 0.676      |
|    insert_depth_mean    | 0.000213   |
|    insert_tilt_deg_mean | 2.65       |
|    success_rate         | 0          |
| rollout/                |            |
|    ep_len_mean          | 206        |
|    ep_rew_mean          | -52.3      |
| time/                   |            |
|    fps                  | 1106       |
|    iterations           | 100        |
|    time_elapsed         | 647        |
|    total_timesteps      | 716800     |
| train/                  |            |
|    approx_kl            | 0.07995526 |
|    clip_fraction        | 0.407      |
|    clip_range           | 0.2        |
|    entropy_loss         | -18.9      |
|    explained_variance   | 0.776      |
|    learning_rate        | 0.0003     |
|    loss                 | 3.22       |
|    n_updates            | 14270      |
|    policy_gradient_loss | -0.0614    |
|    std                  | 4.49       |
|    value_loss           | 11.2       |
----------------------------------------
-----------------------------------------
| manipularl/             |             |
|    collision_rate       | 0.66        |
|    grasp_curriculum     | 0.0475      |
|    grasp_failure_rate   | 0.735       |
|    insert_depth_mean    | 0.00016     |
|    insert_tilt_deg_mean | 2.74        |
|    success_rate         | 0           |
| rollout/                |             |
|    ep_len_mean          | 205         |
|    ep_rew_mean          | -47         |
| time/                   |             |
|    fps                  | 1107        |
|    iterations           | 101         |
|    time_elapsed         | 653         |
|    total_timesteps      | 723968      |
| train/                  |             |
|    approx_kl            | 0.083627716 |
|    clip_fraction        | 0.376       |
|    clip_range           | 0.2         |
|    entropy_loss         | -18.9       |
|    explained_variance   | 0.808       |
|    learning_rate        | 0.0003      |
|    loss                 | 4.26        |
|    n_updates            | 14280       |
|    policy_gradient_loss | -0.0595     |
|    std                  | 4.5         |
|    value_loss           | 11.9        |
-----------------------------------------
----------------------------------------
| manipularl/             |            |
|    collision_rate       | 0.68       |
|    grasp_curriculum     | 0.043      |
|    grasp_failure_rate   | 0.759      |
|    insert_depth_mean    | 0.00016    |
|    insert_tilt_deg_mean | 4.18       |
|    success_rate         | 0          |
| rollout/                |            |
|    ep_len_mean          | 193        |
|    ep_rew_mean          | -43.2      |
| time/                   |            |
|    fps                  | 1108       |
|    iterations           | 102        |
|    time_elapsed         | 659        |
|    total_timesteps      | 731136     |
| train/                  |            |
|    approx_kl            | 0.12772375 |
|    clip_fraction        | 0.457      |
|    clip_range           | 0.2        |
|    entropy_loss         | -18.9      |
|    explained_variance   | 0.883      |
|    learning_rate        | 0.0003     |
|    loss                 | 1.46       |
|    n_updates            | 14290      |
|    policy_gradient_loss | -0.0663    |
|    std                  | 4.51       |
|    value_loss           | 6.76       |
----------------------------------------
----------------------------------------
| manipularl/             |            |
|    collision_rate       | 0.7        |
|    grasp_curriculum     | 0.0386     |
|    grasp_failure_rate   | 0.788      |
|    insert_depth_mean    | 8.95e-05   |
|    insert_tilt_deg_mean | 6.01       |
|    success_rate         | 0          |
| rollout/                |            |
|    ep_len_mean          | 181        |
|    ep_rew_mean          | -32.9      |
| time/                   |            |
|    fps                  | 1108       |
|    iterations           | 103        |
|    time_elapsed         | 665        |
|    total_timesteps      | 738304     |
| train/                  |            |
|    approx_kl            | 0.12011776 |
|    clip_fraction        | 0.469      |
|    clip_range           | 0.2        |
|    entropy_loss         | -18.9      |
|    explained_variance   | 0.86       |
|    learning_rate        | 0.0003     |
|    loss                 | 1.91       |
|    n_updates            | 14300      |
|    policy_gradient_loss | -0.0653    |
|    std                  | 4.53       |
|    value_loss           | 6.9        |
----------------------------------------
----------------------------------------
| manipularl/             |            |
|    collision_rate       | 0.68       |
|    grasp_curriculum     | 0.0341     |
|    grasp_failure_rate   | 0.767      |
|    insert_depth_mean    | 6.47e-05   |
|    insert_tilt_deg_mean | 5.02       |
|    success_rate         | 0          |
| rollout/                |            |
|    ep_len_mean          | 187        |
|    ep_rew_mean          | -33.1      |
| time/                   |            |
|    fps                  | 1109       |
|    iterations           | 104        |
|    time_elapsed         | 671        |
|    total_timesteps      | 745472     |
| train/                  |            |
|    approx_kl            | 0.13567841 |
|    clip_fraction        | 0.462      |
|    clip_range           | 0.2        |
|    entropy_loss         | -19        |
|    explained_variance   | 0.888      |
|    learning_rate        | 0.0003     |
|    loss                 | 1.58       |
|    n_updates            | 14310      |
|    policy_gradient_loss | -0.0716    |
|    std                  | 4.57       |
|    value_loss           | 5.85       |
----------------------------------------
----------------------------------------
| manipularl/             |            |
|    collision_rate       | 0.73       |
|    grasp_curriculum     | 0.0296     |
|    grasp_failure_rate   | 0.796      |
|    insert_depth_mean    | 0          |
|    insert_tilt_deg_mean | 1.68       |
|    success_rate         | 0          |
| rollout/                |            |
|    ep_len_mean          | 168        |
|    ep_rew_mean          | -31.8      |
| time/                   |            |
|    fps                  | 1110       |
|    iterations           | 105        |
|    time_elapsed         | 677        |
|    total_timesteps      | 752640     |
| train/                  |            |
|    approx_kl            | 0.10402107 |
|    clip_fraction        | 0.425      |
|    clip_range           | 0.2        |
|    entropy_loss         | -19        |
|    explained_variance   | 0.862      |
|    learning_rate        | 0.0003     |
|    loss                 | 1.76       |
|    n_updates            | 14320      |
|    policy_gradient_loss | -0.066     |
|    std                  | 4.58       |
|    value_loss           | 6.94       |
----------------------------------------
----------------------------------------
| manipularl/             |            |
|    collision_rate       | 0.78       |
|    grasp_curriculum     | 0.0251     |
|    grasp_failure_rate   | 0.766      |
|    insert_depth_mean    | 0          |
|    insert_tilt_deg_mean | 1.16       |
|    success_rate         | 0          |
| rollout/                |            |
|    ep_len_mean          | 148        |
|    ep_rew_mean          | -28.2      |
| time/                   |            |
|    fps                  | 1111       |
|    iterations           | 106        |
|    time_elapsed         | 683        |
|    total_timesteps      | 759808     |
| train/                  |            |
|    approx_kl            | 0.09981636 |
|    clip_fraction        | 0.42       |
|    clip_range           | 0.2        |
|    entropy_loss         | -19        |
|    explained_variance   | 0.887      |
|    learning_rate        | 0.0003     |
|    loss                 | 1.61       |
|    n_updates            | 14330      |
|    policy_gradient_loss | -0.0714    |
|    std                  | 4.57       |
|    value_loss           | 6.54       |
----------------------------------------
----------------------------------------
| manipularl/             |            |
|    collision_rate       | 0.78       |
|    grasp_curriculum     | 0.0206     |
|    grasp_failure_rate   | 0.747      |
|    insert_depth_mean    | 5.25e-05   |
|    insert_tilt_deg_mean | 0.897      |
|    success_rate         | 0          |
| rollout/                |            |
|    ep_len_mean          | 146        |
|    ep_rew_mean          | -28.4      |
| time/                   |            |
|    fps                  | 1112       |
|    iterations           | 107        |
|    time_elapsed         | 689        |
|    total_timesteps      | 766976     |
| train/                  |            |
|    approx_kl            | 0.08144516 |
|    clip_fraction        | 0.402      |
|    clip_range           | 0.2        |
|    entropy_loss         | -19        |
|    explained_variance   | 0.726      |
|    learning_rate        | 0.0003     |
|    loss                 | 3.29       |
|    n_updates            | 14340      |
|    policy_gradient_loss | -0.0655    |
|    std                  | 4.58       |
|    value_loss           | 11.1       |
----------------------------------------
----------------------------------------
| manipularl/             |            |
|    collision_rate       | 0.75       |
|    grasp_curriculum     | 0.0162     |
|    grasp_failure_rate   | 0.737      |
|    insert_depth_mean    | 0.000689   |
|    insert_tilt_deg_mean | 0.154      |
|    success_rate         | 0          |
| rollout/                |            |
|    ep_len_mean          | 153        |
|    ep_rew_mean          | -31.8      |
| time/                   |            |
|    fps                  | 1113       |
|    iterations           | 108        |
|    time_elapsed         | 695        |
|    total_timesteps      | 774144     |
| train/                  |            |
|    approx_kl            | 0.10377289 |
|    clip_fraction        | 0.42       |
|    clip_range           | 0.2        |
|    entropy_loss         | -19        |
|    explained_variance   | 0.823      |
|    learning_rate        | 0.0003     |
|    loss                 | 2.32       |
|    n_updates            | 14350      |
|    policy_gradient_loss | -0.0663    |
|    std                  | 4.6        |
|    value_loss           | 8.01       |
----------------------------------------
----------------------------------------
| manipularl/             |            |
|    collision_rate       | 0.69       |
|    grasp_curriculum     | 0.0117     |
|    grasp_failure_rate   | 0.708      |
|    insert_depth_mean    | 0.00262    |
|    insert_tilt_deg_mean | 0.155      |
|    success_rate         | 0          |
| rollout/                |            |
|    ep_len_mean          | 166        |
|    ep_rew_mean          | -31.4      |
| time/                   |            |
|    fps                  | 1114       |
|    iterations           | 109        |
|    time_elapsed         | 700        |
|    total_timesteps      | 781312     |
| train/                  |            |
|    approx_kl            | 0.10217748 |
|    clip_fraction        | 0.414      |
|    clip_range           | 0.2        |
|    entropy_loss         | -19        |
|    explained_variance   | 0.814      |
|    learning_rate        | 0.0003     |
|    loss                 | 2.83       |
|    n_updates            | 14360      |
|    policy_gradient_loss | -0.0705    |
|    std                  | 4.61       |
|    value_loss           | 9.04       |
----------------------------------------
----------------------------------------
| manipularl/             |            |
|    collision_rate       | 0.64       |
|    grasp_curriculum     | 0.0072     |
|    grasp_failure_rate   | 0.693      |
|    insert_depth_mean    | 0.00314    |
|    insert_tilt_deg_mean | 0.453      |
|    success_rate         | 0          |
| rollout/                |            |
|    ep_len_mean          | 193        |
|    ep_rew_mean          | -37.1      |
| time/                   |            |
|    fps                  | 1115       |
|    iterations           | 110        |
|    time_elapsed         | 706        |
|    total_timesteps      | 788480     |
| train/                  |            |
|    approx_kl            | 0.13974068 |
|    clip_fraction        | 0.466      |
|    clip_range           | 0.2        |
|    entropy_loss         | -19        |
|    explained_variance   | 0.868      |
|    learning_rate        | 0.0003     |
|    loss                 | 1.15       |
|    n_updates            | 14370      |
|    policy_gradient_loss | -0.0723    |
|    std                  | 4.62       |
|    value_loss           | 4.97       |
----------------------------------------
-----------------------------------------
| manipularl/             |             |
|    collision_rate       | 0.61        |
|    grasp_curriculum     | 0.00272     |
|    grasp_failure_rate   | 0.696       |
|    insert_depth_mean    | 0.00402     |
|    insert_tilt_deg_mean | 0.453       |
|    success_rate         | 0           |
| rollout/                |             |
|    ep_len_mean          | 212         |
|    ep_rew_mean          | -38.4       |
| time/                   |             |
|    fps                  | 1116        |
|    iterations           | 111         |
|    time_elapsed         | 712         |
|    total_timesteps      | 795648      |
| train/                  |             |
|    approx_kl            | 0.104119875 |
|    clip_fraction        | 0.425       |
|    clip_range           | 0.2         |
|    entropy_loss         | -19         |
|    explained_variance   | 0.831       |
|    learning_rate        | 0.0003      |
|    loss                 | 1.75        |
|    n_updates            | 14380       |
|    policy_gradient_loss | -0.0595     |
|    std                  | 4.62        |
|    value_loss           | 6.09        |
-----------------------------------------
Eval num_timesteps=799960, episode_reward=-56.51 +/- 42.01
Episode length: 300.00 +/- 155.93
----------------------------------------
| eval/                   |            |
|    mean_ep_length       | 300        |
|    mean_reward          | -56.5      |
| manipularl/             |            |
|    collision_rate       | 0.6        |
|    grasp_curriculum     | 3.37e-05   |
|    grasp_failure_rate   | 0.678      |
|    insert_depth_mean    | 0.00463    |
|    insert_tilt_deg_mean | 0.898      |
|    success_rate         | 0          |
| time/                   |            |
|    total_timesteps      | 799960     |
| train/                  |            |
|    approx_kl            | 0.13669439 |
|    clip_fraction        | 0.477      |
|    clip_range           | 0.2        |
|    entropy_loss         | -19        |
|    explained_variance   | 0.817      |
|    learning_rate        | 0.0003     |
|    loss                 | 1.35       |
|    n_updates            | 14390      |
|    policy_gradient_loss | -0.0648    |
|    std                  | 4.65       |
|    value_loss           | 5.01       |
----------------------------------------
--------------------------------------
| manipularl/             |          |
|    collision_rate       | 0.62     |
|    grasp_curriculum     | 0        |
|    grasp_failure_rate   | 0.68     |
|    insert_depth_mean    | 0.00455  |
|    insert_tilt_deg_mean | 0.898    |
|    success_rate         | 0        |
| rollout/                |          |
|    ep_len_mean          | 226      |
|    ep_rew_mean          | -42      |
| time/                   |          |
|    fps                  | 1092     |
|    iterations           | 112      |
|    time_elapsed         | 734      |
|    total_timesteps      | 802816   |
--------------------------------------
----------------------------------------
| manipularl/             |            |
|    collision_rate       | 0.65       |
|    grasp_curriculum     | 0          |
|    grasp_failure_rate   | 0.711      |
|    insert_depth_mean    | 0.00526    |
|    insert_tilt_deg_mean | 0.448      |
|    success_rate         | 0          |
| rollout/                |            |
|    ep_len_mean          | 214        |
|    ep_rew_mean          | -42        |
| time/                   |            |
|    fps                  | 1092       |
|    iterations           | 113        |
|    time_elapsed         | 741        |
|    total_timesteps      | 809984     |
| train/                  |            |
|    approx_kl            | 0.11498858 |
|    clip_fraction        | 0.452      |
|    clip_range           | 0.2        |
|    entropy_loss         | -19        |
|    explained_variance   | 0.821      |
|    learning_rate        | 0.0003     |
|    loss                 | 1.39       |
|    n_updates            | 14400      |
|    policy_gradient_loss | -0.0699    |
|    std                  | 4.66       |
|    value_loss           | 5.63       |
----------------------------------------
---------------------------------------
| manipularl/             |           |
|    collision_rate       | 0.62      |
|    grasp_curriculum     | 0         |
|    grasp_failure_rate   | 0.701     |
|    insert_depth_mean    | 0.00432   |
|    insert_tilt_deg_mean | 0.448     |
|    success_rate         | 0         |
| rollout/                |           |
|    ep_len_mean          | 218       |
|    ep_rew_mean          | -45.1     |
| time/                   |           |
|    fps                  | 1092      |
|    iterations           | 114       |
|    time_elapsed         | 748       |
|    total_timesteps      | 817152    |
| train/                  |           |
|    approx_kl            | 0.1012743 |
|    clip_fraction        | 0.451     |
|    clip_range           | 0.2       |
|    entropy_loss         | -19       |
|    explained_variance   | 0.815     |
|    learning_rate        | 0.0003    |
|    loss                 | 2.54      |
|    n_updates            | 14410     |
|    policy_gradient_loss | -0.0602   |
|    std                  | 4.67      |
|    value_loss           | 9.08      |
---------------------------------------
----------------------------------------
| manipularl/             |            |
|    collision_rate       | 0.53       |
|    grasp_curriculum     | 0          |
|    grasp_failure_rate   | 0.668      |
|    insert_depth_mean    | 0.00197    |
|    insert_tilt_deg_mean | 0.0029     |
|    success_rate         | 0          |
| rollout/                |            |
|    ep_len_mean          | 245        |
|    ep_rew_mean          | -51.4      |
| time/                   |            |
|    fps                  | 1092       |
|    iterations           | 115        |
|    time_elapsed         | 754        |
|    total_timesteps      | 824320     |
| train/                  |            |
|    approx_kl            | 0.10755582 |
|    clip_fraction        | 0.455      |
|    clip_range           | 0.2        |
|    entropy_loss         | -19        |
|    explained_variance   | 0.831      |
|    learning_rate        | 0.0003     |
|    loss                 | 1.13       |
|    n_updates            | 14420      |
|    policy_gradient_loss | -0.0635    |
|    std                  | 4.68       |
|    value_loss           | 4.97       |
----------------------------------------
--------------------------------------
| manipularl/             |          |
|    collision_rate       | 0.54     |
|    grasp_curriculum     | 0        |
|    grasp_failure_rate   | 0.673    |
|    insert_depth_mean    | 0.000649 |
|    insert_tilt_deg_mean | 0.00252  |
|    success_rate         | 0        |
| rollout/                |          |
|    ep_len_mean          | 238      |
|    ep_rew_mean          | -52.8    |
| time/                   |          |
|    fps                  | 1093     |
|    iterations           | 116      |
|    time_elapsed         | 760      |
|    total_timesteps      | 831488   |
| train/                  |          |
|    approx_kl            | 0.092255 |
|    clip_fraction        | 0.435    |
|    clip_range           | 0.2      |
|    entropy_loss         | -19      |
|    explained_variance   | 0.838    |
|    learning_rate        | 0.0003   |
|    loss                 | 1.93     |
|    n_updates            | 14430    |
|    policy_gradient_loss | -0.0601  |
|    std                  | 4.7      |
|    value_loss           | 6.77     |
--------------------------------------
-----------------------------------------
| manipularl/             |             |
|    collision_rate       | 0.73        |
|    grasp_curriculum     | 0           |
|    grasp_failure_rate   | 0.697       |
|    insert_depth_mean    | 0.000183    |
|    insert_tilt_deg_mean | 1.19        |
|    success_rate         | 0           |
| rollout/                |             |
|    ep_len_mean          | 178         |
|    ep_rew_mean          | -44.6       |
| time/                   |             |
|    fps                  | 1093        |
|    iterations           | 117         |
|    time_elapsed         | 766         |
|    total_timesteps      | 838656      |
| train/                  |             |
|    approx_kl            | 0.082541615 |
|    clip_fraction        | 0.407       |
|    clip_range           | 0.2         |
|    entropy_loss         | -19.1       |
|    explained_variance   | 0.83        |
|    learning_rate        | 0.0003      |
|    loss                 | 3.95        |
|    n_updates            | 14440       |
|    policy_gradient_loss | -0.061      |
|    std                  | 4.71        |
|    value_loss           | 10.2        |
-----------------------------------------
----------------------------------------
| manipularl/             |            |
|    collision_rate       | 0.72       |
|    grasp_curriculum     | 0          |
|    grasp_failure_rate   | 0.71       |
|    insert_depth_mean    | 0.000244   |
|    insert_tilt_deg_mean | 1.19       |
|    success_rate         | 0          |
| rollout/                |            |
|    ep_len_mean          | 184        |
|    ep_rew_mean          | -44.3      |
| time/                   |            |
|    fps                  | 1094       |
|    iterations           | 118        |
|    time_elapsed         | 772        |
|    total_timesteps      | 845824     |
| train/                  |            |
|    approx_kl            | 0.07552332 |
|    clip_fraction        | 0.386      |
|    clip_range           | 0.2        |
|    entropy_loss         | -19.1      |
|    explained_variance   | 0.778      |
|    learning_rate        | 0.0003     |
|    loss                 | 6.43       |
|    n_updates            | 14450      |
|    policy_gradient_loss | -0.0653    |
|    std                  | 4.72       |
|    value_loss           | 14.2       |
----------------------------------------
----------------------------------------
| manipularl/             |            |
|    collision_rate       | 0.69       |
|    grasp_curriculum     | 0          |
|    grasp_failure_rate   | 0.709      |
|    insert_depth_mean    | 0.000333   |
|    insert_tilt_deg_mean | 1.12       |
|    success_rate         | 0          |
| rollout/                |            |
|    ep_len_mean          | 198        |
|    ep_rew_mean          | -40        |
| time/                   |            |
|    fps                  | 1095       |
|    iterations           | 119        |
|    time_elapsed         | 778        |
|    total_timesteps      | 852992     |
| train/                  |            |
|    approx_kl            | 0.08866393 |
|    clip_fraction        | 0.402      |
|    clip_range           | 0.2        |
|    entropy_loss         | -19.1      |
|    explained_variance   | 0.819      |
|    learning_rate        | 0.0003     |
|    loss                 | 2.1        |
|    n_updates            | 14460      |
|    policy_gradient_loss | -0.0702    |
|    std                  | 4.73       |
|    value_loss           | 7.01       |
----------------------------------------
----------------------------------------
| manipularl/             |            |
|    collision_rate       | 0.63       |
|    grasp_curriculum     | 0          |
|    grasp_failure_rate   | 0.708      |
|    insert_depth_mean    | 0.00024    |
|    insert_tilt_deg_mean | 1.16       |
|    success_rate         | 0          |
| rollout/                |            |
|    ep_len_mean          | 219        |
|    ep_rew_mean          | -36.3      |
| time/                   |            |
|    fps                  | 1096       |
|    iterations           | 120        |
|    time_elapsed         | 784        |
|    total_timesteps      | 860160     |
| train/                  |            |
|    approx_kl            | 0.10186401 |
|    clip_fraction        | 0.406      |
|    clip_range           | 0.2        |
|    entropy_loss         | -19.1      |
|    explained_variance   | 0.822      |
|    learning_rate        | 0.0003     |
|    loss                 | 2.16       |
|    n_updates            | 14470      |
|    policy_gradient_loss | -0.0688    |
|    std                  | 4.74       |
|    value_loss           | 7.57       |
----------------------------------------
----------------------------------------
| manipularl/             |            |
|    collision_rate       | 0.56       |
|    grasp_curriculum     | 0          |
|    grasp_failure_rate   | 0.731      |
|    insert_depth_mean    | 0.00029    |
|    insert_tilt_deg_mean | 1.91       |
|    success_rate         | 0          |
| rollout/                |            |
|    ep_len_mean          | 229        |
|    ep_rew_mean          | -32.7      |
| time/                   |            |
|    fps                  | 1097       |
|    iterations           | 121        |
|    time_elapsed         | 790        |
|    total_timesteps      | 867328     |
| train/                  |            |
|    approx_kl            | 0.11219004 |
|    clip_fraction        | 0.435      |
|    clip_range           | 0.2        |
|    entropy_loss         | -19.1      |
|    explained_variance   | 0.874      |
|    learning_rate        | 0.0003     |
|    loss                 | 1.11       |
|    n_updates            | 14480      |
|    policy_gradient_loss | -0.0606    |
|    std                  | 4.75       |
|    value_loss           | 3.82       |
----------------------------------------
----------------------------------------
| manipularl/             |            |
|    collision_rate       | 0.5        |
|    grasp_curriculum     | 0          |
|    grasp_failure_rate   | 0.729      |
|    insert_depth_mean    | 0.000273   |
|    insert_tilt_deg_mean | 2.75       |
|    success_rate         | 0          |
| rollout/                |            |
|    ep_len_mean          | 243        |
|    ep_rew_mean          | -31        |
| time/                   |            |
|    fps                  | 1097       |
|    iterations           | 122        |
|    time_elapsed         | 796        |
|    total_timesteps      | 874496     |
| train/                  |            |
|    approx_kl            | 0.14136903 |
|    clip_fraction        | 0.48       |
|    clip_range           | 0.2        |
|    entropy_loss         | -19.1      |
|    explained_variance   | 0.794      |
|    learning_rate        | 0.0003     |
|    loss                 | 1.1        |
|    n_updates            | 14490      |
|    policy_gradient_loss | -0.0641    |
|    std                  | 4.76       |
|    value_loss           | 4.09       |
----------------------------------------
----------------------------------------
| manipularl/             |            |
|    collision_rate       | 0.6        |
|    grasp_curriculum     | 0          |
|    grasp_failure_rate   | 0.757      |
|    insert_depth_mean    | 0.000122   |
|    insert_tilt_deg_mean | 1.7        |
|    success_rate         | 0          |
| rollout/                |            |
|    ep_len_mean          | 209        |
|    ep_rew_mean          | -27.1      |
| time/                   |            |
|    fps                  | 1098       |
|    iterations           | 123        |
|    time_elapsed         | 802        |
|    total_timesteps      | 881664     |
| train/                  |            |
|    approx_kl            | 0.14462838 |
|    clip_fraction        | 0.499      |
|    clip_range           | 0.2        |
|    entropy_loss         | -19.1      |
|    explained_variance   | 0.882      |
|    learning_rate        | 0.0003     |
|    loss                 | 0.899      |
|    n_updates            | 14500      |
|    policy_gradient_loss | -0.0665    |
|    std                  | 4.78       |
|    value_loss           | 3.29       |
----------------------------------------
---------------------------------------
| manipularl/             |           |
|    collision_rate       | 0.64      |
|    grasp_curriculum     | 0         |
|    grasp_failure_rate   | 0.75      |
|    insert_depth_mean    | 0.000122  |
|    insert_tilt_deg_mean | 0.842     |
|    success_rate         | 0         |
| rollout/                |           |
|    ep_len_mean          | 197       |
|    ep_rew_mean          | -26.2     |
| time/                   |           |
|    fps                  | 1099      |
|    iterations           | 124       |
|    time_elapsed         | 808       |
|    total_timesteps      | 888832    |
| train/                  |           |
|    approx_kl            | 0.1186955 |
|    clip_fraction        | 0.46      |
|    clip_range           | 0.2       |
|    entropy_loss         | -19.1     |
|    explained_variance   | 0.826     |
|    learning_rate        | 0.0003    |
|    loss                 | 1.43      |
|    n_updates            | 14510     |
|    policy_gradient_loss | -0.0731   |
|    std                  | 4.79      |
|    value_loss           | 6.11      |
---------------------------------------
----------------------------------------
| manipularl/             |            |
|    collision_rate       | 0.63       |
|    grasp_curriculum     | 0          |
|    grasp_failure_rate   | 0.759      |
|    insert_depth_mean    | 2.87e-05   |
|    insert_tilt_deg_mean | 0.0033     |
|    success_rate         | 0          |
| rollout/                |            |
|    ep_len_mean          | 199        |
|    ep_rew_mean          | -28.4      |
| time/                   |            |
|    fps                  | 1099       |
|    iterations           | 125        |
|    time_elapsed         | 814        |
|    total_timesteps      | 896000     |
| train/                  |            |
|    approx_kl            | 0.13826802 |
|    clip_fraction        | 0.463      |
|    clip_range           | 0.2        |
|    entropy_loss         | -19.1      |
|    explained_variance   | 0.88       |
|    learning_rate        | 0.0003     |
|    loss                 | 0.627      |
|    n_updates            | 14520      |
|    policy_gradient_loss | -0.0681    |
|    std                  | 4.81       |
|    value_loss           | 3.49       |
----------------------------------------
----------------------------------------
| manipularl/             |            |
|    collision_rate       | 0.57       |
|    grasp_curriculum     | 0          |
|    grasp_failure_rate   | 0.739      |
|    insert_depth_mean    | 2.87e-05   |
|    insert_tilt_deg_mean | 0.0034     |
|    success_rate         | 0          |
| rollout/                |            |
|    ep_len_mean          | 216        |
|    ep_rew_mean          | -30.1      |
| time/                   |            |
|    fps                  | 1100       |
|    iterations           | 126        |
|    time_elapsed         | 820        |
|    total_timesteps      | 903168     |
| train/                  |            |
|    approx_kl            | 0.11585702 |
|    clip_fraction        | 0.446      |
|    clip_range           | 0.2        |
|    entropy_loss         | -19.1      |
|    explained_variance   | 0.809      |
|    learning_rate        | 0.0003     |
|    loss                 | 1.48       |
|    n_updates            | 14530      |
|    policy_gradient_loss | -0.065     |
|    std                  | 4.83       |
|    value_loss           | 5.17       |
----------------------------------------
---------------------------------------
| manipularl/             |           |
|    collision_rate       | 0.59      |
|    grasp_curriculum     | 0         |
|    grasp_failure_rate   | 0.764     |
|    insert_depth_mean    | 0         |
|    insert_tilt_deg_mean | 0.00355   |
|    success_rate         | 0         |
| rollout/                |           |
|    ep_len_mean          | 201       |
|    ep_rew_mean          | -28       |
| time/                   |           |
|    fps                  | 1100      |
|    iterations           | 127       |
|    time_elapsed         | 826       |
|    total_timesteps      | 910336    |
| train/                  |           |
|    approx_kl            | 0.1273391 |
|    clip_fraction        | 0.453     |
|    clip_range           | 0.2       |
|    entropy_loss         | -19.1     |
|    explained_variance   | 0.832     |
|    learning_rate        | 0.0003    |
|    loss                 | 0.945     |
|    n_updates            | 14540     |
|    policy_gradient_loss | -0.0631   |
|    std                  | 4.86      |
|    value_loss           | 4.34      |
---------------------------------------
----------------------------------------
| manipularl/             |            |
|    collision_rate       | 0.58       |
|    grasp_curriculum     | 0          |
|    grasp_failure_rate   | 0.743      |
|    insert_depth_mean    | 2.52e-05   |
|    insert_tilt_deg_mean | 0.00325    |
|    success_rate         | 0          |
| rollout/                |            |
|    ep_len_mean          | 211        |
|    ep_rew_mean          | -31        |
| time/                   |            |
|    fps                  | 1101       |
|    iterations           | 128        |
|    time_elapsed         | 832        |
|    total_timesteps      | 917504     |
| train/                  |            |
|    approx_kl            | 0.12481339 |
|    clip_fraction        | 0.475      |
|    clip_range           | 0.2        |
|    entropy_loss         | -19.1      |
|    explained_variance   | 0.853      |
|    learning_rate        | 0.0003     |
|    loss                 | 1.51       |
|    n_updates            | 14550      |
|    policy_gradient_loss | -0.0683    |
|    std                  | 4.87       |
|    value_loss           | 5.36       |
----------------------------------------
-----------------------------------------
| manipularl/             |             |
|    collision_rate       | 0.56        |
|    grasp_curriculum     | 0           |
|    grasp_failure_rate   | 0.715       |
|    insert_depth_mean    | 2.52e-05    |
|    insert_tilt_deg_mean | 0.00323     |
|    success_rate         | 0           |
| rollout/                |             |
|    ep_len_mean          | 224         |
|    ep_rew_mean          | -38.1       |
| time/                   |             |
|    fps                  | 1102        |
|    iterations           | 129         |
|    time_elapsed         | 838         |
|    total_timesteps      | 924672      |
| train/                  |             |
|    approx_kl            | 0.117819674 |
|    clip_fraction        | 0.459       |
|    clip_range           | 0.2         |
|    entropy_loss         | -19.2       |
|    explained_variance   | 0.874       |
|    learning_rate        | 0.0003      |
|    loss                 | 1.05        |
|    n_updates            | 14560       |
|    policy_gradient_loss | -0.0651     |
|    std                  | 4.89        |
|    value_loss           | 4.39        |
-----------------------------------------
----------------------------------------
| manipularl/             |            |
|    collision_rate       | 0.59       |
|    grasp_curriculum     | 0          |
|    grasp_failure_rate   | 0.677      |
|    insert_depth_mean    | 2.52e-05   |
|    insert_tilt_deg_mean | 0.0044     |
|    success_rate         | 0          |
| rollout/                |            |
|    ep_len_mean          | 228        |
|    ep_rew_mean          | -42.5      |
| time/                   |            |
|    fps                  | 1102       |
|    iterations           | 130        |
|    time_elapsed         | 844        |
|    total_timesteps      | 931840     |
| train/                  |            |
|    approx_kl            | 0.10636966 |
|    clip_fraction        | 0.465      |
|    clip_range           | 0.2        |
|    entropy_loss         | -19.2      |
|    explained_variance   | 0.814      |
|    learning_rate        | 0.0003     |
|    loss                 | 1.77       |
|    n_updates            | 14570      |
|    policy_gradient_loss | -0.0684    |
|    std                  | 4.9        |
|    value_loss           | 6.54       |
----------------------------------------
----------------------------------------
| manipularl/             |            |
|    collision_rate       | 0.64       |
|    grasp_curriculum     | 0          |
|    grasp_failure_rate   | 0.686      |
|    insert_depth_mean    | 7.14e-05   |
|    insert_tilt_deg_mean | 0.00589    |
|    success_rate         | 0          |
| rollout/                |            |
|    ep_len_mean          | 208        |
|    ep_rew_mean          | -39.7      |
| time/                   |            |
|    fps                  | 1103       |
|    iterations           | 131        |
|    time_elapsed         | 850        |
|    total_timesteps      | 939008     |
| train/                  |            |
|    approx_kl            | 0.10420699 |
|    clip_fraction        | 0.423      |
|    clip_range           | 0.2        |
|    entropy_loss         | -19.2      |
|    explained_variance   | 0.792      |
|    learning_rate        | 0.0003     |
|    loss                 | 2.09       |
|    n_updates            | 14580      |
|    policy_gradient_loss | -0.0629    |
|    std                  | 4.91       |
|    value_loss           | 7.68       |
----------------------------------------
-----------------------------------------
| manipularl/             |             |
|    collision_rate       | 0.63        |
|    grasp_curriculum     | 0           |
|    grasp_failure_rate   | 0.698       |
|    insert_depth_mean    | 0.000672    |
|    insert_tilt_deg_mean | 0.0575      |
|    success_rate         | 0           |
| rollout/                |             |
|    ep_len_mean          | 216         |
|    ep_rew_mean          | -39.1       |
| time/                   |             |
|    fps                  | 1104        |
|    iterations           | 132         |
|    time_elapsed         | 856         |
|    total_timesteps      | 946176      |
| train/                  |             |
|    approx_kl            | 0.091120794 |
|    clip_fraction        | 0.43        |
|    clip_range           | 0.2         |
|    entropy_loss         | -19.2       |
|    explained_variance   | 0.795       |
|    learning_rate        | 0.0003      |
|    loss                 | 1.83        |
|    n_updates            | 14590       |
|    policy_gradient_loss | -0.0625     |
|    std                  | 4.93        |
|    value_loss           | 6.67        |
-----------------------------------------
-----------------------------------------
| manipularl/             |             |
|    collision_rate       | 0.6         |
|    grasp_curriculum     | 0           |
|    grasp_failure_rate   | 0.692       |
|    insert_depth_mean    | 0.00189     |
|    insert_tilt_deg_mean | 0.0565      |
|    success_rate         | 0           |
| rollout/                |             |
|    ep_len_mean          | 221         |
|    ep_rew_mean          | -42.7       |
| time/                   |             |
|    fps                  | 1104        |
|    iterations           | 133         |
|    time_elapsed         | 862         |
|    total_timesteps      | 953344      |
| train/                  |             |
|    approx_kl            | 0.104274824 |
|    clip_fraction        | 0.41        |
|    clip_range           | 0.2         |
|    entropy_loss         | -19.2       |
|    explained_variance   | 0.887       |
|    learning_rate        | 0.0003      |
|    loss                 | 1.15        |
|    n_updates            | 14600       |
|    policy_gradient_loss | -0.065      |
|    std                  | 4.94        |
|    value_loss           | 5.77        |
-----------------------------------------
---------------------------------------
| manipularl/             |           |
|    collision_rate       | 0.59      |
|    grasp_curriculum     | 0         |
|    grasp_failure_rate   | 0.714     |
|    insert_depth_mean    | 0.00385   |
|    insert_tilt_deg_mean | 0.0552    |
|    success_rate         | 0         |
| rollout/                |           |
|    ep_len_mean          | 219       |
|    ep_rew_mean          | -41.3     |
| time/                   |           |
|    fps                  | 1105      |
|    iterations           | 134       |
|    time_elapsed         | 869       |
|    total_timesteps      | 960512    |
| train/                  |           |
|    approx_kl            | 0.0993956 |
|    clip_fraction        | 0.445     |
|    clip_range           | 0.2       |
|    entropy_loss         | -19.2     |
|    explained_variance   | 0.865     |
|    learning_rate        | 0.0003    |
|    loss                 | 2.26      |
|    n_updates            | 14610     |
|    policy_gradient_loss | -0.0631   |
|    std                  | 4.95      |
|    value_loss           | 7.97      |
---------------------------------------
----------------------------------------
| manipularl/             |            |
|    collision_rate       | 0.68       |
|    grasp_curriculum     | 0          |
|    grasp_failure_rate   | 0.705      |
|    insert_depth_mean    | 0.00445    |
|    insert_tilt_deg_mean | 0.00377    |
|    success_rate         | 0          |
| rollout/                |            |
|    ep_len_mean          | 194        |
|    ep_rew_mean          | -39.7      |
| time/                   |            |
|    fps                  | 1106       |
|    iterations           | 135        |
|    time_elapsed         | 874        |
|    total_timesteps      | 967680     |
| train/                  |            |
|    approx_kl            | 0.10000379 |
|    clip_fraction        | 0.426      |
|    clip_range           | 0.2        |
|    entropy_loss         | -19.2      |
|    explained_variance   | 0.789      |
|    learning_rate        | 0.0003     |
|    loss                 | 1.64       |
|    n_updates            | 14620      |
|    policy_gradient_loss | -0.0751    |
|    std                  | 4.96       |
|    value_loss           | 6.76       |
----------------------------------------
-----------------------------------------
| manipularl/             |             |
|    collision_rate       | 0.76        |
|    grasp_curriculum     | 0           |
|    grasp_failure_rate   | 0.707       |
|    insert_depth_mean    | 0.0043      |
|    insert_tilt_deg_mean | 0.0041      |
|    success_rate         | 0           |
| rollout/                |             |
|    ep_len_mean          | 166         |
|    ep_rew_mean          | -35.7       |
| time/                   |             |
|    fps                  | 1106        |
|    iterations           | 136         |
|    time_elapsed         | 881         |
|    total_timesteps      | 974848      |
| train/                  |             |
|    approx_kl            | 0.101498194 |
|    clip_fraction        | 0.414       |
|    clip_range           | 0.2         |
|    entropy_loss         | -19.2       |
|    explained_variance   | 0.715       |
|    learning_rate        | 0.0003      |
|    loss                 | 2.71        |
|    n_updates            | 14630       |
|    policy_gradient_loss | -0.0716     |
|    std                  | 4.97        |
|    value_loss           | 8.15        |
-----------------------------------------
-----------------------------------------
| manipularl/             |             |
|    collision_rate       | 0.72        |
|    grasp_curriculum     | 0           |
|    grasp_failure_rate   | 0.72        |
|    insert_depth_mean    | 0.00254     |
|    insert_tilt_deg_mean | 0.00314     |
|    success_rate         | 0           |
| rollout/                |             |
|    ep_len_mean          | 172         |
|    ep_rew_mean          | -36.4       |
| time/                   |             |
|    fps                  | 1106        |
|    iterations           | 137         |
|    time_elapsed         | 887         |
|    total_timesteps      | 982016      |
| train/                  |             |
|    approx_kl            | 0.103703015 |
|    clip_fraction        | 0.454       |
|    clip_range           | 0.2         |
|    entropy_loss         | -19.2       |
|    explained_variance   | 0.728       |
|    learning_rate        | 0.0003      |
|    loss                 | 1.6         |
|    n_updates            | 14640       |
|    policy_gradient_loss | -0.0668     |
|    std                  | 4.99        |
|    value_loss           | 6.41        |
-----------------------------------------
---------------------------------------
| manipularl/             |           |
|    collision_rate       | 0.64      |
|    grasp_curriculum     | 0         |
|    grasp_failure_rate   | 0.707     |
|    insert_depth_mean    | 0.000743  |
|    insert_tilt_deg_mean | 0.0029    |
|    success_rate         | 0         |
| rollout/                |           |
|    ep_len_mean          | 198       |
|    ep_rew_mean          | -36.3     |
| time/                   |           |
|    fps                  | 1107      |
|    iterations           | 138       |
|    time_elapsed         | 893       |
|    total_timesteps      | 989184    |
| train/                  |           |
|    approx_kl            | 0.1349682 |
|    clip_fraction        | 0.461     |
|    clip_range           | 0.2       |
|    entropy_loss         | -19.3     |
|    explained_variance   | 0.875     |
|    learning_rate        | 0.0003    |
|    loss                 | 1.13      |
|    n_updates            | 14650     |
|    policy_gradient_loss | -0.0728   |
|    std                  | 5.01      |
|    value_loss           | 4.77      |
---------------------------------------
--------------------------------------
| manipularl/             |          |
|    collision_rate       | 0.57     |
|    grasp_curriculum     | 0        |
|    grasp_failure_rate   | 0.717    |
|    insert_depth_mean    | 0.000268 |
|    insert_tilt_deg_mean | 0.00244  |
|    success_rate         | 0        |
| rollout/                |          |
|    ep_len_mean          | 223      |
|    ep_rew_mean          | -39.6    |
| time/                   |          |
|    fps                  | 1107     |
|    iterations           | 139      |
|    time_elapsed         | 899      |
|    total_timesteps      | 996352   |
| train/                  |          |
|    approx_kl            | 0.117384 |
|    clip_fraction        | 0.439    |
|    clip_range           | 0.2      |
|    entropy_loss         | -19.3    |
|    explained_variance   | 0.882    |
|    learning_rate        | 0.0003   |
|    loss                 | 1.15     |
|    n_updates            | 14660    |
|    policy_gradient_loss | -0.0667  |
|    std                  | 5.02     |
|    value_loss           | 5.33     |
--------------------------------------
Eval num_timesteps=999950, episode_reward=-39.48 +/- 45.50
Episode length: 214.60 +/- 171.96
----------------------------------------
| eval/                   |            |
|    mean_ep_length       | 215        |
|    mean_reward          | -39.5      |
| manipularl/             |            |
|    collision_rate       | 0.64       |
|    grasp_curriculum     | 0          |
|    grasp_failure_rate   | 0.759      |
|    insert_depth_mean    | 0.000133   |
|    insert_tilt_deg_mean | 0.00265    |
|    success_rate         | 0          |
| time/                   |            |
|    total_timesteps      | 999950     |
| train/                  |            |
|    approx_kl            | 0.10138391 |
|    clip_fraction        | 0.44       |
|    clip_range           | 0.2        |
|    entropy_loss         | -19.3      |
|    explained_variance   | 0.86       |
|    learning_rate        | 0.0003     |
|    loss                 | 1.49       |
|    n_updates            | 14670      |
|    policy_gradient_loss | -0.0687    |
|    std                  | 5.03       |
|    value_loss           | 6.07       |
----------------------------------------
New best mean reward!
--------------------------------------
| manipularl/             |          |
|    collision_rate       | 0.68     |
|    grasp_curriculum     | 0        |
|    grasp_failure_rate   | 0.766    |
|    insert_depth_mean    | 0.000133 |
|    insert_tilt_deg_mean | 0.00264  |
|    success_rate         | 0        |
| rollout/                |          |
|    ep_len_mean          | 197      |
|    ep_rew_mean          | -35.2    |
| time/                   |          |
|    fps                  | 1094     |
|    iterations           | 140      |
|    time_elapsed         | 916      |
|    total_timesteps      | 1003520  |
--------------------------------------
----------------------------------------
| manipularl/             |            |
|    collision_rate       | 0.67       |
|    grasp_curriculum     | 0          |
|    grasp_failure_rate   | 0.781      |
|    insert_depth_mean    | 0.000133   |
|    insert_tilt_deg_mean | 0.00245    |
|    success_rate         | 0          |
| rollout/                |            |
|    ep_len_mean          | 194        |
|    ep_rew_mean          | -36.6      |
| time/                   |            |
|    fps                  | 1095       |
|    iterations           | 141        |
|    time_elapsed         | 922        |
|    total_timesteps      | 1010688    |
| train/                  |            |
|    approx_kl            | 0.08862046 |
|    clip_fraction        | 0.398      |
|    clip_range           | 0.2        |
|    entropy_loss         | -19.3      |
|    explained_variance   | 0.813      |
|    learning_rate        | 0.0003     |
|    loss                 | 1.32       |
|    n_updates            | 14680      |
|    policy_gradient_loss | -0.0678    |
|    std                  | 5.04       |
|    value_loss           | 6.87       |
----------------------------------------
----------------------------------------
| manipularl/             |            |
|    collision_rate       | 0.68       |
|    grasp_curriculum     | 0          |
|    grasp_failure_rate   | 0.789      |
|    insert_depth_mean    | 0          |
|    insert_tilt_deg_mean | 0.00257    |
|    success_rate         | 0          |
| rollout/                |            |
|    ep_len_mean          | 186        |
|    ep_rew_mean          | -33.8      |
| time/                   |            |
|    fps                  | 1095       |
|    iterations           | 142        |
|    time_elapsed         | 928        |
|    total_timesteps      | 1017856    |
| train/                  |            |
|    approx_kl            | 0.09043876 |
|    clip_fraction        | 0.413      |
|    clip_range           | 0.2        |
|    entropy_loss         | -19.3      |
|    explained_variance   | 0.86       |
|    learning_rate        | 0.0003     |
|    loss                 | 1.49       |
|    n_updates            | 14690      |
|    policy_gradient_loss | -0.0645    |
|    std                  | 5.06       |
|    value_loss           | 6.68       |
----------------------------------------
-----------------------------------------
| manipularl/             |             |
|    collision_rate       | 0.67        |
|    grasp_curriculum     | 0           |
|    grasp_failure_rate   | 0.739       |
|    insert_depth_mean    | 7.78e-05    |
|    insert_tilt_deg_mean | 0.00254     |
|    success_rate         | 0           |
| rollout/                |             |
|    ep_len_mean          | 196         |
|    ep_rew_mean          | -35.2       |
| time/                   |             |
|    fps                  | 1096        |
|    iterations           | 143         |
|    time_elapsed         | 934         |
|    total_timesteps      | 1025024     |
| train/                  |             |
|    approx_kl            | 0.116607785 |
|    clip_fraction        | 0.469       |
|    clip_range           | 0.2         |
|    entropy_loss         | -19.3       |
|    explained_variance   | 0.915       |
|    learning_rate        | 0.0003      |
|    loss                 | 0.574       |
|    n_updates            | 14700       |
|    policy_gradient_loss | -0.0709     |
|    std                  | 5.08        |
|    value_loss           | 3.92        |
-----------------------------------------
----------------------------------------
| manipularl/             |            |
|    collision_rate       | 0.69       |
|    grasp_curriculum     | 0          |
|    grasp_failure_rate   | 0.763      |
|    insert_depth_mean    | 7.78e-05   |
|    insert_tilt_deg_mean | 0.00248    |
|    success_rate         | 0          |
| rollout/                |            |
|    ep_len_mean          | 193        |
|    ep_rew_mean          | -35        |
| time/                   |            |
|    fps                  | 1097       |
|    iterations           | 144        |
|    time_elapsed         | 940        |
|    total_timesteps      | 1032192    |
| train/                  |            |
|    approx_kl            | 0.08592468 |
|    clip_fraction        | 0.413      |
|    clip_range           | 0.2        |
|    entropy_loss         | -19.3      |
|    explained_variance   | 0.849      |
|    learning_rate        | 0.0003     |
|    loss                 | 1.92       |
|    n_updates            | 14710      |
|    policy_gradient_loss | -0.0628    |
|    std                  | 5.1        |
|    value_loss           | 7.98       |
----------------------------------------
----------------------------------------
| manipularl/             |            |
|    collision_rate       | 0.7        |
|    grasp_curriculum     | 0          |
|    grasp_failure_rate   | 0.729      |
|    insert_depth_mean    | 0.000158   |
|    insert_tilt_deg_mean | 0.00248    |
|    success_rate         | 0          |
| rollout/                |            |
|    ep_len_mean          | 183        |
|    ep_rew_mean          | -37.9      |
| time/                   |            |
|    fps                  | 1097       |
|    iterations           | 145        |
|    time_elapsed         | 946        |
|    total_timesteps      | 1039360    |
| train/                  |            |
|    approx_kl            | 0.10739082 |
|    clip_fraction        | 0.427      |
|    clip_range           | 0.2        |
|    entropy_loss         | -19.3      |
|    explained_variance   | 0.867      |
|    learning_rate        | 0.0003     |
|    loss                 | 0.809      |
|    n_updates            | 14720      |
|    policy_gradient_loss | -0.0644    |
|    std                  | 5.12       |
|    value_loss           | 4.69       |
----------------------------------------
----------------------------------------
| manipularl/             |            |
|    collision_rate       | 0.67       |
|    grasp_curriculum     | 0          |
|    grasp_failure_rate   | 0.719      |
|    insert_depth_mean    | 7.99e-05   |
|    insert_tilt_deg_mean | 0.00281    |
|    success_rate         | 0          |
| rollout/                |            |
|    ep_len_mean          | 187        |
|    ep_rew_mean          | -34        |
| time/                   |            |
|    fps                  | 1097       |
|    iterations           | 146        |
|    time_elapsed         | 953        |
|    total_timesteps      | 1046528    |
| train/                  |            |
|    approx_kl            | 0.12110396 |
|    clip_fraction        | 0.452      |
|    clip_range           | 0.2        |
|    entropy_loss         | -19.3      |
|    explained_variance   | 0.783      |
|    learning_rate        | 0.0003     |
|    loss                 | 2.05       |
|    n_updates            | 14730      |
|    policy_gradient_loss | -0.0597    |
|    std                  | 5.13       |
|    value_loss           | 6.92       |
----------------------------------------
---------------------------------------
| manipularl/             |           |
|    collision_rate       | 0.73      |
|    grasp_curriculum     | 0         |
|    grasp_failure_rate   | 0.75      |
|    insert_depth_mean    | 0.00068   |
|    insert_tilt_deg_mean | 0.0031    |
|    success_rate         | 0         |
| rollout/                |           |
|    ep_len_mean          | 165       |
|    ep_rew_mean          | -27       |
| time/                   |           |
|    fps                  | 1098      |
|    iterations           | 147       |
|    time_elapsed         | 959       |
|    total_timesteps      | 1053696   |
| train/                  |           |
|    approx_kl            | 0.1053348 |
|    clip_fraction        | 0.455     |
|    clip_range           | 0.2       |
|    entropy_loss         | -19.3     |
|    explained_variance   | 0.892     |
|    learning_rate        | 0.0003    |
|    loss                 | 1.56      |
|    n_updates            | 14740     |
|    policy_gradient_loss | -0.07     |
|    std                  | 5.14      |
|    value_loss           | 5.57      |
---------------------------------------
----------------------------------------
| manipularl/             |            |
|    collision_rate       | 0.71       |
|    grasp_curriculum     | 0          |
|    grasp_failure_rate   | 0.733      |
|    insert_depth_mean    | 0.00125    |
|    insert_tilt_deg_mean | 0.00312    |
|    success_rate         | 0          |
| rollout/                |            |
|    ep_len_mean          | 177        |
|    ep_rew_mean          | -30.3      |
| time/                   |            |
|    fps                  | 1099       |
|    iterations           | 148        |
|    time_elapsed         | 965        |
|    total_timesteps      | 1060864    |
| train/                  |            |
|    approx_kl            | 0.11337135 |
|    clip_fraction        | 0.427      |
|    clip_range           | 0.2        |
|    entropy_loss         | -19.3      |
|    explained_variance   | 0.879      |
|    learning_rate        | 0.0003     |
|    loss                 | 1.28       |
|    n_updates            | 14750      |
|    policy_gradient_loss | -0.0728    |
|    std                  | 5.15       |
|    value_loss           | 5.48       |
----------------------------------------
----------------------------------------
| manipularl/             |            |
|    collision_rate       | 0.7        |
|    grasp_curriculum     | 0          |
|    grasp_failure_rate   | 0.746      |
|    insert_depth_mean    | 0.000667   |
|    insert_tilt_deg_mean | 0.00321    |
|    success_rate         | 0          |
| rollout/                |            |
|    ep_len_mean          | 169        |
|    ep_rew_mean          | -28.8      |
| time/                   |            |
|    fps                  | 1099       |
|    iterations           | 149        |
|    time_elapsed         | 971        |
|    total_timesteps      | 1068032    |
| train/                  |            |
|    approx_kl            | 0.12463398 |
|    clip_fraction        | 0.457      |
|    clip_range           | 0.2        |
|    entropy_loss         | -19.3      |
|    explained_variance   | 0.89       |
|    learning_rate        | 0.0003     |
|    loss                 | 1.32       |
|    n_updates            | 14760      |
|    policy_gradient_loss | -0.0723    |
|    std                  | 5.15       |
|    value_loss           | 4.97       |
----------------------------------------
----------------------------------------
| manipularl/             |            |
|    collision_rate       | 0.68       |
|    grasp_curriculum     | 0          |
|    grasp_failure_rate   | 0.73       |
|    insert_depth_mean    | 0.00135    |
|    insert_tilt_deg_mean | 0.00348    |
|    success_rate         | 0          |
| rollout/                |            |
|    ep_len_mean          | 179        |
|    ep_rew_mean          | -29.9      |
| time/                   |            |
|    fps                  | 1100       |
|    iterations           | 150        |
|    time_elapsed         | 977        |
|    total_timesteps      | 1075200    |
| train/                  |            |
|    approx_kl            | 0.14292333 |
|    clip_fraction        | 0.483      |
|    clip_range           | 0.2        |
|    entropy_loss         | -19.3      |
|    explained_variance   | 0.91       |
|    learning_rate        | 0.0003     |
|    loss                 | 0.787      |
|    n_updates            | 14770      |
|    policy_gradient_loss | -0.0742    |
|    std                  | 5.16       |
|    value_loss           | 3.74       |
----------------------------------------
----------------------------------------
| manipularl/             |            |
|    collision_rate       | 0.6        |
|    grasp_curriculum     | 0          |
|    grasp_failure_rate   | 0.716      |
|    insert_depth_mean    | 0.0019     |
|    insert_tilt_deg_mean | 0.0034     |
|    success_rate         | 0          |
| rollout/                |            |
|    ep_len_mean          | 201        |
|    ep_rew_mean          | -28.5      |
| time/                   |            |
|    fps                  | 1100       |
|    iterations           | 151        |
|    time_elapsed         | 983        |
|    total_timesteps      | 1082368    |
| train/                  |            |
|    approx_kl            | 0.11304039 |
|    clip_fraction        | 0.453      |
|    clip_range           | 0.2        |
|    entropy_loss         | -19.3      |
|    explained_variance   | 0.847      |
|    learning_rate        | 0.0003     |
|    loss                 | 0.834      |
|    n_updates            | 14780      |
|    policy_gradient_loss | -0.0713    |
|    std                  | 5.19       |
|    value_loss           | 3.79       |
----------------------------------------
----------------------------------------
| manipularl/             |            |
|    collision_rate       | 0.56       |
|    grasp_curriculum     | 0          |
|    grasp_failure_rate   | 0.684      |
|    insert_depth_mean    | 0.00255    |
|    insert_tilt_deg_mean | 0.00333    |
|    success_rate         | 0          |
| rollout/                |            |
|    ep_len_mean          | 221        |
|    ep_rew_mean          | -28.7      |
| time/                   |            |
|    fps                  | 1101       |
|    iterations           | 152        |
|    time_elapsed         | 989        |
|    total_timesteps      | 1089536    |
| train/                  |            |
|    approx_kl            | 0.73892343 |
|    clip_fraction        | 0.469      |
|    clip_range           | 0.2        |
|    entropy_loss         | -19.3      |
|    explained_variance   | 0.867      |
|    learning_rate        | 0.0003     |
|    loss                 | 1.23       |
|    n_updates            | 14790      |
|    policy_gradient_loss | -0.0659    |
|    std                  | 5.2        |
|    value_loss           | 4.04       |
----------------------------------------
---------------------------------------
| manipularl/             |           |
|    collision_rate       | 0.5       |
|    grasp_curriculum     | 0         |
|    grasp_failure_rate   | 0.677     |
|    insert_depth_mean    | 0.00247   |
|    insert_tilt_deg_mean | 0.00358   |
|    success_rate         | 0         |
| rollout/                |           |
|    ep_len_mean          | 234       |
|    ep_rew_mean          | -28.8     |
| time/                   |           |
|    fps                  | 1101      |
|    iterations           | 153       |
|    time_elapsed         | 995       |
|    total_timesteps      | 1096704   |
| train/                  |           |
|    approx_kl            | 0.1297389 |
|    clip_fraction        | 0.5       |
|    clip_range           | 0.2       |
|    entropy_loss         | -19.4     |
|    explained_variance   | 0.892     |
|    learning_rate        | 0.0003    |
|    loss                 | 0.834     |
|    n_updates            | 14800     |
|    policy_gradient_loss | -0.0746   |
|    std                  | 5.22      |
|    value_loss           | 3.31      |
---------------------------------------
----------------------------------------
| manipularl/             |            |
|    collision_rate       | 0.46       |
|    grasp_curriculum     | 0          |
|    grasp_failure_rate   | 0.68       |
|    insert_depth_mean    | 0.00367    |
|    insert_tilt_deg_mean | 0.00392    |
|    success_rate         | 0          |
| rollout/                |            |
|    ep_len_mean          | 243        |
|    ep_rew_mean          | -30.5      |
| time/                   |            |
|    fps                  | 1100       |
|    iterations           | 154        |
|    time_elapsed         | 1003       |
|    total_timesteps      | 1103872    |
| train/                  |            |
|    approx_kl            | 0.12956591 |
|    clip_fraction        | 0.482      |
|    clip_range           | 0.2        |
|    entropy_loss         | -19.4      |
|    explained_variance   | 0.882      |
|    learning_rate        | 0.0003     |
|    loss                 | 0.535      |
|    n_updates            | 14810      |
|    policy_gradient_loss | -0.0758    |
|    std                  | 5.22       |
|    value_loss           | 2.88       |
----------------------------------------
----------------------------------------
| manipularl/             |            |
|    collision_rate       | 0.51       |
|    grasp_curriculum     | 0          |
|    grasp_failure_rate   | 0.725      |
|    insert_depth_mean    | 0.00245    |
|    insert_tilt_deg_mean | 0.00384    |
|    success_rate         | 0          |
| rollout/                |            |
|    ep_len_mean          | 230        |
|    ep_rew_mean          | -30.9      |
| time/                   |            |
|    fps                  | 1099       |
|    iterations           | 155        |
|    time_elapsed         | 1010       |
|    total_timesteps      | 1111040    |
| train/                  |            |
|    approx_kl            | 0.13057446 |
|    clip_fraction        | 0.473      |
|    clip_range           | 0.2        |
|    entropy_loss         | -19.3      |
|    explained_variance   | 0.898      |
|    learning_rate        | 0.0003     |
|    loss                 | 0.44       |
|    n_updates            | 14820      |
|    policy_gradient_loss | -0.0662    |
|    std                  | 5.23       |
|    value_loss           | 2.68       |
----------------------------------------
---------------------------------------
| manipularl/             |           |
|    collision_rate       | 0.51      |
|    grasp_curriculum     | 0         |
|    grasp_failure_rate   | 0.749     |
|    insert_depth_mean    | 0.00424   |
|    insert_tilt_deg_mean | 0.00382   |
|    success_rate         | 0         |
| rollout/                |           |
|    ep_len_mean          | 229       |
|    ep_rew_mean          | -30.6     |
| time/                   |           |
|    fps                  | 1099      |
|    iterations           | 156       |
|    time_elapsed         | 1017      |
|    total_timesteps      | 1118208   |
| train/                  |           |
|    approx_kl            | 0.1189006 |
|    clip_fraction        | 0.454     |
|    clip_range           | 0.2       |
|    entropy_loss         | -19.4     |
|    explained_variance   | 0.872     |
|    learning_rate        | 0.0003    |
|    loss                 | 0.768     |
|    n_updates            | 14830     |
|    policy_gradient_loss | -0.0664   |
|    std                  | 5.25      |
|    value_loss           | 3.56      |
---------------------------------------
----------------------------------------
| manipularl/             |            |
|    collision_rate       | 0.55       |
|    grasp_curriculum     | 0          |
|    grasp_failure_rate   | 0.766      |
|    insert_depth_mean    | 0.00304    |
|    insert_tilt_deg_mean | 0.0035     |
|    success_rate         | 0          |
| rollout/                |            |
|    ep_len_mean          | 223        |
|    ep_rew_mean          | -31.3      |
| time/                   |            |
|    fps                  | 1099       |
|    iterations           | 157        |
|    time_elapsed         | 1023       |
|    total_timesteps      | 1125376    |
| train/                  |            |
|    approx_kl            | 0.11911878 |
|    clip_fraction        | 0.464      |
|    clip_range           | 0.2        |
|    entropy_loss         | -19.4      |
|    explained_variance   | 0.898      |
|    learning_rate        | 0.0003     |
|    loss                 | 0.842      |
|    n_updates            | 14840      |
|    policy_gradient_loss | -0.0659    |
|    std                  | 5.26       |
|    value_loss           | 3.52       |
----------------------------------------
----------------------------------------
| manipularl/             |            |
|    collision_rate       | 0.59       |
|    grasp_curriculum     | 0          |
|    grasp_failure_rate   | 0.78       |
|    insert_depth_mean    | 0.00244    |
|    insert_tilt_deg_mean | 0.00336    |
|    success_rate         | 0          |
| rollout/                |            |
|    ep_len_mean          | 205        |
|    ep_rew_mean          | -29.4      |
| time/                   |            |
|    fps                  | 1098       |
|    iterations           | 158        |
|    time_elapsed         | 1030       |
|    total_timesteps      | 1132544    |
| train/                  |            |
|    approx_kl            | 0.11667075 |
|    clip_fraction        | 0.451      |
|    clip_range           | 0.2        |
|    entropy_loss         | -19.4      |
|    explained_variance   | 0.871      |
|    learning_rate        | 0.0003     |
|    loss                 | 0.849      |
|    n_updates            | 14850      |
|    policy_gradient_loss | -0.0744    |
|    std                  | 5.27       |
|    value_loss           | 4.1        |
----------------------------------------
----------------------------------------
| manipularl/             |            |
|    collision_rate       | 0.63       |
|    grasp_curriculum     | 0          |
|    grasp_failure_rate   | 0.792      |
|    insert_depth_mean    | 0.0006     |
|    insert_tilt_deg_mean | 0.00309    |
|    success_rate         | 0          |
| rollout/                |            |
|    ep_len_mean          | 205        |
|    ep_rew_mean          | -30.3      |
| time/                   |            |
|    fps                  | 1099       |
|    iterations           | 159        |
|    time_elapsed         | 1036       |
|    total_timesteps      | 1139712    |
| train/                  |            |
|    approx_kl            | 0.09757839 |
|    clip_fraction        | 0.428      |
|    clip_range           | 0.2        |
|    entropy_loss         | -19.4      |
|    explained_variance   | 0.821      |
|    learning_rate        | 0.0003     |
|    loss                 | 1.01       |
|    n_updates            | 14860      |
|    policy_gradient_loss | -0.0693    |
|    std                  | 5.28       |
|    value_loss           | 3.98       |
----------------------------------------
----------------------------------------
| manipularl/             |            |
|    collision_rate       | 0.59       |
|    grasp_curriculum     | 0          |
|    grasp_failure_rate   | 0.781      |
|    insert_depth_mean    | 0          |
|    insert_tilt_deg_mean | 0.00299    |
|    success_rate         | 0          |
| rollout/                |            |
|    ep_len_mean          | 215        |
|    ep_rew_mean          | -29.8      |
| time/                   |            |
|    fps                  | 1099       |
|    iterations           | 160        |
|    time_elapsed         | 1042       |
|    total_timesteps      | 1146880    |
| train/                  |            |
|    approx_kl            | 0.09754766 |
|    clip_fraction        | 0.418      |
|    clip_range           | 0.2        |
|    entropy_loss         | -19.3      |
|    explained_variance   | 0.837      |
|    learning_rate        | 0.0003     |
|    loss                 | 1.02       |
|    n_updates            | 14870      |
|    policy_gradient_loss | -0.0661    |
|    std                  | 5.28       |
|    value_loss           | 4.22       |
----------------------------------------
----------------------------------------
| manipularl/             |            |
|    collision_rate       | 0.6        |
|    grasp_curriculum     | 0          |
|    grasp_failure_rate   | 0.781      |
|    insert_depth_mean    | 0          |
|    insert_tilt_deg_mean | 0.00319    |
|    success_rate         | 0          |
| rollout/                |            |
|    ep_len_mean          | 217        |
|    ep_rew_mean          | -28        |
| time/                   |            |
|    fps                  | 1100       |
|    iterations           | 161        |
|    time_elapsed         | 1048       |
|    total_timesteps      | 1154048    |
| train/                  |            |
|    approx_kl            | 0.11548684 |
|    clip_fraction        | 0.465      |
|    clip_range           | 0.2        |
|    entropy_loss         | -19.3      |
|    explained_variance   | 0.871      |
|    learning_rate        | 0.0003     |
|    loss                 | 0.537      |
|    n_updates            | 14880      |
|    policy_gradient_loss | -0.0683    |
|    std                  | 5.29       |
|    value_loss           | 2.68       |
----------------------------------------
---------------------------------------
| manipularl/             |           |
|    collision_rate       | 0.5       |
|    grasp_curriculum     | 0         |
|    grasp_failure_rate   | 0.768     |
|    insert_depth_mean    | 0         |
|    insert_tilt_deg_mean | 0.00298   |
|    success_rate         | 0         |
| rollout/                |           |
|    ep_len_mean          | 238       |
|    ep_rew_mean          | -31       |
| time/                   |           |
|    fps                  | 1100      |
|    iterations           | 162       |
|    time_elapsed         | 1054      |
|    total_timesteps      | 1161216   |
| train/                  |           |
|    approx_kl            | 0.1235964 |
|    clip_fraction        | 0.463     |
|    clip_range           | 0.2       |
|    entropy_loss         | -19.3     |
|    explained_variance   | 0.879     |
|    learning_rate        | 0.0003    |
|    loss                 | 0.29      |
|    n_updates            | 14890     |
|    policy_gradient_loss | -0.0723   |
|    std                  | 5.32      |
|    value_loss           | 2.19      |
---------------------------------------
----------------------------------------
| manipularl/             |            |
|    collision_rate       | 0.54       |
|    grasp_curriculum     | 0          |
|    grasp_failure_rate   | 0.774      |
|    insert_depth_mean    | 8.56e-06   |
|    insert_tilt_deg_mean | 0.00292    |
|    success_rate         | 0          |
| rollout/                |            |
|    ep_len_mean          | 230        |
|    ep_rew_mean          | -28.9      |
| time/                   |            |
|    fps                  | 1101       |
|    iterations           | 163        |
|    time_elapsed         | 1060       |
|    total_timesteps      | 1168384    |
| train/                  |            |
|    approx_kl            | 0.10104844 |
|    clip_fraction        | 0.411      |
|    clip_range           | 0.2        |
|    entropy_loss         | -19.4      |
|    explained_variance   | 0.822      |
|    learning_rate        | 0.0003     |
|    loss                 | 0.515      |
|    n_updates            | 14900      |
|    policy_gradient_loss | -0.0664    |
|    std                  | 5.33       |
|    value_loss           | 2.85       |
----------------------------------------
----------------------------------------
| manipularl/             |            |
|    collision_rate       | 0.47       |
|    grasp_curriculum     | 0          |
|    grasp_failure_rate   | 0.751      |
|    insert_depth_mean    | 2.86e-05   |
|    insert_tilt_deg_mean | 0.00307    |
|    success_rate         | 0          |
| rollout/                |            |
|    ep_len_mean          | 245        |
|    ep_rew_mean          | -31.7      |
| time/                   |            |
|    fps                  | 1101       |
|    iterations           | 164        |
|    time_elapsed         | 1066       |
|    total_timesteps      | 1175552    |
| train/                  |            |
|    approx_kl            | 0.10530959 |
|    clip_fraction        | 0.438      |
|    clip_range           | 0.2        |
|    entropy_loss         | -19.4      |
|    explained_variance   | 0.789      |
|    learning_rate        | 0.0003     |
|    loss                 | 0.547      |
|    n_updates            | 14910      |
|    policy_gradient_loss | -0.0702    |
|    std                  | 5.35       |
|    value_loss           | 2.99       |
----------------------------------------
----------------------------------------
| manipularl/             |            |
|    collision_rate       | 0.46       |
|    grasp_curriculum     | 0          |
|    grasp_failure_rate   | 0.746      |
|    insert_depth_mean    | 2.86e-05   |
|    insert_tilt_deg_mean | 0.00318    |
|    success_rate         | 0          |
| rollout/                |            |
|    ep_len_mean          | 252        |
|    ep_rew_mean          | -32.8      |
| time/                   |            |
|    fps                  | 1102       |
|    iterations           | 165        |
|    time_elapsed         | 1073       |
|    total_timesteps      | 1182720    |
| train/                  |            |
|    approx_kl            | 0.09293887 |
|    clip_fraction        | 0.428      |
|    clip_range           | 0.2        |
|    entropy_loss         | -19.4      |
|    explained_variance   | 0.828      |
|    learning_rate        | 0.0003     |
|    loss                 | 0.345      |
|    n_updates            | 14920      |
|    policy_gradient_loss | -0.0621    |
|    std                  | 5.36       |
|    value_loss           | 2.32       |
----------------------------------------
-----------------------------------------
| manipularl/             |             |
|    collision_rate       | 0.39        |
|    grasp_curriculum     | 0           |
|    grasp_failure_rate   | 0.708       |
|    insert_depth_mean    | 2.86e-05    |
|    insert_tilt_deg_mean | 0.00346     |
|    success_rate         | 0           |
| rollout/                |             |
|    ep_len_mean          | 276         |
|    ep_rew_mean          | -34.3       |
| time/                   |             |
|    fps                  | 1102        |
|    iterations           | 166         |
|    time_elapsed         | 1079        |
|    total_timesteps      | 1189888     |
| train/                  |             |
|    approx_kl            | 0.102318585 |
|    clip_fraction        | 0.433       |
|    clip_range           | 0.2         |
|    entropy_loss         | -19.4       |
|    explained_variance   | 0.807       |
|    learning_rate        | 0.0003      |
|    loss                 | 0.64        |
|    n_updates            | 14930       |
|    policy_gradient_loss | -0.0679     |
|    std                  | 5.37        |
|    value_loss           | 3.05        |
-----------------------------------------
----------------------------------------
| manipularl/             |            |
|    collision_rate       | 0.38       |
|    grasp_curriculum     | 0          |
|    grasp_failure_rate   | 0.72       |
|    insert_depth_mean    | 5.32e-05   |
|    insert_tilt_deg_mean | 0.00354    |
|    success_rate         | 0          |
| rollout/                |            |
|    ep_len_mean          | 277        |
|    ep_rew_mean          | -35.1      |
| time/                   |            |
|    fps                  | 1103       |
|    iterations           | 167        |
|    time_elapsed         | 1085       |
|    total_timesteps      | 1197056    |
| train/                  |            |
|    approx_kl            | 0.11078885 |
|    clip_fraction        | 0.465      |
|    clip_range           | 0.2        |
|    entropy_loss         | -19.4      |
|    explained_variance   | 0.829      |
|    learning_rate        | 0.0003     |
|    loss                 | 0.391      |
|    n_updates            | 14940      |
|    policy_gradient_loss | -0.076     |
|    std                  | 5.38       |
|    value_loss           | 2.32       |
----------------------------------------
Eval num_timesteps=1199940, episode_reward=-22.45 +/- 25.51
Episode length: 200.80 +/- 168.87
----------------------------------------
| eval/                   |            |
|    mean_ep_length       | 201        |
|    mean_reward          | -22.4      |
| manipularl/             |            |
|    collision_rate       | 0.39       |
|    grasp_curriculum     | 0          |
|    grasp_failure_rate   | 0.712      |
|    insert_depth_mean    | 5.32e-05   |
|    insert_tilt_deg_mean | 0.00348    |
|    success_rate         | 0          |
| time/                   |            |
|    total_timesteps      | 1199940    |
| train/                  |            |
|    approx_kl            | 0.13940097 |
|    clip_fraction        | 0.468      |
|    clip_range           | 0.2        |
|    entropy_loss         | -19.3      |
|    explained_variance   | 0.881      |
|    learning_rate        | 0.0003     |
|    loss                 | 0.44       |
|    n_updates            | 14950      |
|    policy_gradient_loss | -0.069     |
|    std                  | 5.4        |
|    value_loss           | 2.8        |
----------------------------------------
New best mean reward!
--------------------------------------
| manipularl/             |          |
|    collision_rate       | 0.4      |
|    grasp_curriculum     | 0        |
|    grasp_failure_rate   | 0.712    |
|    insert_depth_mean    | 3.32e-05 |
|    insert_tilt_deg_mean | 0.0035   |
|    success_rate         | 0        |
| rollout/                |          |
|    ep_len_mean          | 270      |
|    ep_rew_mean          | -34.1    |
| time/                   |          |
|    fps                  | 1091     |
|    iterations           | 168      |
|    time_elapsed         | 1103     |
|    total_timesteps      | 1204224  |
--------------------------------------
----------------------------------------
| manipularl/             |            |
|    collision_rate       | 0.44       |
|    grasp_curriculum     | 0          |
|    grasp_failure_rate   | 0.729      |
|    insert_depth_mean    | 9.24e-05   |
|    insert_tilt_deg_mean | 0.00389    |
|    success_rate         | 0          |
| rollout/                |            |
|    ep_len_mean          | 256        |
|    ep_rew_mean          | -33.4      |
| time/                   |            |
|    fps                  | 1092       |
|    iterations           | 169        |
|    time_elapsed         | 1108       |
|    total_timesteps      | 1211392    |
| train/                  |            |
|    approx_kl            | 0.13684326 |
|    clip_fraction        | 0.48       |
|    clip_range           | 0.2        |
|    entropy_loss         | -19.4      |
|    explained_variance   | 0.842      |
|    learning_rate        | 0.0003     |
|    loss                 | 0.407      |
|    n_updates            | 14960      |
|    policy_gradient_loss | -0.07      |
|    std                  | 5.42       |
|    value_loss           | 2.6        |
----------------------------------------
-----------------------------------------
| manipularl/             |             |
|    collision_rate       | 0.51        |
|    grasp_curriculum     | 0           |
|    grasp_failure_rate   | 0.752       |
|    insert_depth_mean    | 6.72e-05    |
|    insert_tilt_deg_mean | 0.00423     |
|    success_rate         | 0           |
| rollout/                |             |
|    ep_len_mean          | 235         |
|    ep_rew_mean          | -28.8       |
| time/                   |             |
|    fps                  | 1092        |
|    iterations           | 170         |
|    time_elapsed         | 1115        |
|    total_timesteps      | 1218560     |
| train/                  |             |
|    approx_kl            | 0.124997646 |
|    clip_fraction        | 0.472       |
|    clip_range           | 0.2         |
|    entropy_loss         | -19.4       |
|    explained_variance   | 0.863       |
|    learning_rate        | 0.0003      |
|    loss                 | 0.403       |
|    n_updates            | 14970       |
|    policy_gradient_loss | -0.0718     |
|    std                  | 5.45        |
|    value_loss           | 2.73        |
-----------------------------------------
----------------------------------------
| manipularl/             |            |
|    collision_rate       | 0.53       |
|    grasp_curriculum     | 0          |
|    grasp_failure_rate   | 0.77       |
|    insert_depth_mean    | 6.72e-05   |
|    insert_tilt_deg_mean | 0.00414    |
|    success_rate         | 0          |
| rollout/                |            |
|    ep_len_mean          | 227        |
|    ep_rew_mean          | -26.3      |
| time/                   |            |
|    fps                  | 1093       |
|    iterations           | 171        |
|    time_elapsed         | 1121       |
|    total_timesteps      | 1225728    |
| train/                  |            |
|    approx_kl            | 0.10789949 |
|    clip_fraction        | 0.439      |
|    clip_range           | 0.2        |
|    entropy_loss         | -19.4      |
|    explained_variance   | 0.831      |
|    learning_rate        | 0.0003     |
|    loss                 | 0.583      |
|    n_updates            | 14980      |
|    policy_gradient_loss | -0.069     |
|    std                  | 5.48       |
|    value_loss           | 2.87       |
----------------------------------------
-----------------------------------------
| manipularl/             |             |
|    collision_rate       | 0.53        |
|    grasp_curriculum     | 0           |
|    grasp_failure_rate   | 0.777       |
|    insert_depth_mean    | 7.98e-06    |
|    insert_tilt_deg_mean | 0.0039      |
|    success_rate         | 0           |
| rollout/                |             |
|    ep_len_mean          | 222         |
|    ep_rew_mean          | -22.7       |
| time/                   |             |
|    fps                  | 1093        |
|    iterations           | 172         |
|    time_elapsed         | 1127        |
|    total_timesteps      | 1232896     |
| train/                  |             |
|    approx_kl            | 0.121112175 |
|    clip_fraction        | 0.456       |
|    clip_range           | 0.2         |
|    entropy_loss         | -19.4       |
|    explained_variance   | 0.839       |
|    learning_rate        | 0.0003      |
|    loss                 | 0.548       |
|    n_updates            | 14990       |
|    policy_gradient_loss | -0.0677     |
|    std                  | 5.49        |
|    value_loss           | 2.56        |
-----------------------------------------
----------------------------------------
| manipularl/             |            |
|    collision_rate       | 0.48       |
|    grasp_curriculum     | 0          |
|    grasp_failure_rate   | 0.769      |
|    insert_depth_mean    | 9.58e-05   |
|    insert_tilt_deg_mean | 0.00311    |
|    success_rate         | 0          |
| rollout/                |            |
|    ep_len_mean          | 238        |
|    ep_rew_mean          | -22.9      |
| time/                   |            |
|    fps                  | 1094       |
|    iterations           | 173        |
|    time_elapsed         | 1133       |
|    total_timesteps      | 1240064    |
| train/                  |            |
|    approx_kl            | 0.13776179 |
|    clip_fraction        | 0.465      |
|    clip_range           | 0.2        |
|    entropy_loss         | -19.4      |
|    explained_variance   | 0.805      |
|    learning_rate        | 0.0003     |
|    loss                 | 0.289      |
|    n_updates            | 15000      |
|    policy_gradient_loss | -0.0699    |
|    std                  | 5.52       |
|    value_loss           | 2.38       |
----------------------------------------
----------------------------------------
| manipularl/             |            |
|    collision_rate       | 0.47       |
|    grasp_curriculum     | 0          |
|    grasp_failure_rate   | 0.757      |
|    insert_depth_mean    | 9.58e-05   |
|    insert_tilt_deg_mean | 0.00296    |
|    success_rate         | 0          |
| rollout/                |            |
|    ep_len_mean          | 242        |
|    ep_rew_mean          | -21.8      |
| time/                   |            |
|    fps                  | 1095       |
|    iterations           | 174        |
|    time_elapsed         | 1138       |
|    total_timesteps      | 1247232    |
| train/                  |            |
|    approx_kl            | 0.14439362 |
|    clip_fraction        | 0.489      |
|    clip_range           | 0.2        |
|    entropy_loss         | -19.4      |
|    explained_variance   | 0.869      |
|    learning_rate        | 0.0003     |
|    loss                 | 0.214      |
|    n_updates            | 15010      |
|    policy_gradient_loss | -0.0709    |
|    std                  | 5.52       |
|    value_loss           | 1.83       |
----------------------------------------
----------------------------------------
| manipularl/             |            |
|    collision_rate       | 0.45       |
|    grasp_curriculum     | 0          |
|    grasp_failure_rate   | 0.751      |
|    insert_depth_mean    | 9.58e-05   |
|    insert_tilt_deg_mean | 0.00274    |
|    success_rate         | 0          |
| rollout/                |            |
|    ep_len_mean          | 255        |
|    ep_rew_mean          | -25.2      |
| time/                   |            |
|    fps                  | 1095       |
|    iterations           | 175        |
|    time_elapsed         | 1144       |
|    total_timesteps      | 1254400    |
| train/                  |            |
|    approx_kl            | 0.10611795 |
|    clip_fraction        | 0.432      |
|    clip_range           | 0.2        |
|    entropy_loss         | -19.4      |
|    explained_variance   | 0.806      |
|    learning_rate        | 0.0003     |
|    loss                 | 0.396      |
|    n_updates            | 15020      |
|    policy_gradient_loss | -0.0703    |
|    std                  | 5.53       |
|    value_loss           | 2.39       |
----------------------------------------
----------------------------------------
| manipularl/             |            |
|    collision_rate       | 0.54       |
|    grasp_curriculum     | 0          |
|    grasp_failure_rate   | 0.778      |
|    insert_depth_mean    | 0.0019     |
|    insert_tilt_deg_mean | 0.00361    |
|    success_rate         | 0          |
| rollout/                |            |
|    ep_len_mean          | 228        |
|    ep_rew_mean          | -23.2      |
| time/                   |            |
|    fps                  | 1096       |
|    iterations           | 176        |
|    time_elapsed         | 1150       |
|    total_timesteps      | 1261568    |
| train/                  |            |
|    approx_kl            | 0.15142116 |
|    clip_fraction        | 0.499      |
|    clip_range           | 0.2        |
|    entropy_loss         | -19.4      |
|    explained_variance   | 0.845      |
|    learning_rate        | 0.0003     |
|    loss                 | 0.356      |
|    n_updates            | 15030      |
|    policy_gradient_loss | -0.0762    |
|    std                  | 5.54       |
|    value_loss           | 2.2        |
----------------------------------------
----------------------------------------
| manipularl/             |            |
|    collision_rate       | 0.58       |
|    grasp_curriculum     | 0          |
|    grasp_failure_rate   | 0.833      |
|    insert_depth_mean    | 0.0018     |
|    insert_tilt_deg_mean | 0.00354    |
|    success_rate         | 0          |
| rollout/                |            |
|    ep_len_mean          | 215        |
|    ep_rew_mean          | -23.5      |
| time/                   |            |
|    fps                  | 1096       |
|    iterations           | 177        |
|    time_elapsed         | 1156       |
|    total_timesteps      | 1268736    |
| train/                  |            |
|    approx_kl            | 0.11449302 |
|    clip_fraction        | 0.457      |
|    clip_range           | 0.2        |
|    entropy_loss         | -19.4      |
|    explained_variance   | 0.838      |
|    learning_rate        | 0.0003     |
|    loss                 | 0.328      |
|    n_updates            | 15040      |
|    policy_gradient_loss | -0.0617    |
|    std                  | 5.56       |
|    value_loss           | 2.79       |
----------------------------------------
----------------------------------------
| manipularl/             |            |
|    collision_rate       | 0.58       |
|    grasp_curriculum     | 0          |
|    grasp_failure_rate   | 0.816      |
|    insert_depth_mean    | 0.0024     |
|    insert_tilt_deg_mean | 0.00377    |
|    success_rate         | 0          |
| rollout/                |            |
|    ep_len_mean          | 221        |
|    ep_rew_mean          | -24.1      |
| time/                   |            |
|    fps                  | 1097       |
|    iterations           | 178        |
|    time_elapsed         | 1162       |
|    total_timesteps      | 1275904    |
| train/                  |            |
|    approx_kl            | 0.13820656 |
|    clip_fraction        | 0.473      |
|    clip_range           | 0.2        |
|    entropy_loss         | -19.4      |
|    explained_variance   | 0.833      |
|    learning_rate        | 0.0003     |
|    loss                 | 0.399      |
|    n_updates            | 15050      |
|    policy_gradient_loss | -0.0715    |
|    std                  | 5.58       |
|    value_loss           | 2.81       |
----------------------------------------
----------------------------------------
| manipularl/             |            |
|    collision_rate       | 0.51       |
|    grasp_curriculum     | 0          |
|    grasp_failure_rate   | 0.786      |
|    insert_depth_mean    | 0.0018     |
|    insert_tilt_deg_mean | 0.00343    |
|    success_rate         | 0          |
| rollout/                |            |
|    ep_len_mean          | 243        |
|    ep_rew_mean          | -24.8      |
| time/                   |            |
|    fps                  | 1097       |
|    iterations           | 179        |
|    time_elapsed         | 1168       |
|    total_timesteps      | 1283072    |
| train/                  |            |
|    approx_kl            | 0.11793299 |
|    clip_fraction        | 0.467      |
|    clip_range           | 0.2        |
|    entropy_loss         | -19.4      |
|    explained_variance   | 0.891      |
|    learning_rate        | 0.0003     |
|    loss                 | 0.452      |
|    n_updates            | 15060      |
|    policy_gradient_loss | -0.0673    |
|    std                  | 5.59       |
|    value_loss           | 2.45       |
----------------------------------------
-----------------------------------------
| manipularl/             |             |
|    collision_rate       | 0.47        |
|    grasp_curriculum     | 0           |
|    grasp_failure_rate   | 0.772       |
|    insert_depth_mean    | 0.00181     |
|    insert_tilt_deg_mean | 0.00338     |
|    success_rate         | 0           |
| rollout/                |             |
|    ep_len_mean          | 257         |
|    ep_rew_mean          | -26.5       |
| time/                   |             |
|    fps                  | 1098        |
|    iterations           | 180         |
|    time_elapsed         | 1174        |
|    total_timesteps      | 1290240     |
| train/                  |             |
|    approx_kl            | 0.124508515 |
|    clip_fraction        | 0.472       |
|    clip_range           | 0.2         |
|    entropy_loss         | -19.4       |
|    explained_variance   | 0.862       |
|    learning_rate        | 0.0003      |
|    loss                 | 0.475       |
|    n_updates            | 15070       |
|    policy_gradient_loss | -0.0675     |
|    std                  | 5.59        |
|    value_loss           | 2.54        |
-----------------------------------------
----------------------------------------
| manipularl/             |            |
|    collision_rate       | 0.45       |
|    grasp_curriculum     | 0          |
|    grasp_failure_rate   | 0.794      |
|    insert_depth_mean    | 0.00185    |
|    insert_tilt_deg_mean | 0.00338    |
|    success_rate         | 0          |
| rollout/                |            |
|    ep_len_mean          | 254        |
|    ep_rew_mean          | -25.3      |
| time/                   |            |
|    fps                  | 1098       |
|    iterations           | 181        |
|    time_elapsed         | 1180       |
|    total_timesteps      | 1297408    |
| train/                  |            |
|    approx_kl            | 0.10388758 |
|    clip_fraction        | 0.445      |
|    clip_range           | 0.2        |
|    entropy_loss         | -19.4      |
|    explained_variance   | 0.852      |
|    learning_rate        | 0.0003     |
|    loss                 | 0.446      |
|    n_updates            | 15080      |
|    policy_gradient_loss | -0.0614    |
|    std                  | 5.62       |
|    value_loss           | 2.56       |
----------------------------------------
----------------------------------------
| manipularl/             |            |
|    collision_rate       | 0.45       |
|    grasp_curriculum     | 0          |
|    grasp_failure_rate   | 0.791      |
|    insert_depth_mean    | 0.00185    |
|    insert_tilt_deg_mean | 0.0034     |
|    success_rate         | 0          |
| rollout/                |            |
|    ep_len_mean          | 250        |
|    ep_rew_mean          | -25.9      |
| time/                   |            |
|    fps                  | 1098       |
|    iterations           | 182        |
|    time_elapsed         | 1187       |
|    total_timesteps      | 1304576    |
| train/                  |            |
|    approx_kl            | 0.11480462 |
|    clip_fraction        | 0.441      |
|    clip_range           | 0.2        |
|    entropy_loss         | -19.4      |
|    explained_variance   | 0.82       |
|    learning_rate        | 0.0003     |
|    loss                 | 0.147      |
|    n_updates            | 15090      |
|    policy_gradient_loss | -0.062     |
|    std                  | 5.65       |
|    value_loss           | 2.18       |
----------------------------------------
----------------------------------------
| manipularl/             |            |
|    collision_rate       | 0.52       |
|    grasp_curriculum     | 0          |
|    grasp_failure_rate   | 0.812      |
|    insert_depth_mean    | 0.00245    |
|    insert_tilt_deg_mean | 0.00403    |
|    success_rate         | 0          |
| rollout/                |            |
|    ep_len_mean          | 222        |
|    ep_rew_mean          | -25.5      |
| time/                   |            |
|    fps                  | 1099       |
|    iterations           | 183        |
|    time_elapsed         | 1192       |
|    total_timesteps      | 1311744    |
| train/                  |            |
|    approx_kl            | 0.11611653 |
|    clip_fraction        | 0.436      |
|    clip_range           | 0.2        |
|    entropy_loss         | -19.4      |
|    explained_variance   | 0.874      |
|    learning_rate        | 0.0003     |
|    loss                 | 0.401      |
|    n_updates            | 15100      |
|    policy_gradient_loss | -0.0721    |
|    std                  | 5.67       |
|    value_loss           | 2.27       |
----------------------------------------
----------------------------------------
| manipularl/             |            |
|    collision_rate       | 0.49       |
|    grasp_curriculum     | 0          |
|    grasp_failure_rate   | 0.805      |
|    insert_depth_mean    | 0.003      |
|    insert_tilt_deg_mean | 0.00416    |
|    success_rate         | 0          |
| rollout/                |            |
|    ep_len_mean          | 231        |
|    ep_rew_mean          | -23.9      |
| time/                   |            |
|    fps                  | 1099       |
|    iterations           | 184        |
|    time_elapsed         | 1199       |
|    total_timesteps      | 1318912    |
| train/                  |            |
|    approx_kl            | 0.15396991 |
|    clip_fraction        | 0.492      |
|    clip_range           | 0.2        |
|    entropy_loss         | -19.4      |
|    explained_variance   | 0.877      |
|    learning_rate        | 0.0003     |
|    loss                 | 0.398      |
|    n_updates            | 15110      |
|    policy_gradient_loss | -0.0667    |
|    std                  | 5.69       |
|    value_loss           | 1.89       |
----------------------------------------
----------------------------------------
| manipularl/             |            |
|    collision_rate       | 0.47       |
|    grasp_curriculum     | 0          |
|    grasp_failure_rate   | 0.792      |
|    insert_depth_mean    | 0.00422    |
|    insert_tilt_deg_mean | 0.00489    |
|    success_rate         | 0          |
| rollout/                |            |
|    ep_len_mean          | 245        |
|    ep_rew_mean          | -26.7      |
| time/                   |            |
|    fps                  | 1099       |
|    iterations           | 185        |
|    time_elapsed         | 1206       |
|    total_timesteps      | 1326080    |
| train/                  |            |
|    approx_kl            | 0.11629217 |
|    clip_fraction        | 0.45       |
|    clip_range           | 0.2        |
|    entropy_loss         | -19.4      |
|    explained_variance   | 0.855      |
|    learning_rate        | 0.0003     |
|    loss                 | 0.587      |
|    n_updates            | 15120      |
|    policy_gradient_loss | -0.0636    |
|    std                  | 5.7        |
|    value_loss           | 2.85       |
----------------------------------------
----------------------------------------
| manipularl/             |            |
|    collision_rate       | 0.42       |
|    grasp_curriculum     | 0          |
|    grasp_failure_rate   | 0.792      |
|    insert_depth_mean    | 0.00302    |
|    insert_tilt_deg_mean | 0.00424    |
|    success_rate         | 0          |
| rollout/                |            |
|    ep_len_mean          | 259        |
|    ep_rew_mean          | -26.7      |
| time/                   |            |
|    fps                  | 1098       |
|    iterations           | 186        |
|    time_elapsed         | 1213       |
|    total_timesteps      | 1333248    |
| train/                  |            |
|    approx_kl            | 0.14471957 |
|    clip_fraction        | 0.506      |
|    clip_range           | 0.2        |
|    entropy_loss         | -19.4      |
|    explained_variance   | 0.877      |
|    learning_rate        | 0.0003     |
|    loss                 | 0.392      |
|    n_updates            | 15130      |
|    policy_gradient_loss | -0.0626    |
|    std                  | 5.71       |
|    value_loss           | 2.2        |
----------------------------------------
---------------------------------------
| manipularl/             |           |
|    collision_rate       | 0.4       |
|    grasp_curriculum     | 0         |
|    grasp_failure_rate   | 0.783     |
|    insert_depth_mean    | 0.00242   |
|    insert_tilt_deg_mean | 0.00382   |
|    success_rate         | 0         |
| rollout/                |           |
|    ep_len_mean          | 275       |
|    ep_rew_mean          | -28.9     |
| time/                   |           |
|    fps                  | 1098      |
|    iterations           | 187       |
|    time_elapsed         | 1219      |
|    total_timesteps      | 1340416   |
| train/                  |           |
|    approx_kl            | 0.1226461 |
|    clip_fraction        | 0.484     |
|    clip_range           | 0.2       |
|    entropy_loss         | -19.4     |
|    explained_variance   | 0.819     |
|    learning_rate        | 0.0003    |
|    loss                 | 0.682     |
|    n_updates            | 15140     |
|    policy_gradient_loss | -0.0709   |
|    std                  | 5.73      |
|    value_loss           | 2.53      |
---------------------------------------
-----------------------------------------
| manipularl/             |             |
|    collision_rate       | 0.38        |
|    grasp_curriculum     | 0           |
|    grasp_failure_rate   | 0.792       |
|    insert_depth_mean    | 0.00122     |
|    insert_tilt_deg_mean | 0.00311     |
|    success_rate         | 0           |
| rollout/                |             |
|    ep_len_mean          | 281         |
|    ep_rew_mean          | -29.5       |
| time/                   |             |
|    fps                  | 1099        |
|    iterations           | 188         |
|    time_elapsed         | 1225        |
|    total_timesteps      | 1347584     |
| train/                  |             |
|    approx_kl            | 0.116775006 |
|    clip_fraction        | 0.44        |
|    clip_range           | 0.2         |
|    entropy_loss         | -19.4       |
|    explained_variance   | 0.833       |
|    learning_rate        | 0.0003      |
|    loss                 | 0.592       |
|    n_updates            | 15150       |
|    policy_gradient_loss | -0.0689     |
|    std                  | 5.76        |
|    value_loss           | 2.33        |
-----------------------------------------
----------------------------------------
| manipularl/             |            |
|    collision_rate       | 0.39       |
|    grasp_curriculum     | 0          |
|    grasp_failure_rate   | 0.774      |
|    insert_depth_mean    | 0.000107   |
|    insert_tilt_deg_mean | 0.00262    |
|    success_rate         | 0          |
| rollout/                |            |
|    ep_len_mean          | 276        |
|    ep_rew_mean          | -28.9      |
| time/                   |            |
|    fps                  | 1099       |
|    iterations           | 189        |
|    time_elapsed         | 1231       |
|    total_timesteps      | 1354752    |
| train/                  |            |
|    approx_kl            | 0.12656328 |
|    clip_fraction        | 0.463      |
|    clip_range           | 0.2        |
|    entropy_loss         | -19.4      |
|    explained_variance   | 0.877      |
|    learning_rate        | 0.0003     |
|    loss                 | 0.148      |
|    n_updates            | 15160      |
|    policy_gradient_loss | -0.0702    |
|    std                  | 5.77       |
|    value_loss           | 1.51       |
----------------------------------------
-----------------------------------------
| manipularl/             |             |
|    collision_rate       | 0.34        |
|    grasp_curriculum     | 0           |
|    grasp_failure_rate   | 0.776       |
|    insert_depth_mean    | 0.000107    |
|    insert_tilt_deg_mean | 0.00261     |
|    success_rate         | 0           |
| rollout/                |             |
|    ep_len_mean          | 294         |
|    ep_rew_mean          | -29.5       |
| time/                   |             |
|    fps                  | 1100        |
|    iterations           | 190         |
|    time_elapsed         | 1237        |
|    total_timesteps      | 1361920     |
| train/                  |             |
|    approx_kl            | 0.108862065 |
|    clip_fraction        | 0.452       |
|    clip_range           | 0.2         |
|    entropy_loss         | -19.4       |
|    explained_variance   | 0.864       |
|    learning_rate        | 0.0003      |
|    loss                 | 0.456       |
|    n_updates            | 15170       |
|    policy_gradient_loss | -0.0719     |
|    std                  | 5.81        |
|    value_loss           | 2.5         |
-----------------------------------------
----------------------------------------
| manipularl/             |            |
|    collision_rate       | 0.42       |
|    grasp_curriculum     | 0          |
|    grasp_failure_rate   | 0.787      |
|    insert_depth_mean    | 0.000153   |
|    insert_tilt_deg_mean | 0.00274    |
|    success_rate         | 0          |
| rollout/                |            |
|    ep_len_mean          | 263        |
|    ep_rew_mean          | -25.6      |
| time/                   |            |
|    fps                  | 1100       |
|    iterations           | 191        |
|    time_elapsed         | 1243       |
|    total_timesteps      | 1369088    |
| train/                  |            |
|    approx_kl            | 0.12369835 |
|    clip_fraction        | 0.448      |
|    clip_range           | 0.2        |
|    entropy_loss         | -19.4      |
|    explained_variance   | 0.853      |
|    learning_rate        | 0.0003     |
|    loss                 | 0.358      |
|    n_updates            | 15180      |
|    policy_gradient_loss | -0.0663    |
|    std                  | 5.84       |
|    value_loss           | 2.28       |
----------------------------------------
----------------------------------------
| manipularl/             |            |
|    collision_rate       | 0.47       |
|    grasp_curriculum     | 0          |
|    grasp_failure_rate   | 0.797      |
|    insert_depth_mean    | 4.57e-05   |
|    insert_tilt_deg_mean | 0.00293    |
|    success_rate         | 0          |
| rollout/                |            |
|    ep_len_mean          | 251        |
|    ep_rew_mean          | -24.4      |
| time/                   |            |
|    fps                  | 1101       |
|    iterations           | 192        |
|    time_elapsed         | 1249       |
|    total_timesteps      | 1376256    |
| train/                  |            |
|    approx_kl            | 0.12495729 |
|    clip_fraction        | 0.469      |
|    clip_range           | 0.2        |
|    entropy_loss         | -19.4      |
|    explained_variance   | 0.842      |
|    learning_rate        | 0.0003     |
|    loss                 | 0.479      |
|    n_updates            | 15190      |
|    policy_gradient_loss | -0.0702    |
|    std                  | 5.87       |
|    value_loss           | 2.79       |
----------------------------------------
----------------------------------------
| manipularl/             |            |
|    collision_rate       | 0.55       |
|    grasp_curriculum     | 0          |
|    grasp_failure_rate   | 0.807      |
|    insert_depth_mean    | 0.000117   |
|    insert_tilt_deg_mean | 0.335      |
|    success_rate         | 0          |
| rollout/                |            |
|    ep_len_mean          | 221        |
|    ep_rew_mean          | -23.7      |
| time/                   |            |
|    fps                  | 1101       |
|    iterations           | 193        |
|    time_elapsed         | 1256       |
|    total_timesteps      | 1383424    |
| train/                  |            |
|    approx_kl            | 0.13313238 |
|    clip_fraction        | 0.47       |
|    clip_range           | 0.2        |
|    entropy_loss         | -19.5      |
|    explained_variance   | 0.858      |
|    learning_rate        | 0.0003     |
|    loss                 | 0.462      |
|    n_updates            | 15200      |
|    policy_gradient_loss | -0.0657    |
|    std                  | 5.89       |
|    value_loss           | 2.39       |
----------------------------------------
----------------------------------------
| manipularl/             |            |
|    collision_rate       | 0.59       |
|    grasp_curriculum     | 0          |
|    grasp_failure_rate   | 0.814      |
|    insert_depth_mean    | 0.000682   |
|    insert_tilt_deg_mean | 0.335      |
|    success_rate         | 0          |
| rollout/                |            |
|    ep_len_mean          | 205        |
|    ep_rew_mean          | -20.1      |
| time/                   |            |
|    fps                  | 1101       |
|    iterations           | 194        |
|    time_elapsed         | 1261       |
|    total_timesteps      | 1390592    |
| train/                  |            |
|    approx_kl            | 0.12104612 |
|    clip_fraction        | 0.461      |
|    clip_range           | 0.2        |
|    entropy_loss         | -19.5      |
|    explained_variance   | 0.839      |
|    learning_rate        | 0.0003     |
|    loss                 | 0.459      |
|    n_updates            | 15210      |
|    policy_gradient_loss | -0.0701    |
|    std                  | 5.9        |
|    value_loss           | 2.72       |
----------------------------------------
-----------------------------------------
| manipularl/             |             |
|    collision_rate       | 0.55        |
|    grasp_curriculum     | 0           |
|    grasp_failure_rate   | 0.803       |
|    insert_depth_mean    | 0.000682    |
|    insert_tilt_deg_mean | 0.335       |
|    success_rate         | 0           |
| rollout/                |             |
|    ep_len_mean          | 216         |
|    ep_rew_mean          | -20.2       |
| time/                   |             |
|    fps                  | 1102        |
|    iterations           | 195         |
|    time_elapsed         | 1267        |
|    total_timesteps      | 1397760     |
| train/                  |             |
|    approx_kl            | 0.120982595 |
|    clip_fraction        | 0.456       |
|    clip_range           | 0.2         |
|    entropy_loss         | -19.5       |
|    explained_variance   | 0.841       |
|    learning_rate        | 0.0003      |
|    loss                 | 0.454       |
|    n_updates            | 15220       |
|    policy_gradient_loss | -0.0691     |
|    std                  | 5.92        |
|    value_loss           | 2.28        |
-----------------------------------------
Eval num_timesteps=1399930, episode_reward=-17.87 +/- 27.92
Episode length: 236.55 +/- 181.18
----------------------------------------
| eval/                   |            |
|    mean_ep_length       | 237        |
|    mean_reward          | -17.9      |
| manipularl/             |            |
|    collision_rate       | 0.58       |
|    grasp_curriculum     | 0          |
|    grasp_failure_rate   | 0.783      |
|    insert_depth_mean    | 0.000682   |
|    insert_tilt_deg_mean | 0.335      |
|    success_rate         | 0          |
| time/                   |            |
|    total_timesteps      | 1399930    |
| train/                  |            |
|    approx_kl            | 0.13014469 |
|    clip_fraction        | 0.471      |
|    clip_range           | 0.2        |
|    entropy_loss         | -19.5      |
|    explained_variance   | 0.854      |
|    learning_rate        | 0.0003     |
|    loss                 | 0.257      |
|    n_updates            | 15230      |
|    policy_gradient_loss | -0.072     |
|    std                  | 5.93       |
|    value_loss           | 1.95       |
----------------------------------------
New best mean reward!
--------------------------------------
| manipularl/             |          |
|    collision_rate       | 0.56     |
|    grasp_curriculum     | 0        |
|    grasp_failure_rate   | 0.818    |
|    insert_depth_mean    | 0.000611 |
|    insert_tilt_deg_mean | 0.335    |
|    success_rate         | 0        |
| rollout/                |          |
|    ep_len_mean          | 215      |
|    ep_rew_mean          | -19.5    |
| time/                   |          |
|    fps                  | 1092     |
|    iterations           | 196      |
|    time_elapsed         | 1286     |
|    total_timesteps      | 1404928  |
--------------------------------------
----------------------------------------
| manipularl/             |            |
|    collision_rate       | 0.54       |
|    grasp_curriculum     | 0          |
|    grasp_failure_rate   | 0.804      |
|    insert_depth_mean    | 0.0006     |
|    insert_tilt_deg_mean | 0.336      |
|    success_rate         | 0          |
| rollout/                |            |
|    ep_len_mean          | 216        |
|    ep_rew_mean          | -17.9      |
| time/                   |            |
|    fps                  | 1091       |
|    iterations           | 197        |
|    time_elapsed         | 1294       |
|    total_timesteps      | 1412096    |
| train/                  |            |
|    approx_kl            | 0.14771584 |
|    clip_fraction        | 0.453      |
|    clip_range           | 0.2        |
|    entropy_loss         | -19.5      |
|    explained_variance   | 0.875      |
|    learning_rate        | 0.0003     |
|    loss                 | 0.126      |
|    n_updates            | 15240      |
|    policy_gradient_loss | -0.0713    |
|    std                  | 5.95       |
|    value_loss           | 1.56       |
----------------------------------------
-----------------------------------------
| manipularl/             |             |
|    collision_rate       | 0.55        |
|    grasp_curriculum     | 0           |
|    grasp_failure_rate   | 0.832       |
|    insert_depth_mean    | 0.00126     |
|    insert_tilt_deg_mean | 1.33        |
|    success_rate         | 0           |
| rollout/                |             |
|    ep_len_mean          | 220         |
|    ep_rew_mean          | -19.4       |
| time/                   |             |
|    fps                  | 1091        |
|    iterations           | 198         |
|    time_elapsed         | 1299        |
|    total_timesteps      | 1419264     |
| train/                  |             |
|    approx_kl            | 0.123967394 |
|    clip_fraction        | 0.419       |
|    clip_range           | 0.2         |
|    entropy_loss         | -19.5       |
|    explained_variance   | 0.827       |
|    learning_rate        | 0.0003      |
|    loss                 | 0.239       |
|    n_updates            | 15250       |
|    policy_gradient_loss | -0.058      |
|    std                  | 5.97        |
|    value_loss           | 1.96        |
-----------------------------------------
-----------------------------------------
| manipularl/             |             |
|    collision_rate       | 0.59        |
|    grasp_curriculum     | 0           |
|    grasp_failure_rate   | 0.834       |
|    insert_depth_mean    | 0.00246     |
|    insert_tilt_deg_mean | 1           |
|    success_rate         | 0           |
| rollout/                |             |
|    ep_len_mean          | 201         |
|    ep_rew_mean          | -17.5       |
| time/                   |             |
|    fps                  | 1092        |
|    iterations           | 199         |
|    time_elapsed         | 1305        |
|    total_timesteps      | 1426432     |
| train/                  |             |
|    approx_kl            | 0.105858594 |
|    clip_fraction        | 0.466       |
|    clip_range           | 0.2         |
|    entropy_loss         | -19.5       |
|    explained_variance   | 0.904       |
|    learning_rate        | 0.0003      |
|    loss                 | 0.34        |
|    n_updates            | 15260       |
|    policy_gradient_loss | -0.0572     |
|    std                  | 5.99        |
|    value_loss           | 2.21        |
-----------------------------------------
----------------------------------------
| manipularl/             |            |
|    collision_rate       | 0.57       |
|    grasp_curriculum     | 0          |
|    grasp_failure_rate   | 0.822      |
|    insert_depth_mean    | 0.00186    |
|    insert_tilt_deg_mean | 1          |
|    success_rate         | 0          |
| rollout/                |            |
|    ep_len_mean          | 208        |
|    ep_rew_mean          | -18.5      |
| time/                   |            |
|    fps                  | 1093       |
|    iterations           | 200        |
|    time_elapsed         | 1311       |
|    total_timesteps      | 1433600    |
| train/                  |            |
|    approx_kl            | 0.12921438 |
|    clip_fraction        | 0.493      |
|    clip_range           | 0.2        |
|    entropy_loss         | -19.5      |
|    explained_variance   | 0.815      |
|    learning_rate        | 0.0003     |
|    loss                 | 0.181      |
|    n_updates            | 15270      |
|    policy_gradient_loss | -0.0677    |
|    std                  | 6          |
|    value_loss           | 1.74       |
----------------------------------------
----------------------------------------
| manipularl/             |            |
|    collision_rate       | 0.53       |
|    grasp_curriculum     | 0          |
|    grasp_failure_rate   | 0.833      |
|    insert_depth_mean    | 0.0018     |
|    insert_tilt_deg_mean | 1          |
|    success_rate         | 0          |
| rollout/                |            |
|    ep_len_mean          | 212        |
|    ep_rew_mean          | -16.2      |
| time/                   |            |
|    fps                  | 1093       |
|    iterations           | 201        |
|    time_elapsed         | 1317       |
|    total_timesteps      | 1440768    |
| train/                  |            |
|    approx_kl            | 0.12710181 |
|    clip_fraction        | 0.468      |
|    clip_range           | 0.2        |
|    entropy_loss         | -19.5      |
|    explained_variance   | 0.825      |
|    learning_rate        | 0.0003     |
|    loss                 | 0.123      |
|    n_updates            | 15280      |
|    policy_gradient_loss | -0.0662    |
|    std                  | 6.02       |
|    value_loss           | 1.44       |
----------------------------------------
----------------------------------------
| manipularl/             |            |
|    collision_rate       | 0.51       |
|    grasp_curriculum     | 0          |
|    grasp_failure_rate   | 0.837      |
|    insert_depth_mean    | 0.0018     |
|    insert_tilt_deg_mean | 2          |
|    success_rate         | 0          |
| rollout/                |            |
|    ep_len_mean          | 227        |
|    ep_rew_mean          | -18.1      |
| time/                   |            |
|    fps                  | 1094       |
|    iterations           | 202        |
|    time_elapsed         | 1323       |
|    total_timesteps      | 1447936    |
| train/                  |            |
|    approx_kl            | 0.12600541 |
|    clip_fraction        | 0.434      |
|    clip_range           | 0.2        |
|    entropy_loss         | -19.5      |
|    explained_variance   | 0.817      |
|    learning_rate        | 0.0003     |
|    loss                 | 0.267      |
|    n_updates            | 15290      |
|    policy_gradient_loss | -0.0688    |
|    std                  | 6.02       |
|    value_loss           | 1.91       |
----------------------------------------
----------------------------------------
| manipularl/             |            |
|    collision_rate       | 0.6        |
|    grasp_curriculum     | 0          |
|    grasp_failure_rate   | 0.849      |
|    insert_depth_mean    | 0.0036     |
|    insert_tilt_deg_mean | 1.33       |
|    success_rate         | 0          |
| rollout/                |            |
|    ep_len_mean          | 193        |
|    ep_rew_mean          | -16        |
| time/                   |            |
|    fps                  | 1094       |
|    iterations           | 203        |
|    time_elapsed         | 1329       |
|    total_timesteps      | 1455104    |
| train/                  |            |
|    approx_kl            | 0.15366769 |
|    clip_fraction        | 0.504      |
|    clip_range           | 0.2        |
|    entropy_loss         | -19.5      |
|    explained_variance   | 0.862      |
|    learning_rate        | 0.0003     |
|    loss                 | 0.106      |
|    n_updates            | 15300      |
|    policy_gradient_loss | -0.0728    |
|    std                  | 6.04       |
|    value_loss           | 1.38       |
----------------------------------------
----------------------------------------
| manipularl/             |            |
|    collision_rate       | 0.61       |
|    grasp_curriculum     | 0          |
|    grasp_failure_rate   | 0.855      |
|    insert_depth_mean    | 0.0024     |
|    insert_tilt_deg_mean | 1.33       |
|    success_rate         | 0          |
| rollout/                |            |
|    ep_len_mean          | 193        |
|    ep_rew_mean          | -18.5      |
| time/                   |            |
|    fps                  | 1095       |
|    iterations           | 204        |
|    time_elapsed         | 1334       |
|    total_timesteps      | 1462272    |
| train/                  |            |
|    approx_kl            | 0.10907191 |
|    clip_fraction        | 0.434      |
|    clip_range           | 0.2        |
|    entropy_loss         | -19.5      |
|    explained_variance   | 0.742      |
|    learning_rate        | 0.0003     |
|    loss                 | 0.371      |
|    n_updates            | 15310      |
|    policy_gradient_loss | -0.0655    |
|    std                  | 6.06       |
|    value_loss           | 1.97       |
----------------------------------------
----------------------------------------
| manipularl/             |            |
|    collision_rate       | 0.59       |
|    grasp_curriculum     | 0          |
|    grasp_failure_rate   | 0.856      |
|    insert_depth_mean    | 0.003      |
|    insert_tilt_deg_mean | 1          |
|    success_rate         | 0          |
| rollout/                |            |
|    ep_len_mean          | 203        |
|    ep_rew_mean          | -18.7      |
| time/                   |            |
|    fps                  | 1096       |
|    iterations           | 205        |
|    time_elapsed         | 1340       |
|    total_timesteps      | 1469440    |
| train/                  |            |
|    approx_kl            | 0.09897943 |
|    clip_fraction        | 0.426      |
|    clip_range           | 0.2        |
|    entropy_loss         | -19.5      |
|    explained_variance   | 0.843      |
|    learning_rate        | 0.0003     |
|    loss                 | 0.209      |
|    n_updates            | 15320      |
|    policy_gradient_loss | -0.0645    |
|    std                  | 6.08       |
|    value_loss           | 2.14       |
----------------------------------------
----------------------------------------
| manipularl/             |            |
|    collision_rate       | 0.61       |
|    grasp_curriculum     | 0          |
|    grasp_failure_rate   | 0.867      |
|    insert_depth_mean    | 0.0018     |
|    insert_tilt_deg_mean | 1          |
|    success_rate         | 0          |
| rollout/                |            |
|    ep_len_mean          | 202        |
|    ep_rew_mean          | -18.9      |
| time/                   |            |
|    fps                  | 1095       |
|    iterations           | 206        |
|    time_elapsed         | 1347       |
|    total_timesteps      | 1476608    |
| train/                  |            |
|    approx_kl            | 0.13955331 |
|    clip_fraction        | 0.497      |
|    clip_range           | 0.2        |
|    entropy_loss         | -19.5      |
|    explained_variance   | 0.89       |
|    learning_rate        | 0.0003     |
|    loss                 | 0.0819     |
|    n_updates            | 15330      |
|    policy_gradient_loss | -0.0686    |
|    std                  | 6.11       |
|    value_loss           | 1.48       |
----------------------------------------
----------------------------------------
| manipularl/             |            |
|    collision_rate       | 0.61       |
|    grasp_curriculum     | 0          |
|    grasp_failure_rate   | 0.85       |
|    insert_depth_mean    | 0.0018     |
|    insert_tilt_deg_mean | 0.336      |
|    success_rate         | 0          |
| rollout/                |            |
|    ep_len_mean          | 196        |
|    ep_rew_mean          | -19        |
| time/                   |            |
|    fps                  | 1095       |
|    iterations           | 207        |
|    time_elapsed         | 1354       |
|    total_timesteps      | 1483776    |
| train/                  |            |
|    approx_kl            | 0.12989105 |
|    clip_fraction        | 0.47       |
|    clip_range           | 0.2        |
|    entropy_loss         | -19.5      |
|    explained_variance   | 0.786      |
|    learning_rate        | 0.0003     |
|    loss                 | 0.455      |
|    n_updates            | 15340      |
|    policy_gradient_loss | -0.0664    |
|    std                  | 6.13       |
|    value_loss           | 2.49       |
----------------------------------------
----------------------------------------
| manipularl/             |            |
|    collision_rate       | 0.6        |
|    grasp_curriculum     | 0          |
|    grasp_failure_rate   | 0.847      |
|    insert_depth_mean    | 0.0006     |
|    insert_tilt_deg_mean | 0.0029     |
|    success_rate         | 0          |
| rollout/                |            |
|    ep_len_mean          | 197        |
|    ep_rew_mean          | -19.2      |
| time/                   |            |
|    fps                  | 1094       |
|    iterations           | 208        |
|    time_elapsed         | 1362       |
|    total_timesteps      | 1490944    |
| train/                  |            |
|    approx_kl            | 0.12921795 |
|    clip_fraction        | 0.467      |
|    clip_range           | 0.2        |
|    entropy_loss         | -19.5      |
|    explained_variance   | 0.855      |
|    learning_rate        | 0.0003     |
|    loss                 | 0.322      |
|    n_updates            | 15350      |
|    policy_gradient_loss | -0.0719    |
|    std                  | 6.15       |
|    value_loss           | 2.13       |
----------------------------------------
----------------------------------------
| manipularl/             |            |
|    collision_rate       | 0.53       |
|    grasp_curriculum     | 0          |
|    grasp_failure_rate   | 0.846      |
|    insert_depth_mean    | 0          |
|    insert_tilt_deg_mean | 0.00261    |
|    success_rate         | 0          |
| rollout/                |            |
|    ep_len_mean          | 221        |
|    ep_rew_mean          | -21.6      |
| time/                   |            |
|    fps                  | 1093       |
|    iterations           | 209        |
|    time_elapsed         | 1369       |
|    total_timesteps      | 1498112    |
| train/                  |            |
|    approx_kl            | 0.14300197 |
|    clip_fraction        | 0.487      |
|    clip_range           | 0.2        |
|    entropy_loss         | -19.5      |
|    explained_variance   | 0.804      |
|    learning_rate        | 0.0003     |
|    loss                 | 0.183      |
|    n_updates            | 15360      |
|    policy_gradient_loss | -0.0663    |
|    std                  | 6.18       |
|    value_loss           | 1.6        |
----------------------------------------
----------------------------------------
| manipularl/             |            |
|    collision_rate       | 0.55       |
|    grasp_curriculum     | 0          |
|    grasp_failure_rate   | 0.867      |
|    insert_depth_mean    | 0          |
|    insert_tilt_deg_mean | 0.00237    |
|    success_rate         | 0          |
| rollout/                |            |
|    ep_len_mean          | 220        |
|    ep_rew_mean          | -18.5      |
| time/                   |            |
|    fps                  | 1092       |
|    iterations           | 210        |
|    time_elapsed         | 1377       |
|    total_timesteps      | 1505280    |
| train/                  |            |
|    approx_kl            | 0.16196674 |
|    clip_fraction        | 0.509      |
|    clip_range           | 0.2        |
|    entropy_loss         | -19.5      |
|    explained_variance   | 0.711      |
|    learning_rate        | 0.0003     |
|    loss                 | 0.0657     |
|    n_updates            | 15370      |
|    policy_gradient_loss | -0.0665    |
|    std                  | 6.21       |
|    value_loss           | 1.22       |
----------------------------------------
----------------------------------------
| manipularl/             |            |
|    collision_rate       | 0.5        |
|    grasp_curriculum     | 0          |
|    grasp_failure_rate   | 0.877      |
|    insert_depth_mean    | 0          |
|    insert_tilt_deg_mean | 0.00228    |
|    success_rate         | 0          |
| rollout/                |            |
|    ep_len_mean          | 237        |
|    ep_rew_mean          | -21.4      |
| time/                   |            |
|    fps                  | 1091       |
|    iterations           | 211        |
|    time_elapsed         | 1385       |
|    total_timesteps      | 1512448    |
| train/                  |            |
|    approx_kl            | 0.15313077 |
|    clip_fraction        | 0.482      |
|    clip_range           | 0.2        |
|    entropy_loss         | -19.6      |
|    explained_variance   | 0.779      |
|    learning_rate        | 0.0003     |
|    loss                 | 0.0373     |
|    n_updates            | 15380      |
|    policy_gradient_loss | -0.0637    |
|    std                  | 6.22       |
|    value_loss           | 1.58       |
----------------------------------------
----------------------------------------
| manipularl/             |            |
|    collision_rate       | 0.54       |
|    grasp_curriculum     | 0          |
|    grasp_failure_rate   | 0.882      |
|    insert_depth_mean    | 0          |
|    insert_tilt_deg_mean | 0.00215    |
|    success_rate         | 0          |
| rollout/                |            |
|    ep_len_mean          | 231        |
|    ep_rew_mean          | -21.7      |
| time/                   |            |
|    fps                  | 1090       |
|    iterations           | 212        |
|    time_elapsed         | 1393       |
|    total_timesteps      | 1519616    |
| train/                  |            |
|    approx_kl            | 0.12658852 |
|    clip_fraction        | 0.442      |
|    clip_range           | 0.2        |
|    entropy_loss         | -19.6      |
|    explained_variance   | 0.829      |
|    learning_rate        | 0.0003     |
|    loss                 | 0.184      |
|    n_updates            | 15390      |
|    policy_gradient_loss | -0.0657    |
|    std                  | 6.24       |
|    value_loss           | 1.58       |
----------------------------------------
----------------------------------------
| manipularl/             |            |
|    collision_rate       | 0.51       |
|    grasp_curriculum     | 0          |
|    grasp_failure_rate   | 0.852      |
|    insert_depth_mean    | 0          |
|    insert_tilt_deg_mean | 0.00209    |
|    success_rate         | 0          |
| rollout/                |            |
|    ep_len_mean          | 240        |
|    ep_rew_mean          | -21.6      |
| time/                   |            |
|    fps                  | 1090       |
|    iterations           | 213        |
|    time_elapsed         | 1399       |
|    total_timesteps      | 1526784    |
| train/                  |            |
|    approx_kl            | 0.14978255 |
|    clip_fraction        | 0.488      |
|    clip_range           | 0.2        |
|    entropy_loss         | -19.6      |
|    explained_variance   | 0.808      |
|    learning_rate        | 0.0003     |
|    loss                 | 0.18       |
|    n_updates            | 15400      |
|    policy_gradient_loss | -0.0734    |
|    std                  | 6.25       |
|    value_loss           | 1.78       |
----------------------------------------
----------------------------------------
| manipularl/             |            |
|    collision_rate       | 0.49       |
|    grasp_curriculum     | 0          |
|    grasp_failure_rate   | 0.833      |
|    insert_depth_mean    | 0          |
|    insert_tilt_deg_mean | 0.00212    |
|    success_rate         | 0          |
| rollout/                |            |
|    ep_len_mean          | 249        |
|    ep_rew_mean          | -24.1      |
| time/                   |            |
|    fps                  | 1090       |
|    iterations           | 214        |
|    time_elapsed         | 1406       |
|    total_timesteps      | 1533952    |
| train/                  |            |
|    approx_kl            | 0.14406376 |
|    clip_fraction        | 0.479      |
|    clip_range           | 0.2        |
|    entropy_loss         | -19.6      |
|    explained_variance   | 0.758      |
|    learning_rate        | 0.0003     |
|    loss                 | 0.07       |
|    n_updates            | 15410      |
|    policy_gradient_loss | -0.0699    |
|    std                  | 6.27       |
|    value_loss           | 1.6        |
----------------------------------------
----------------------------------------
| manipularl/             |            |
|    collision_rate       | 0.51       |
|    grasp_curriculum     | 0          |
|    grasp_failure_rate   | 0.829      |
|    insert_depth_mean    | 0          |
|    insert_tilt_deg_mean | 0.00209    |
|    success_rate         | 0          |
| rollout/                |            |
|    ep_len_mean          | 240        |
|    ep_rew_mean          | -21.4      |
| time/                   |            |
|    fps                  | 1090       |
|    iterations           | 215        |
|    time_elapsed         | 1412       |
|    total_timesteps      | 1541120    |
| train/                  |            |
|    approx_kl            | 0.16087213 |
|    clip_fraction        | 0.48       |
|    clip_range           | 0.2        |
|    entropy_loss         | -19.6      |
|    explained_variance   | 0.823      |
|    learning_rate        | 0.0003     |
|    loss                 | 0.177      |
|    n_updates            | 15420      |
|    policy_gradient_loss | -0.0686    |
|    std                  | 6.3        |
|    value_loss           | 1.54       |
----------------------------------------
----------------------------------------
| manipularl/             |            |
|    collision_rate       | 0.51       |
|    grasp_curriculum     | 0          |
|    grasp_failure_rate   | 0.832      |
|    insert_depth_mean    | 0          |
|    insert_tilt_deg_mean | 0.00215    |
|    success_rate         | 0          |
| rollout/                |            |
|    ep_len_mean          | 235        |
|    ep_rew_mean          | -20.7      |
| time/                   |            |
|    fps                  | 1090       |
|    iterations           | 216        |
|    time_elapsed         | 1419       |
|    total_timesteps      | 1548288    |
| train/                  |            |
|    approx_kl            | 0.21037972 |
|    clip_fraction        | 0.491      |
|    clip_range           | 0.2        |
|    entropy_loss         | -19.6      |
|    explained_variance   | 0.766      |
|    learning_rate        | 0.0003     |
|    loss                 | 0.0359     |
|    n_updates            | 15430      |
|    policy_gradient_loss | -0.0682    |
|    std                  | 6.31       |
|    value_loss           | 1.37       |
----------------------------------------
----------------------------------------
| manipularl/             |            |
|    collision_rate       | 0.45       |
|    grasp_curriculum     | 0          |
|    grasp_failure_rate   | 0.855      |
|    insert_depth_mean    | 0          |
|    insert_tilt_deg_mean | 0.00198    |
|    success_rate         | 0          |
| rollout/                |            |
|    ep_len_mean          | 251        |
|    ep_rew_mean          | -20.2      |
| time/                   |            |
|    fps                  | 1090       |
|    iterations           | 217        |
|    time_elapsed         | 1426       |
|    total_timesteps      | 1555456    |
| train/                  |            |
|    approx_kl            | 0.13670076 |
|    clip_fraction        | 0.481      |
|    clip_range           | 0.2        |
|    entropy_loss         | -19.6      |
|    explained_variance   | 0.799      |
|    learning_rate        | 0.0003     |
|    loss                 | 0.0335     |
|    n_updates            | 15440      |
|    policy_gradient_loss | -0.0792    |
|    std                  | 6.31       |
|    value_loss           | 1.21       |
----------------------------------------
----------------------------------------
| manipularl/             |            |
|    collision_rate       | 0.46       |
|    grasp_curriculum     | 0          |
|    grasp_failure_rate   | 0.866      |
|    insert_depth_mean    | 0          |
|    insert_tilt_deg_mean | 0.00192    |
|    success_rate         | 0          |
| rollout/                |            |
|    ep_len_mean          | 243        |
|    ep_rew_mean          | -19.6      |
| time/                   |            |
|    fps                  | 1089       |
|    iterations           | 218        |
|    time_elapsed         | 1434       |
|    total_timesteps      | 1562624    |
| train/                  |            |
|    approx_kl            | 0.17593257 |
|    clip_fraction        | 0.513      |
|    clip_range           | 0.2        |
|    entropy_loss         | -19.6      |
|    explained_variance   | 0.827      |
|    learning_rate        | 0.0003     |
|    loss                 | -0.00249   |
|    n_updates            | 15450      |
|    policy_gradient_loss | -0.0682    |
|    std                  | 6.33       |
|    value_loss           | 0.994      |
----------------------------------------
-----------------------------------------
| manipularl/             |             |
|    collision_rate       | 0.44        |
|    grasp_curriculum     | 0           |
|    grasp_failure_rate   | 0.857       |
|    insert_depth_mean    | 6.91e-06    |
|    insert_tilt_deg_mean | 0.573       |
|    success_rate         | 0           |
| rollout/                |             |
|    ep_len_mean          | 249         |
|    ep_rew_mean          | -21.2       |
| time/                   |             |
|    fps                  | 1089        |
|    iterations           | 219         |
|    time_elapsed         | 1441        |
|    total_timesteps      | 1569792     |
| train/                  |             |
|    approx_kl            | 0.119707346 |
|    clip_fraction        | 0.477       |
|    clip_range           | 0.2         |
|    entropy_loss         | -19.6       |
|    explained_variance   | 0.773       |
|    learning_rate        | 0.0003      |
|    loss                 | 0.13        |
|    n_updates            | 15460       |
|    policy_gradient_loss | -0.0584     |
|    std                  | 6.34        |
|    value_loss           | 1.91        |
-----------------------------------------
----------------------------------------
| manipularl/             |            |
|    collision_rate       | 0.43       |
|    grasp_curriculum     | 0          |
|    grasp_failure_rate   | 0.836      |
|    insert_depth_mean    | 6.91e-06   |
|    insert_tilt_deg_mean | 0.573      |
|    success_rate         | 0          |
| rollout/                |            |
|    ep_len_mean          | 257        |
|    ep_rew_mean          | -23.7      |
| time/                   |            |
|    fps                  | 1089       |
|    iterations           | 220        |
|    time_elapsed         | 1447       |
|    total_timesteps      | 1576960    |
| train/                  |            |
|    approx_kl            | 0.10099672 |
|    clip_fraction        | 0.425      |
|    clip_range           | 0.2        |
|    entropy_loss         | -19.6      |
|    explained_variance   | 0.803      |
|    learning_rate        | 0.0003     |
|    loss                 | 0.369      |
|    n_updates            | 15470      |
|    policy_gradient_loss | -0.0633    |
|    std                  | 6.36       |
|    value_loss           | 2.17       |
----------------------------------------
----------------------------------------
| manipularl/             |            |
|    collision_rate       | 0.52       |
|    grasp_curriculum     | 0          |
|    grasp_failure_rate   | 0.835      |
|    insert_depth_mean    | 6.91e-06   |
|    insert_tilt_deg_mean | 1.64       |
|    success_rate         | 0          |
| rollout/                |            |
|    ep_len_mean          | 223        |
|    ep_rew_mean          | -20.5      |
| time/                   |            |
|    fps                  | 1090       |
|    iterations           | 221        |
|    time_elapsed         | 1453       |
|    total_timesteps      | 1584128    |
| train/                  |            |
|    approx_kl            | 0.11869991 |
|    clip_fraction        | 0.461      |
|    clip_range           | 0.2        |
|    entropy_loss         | -19.6      |
|    explained_variance   | 0.785      |
|    learning_rate        | 0.0003     |
|    loss                 | 0.354      |
|    n_updates            | 15480      |
|    policy_gradient_loss | -0.0779    |
|    std                  | 6.38       |
|    value_loss           | 1.87       |
----------------------------------------
----------------------------------------
| manipularl/             |            |
|    collision_rate       | 0.47       |
|    grasp_curriculum     | 0          |
|    grasp_failure_rate   | 0.821      |
|    insert_depth_mean    | 0          |
|    insert_tilt_deg_mean | 1.64       |
|    success_rate         | 0          |
| rollout/                |            |
|    ep_len_mean          | 242        |
|    ep_rew_mean          | -20.7      |
| time/                   |            |
|    fps                  | 1090       |
|    iterations           | 222        |
|    time_elapsed         | 1459       |
|    total_timesteps      | 1591296    |
| train/                  |            |
|    approx_kl            | 0.11998077 |
|    clip_fraction        | 0.452      |
|    clip_range           | 0.2        |
|    entropy_loss         | -19.6      |
|    explained_variance   | 0.793      |
|    learning_rate        | 0.0003     |
|    loss                 | 0.141      |
|    n_updates            | 15490      |
|    policy_gradient_loss | -0.0671    |
|    std                  | 6.39       |
|    value_loss           | 1.73       |
----------------------------------------
---------------------------------------
| manipularl/             |           |
|    collision_rate       | 0.49      |
|    grasp_curriculum     | 0         |
|    grasp_failure_rate   | 0.829     |
|    insert_depth_mean    | 4.15e-05  |
|    insert_tilt_deg_mean | 1.07      |
|    success_rate         | 0         |
| rollout/                |           |
|    ep_len_mean          | 232       |
|    ep_rew_mean          | -18.7     |
| time/                   |           |
|    fps                  | 1090      |
|    iterations           | 223       |
|    time_elapsed         | 1465      |
|    total_timesteps      | 1598464   |
| train/                  |           |
|    approx_kl            | 0.1153658 |
|    clip_fraction        | 0.446     |
|    clip_range           | 0.2       |
|    entropy_loss         | -19.6     |
|    explained_variance   | 0.773     |
|    learning_rate        | 0.0003    |
|    loss                 | 0.144     |
|    n_updates            | 15500     |
|    policy_gradient_loss | -0.0673   |
|    std                  | 6.41      |
|    value_loss           | 1.37      |
---------------------------------------
Eval num_timesteps=1599920, episode_reward=-16.77 +/- 17.31
Episode length: 254.00 +/- 179.17
----------------------------------------
| eval/                   |            |
|    mean_ep_length       | 254        |
|    mean_reward          | -16.8      |
| manipularl/             |            |
|    collision_rate       | 0.49       |
|    grasp_curriculum     | 0          |
|    grasp_failure_rate   | 0.833      |
|    insert_depth_mean    | 4.15e-05   |
|    insert_tilt_deg_mean | 1.07       |
|    success_rate         | 0          |
| time/                   |            |
|    total_timesteps      | 1599920    |
| train/                  |            |
|    approx_kl            | 0.12810124 |
|    clip_fraction        | 0.461      |
|    clip_range           | 0.2        |
|    entropy_loss         | -19.6      |
|    explained_variance   | 0.865      |
|    learning_rate        | 0.0003     |
|    loss                 | 0.0753     |
|    n_updates            | 15510      |
|    policy_gradient_loss | -0.0658    |
|    std                  | 6.42       |
|    value_loss           | 1.53       |
----------------------------------------
New best mean reward!
--------------------------------------
| manipularl/             |          |
|    collision_rate       | 0.46     |
|    grasp_curriculum     | 0        |
|    grasp_failure_rate   | 0.851    |
|    insert_depth_mean    | 4.15e-05 |
|    insert_tilt_deg_mean | 0.572    |
|    success_rate         | 0        |
| rollout/                |          |
|    ep_len_mean          | 245      |
|    ep_rew_mean          | -19.9    |
| time/                   |          |
|    fps                  | 1078     |
|    iterations           | 224      |
|    time_elapsed         | 1488     |
|    total_timesteps      | 1605632  |
--------------------------------------
----------------------------------------
| manipularl/             |            |
|    collision_rate       | 0.52       |
|    grasp_curriculum     | 0          |
|    grasp_failure_rate   | 0.848      |
|    insert_depth_mean    | 4.15e-05   |
|    insert_tilt_deg_mean | 1.14       |
|    success_rate         | 0          |
| rollout/                |            |
|    ep_len_mean          | 227        |
|    ep_rew_mean          | -19.8      |
| time/                   |            |
|    fps                  | 1077       |
|    iterations           | 225        |
|    time_elapsed         | 1496       |
|    total_timesteps      | 1612800    |
| train/                  |            |
|    approx_kl            | 0.12415181 |
|    clip_fraction        | 0.437      |
|    clip_range           | 0.2        |
|    entropy_loss         | -19.6      |
|    explained_variance   | 0.904      |
|    learning_rate        | 0.0003     |
|    loss                 | 0.402      |
|    n_updates            | 15520      |
|    policy_gradient_loss | -0.0602    |
|    std                  | 6.44       |
|    value_loss           | 1.82       |
----------------------------------------
-----------------------------------------
| manipularl/             |             |
|    collision_rate       | 0.51        |
|    grasp_curriculum     | 0           |
|    grasp_failure_rate   | 0.881       |
|    insert_depth_mean    | 4.15e-05    |
|    insert_tilt_deg_mean | 1.14        |
|    success_rate         | 0           |
| rollout/                |             |
|    ep_len_mean          | 237         |
|    ep_rew_mean          | -21.6       |
| time/                   |             |
|    fps                  | 1077        |
|    iterations           | 226         |
|    time_elapsed         | 1503        |
|    total_timesteps      | 1619968     |
| train/                  |             |
|    approx_kl            | 0.117658295 |
|    clip_fraction        | 0.443       |
|    clip_range           | 0.2         |
|    entropy_loss         | -19.6       |
|    explained_variance   | 0.81        |
|    learning_rate        | 0.0003      |
|    loss                 | 0.195       |
|    n_updates            | 15530       |
|    policy_gradient_loss | -0.0674     |
|    std                  | 6.47        |
|    value_loss           | 1.87        |
-----------------------------------------
----------------------------------------
| manipularl/             |            |
|    collision_rate       | 0.55       |
|    grasp_curriculum     | 0          |
|    grasp_failure_rate   | 0.896      |
|    insert_depth_mean    | 0          |
|    insert_tilt_deg_mean | 1.14       |
|    success_rate         | 0          |
| rollout/                |            |
|    ep_len_mean          | 216        |
|    ep_rew_mean          | -20.2      |
| time/                   |            |
|    fps                  | 1076       |
|    iterations           | 227        |
|    time_elapsed         | 1511       |
|    total_timesteps      | 1627136    |
| train/                  |            |
|    approx_kl            | 0.11587911 |
|    clip_fraction        | 0.436      |
|    clip_range           | 0.2        |
|    entropy_loss         | -19.6      |
|    explained_variance   | 0.85       |
|    learning_rate        | 0.0003     |
|    loss                 | 0.351      |
|    n_updates            | 15540      |
|    policy_gradient_loss | -0.0635    |
|    std                  | 6.51       |
|    value_loss           | 2.14       |
----------------------------------------
----------------------------------------
| manipularl/             |            |
|    collision_rate       | 0.53       |
|    grasp_curriculum     | 0          |
|    grasp_failure_rate   | 0.874      |
|    insert_depth_mean    | 0          |
|    insert_tilt_deg_mean | 1.14       |
|    success_rate         | 0          |
| rollout/                |            |
|    ep_len_mean          | 218        |
|    ep_rew_mean          | -23.6      |
| time/                   |            |
|    fps                  | 1075       |
|    iterations           | 228        |
|    time_elapsed         | 1519       |
|    total_timesteps      | 1634304    |
| train/                  |            |
|    approx_kl            | 0.09543566 |
|    clip_fraction        | 0.391      |
|    clip_range           | 0.2        |
|    entropy_loss         | -19.6      |
|    explained_variance   | 0.832      |
|    learning_rate        | 0.0003     |
|    loss                 | 0.324      |
|    n_updates            | 15550      |
|    policy_gradient_loss | -0.0563    |
|    std                  | 6.53       |
|    value_loss           | 2.87       |
----------------------------------------
----------------------------------------
| manipularl/             |            |
|    collision_rate       | 0.55       |
|    grasp_curriculum     | 0          |
|    grasp_failure_rate   | 0.864      |
|    insert_depth_mean    | 0          |
|    insert_tilt_deg_mean | 2.15       |
|    success_rate         | 0          |
| rollout/                |            |
|    ep_len_mean          | 206        |
|    ep_rew_mean          | -23        |
| time/                   |            |
|    fps                  | 1074       |
|    iterations           | 229        |
|    time_elapsed         | 1527       |
|    total_timesteps      | 1641472    |
| train/                  |            |
|    approx_kl            | 0.11718954 |
|    clip_fraction        | 0.459      |
|    clip_range           | 0.2        |
|    entropy_loss         | -19.6      |
|    explained_variance   | 0.89       |
|    learning_rate        | 0.0003     |
|    loss                 | 0.192      |
|    n_updates            | 15560      |
|    policy_gradient_loss | -0.0737    |
|    std                  | 6.52       |
|    value_loss           | 1.81       |
----------------------------------------
-----------------------------------------
| manipularl/             |             |
|    collision_rate       | 0.62        |
|    grasp_curriculum     | 0           |
|    grasp_failure_rate   | 0.88        |
|    insert_depth_mean    | 0           |
|    insert_tilt_deg_mean | 2.15        |
|    success_rate         | 0           |
| rollout/                |             |
|    ep_len_mean          | 178         |
|    ep_rew_mean          | -17.6       |
| time/                   |             |
|    fps                  | 1074        |
|    iterations           | 230         |
|    time_elapsed         | 1534        |
|    total_timesteps      | 1648640     |
| train/                  |             |
|    approx_kl            | 0.115422696 |
|    clip_fraction        | 0.456       |
|    clip_range           | 0.2         |
|    entropy_loss         | -19.6       |
|    explained_variance   | 0.891       |
|    learning_rate        | 0.0003      |
|    loss                 | 0.312       |
|    n_updates            | 15570       |
|    policy_gradient_loss | -0.0734     |
|    std                  | 6.53        |
|    value_loss           | 2.17        |
-----------------------------------------
----------------------------------------
| manipularl/             |            |
|    collision_rate       | 0.58       |
|    grasp_curriculum     | 0          |
|    grasp_failure_rate   | 0.877      |
|    insert_depth_mean    | 0          |
|    insert_tilt_deg_mean | 2.72       |
|    success_rate         | 0          |
| rollout/                |            |
|    ep_len_mean          | 193        |
|    ep_rew_mean          | -19.1      |
| time/                   |            |
|    fps                  | 1073       |
|    iterations           | 231        |
|    time_elapsed         | 1542       |
|    total_timesteps      | 1655808    |
| train/                  |            |
|    approx_kl            | 0.10871374 |
|    clip_fraction        | 0.426      |
|    clip_range           | 0.2        |
|    entropy_loss         | -19.6      |
|    explained_variance   | 0.829      |
|    learning_rate        | 0.0003     |
|    loss                 | 0.324      |
|    n_updates            | 15580      |
|    policy_gradient_loss | -0.0702    |
|    std                  | 6.54       |
|    value_loss           | 2.53       |
----------------------------------------
----------------------------------------
| manipularl/             |            |
|    collision_rate       | 0.55       |
|    grasp_curriculum     | 0          |
|    grasp_failure_rate   | 0.876      |
|    insert_depth_mean    | 0          |
|    insert_tilt_deg_mean | 2.28       |
|    success_rate         | 0          |
| rollout/                |            |
|    ep_len_mean          | 206        |
|    ep_rew_mean          | -18.6      |
| time/                   |            |
|    fps                  | 1072       |
|    iterations           | 232        |
|    time_elapsed         | 1549       |
|    total_timesteps      | 1662976    |
| train/                  |            |
|    approx_kl            | 0.14861532 |
|    clip_fraction        | 0.464      |
|    clip_range           | 0.2        |
|    entropy_loss         | -19.6      |
|    explained_variance   | 0.865      |
|    learning_rate        | 0.0003     |
|    loss                 | 0.121      |
|    n_updates            | 15590      |
|    policy_gradient_loss | -0.0675    |
|    std                  | 6.56       |
|    value_loss           | 1.52       |
----------------------------------------
----------------------------------------
| manipularl/             |            |
|    collision_rate       | 0.5        |
|    grasp_curriculum     | 0          |
|    grasp_failure_rate   | 0.866      |
|    insert_depth_mean    | 0          |
|    insert_tilt_deg_mean | 1.71       |
|    success_rate         | 0          |
| rollout/                |            |
|    ep_len_mean          | 226        |
|    ep_rew_mean          | -20.4      |
| time/                   |            |
|    fps                  | 1072       |
|    iterations           | 233        |
|    time_elapsed         | 1557       |
|    total_timesteps      | 1670144    |
| train/                  |            |
|    approx_kl            | 0.11756264 |
|    clip_fraction        | 0.443      |
|    clip_range           | 0.2        |
|    entropy_loss         | -19.6      |
|    explained_variance   | 0.858      |
|    learning_rate        | 0.0003     |
|    loss                 | 0.355      |
|    n_updates            | 15600      |
|    policy_gradient_loss | -0.0656    |
|    std                  | 6.58       |
|    value_loss           | 2.13       |
----------------------------------------
----------------------------------------
| manipularl/             |            |
|    collision_rate       | 0.6        |
|    grasp_curriculum     | 0          |
|    grasp_failure_rate   | 0.873      |
|    insert_depth_mean    | 0          |
|    insert_tilt_deg_mean | 2.5        |
|    success_rate         | 0          |
| rollout/                |            |
|    ep_len_mean          | 188        |
|    ep_rew_mean          | -18.2      |
| time/                   |            |
|    fps                  | 1072       |
|    iterations           | 234        |
|    time_elapsed         | 1564       |
|    total_timesteps      | 1677312    |
| train/                  |            |
|    approx_kl            | 0.13294008 |
|    clip_fraction        | 0.464      |
|    clip_range           | 0.2        |
|    entropy_loss         | -19.6      |
|    explained_variance   | 0.859      |
|    learning_rate        | 0.0003     |
|    loss                 | 0.166      |
|    n_updates            | 15610      |
|    policy_gradient_loss | -0.0729    |
|    std                  | 6.6        |
|    value_loss           | 1.96       |
----------------------------------------
----------------------------------------
| manipularl/             |            |
|    collision_rate       | 0.56       |
|    grasp_curriculum     | 0          |
|    grasp_failure_rate   | 0.864      |
|    insert_depth_mean    | 0          |
|    insert_tilt_deg_mean | 2.6        |
|    success_rate         | 0          |
| rollout/                |            |
|    ep_len_mean          | 203        |
|    ep_rew_mean          | -17.5      |
| time/                   |            |
|    fps                  | 1071       |
|    iterations           | 235        |
|    time_elapsed         | 1571       |
|    total_timesteps      | 1684480    |
| train/                  |            |
|    approx_kl            | 0.13083056 |
|    clip_fraction        | 0.444      |
|    clip_range           | 0.2        |
|    entropy_loss         | -19.6      |
|    explained_variance   | 0.748      |
|    learning_rate        | 0.0003     |
|    loss                 | 0.15       |
|    n_updates            | 15620      |
|    policy_gradient_loss | -0.0596    |
|    std                  | 6.61       |
|    value_loss           | 1.96       |
----------------------------------------
-----------------------------------------
| manipularl/             |             |
|    collision_rate       | 0.52        |
|    grasp_curriculum     | 0           |
|    grasp_failure_rate   | 0.863       |
|    insert_depth_mean    | 0           |
|    insert_tilt_deg_mean | 2.6         |
|    success_rate         | 0           |
| rollout/                |             |
|    ep_len_mean          | 215         |
|    ep_rew_mean          | -17.3       |
| time/                   |             |
|    fps                  | 1070        |
|    iterations           | 236         |
|    time_elapsed         | 1579        |
|    total_timesteps      | 1691648     |
| train/                  |             |
|    approx_kl            | 0.121370435 |
|    clip_fraction        | 0.446       |
|    clip_range           | 0.2         |
|    entropy_loss         | -19.6       |
|    explained_variance   | 0.832       |
|    learning_rate        | 0.0003      |
|    loss                 | 0.362       |
|    n_updates            | 15630       |
|    policy_gradient_loss | -0.0649     |
|    std                  | 6.62        |
|    value_loss           | 1.96        |
-----------------------------------------
----------------------------------------
| manipularl/             |            |
|    collision_rate       | 0.47       |
|    grasp_curriculum     | 0          |
|    grasp_failure_rate   | 0.845      |
|    insert_depth_mean    | 1.48e-05   |
|    insert_tilt_deg_mean | 1.93       |
|    success_rate         | 0          |
| rollout/                |            |
|    ep_len_mean          | 232        |
|    ep_rew_mean          | -19.2      |
| time/                   |            |
|    fps                  | 1070       |
|    iterations           | 237        |
|    time_elapsed         | 1587       |
|    total_timesteps      | 1698816    |
| train/                  |            |
|    approx_kl            | 0.15170082 |
|    clip_fraction        | 0.488      |
|    clip_range           | 0.2        |
|    entropy_loss         | -19.6      |
|    explained_variance   | 0.892      |
|    learning_rate        | 0.0003     |
|    loss                 | 0.123      |
|    n_updates            | 15640      |
|    policy_gradient_loss | -0.074     |
|    std                  | 6.61       |
|    value_loss           | 1.61       |
----------------------------------------
---------------------------------------
| manipularl/             |           |
|    collision_rate       | 0.4       |
|    grasp_curriculum     | 0         |
|    grasp_failure_rate   | 0.819     |
|    insert_depth_mean    | 4.44e-05  |
|    insert_tilt_deg_mean | 0.68      |
|    success_rate         | 0         |
| rollout/                |           |
|    ep_len_mean          | 258       |
|    ep_rew_mean          | -19.9     |
| time/                   |           |
|    fps                  | 1069      |
|    iterations           | 238       |
|    time_elapsed         | 1594      |
|    total_timesteps      | 1705984   |
| train/                  |           |
|    approx_kl            | 0.1319945 |
|    clip_fraction        | 0.464     |
|    clip_range           | 0.2       |
|    entropy_loss         | -19.5     |
|    explained_variance   | 0.829     |
|    learning_rate        | 0.0003    |
|    loss                 | 0.0969    |
|    n_updates            | 15650     |
|    policy_gradient_loss | -0.0705   |
|    std                  | 6.61      |
|    value_loss           | 1.47      |
---------------------------------------
---------------------------------------
| manipularl/             |           |
|    collision_rate       | 0.43      |
|    grasp_curriculum     | 0         |
|    grasp_failure_rate   | 0.79      |
|    insert_depth_mean    | 4.44e-05  |
|    insert_tilt_deg_mean | 0.679     |
|    success_rate         | 0         |
| rollout/                |           |
|    ep_len_mean          | 248       |
|    ep_rew_mean          | -22.3     |
| time/                   |           |
|    fps                  | 1069      |
|    iterations           | 239       |
|    time_elapsed         | 1601      |
|    total_timesteps      | 1713152   |
| train/                  |           |
|    approx_kl            | 0.1688882 |
|    clip_fraction        | 0.481     |
|    clip_range           | 0.2       |
|    entropy_loss         | -19.5     |
|    explained_variance   | 0.843     |
|    learning_rate        | 0.0003    |
|    loss                 | 0.0383    |
|    n_updates            | 15660     |
|    policy_gradient_loss | -0.0715   |
|    std                  | 6.64      |
|    value_loss           | 1.56      |
---------------------------------------
----------------------------------------
| manipularl/             |            |
|    collision_rate       | 0.54       |
|    grasp_curriculum     | 0          |
|    grasp_failure_rate   | 0.81       |
|    insert_depth_mean    | 2.96e-05   |
|    insert_tilt_deg_mean | 2.03       |
|    success_rate         | 0          |
| rollout/                |            |
|    ep_len_mean          | 210        |
|    ep_rew_mean          | -19.7      |
| time/                   |            |
|    fps                  | 1069       |
|    iterations           | 240        |
|    time_elapsed         | 1609       |
|    total_timesteps      | 1720320    |
| train/                  |            |
|    approx_kl            | 0.10447572 |
|    clip_fraction        | 0.45       |
|    clip_range           | 0.2        |
|    entropy_loss         | -19.5      |
|    explained_variance   | 0.807      |
|    learning_rate        | 0.0003     |
|    loss                 | 0.328      |
|    n_updates            | 15670      |
|    policy_gradient_loss | -0.0665    |
|    std                  | 6.66       |
|    value_loss           | 2.25       |
----------------------------------------
----------------------------------------
| manipularl/             |            |
|    collision_rate       | 0.52       |
|    grasp_curriculum     | 0          |
|    grasp_failure_rate   | 0.812      |
|    insert_depth_mean    | 0          |
|    insert_tilt_deg_mean | 2.03       |
|    success_rate         | 0          |
| rollout/                |            |
|    ep_len_mean          | 222        |
|    ep_rew_mean          | -21.6      |
| time/                   |            |
|    fps                  | 1069       |
|    iterations           | 241        |
|    time_elapsed         | 1615       |
|    total_timesteps      | 1727488    |
| train/                  |            |
|    approx_kl            | 0.12943482 |
|    clip_fraction        | 0.42       |
|    clip_range           | 0.2        |
|    entropy_loss         | -19.5      |
|    explained_variance   | 0.768      |
|    learning_rate        | 0.0003     |
|    loss                 | 0.317      |
|    n_updates            | 15680      |
|    policy_gradient_loss | -0.0703    |
|    std                  | 6.67       |
|    value_loss           | 2.53       |
----------------------------------------
---------------------------------------
| manipularl/             |           |
|    collision_rate       | 0.5       |
|    grasp_curriculum     | 0         |
|    grasp_failure_rate   | 0.834     |
|    insert_depth_mean    | 0         |
|    insert_tilt_deg_mean | 2.7       |
|    success_rate         | 0         |
| rollout/                |           |
|    ep_len_mean          | 227       |
|    ep_rew_mean          | -20.9     |
| time/                   |           |
|    fps                  | 1069      |
|    iterations           | 242       |
|    time_elapsed         | 1621      |
|    total_timesteps      | 1734656   |
| train/                  |           |
|    approx_kl            | 0.1364696 |
|    clip_fraction        | 0.457     |
|    clip_range           | 0.2       |
|    entropy_loss         | -19.5     |
|    explained_variance   | 0.752     |
|    learning_rate        | 0.0003    |
|    loss                 | 0.0634    |
|    n_updates            | 15690     |
|    policy_gradient_loss | -0.0723   |
|    std                  | 6.69      |
|    value_loss           | 1.41      |
---------------------------------------
----------------------------------------
| manipularl/             |            |
|    collision_rate       | 0.49       |
|    grasp_curriculum     | 0          |
|    grasp_failure_rate   | 0.852      |
|    insert_depth_mean    | 0.000134   |
|    insert_tilt_deg_mean | 1.35       |
|    success_rate         | 0          |
| rollout/                |            |
|    ep_len_mean          | 236        |
|    ep_rew_mean          | -20.7      |
| time/                   |            |
|    fps                  | 1070       |
|    iterations           | 243        |
|    time_elapsed         | 1627       |
|    total_timesteps      | 1741824    |
| train/                  |            |
|    approx_kl            | 0.20604888 |
|    clip_fraction        | 0.48       |
|    clip_range           | 0.2        |
|    entropy_loss         | -19.5      |
|    explained_variance   | 0.74       |
|    learning_rate        | 0.0003     |
|    loss                 | 0.14       |
|    n_updates            | 15700      |
|    policy_gradient_loss | -0.0727    |
|    std                  | 6.72       |
|    value_loss           | 1.71       |
----------------------------------------
----------------------------------------
| manipularl/             |            |
|    collision_rate       | 0.57       |
|    grasp_curriculum     | 0          |
|    grasp_failure_rate   | 0.866      |
|    insert_depth_mean    | 0.000134   |
|    insert_tilt_deg_mean | 2.7        |
|    success_rate         | 0          |
| rollout/                |            |
|    ep_len_mean          | 202        |
|    ep_rew_mean          | -17.1      |
| time/                   |            |
|    fps                  | 1070       |
|    iterations           | 244        |
|    time_elapsed         | 1633       |
|    total_timesteps      | 1748992    |
| train/                  |            |
|    approx_kl            | 0.17658214 |
|    clip_fraction        | 0.493      |
|    clip_range           | 0.2        |
|    entropy_loss         | -19.5      |
|    explained_variance   | 0.786      |
|    learning_rate        | 0.0003     |
|    loss                 | 0.119      |
|    n_updates            | 15710      |
|    policy_gradient_loss | -0.0677    |
|    std                  | 6.74       |
|    value_loss           | 1.53       |
----------------------------------------
----------------------------------------
| manipularl/             |            |
|    collision_rate       | 0.55       |
|    grasp_curriculum     | 0          |
|    grasp_failure_rate   | 0.844      |
|    insert_depth_mean    | 0.000134   |
|    insert_tilt_deg_mean | 2.03       |
|    success_rate         | 0          |
| rollout/                |            |
|    ep_len_mean          | 211        |
|    ep_rew_mean          | -20.3      |
| time/                   |            |
|    fps                  | 1070       |
|    iterations           | 245        |
|    time_elapsed         | 1640       |
|    total_timesteps      | 1756160    |
| train/                  |            |
|    approx_kl            | 0.12743774 |
|    clip_fraction        | 0.471      |
|    clip_range           | 0.2        |
|    entropy_loss         | -19.5      |
|    explained_variance   | 0.835      |
|    learning_rate        | 0.0003     |
|    loss                 | 0.191      |
|    n_updates            | 15720      |
|    policy_gradient_loss | -0.07      |
|    std                  | 6.75       |
|    value_loss           | 2.06       |
----------------------------------------
---------------------------------------
| manipularl/             |           |
|    collision_rate       | 0.58      |
|    grasp_curriculum     | 0         |
|    grasp_failure_rate   | 0.851     |
|    insert_depth_mean    | 0         |
|    insert_tilt_deg_mean | 3.38      |
|    success_rate         | 0         |
| rollout/                |           |
|    ep_len_mean          | 194       |
|    ep_rew_mean          | -20.5     |
| time/                   |           |
|    fps                  | 1070      |
|    iterations           | 246       |
|    time_elapsed         | 1646      |
|    total_timesteps      | 1763328   |
| train/                  |           |
|    approx_kl            | 0.0965777 |
|    clip_fraction        | 0.469     |
|    clip_range           | 0.2       |
|    entropy_loss         | -19.5     |
|    explained_variance   | 0.825     |
|    learning_rate        | 0.0003    |
|    loss                 | 0.245     |
|    n_updates            | 15730     |
|    policy_gradient_loss | -0.0581   |
|    std                  | 6.76      |
|    value_loss           | 1.96      |
---------------------------------------
----------------------------------------
| manipularl/             |            |
|    collision_rate       | 0.55       |
|    grasp_curriculum     | 0          |
|    grasp_failure_rate   | 0.846      |
|    insert_depth_mean    | 0          |
|    insert_tilt_deg_mean | 2.03       |
|    success_rate         | 0          |
| rollout/                |            |
|    ep_len_mean          | 210        |
|    ep_rew_mean          | -24.2      |
| time/                   |            |
|    fps                  | 1071       |
|    iterations           | 247        |
|    time_elapsed         | 1652       |
|    total_timesteps      | 1770496    |
| train/                  |            |
|    approx_kl            | 0.12184476 |
|    clip_fraction        | 0.433      |
|    clip_range           | 0.2        |
|    entropy_loss         | -19.5      |
|    explained_variance   | 0.692      |
|    learning_rate        | 0.0003     |
|    loss                 | 0.171      |
|    n_updates            | 15740      |
|    policy_gradient_loss | -0.0687    |
|    std                  | 6.77       |
|    value_loss           | 2.12       |
----------------------------------------
----------------------------------------
| manipularl/             |            |
|    collision_rate       | 0.58       |
|    grasp_curriculum     | 0          |
|    grasp_failure_rate   | 0.839      |
|    insert_depth_mean    | 0          |
|    insert_tilt_deg_mean | 2.03       |
|    success_rate         | 0          |
| rollout/                |            |
|    ep_len_mean          | 198        |
|    ep_rew_mean          | -19.6      |
| time/                   |            |
|    fps                  | 1071       |
|    iterations           | 248        |
|    time_elapsed         | 1659       |
|    total_timesteps      | 1777664    |
| train/                  |            |
|    approx_kl            | 0.19553213 |
|    clip_fraction        | 0.485      |
|    clip_range           | 0.2        |
|    entropy_loss         | -19.5      |
|    explained_variance   | 0.77       |
|    learning_rate        | 0.0003     |
|    loss                 | 0.198      |
|    n_updates            | 15750      |
|    policy_gradient_loss | -0.0717    |
|    std                  | 6.79       |
|    value_loss           | 2.02       |
----------------------------------------
----------------------------------------
| manipularl/             |            |
|    collision_rate       | 0.52       |
|    grasp_curriculum     | 0          |
|    grasp_failure_rate   | 0.835      |
|    insert_depth_mean    | 0          |
|    insert_tilt_deg_mean | 0.68       |
|    success_rate         | 0          |
| rollout/                |            |
|    ep_len_mean          | 221        |
|    ep_rew_mean          | -21.6      |
| time/                   |            |
|    fps                  | 1071       |
|    iterations           | 249        |
|    time_elapsed         | 1665       |
|    total_timesteps      | 1784832    |
| train/                  |            |
|    approx_kl            | 0.15900823 |
|    clip_fraction        | 0.48       |
|    clip_range           | 0.2        |
|    entropy_loss         | -19.5      |
|    explained_variance   | 0.783      |
|    learning_rate        | 0.0003     |
|    loss                 | 0.242      |
|    n_updates            | 15760      |
|    policy_gradient_loss | -0.0747    |
|    std                  | 6.81       |
|    value_loss           | 2.18       |
----------------------------------------
----------------------------------------
| manipularl/             |            |
|    collision_rate       | 0.55       |
|    grasp_curriculum     | 0          |
|    grasp_failure_rate   | 0.85       |
|    insert_depth_mean    | 0          |
|    insert_tilt_deg_mean | 0.679      |
|    success_rate         | 0          |
| rollout/                |            |
|    ep_len_mean          | 214        |
|    ep_rew_mean          | -22.1      |
| time/                   |            |
|    fps                  | 1072       |
|    iterations           | 250        |
|    time_elapsed         | 1671       |
|    total_timesteps      | 1792000    |
| train/                  |            |
|    approx_kl            | 0.19251834 |
|    clip_fraction        | 0.479      |
|    clip_range           | 0.2        |
|    entropy_loss         | -19.5      |
|    explained_variance   | 0.826      |
|    learning_rate        | 0.0003     |
|    loss                 | 0.139      |
|    n_updates            | 15770      |
|    policy_gradient_loss | -0.071     |
|    std                  | 6.83       |
|    value_loss           | 1.76       |
----------------------------------------
----------------------------------------
| manipularl/             |            |
|    collision_rate       | 0.54       |
|    grasp_curriculum     | 0          |
|    grasp_failure_rate   | 0.852      |
|    insert_depth_mean    | 0          |
|    insert_tilt_deg_mean | 0.00246    |
|    success_rate         | 0          |
| rollout/                |            |
|    ep_len_mean          | 219        |
|    ep_rew_mean          | -22.6      |
| time/                   |            |
|    fps                  | 1072       |
|    iterations           | 251        |
|    time_elapsed         | 1677       |
|    total_timesteps      | 1799168    |
| train/                  |            |
|    approx_kl            | 0.15092477 |
|    clip_fraction        | 0.489      |
|    clip_range           | 0.2        |
|    entropy_loss         | -19.5      |
|    explained_variance   | 0.764      |
|    learning_rate        | 0.0003     |
|    loss                 | 0.315      |
|    n_updates            | 15780      |
|    policy_gradient_loss | -0.0706    |
|    std                  | 6.84       |
|    value_loss           | 2.46       |
----------------------------------------
Eval num_timesteps=1799910, episode_reward=-11.31 +/- 16.27
Episode length: 269.95 +/- 177.39
----------------------------------------
| eval/                   |            |
|    mean_ep_length       | 270        |
|    mean_reward          | -11.3      |
| manipularl/             |            |
|    collision_rate       | 0.56       |
|    grasp_curriculum     | 0          |
|    grasp_failure_rate   | 0.852      |
|    insert_depth_mean    | 0          |
|    insert_tilt_deg_mean | 0.00257    |
|    success_rate         | 0          |
| time/                   |            |
|    total_timesteps      | 1799910    |
| train/                  |            |
|    approx_kl            | 0.13784212 |
|    clip_fraction        | 0.488      |
|    clip_range           | 0.2        |
|    entropy_loss         | -19.5      |
|    explained_variance   | 0.747      |
|    learning_rate        | 0.0003     |
|    loss                 | 0.205      |
|    n_updates            | 15790      |
|    policy_gradient_loss | -0.0697    |
|    std                  | 6.85       |
|    value_loss           | 1.97       |
----------------------------------------
New best mean reward!
--------------------------------------
| manipularl/             |          |
|    collision_rate       | 0.64     |
|    grasp_curriculum     | 0        |
|    grasp_failure_rate   | 0.852    |
|    insert_depth_mean    | 0        |
|    insert_tilt_deg_mean | 0.00243  |
|    success_rate         | 0        |
| rollout/                |          |
|    ep_len_mean          | 186      |
|    ep_rew_mean          | -17.7    |
| time/                   |          |
|    fps                  | 1064     |
|    iterations           | 252      |
|    time_elapsed         | 1697     |
|    total_timesteps      | 1806336  |
--------------------------------------
----------------------------------------
| manipularl/             |            |
|    collision_rate       | 0.65       |
|    grasp_curriculum     | 0          |
|    grasp_failure_rate   | 0.876      |
|    insert_depth_mean    | 0          |
|    insert_tilt_deg_mean | 0.00245    |
|    success_rate         | 0          |
| rollout/                |            |
|    ep_len_mean          | 180        |
|    ep_rew_mean          | -16.8      |
| time/                   |            |
|    fps                  | 1064       |
|    iterations           | 253        |
|    time_elapsed         | 1703       |
|    total_timesteps      | 1813504    |
| train/                  |            |
|    approx_kl            | 0.15926789 |
|    clip_fraction        | 0.504      |
|    clip_range           | 0.2        |
|    entropy_loss         | -19.5      |
|    explained_variance   | 0.828      |
|    learning_rate        | 0.0003     |
|    loss                 | 0.182      |
|    n_updates            | 15800      |
|    policy_gradient_loss | -0.0704    |
|    std                  | 6.87       |
|    value_loss           | 1.96       |
----------------------------------------
----------------------------------------
| manipularl/             |            |
|    collision_rate       | 0.68       |
|    grasp_curriculum     | 0          |
|    grasp_failure_rate   | 0.896      |
|    insert_depth_mean    | 0          |
|    insert_tilt_deg_mean | 0.00298    |
|    success_rate         | 0          |
| rollout/                |            |
|    ep_len_mean          | 168        |
|    ep_rew_mean          | -16.6      |
| time/                   |            |
|    fps                  | 1065       |
|    iterations           | 254        |
|    time_elapsed         | 1708       |
|    total_timesteps      | 1820672    |
| train/                  |            |
|    approx_kl            | 0.13293397 |
|    clip_fraction        | 0.472      |
|    clip_range           | 0.2        |
|    entropy_loss         | -19.5      |
|    explained_variance   | 0.788      |
|    learning_rate        | 0.0003     |
|    loss                 | 0.429      |
|    n_updates            | 15810      |
|    policy_gradient_loss | -0.0715    |
|    std                  | 6.89       |
|    value_loss           | 2.33       |
----------------------------------------
----------------------------------------
| manipularl/             |            |
|    collision_rate       | 0.64       |
|    grasp_curriculum     | 0          |
|    grasp_failure_rate   | 0.894      |
|    insert_depth_mean    | 0          |
|    insert_tilt_deg_mean | 0.00303    |
|    success_rate         | 0          |
| rollout/                |            |
|    ep_len_mean          | 181        |
|    ep_rew_mean          | -17.7      |
| time/                   |            |
|    fps                  | 1066       |
|    iterations           | 255        |
|    time_elapsed         | 1714       |
|    total_timesteps      | 1827840    |
| train/                  |            |
|    approx_kl            | 0.18051073 |
|    clip_fraction        | 0.478      |
|    clip_range           | 0.2        |
|    entropy_loss         | -19.5      |
|    explained_variance   | 0.815      |
|    learning_rate        | 0.0003     |
|    loss                 | 0.235      |
|    n_updates            | 15820      |
|    policy_gradient_loss | -0.0766    |
|    std                  | 6.9        |
|    value_loss           | 2.18       |
----------------------------------------
----------------------------------------
| manipularl/             |            |
|    collision_rate       | 0.65       |
|    grasp_curriculum     | 0          |
|    grasp_failure_rate   | 0.868      |
|    insert_depth_mean    | 0          |
|    insert_tilt_deg_mean | 0.00313    |
|    success_rate         | 0          |
| rollout/                |            |
|    ep_len_mean          | 174        |
|    ep_rew_mean          | -17.8      |
| time/                   |            |
|    fps                  | 1066       |
|    iterations           | 256        |
|    time_elapsed         | 1720       |
|    total_timesteps      | 1835008    |
| train/                  |            |
|    approx_kl            | 0.16237737 |
|    clip_fraction        | 0.504      |
|    clip_range           | 0.2        |
|    entropy_loss         | -19.5      |
|    explained_variance   | 0.84       |
|    learning_rate        | 0.0003     |
|    loss                 | 0.0892     |
|    n_updates            | 15830      |
|    policy_gradient_loss | -0.074     |
|    std                  | 6.89       |
|    value_loss           | 1.55       |
----------------------------------------
----------------------------------------
| manipularl/             |            |
|    collision_rate       | 0.6        |
|    grasp_curriculum     | 0          |
|    grasp_failure_rate   | 0.85       |
|    insert_depth_mean    | 0          |
|    insert_tilt_deg_mean | 0.00287    |
|    success_rate         | 0          |
| rollout/                |            |
|    ep_len_mean          | 195        |
|    ep_rew_mean          | -17.9      |
| time/                   |            |
|    fps                  | 1067       |
|    iterations           | 257        |
|    time_elapsed         | 1726       |
|    total_timesteps      | 1842176    |
| train/                  |            |
|    approx_kl            | 0.13516226 |
|    clip_fraction        | 0.477      |
|    clip_range           | 0.2        |
|    entropy_loss         | -19.5      |
|    explained_variance   | 0.767      |
|    learning_rate        | 0.0003     |
|    loss                 | 0.216      |
|    n_updates            | 15840      |
|    policy_gradient_loss | -0.0686    |
|    std                  | 6.91       |
|    value_loss           | 2.01       |
----------------------------------------
----------------------------------------
| manipularl/             |            |
|    collision_rate       | 0.63       |
|    grasp_curriculum     | 0          |
|    grasp_failure_rate   | 0.857      |
|    insert_depth_mean    | 0          |
|    insert_tilt_deg_mean | 0.00309    |
|    success_rate         | 0          |
| rollout/                |            |
|    ep_len_mean          | 184        |
|    ep_rew_mean          | -16.5      |
| time/                   |            |
|    fps                  | 1067       |
|    iterations           | 258        |
|    time_elapsed         | 1732       |
|    total_timesteps      | 1849344    |
| train/                  |            |
|    approx_kl            | 0.12033777 |
|    clip_fraction        | 0.449      |
|    clip_range           | 0.2        |
|    entropy_loss         | -19.5      |
|    explained_variance   | 0.793      |
|    learning_rate        | 0.0003     |
|    loss                 | 0.22       |
|    n_updates            | 15850      |
|    policy_gradient_loss | -0.0651    |
|    std                  | 6.92       |
|    value_loss           | 2.07       |
----------------------------------------
----------------------------------------
| manipularl/             |            |
|    collision_rate       | 0.61       |
|    grasp_curriculum     | 0          |
|    grasp_failure_rate   | 0.845      |
|    insert_depth_mean    | 0          |
|    insert_tilt_deg_mean | 0.003      |
|    success_rate         | 0          |
| rollout/                |            |
|    ep_len_mean          | 186        |
|    ep_rew_mean          | -13.9      |
| time/                   |            |
|    fps                  | 1067       |
|    iterations           | 259        |
|    time_elapsed         | 1738       |
|    total_timesteps      | 1856512    |
| train/                  |            |
|    approx_kl            | 0.15518191 |
|    clip_fraction        | 0.517      |
|    clip_range           | 0.2        |
|    entropy_loss         | -19.5      |
|    explained_variance   | 0.813      |
|    learning_rate        | 0.0003     |
|    loss                 | 0.0496     |
|    n_updates            | 15860      |
|    policy_gradient_loss | -0.0718    |
|    std                  | 6.93       |
|    value_loss           | 1.3        |
----------------------------------------
----------------------------------------
| manipularl/             |            |
|    collision_rate       | 0.62       |
|    grasp_curriculum     | 0          |
|    grasp_failure_rate   | 0.86       |
|    insert_depth_mean    | 7.48e-06   |
|    insert_tilt_deg_mean | 0.00327    |
|    success_rate         | 0          |
| rollout/                |            |
|    ep_len_mean          | 182        |
|    ep_rew_mean          | -11.8      |
| time/                   |            |
|    fps                  | 1068       |
|    iterations           | 260        |
|    time_elapsed         | 1744       |
|    total_timesteps      | 1863680    |
| train/                  |            |
|    approx_kl            | 0.20505929 |
|    clip_fraction        | 0.506      |
|    clip_range           | 0.2        |
|    entropy_loss         | -19.5      |
|    explained_variance   | 0.715      |
|    learning_rate        | 0.0003     |
|    loss                 | 0.146      |
|    n_updates            | 15870      |
|    policy_gradient_loss | -0.0652    |
|    std                  | 6.94       |
|    value_loss           | 1.69       |
----------------------------------------
----------------------------------------
| manipularl/             |            |
|    collision_rate       | 0.63       |
|    grasp_curriculum     | 0          |
|    grasp_failure_rate   | 0.862      |
|    insert_depth_mean    | 7.48e-06   |
|    insert_tilt_deg_mean | 0.00331    |
|    success_rate         | 0          |
| rollout/                |            |
|    ep_len_mean          | 174        |
|    ep_rew_mean          | -12.7      |
| time/                   |            |
|    fps                  | 1068       |
|    iterations           | 261        |
|    time_elapsed         | 1750       |
|    total_timesteps      | 1870848    |
| train/                  |            |
|    approx_kl            | 0.17055318 |
|    clip_fraction        | 0.489      |
|    clip_range           | 0.2        |
|    entropy_loss         | -19.5      |
|    explained_variance   | 0.742      |
|    learning_rate        | 0.0003     |
|    loss                 | 0.138      |
|    n_updates            | 15880      |
|    policy_gradient_loss | -0.0698    |
|    std                  | 6.95       |
|    value_loss           | 1.59       |
----------------------------------------
---------------------------------------
| manipularl/             |           |
|    collision_rate       | 0.6       |
|    grasp_curriculum     | 0         |
|    grasp_failure_rate   | 0.891     |
|    insert_depth_mean    | 7.48e-06  |
|    insert_tilt_deg_mean | 0.00308   |
|    success_rate         | 0         |
| rollout/                |           |
|    ep_len_mean          | 181       |
|    ep_rew_mean          | -12.1     |
| time/                   |           |
|    fps                  | 1068      |
|    iterations           | 262       |
|    time_elapsed         | 1756      |
|    total_timesteps      | 1878016   |
| train/                  |           |
|    approx_kl            | 0.1452559 |
|    clip_fraction        | 0.504     |
|    clip_range           | 0.2       |
|    entropy_loss         | -19.5     |
|    explained_variance   | 0.818     |
|    learning_rate        | 0.0003    |
|    loss                 | 0.0828    |
|    n_updates            | 15890     |
|    policy_gradient_loss | -0.0671   |
|    std                  | 6.95      |
|    value_loss           | 1.67      |
---------------------------------------
----------------------------------------
| manipularl/             |            |
|    collision_rate       | 0.58       |
|    grasp_curriculum     | 0          |
|    grasp_failure_rate   | 0.865      |
|    insert_depth_mean    | 0          |
|    insert_tilt_deg_mean | 0.00323    |
|    success_rate         | 0          |
| rollout/                |            |
|    ep_len_mean          | 195        |
|    ep_rew_mean          | -12.2      |
| time/                   |            |
|    fps                  | 1069       |
|    iterations           | 263        |
|    time_elapsed         | 1762       |
|    total_timesteps      | 1885184    |
| train/                  |            |
|    approx_kl            | 0.16604474 |
|    clip_fraction        | 0.521      |
|    clip_range           | 0.2        |
|    entropy_loss         | -19.5      |
|    explained_variance   | 0.861      |
|    learning_rate        | 0.0003     |
|    loss                 | 0.012      |
|    n_updates            | 15900      |
|    policy_gradient_loss | -0.0711    |
|    std                  | 6.94       |
|    value_loss           | 1.2        |
----------------------------------------
----------------------------------------
| manipularl/             |            |
|    collision_rate       | 0.57       |
|    grasp_curriculum     | 0          |
|    grasp_failure_rate   | 0.868      |
|    insert_depth_mean    | 0          |
|    insert_tilt_deg_mean | 0.00311    |
|    success_rate         | 0          |
| rollout/                |            |
|    ep_len_mean          | 203        |
|    ep_rew_mean          | -11.9      |
| time/                   |            |
|    fps                  | 1070       |
|    iterations           | 264        |
|    time_elapsed         | 1768       |
|    total_timesteps      | 1892352    |
| train/                  |            |
|    approx_kl            | 0.14701346 |
|    clip_fraction        | 0.511      |
|    clip_range           | 0.2        |
|    entropy_loss         | -19.5      |
|    explained_variance   | 0.793      |
|    learning_rate        | 0.0003     |
|    loss                 | 0.0886     |
|    n_updates            | 15910      |
|    policy_gradient_loss | -0.0702    |
|    std                  | 6.96       |
|    value_loss           | 1.49       |
----------------------------------------
----------------------------------------
| manipularl/             |            |
|    collision_rate       | 0.59       |
|    grasp_curriculum     | 0          |
|    grasp_failure_rate   | 0.871      |
|    insert_depth_mean    | 0          |
|    insert_tilt_deg_mean | 0.00293    |
|    success_rate         | 0          |
| rollout/                |            |
|    ep_len_mean          | 199        |
|    ep_rew_mean          | -12.9      |
| time/                   |            |
|    fps                  | 1070       |
|    iterations           | 265        |
|    time_elapsed         | 1774       |
|    total_timesteps      | 1899520    |
| train/                  |            |
|    approx_kl            | 0.16597392 |
|    clip_fraction        | 0.499      |
|    clip_range           | 0.2        |
|    entropy_loss         | -19.5      |
|    explained_variance   | 0.749      |
|    learning_rate        | 0.0003     |
|    loss                 | 0.0704     |
|    n_updates            | 15920      |
|    policy_gradient_loss | -0.0697    |
|    std                  | 6.98       |
|    value_loss           | 1.55       |
----------------------------------------
----------------------------------------
| manipularl/             |            |
|    collision_rate       | 0.54       |
|    grasp_curriculum     | 0          |
|    grasp_failure_rate   | 0.855      |
|    insert_depth_mean    | 0          |
|    insert_tilt_deg_mean | 0.00295    |
|    success_rate         | 0          |
| rollout/                |            |
|    ep_len_mean          | 212        |
|    ep_rew_mean          | -14.4      |
| time/                   |            |
|    fps                  | 1070       |
|    iterations           | 266        |
|    time_elapsed         | 1780       |
|    total_timesteps      | 1906688    |
| train/                  |            |
|    approx_kl            | 0.19627555 |
|    clip_fraction        | 0.511      |
|    clip_range           | 0.2        |
|    entropy_loss         | -19.5      |
|    explained_variance   | 0.748      |
|    learning_rate        | 0.0003     |
|    loss                 | 0.162      |
|    n_updates            | 15930      |
|    policy_gradient_loss | -0.0686    |
|    std                  | 7          |
|    value_loss           | 1.48       |
----------------------------------------
----------------------------------------
| manipularl/             |            |
|    collision_rate       | 0.51       |
|    grasp_curriculum     | 0          |
|    grasp_failure_rate   | 0.841      |
|    insert_depth_mean    | 0          |
|    insert_tilt_deg_mean | 0.00306    |
|    success_rate         | 0          |
| rollout/                |            |
|    ep_len_mean          | 219        |
|    ep_rew_mean          | -14.2      |
| time/                   |            |
|    fps                  | 1071       |
|    iterations           | 267        |
|    time_elapsed         | 1786       |
|    total_timesteps      | 1913856    |
| train/                  |            |
|    approx_kl            | 0.14133337 |
|    clip_fraction        | 0.481      |
|    clip_range           | 0.2        |
|    entropy_loss         | -19.5      |
|    explained_variance   | 0.763      |
|    learning_rate        | 0.0003     |
|    loss                 | 0.168      |
|    n_updates            | 15940      |
|    policy_gradient_loss | -0.0634    |
|    std                  | 7.02       |
|    value_loss           | 1.9        |
----------------------------------------
----------------------------------------
| manipularl/             |            |
|    collision_rate       | 0.47       |
|    grasp_curriculum     | 0          |
|    grasp_failure_rate   | 0.815      |
|    insert_depth_mean    | 0          |
|    insert_tilt_deg_mean | 0.0032     |
|    success_rate         | 0          |
| rollout/                |            |
|    ep_len_mean          | 233        |
|    ep_rew_mean          | -15        |
| time/                   |            |
|    fps                  | 1071       |
|    iterations           | 268        |
|    time_elapsed         | 1792       |
|    total_timesteps      | 1921024    |
| train/                  |            |
|    approx_kl            | 0.15854977 |
|    clip_fraction        | 0.501      |
|    clip_range           | 0.2        |
|    entropy_loss         | -19.5      |
|    explained_variance   | 0.809      |
|    learning_rate        | 0.0003     |
|    loss                 | 0.173      |
|    n_updates            | 15950      |
|    policy_gradient_loss | -0.0729    |
|    std                  | 7.05       |
|    value_loss           | 1.51       |
----------------------------------------
----------------------------------------
| manipularl/             |            |
|    collision_rate       | 0.52       |
|    grasp_curriculum     | 0          |
|    grasp_failure_rate   | 0.832      |
|    insert_depth_mean    | 9.42e-05   |
|    insert_tilt_deg_mean | 0.00305    |
|    success_rate         | 0          |
| rollout/                |            |
|    ep_len_mean          | 214        |
|    ep_rew_mean          | -13.7      |
| time/                   |            |
|    fps                  | 1071       |
|    iterations           | 269        |
|    time_elapsed         | 1798       |
|    total_timesteps      | 1928192    |
| train/                  |            |
|    approx_kl            | 0.13300475 |
|    clip_fraction        | 0.481      |
|    clip_range           | 0.2        |
|    entropy_loss         | -19.5      |
|    explained_variance   | 0.734      |
|    learning_rate        | 0.0003     |
|    loss                 | 0.173      |
|    n_updates            | 15960      |
|    policy_gradient_loss | -0.0668    |
|    std                  | 7.06       |
|    value_loss           | 1.64       |
----------------------------------------
---------------------------------------
| manipularl/             |           |
|    collision_rate       | 0.55      |
|    grasp_curriculum     | 0         |
|    grasp_failure_rate   | 0.856     |
|    insert_depth_mean    | 9.42e-05  |
|    insert_tilt_deg_mean | 0.00271   |
|    success_rate         | 0         |
| rollout/                |           |
|    ep_len_mean          | 208       |
|    ep_rew_mean          | -13.7     |
| time/                   |           |
|    fps                  | 1072      |
|    iterations           | 270       |
|    time_elapsed         | 1804      |
|    total_timesteps      | 1935360   |
| train/                  |           |
|    approx_kl            | 0.1650823 |
|    clip_fraction        | 0.489     |
|    clip_range           | 0.2       |
|    entropy_loss         | -19.5     |
|    explained_variance   | 0.781     |
|    learning_rate        | 0.0003    |
|    loss                 | 0.0534    |
|    n_updates            | 15970     |
|    policy_gradient_loss | -0.0733   |
|    std                  | 7.08      |
|    value_loss           | 1.51      |
---------------------------------------
----------------------------------------
| manipularl/             |            |
|    collision_rate       | 0.61       |
|    grasp_curriculum     | 0          |
|    grasp_failure_rate   | 0.875      |
|    insert_depth_mean    | 9.42e-05   |
|    insert_tilt_deg_mean | 0.00262    |
|    success_rate         | 0          |
| rollout/                |            |
|    ep_len_mean          | 187        |
|    ep_rew_mean          | -16.2      |
| time/                   |            |
|    fps                  | 1072       |
|    iterations           | 271        |
|    time_elapsed         | 1810       |
|    total_timesteps      | 1942528    |
| train/                  |            |
|    approx_kl            | 0.14521015 |
|    clip_fraction        | 0.482      |
|    clip_range           | 0.2        |
|    entropy_loss         | -19.4      |
|    explained_variance   | 0.845      |
|    learning_rate        | 0.0003     |
|    loss                 | 0.109      |
|    n_updates            | 15980      |
|    policy_gradient_loss | -0.0738    |
|    std                  | 7.09       |
|    value_loss           | 1.39       |
----------------------------------------
----------------------------------------
| manipularl/             |            |
|    collision_rate       | 0.58       |
|    grasp_curriculum     | 0          |
|    grasp_failure_rate   | 0.864      |
|    insert_depth_mean    | 0          |
|    insert_tilt_deg_mean | 0.00246    |
|    success_rate         | 0          |
| rollout/                |            |
|    ep_len_mean          | 206        |
|    ep_rew_mean          | -18.3      |
| time/                   |            |
|    fps                  | 1073       |
|    iterations           | 272        |
|    time_elapsed         | 1816       |
|    total_timesteps      | 1949696    |
| train/                  |            |
|    approx_kl            | 0.14122824 |
|    clip_fraction        | 0.464      |
|    clip_range           | 0.2        |
|    entropy_loss         | -19.4      |
|    explained_variance   | 0.81       |
|    learning_rate        | 0.0003     |
|    loss                 | 0.216      |
|    n_updates            | 15990      |
|    policy_gradient_loss | -0.0647    |
|    std                  | 7.12       |
|    value_loss           | 2.11       |
----------------------------------------
----------------------------------------
| manipularl/             |            |
|    collision_rate       | 0.56       |
|    grasp_curriculum     | 0          |
|    grasp_failure_rate   | 0.851      |
|    insert_depth_mean    | 0          |
|    insert_tilt_deg_mean | 0.00256    |
|    success_rate         | 0          |
| rollout/                |            |
|    ep_len_mean          | 218        |
|    ep_rew_mean          | -19.9      |
| time/                   |            |
|    fps                  | 1073       |
|    iterations           | 273        |
|    time_elapsed         | 1822       |
|    total_timesteps      | 1956864    |
| train/                  |            |
|    approx_kl            | 0.18734196 |
|    clip_fraction        | 0.484      |
|    clip_range           | 0.2        |
|    entropy_loss         | -19.4      |
|    explained_variance   | 0.822      |
|    learning_rate        | 0.0003     |
|    loss                 | 0.0417     |
|    n_updates            | 16000      |
|    policy_gradient_loss | -0.0738    |
|    std                  | 7.13       |
|    value_loss           | 1.48       |
----------------------------------------
----------------------------------------
| manipularl/             |            |
|    collision_rate       | 0.51       |
|    grasp_curriculum     | 0          |
|    grasp_failure_rate   | 0.856      |
|    insert_depth_mean    | 0          |
|    insert_tilt_deg_mean | 0.00245    |
|    success_rate         | 0          |
| rollout/                |            |
|    ep_len_mean          | 236        |
|    ep_rew_mean          | -21.4      |
| time/                   |            |
|    fps                  | 1073       |
|    iterations           | 274        |
|    time_elapsed         | 1829       |
|    total_timesteps      | 1964032    |
| train/                  |            |
|    approx_kl            | 0.15773831 |
|    clip_fraction        | 0.487      |
|    clip_range           | 0.2        |
|    entropy_loss         | -19.4      |
|    explained_variance   | 0.797      |
|    learning_rate        | 0.0003     |
|    loss                 | 0.158      |
|    n_updates            | 16010      |
|    policy_gradient_loss | -0.0692    |
|    std                  | 7.14       |
|    value_loss           | 1.98       |
----------------------------------------
----------------------------------------
| manipularl/             |            |
|    collision_rate       | 0.46       |
|    grasp_curriculum     | 0          |
|    grasp_failure_rate   | 0.846      |
|    insert_depth_mean    | 0.0006     |
|    insert_tilt_deg_mean | 0.00245    |
|    success_rate         | 0          |
| rollout/                |            |
|    ep_len_mean          | 248        |
|    ep_rew_mean          | -22.1      |
| time/                   |            |
|    fps                  | 1074       |
|    iterations           | 275        |
|    time_elapsed         | 1834       |
|    total_timesteps      | 1971200    |
| train/                  |            |
|    approx_kl            | 0.14654937 |
|    clip_fraction        | 0.468      |
|    clip_range           | 0.2        |
|    entropy_loss         | -19.5      |
|    explained_variance   | 0.885      |
|    learning_rate        | 0.0003     |
|    loss                 | 0.295      |
|    n_updates            | 16020      |
|    policy_gradient_loss | -0.065     |
|    std                  | 7.15       |
|    value_loss           | 2.14       |
----------------------------------------
----------------------------------------
| manipularl/             |            |
|    collision_rate       | 0.5        |
|    grasp_curriculum     | 0          |
|    grasp_failure_rate   | 0.847      |
|    insert_depth_mean    | 0.0006     |
|    insert_tilt_deg_mean | 0.00247    |
|    success_rate         | 0          |
| rollout/                |            |
|    ep_len_mean          | 235        |
|    ep_rew_mean          | -22.4      |
| time/                   |            |
|    fps                  | 1074       |
|    iterations           | 276        |
|    time_elapsed         | 1840       |
|    total_timesteps      | 1978368    |
| train/                  |            |
|    approx_kl            | 0.17674106 |
|    clip_fraction        | 0.506      |
|    clip_range           | 0.2        |
|    entropy_loss         | -19.4      |
|    explained_variance   | 0.893      |
|    learning_rate        | 0.0003     |
|    loss                 | 0.0574     |
|    n_updates            | 16030      |
|    policy_gradient_loss | -0.0729    |
|    std                  | 7.16       |
|    value_loss           | 1.28       |
----------------------------------------
----------------------------------------
| manipularl/             |            |
|    collision_rate       | 0.49       |
|    grasp_curriculum     | 0          |
|    grasp_failure_rate   | 0.835      |
|    insert_depth_mean    | 0.0012     |
|    insert_tilt_deg_mean | 0.00275    |
|    success_rate         | 0          |
| rollout/                |            |
|    ep_len_mean          | 234        |
|    ep_rew_mean          | -20.6      |
| time/                   |            |
|    fps                  | 1074       |
|    iterations           | 277        |
|    time_elapsed         | 1847       |
|    total_timesteps      | 1985536    |
| train/                  |            |
|    approx_kl            | 0.14882438 |
|    clip_fraction        | 0.46       |
|    clip_range           | 0.2        |
|    entropy_loss         | -19.5      |
|    explained_variance   | 0.819      |
|    learning_rate        | 0.0003     |
|    loss                 | 0.32       |
|    n_updates            | 16040      |
|    policy_gradient_loss | -0.0608    |
|    std                  | 7.18       |
|    value_loss           | 2.11       |
----------------------------------------
----------------------------------------
| manipularl/             |            |
|    collision_rate       | 0.49       |
|    grasp_curriculum     | 0          |
|    grasp_failure_rate   | 0.854      |
|    insert_depth_mean    | 0.0006     |
|    insert_tilt_deg_mean | 0.00279    |
|    success_rate         | 0          |
| rollout/                |            |
|    ep_len_mean          | 234        |
|    ep_rew_mean          | -18.7      |
| time/                   |            |
|    fps                  | 1075       |
|    iterations           | 278        |
|    time_elapsed         | 1853       |
|    total_timesteps      | 1992704    |
| train/                  |            |
|    approx_kl            | 0.15572435 |
|    clip_fraction        | 0.473      |
|    clip_range           | 0.2        |
|    entropy_loss         | -19.5      |
|    explained_variance   | 0.853      |
|    learning_rate        | 0.0003     |
|    loss                 | 0.173      |
|    n_updates            | 16050      |
|    policy_gradient_loss | -0.0737    |
|    std                  | 7.2        |
|    value_loss           | 1.66       |
----------------------------------------
----------------------------------------
| manipularl/             |            |
|    collision_rate       | 0.49       |
|    grasp_curriculum     | 0          |
|    grasp_failure_rate   | 0.856      |
|    insert_depth_mean    | 0.0012     |
|    insert_tilt_deg_mean | 0.00345    |
|    success_rate         | 0          |
| rollout/                |            |
|    ep_len_mean          | 226        |
|    ep_rew_mean          | -15.9      |
| time/                   |            |
|    fps                  | 1075       |
|    iterations           | 279        |
|    time_elapsed         | 1859       |
|    total_timesteps      | 1999872    |
| train/                  |            |
|    approx_kl            | 0.20569605 |
|    clip_fraction        | 0.499      |
|    clip_range           | 0.2        |
|    entropy_loss         | -19.4      |
|    explained_variance   | 0.878      |
|    learning_rate        | 0.0003     |
|    loss                 | 0.00187    |
|    n_updates            | 16060      |
|    policy_gradient_loss | -0.0702    |
|    std                  | 7.21       |
|    value_loss           | 1.2        |
----------------------------------------
Eval num_timesteps=1999900, episode_reward=-10.95 +/- 12.39
Episode length: 179.05 +/- 178.95
---------------------------------------
| eval/                   |           |
|    mean_ep_length       | 179       |
|    mean_reward          | -10.9     |
| manipularl/             |           |
|    collision_rate       | 0.49      |
|    grasp_curriculum     | 0         |
|    grasp_failure_rate   | 0.856     |
|    insert_depth_mean    | 0.0012    |
|    insert_tilt_deg_mean | 0.00342   |
|    success_rate         | 0         |
| time/                   |           |
|    total_timesteps      | 1999900   |
| train/                  |           |
|    approx_kl            | 0.1814409 |
|    clip_fraction        | 0.469     |
|    clip_range           | 0.2       |
|    entropy_loss         | -19.4     |
|    explained_variance   | 0.834     |
|    learning_rate        | 0.0003    |
|    loss                 | 0.0615    |
|    n_updates            | 16070     |
|    policy_gradient_loss | -0.0614   |
|    std                  | 7.21      |
|    value_loss           | 1.51      |
---------------------------------------
New best mean reward!
--------------------------------------
| manipularl/             |          |
|    collision_rate       | 0.51     |
|    grasp_curriculum     | 0        |
|    grasp_failure_rate   | 0.877    |
|    insert_depth_mean    | 0.0012   |
|    insert_tilt_deg_mean | 0.00315  |
|    success_rate         | 0        |
| rollout/                |          |
|    ep_len_mean          | 214      |
|    ep_rew_mean          | -14      |
| time/                   |          |
|    fps                  | 1070     |
|    iterations           | 280      |
|    time_elapsed         | 1875     |
|    total_timesteps      | 2007040  |
--------------------------------------
[train] saved runs/phase4_task1_align_v5/model.zip and runs/phase4_task1_align_v5/vecnormalize.pkl
>>> 01:37:47 Task1v5 rc=0 OK
pybullet build time: Nov 28 2023 23:45:17
[       in_dist] success=0.000 collision=0.450 steps=237 path_eff=0.31 depth=0.001 tilt=0.1
[eval] wrote results/eval_phase4_task1_align_v5.csv
>>> 01:40:51 Task1v5 eval: 4,in_dist,200,0.0,0.45,237.11,0.30749556699325903,0.2575433731011591,0.897068464482835,0.0009245105736161278,0.10523602942752923
