>>> 23:15:33 TRAIN phase3 Run E (repulse_w_free=0.5, repulse_w_carry=1.0, corrected)
pybullet build time: Nov 28 2023 23:45:17
[train] phase=3 algo=ppo n_envs=16 steps=2,500,000 frame_stack=3 -> runs/phase3_ppo_v6_repulsetune
pybullet build time: Nov 28 2023 23:45:17
pybullet build time: Nov 28 2023 23:45:17
pybullet build time: Nov 28 2023 23:45:17
pybullet build time: Nov 28 2023 23:45:17
pybullet build time: Nov 28 2023 23:45:17
pybullet build time: Nov 28 2023 23:45:17
pybullet build time: Nov 28 2023 23:45:17
pybullet build time: Nov 28 2023 23:45:17
pybullet build time: Nov 28 2023 23:45:17
pybullet build time: Nov 28 2023 23:45:17
pybullet build time: Nov 28 2023 23:45:17
pybullet build time: Nov 28 2023 23:45:17
pybullet build time: Nov 28 2023 23:45:17
pybullet build time: Nov 28 2023 23:45:17
pybullet build time: Nov 28 2023 23:45:17
pybullet build time: Nov 28 2023 23:45:17
[train] warm-starting from runs/phase3_ppo_v3a_penaltyonly/model.zip
[train] grasp-curriculum anneal 0.35 -> 0.0 over 50% of training
[train] obstacle-count curriculum (0, 1) -> (2, 5) over 50% of training
Logging to runs/phase3_ppo_v6_repulsetune/tb/PPO_1
------------------------------------
| manipularl/           |          |
|    collision_rate     | 0.159    |
|    grasp_curriculum   | 0.348    |
|    grasp_failure_rate | 0.492    |
|    insert_depth_mean  | 0        |
|    obstacle_range_hi  | 1        |
|    obstacle_range_lo  | 0        |
|    success_rate       | 0.619    |
| rollout/              |          |
|    ep_len_mean        | 115      |
|    ep_rew_mean        | 31.5     |
| time/                 |          |
|    fps                | 1412     |
|    iterations         | 1        |
|    time_elapsed       | 5        |
|    total_timesteps    | 8192     |
------------------------------------
----------------------------------------
| manipularl/             |            |
|    collision_rate       | 0.08       |
|    grasp_curriculum     | 0.345      |
|    grasp_failure_rate   | 0.437      |
|    insert_depth_mean    | 0          |
|    obstacle_range_hi    | 1          |
|    obstacle_range_lo    | 0          |
|    success_rate         | 0.83       |
| rollout/                |            |
|    ep_len_mean          | 76.3       |
|    ep_rew_mean          | 47.3       |
| time/                   |            |
|    fps                  | 1331       |
|    iterations           | 2          |
|    time_elapsed         | 12         |
|    total_timesteps      | 16384      |
| train/                  |            |
|    approx_kl            | 0.03540376 |
|    clip_fraction        | 0.235      |
|    clip_range           | 0.2        |
|    entropy_loss         | -17.2      |
|    explained_variance   | 0.78       |
|    learning_rate        | 0.0003     |
|    loss                 | 10.5       |
|    n_updates            | 10230      |
|    policy_gradient_loss | -0.0465    |
|    std                  | 2.26       |
|    value_loss           | 34.5       |
----------------------------------------
-----------------------------------------
| manipularl/             |             |
|    collision_rate       | 0.01        |
|    grasp_curriculum     | 0.343       |
|    grasp_failure_rate   | 0.533       |
|    insert_depth_mean    | 0           |
|    obstacle_range_hi    | 1           |
|    obstacle_range_lo    | 0           |
|    success_rate         | 0.77        |
| rollout/                |             |
|    ep_len_mean          | 116         |
|    ep_rew_mean          | 43.4        |
| time/                   |             |
|    fps                  | 1327        |
|    iterations           | 3           |
|    time_elapsed         | 18          |
|    total_timesteps      | 24576       |
| train/                  |             |
|    approx_kl            | 0.043597393 |
|    clip_fraction        | 0.274       |
|    clip_range           | 0.2         |
|    entropy_loss         | -17.1       |
|    explained_variance   | 0.794       |
|    learning_rate        | 0.0003      |
|    loss                 | 11.7        |
|    n_updates            | 10240       |
|    policy_gradient_loss | -0.0523     |
|    std                  | 2.26        |
|    value_loss           | 36.9        |
-----------------------------------------
-----------------------------------------
| manipularl/             |             |
|    collision_rate       | 0           |
|    grasp_curriculum     | 0.341       |
|    grasp_failure_rate   | 0.567       |
|    insert_depth_mean    | 0           |
|    obstacle_range_hi    | 1           |
|    obstacle_range_lo    | 0           |
|    success_rate         | 0.79        |
| rollout/                |             |
|    ep_len_mean          | 121         |
|    ep_rew_mean          | 45.5        |
| time/                   |             |
|    fps                  | 1373        |
|    iterations           | 4           |
|    time_elapsed         | 23          |
|    total_timesteps      | 32768       |
| train/                  |             |
|    approx_kl            | 0.044371743 |
|    clip_fraction        | 0.295       |
|    clip_range           | 0.2         |
|    entropy_loss         | -17.1       |
|    explained_variance   | 0.848       |
|    learning_rate        | 0.0003      |
|    loss                 | 11.5        |
|    n_updates            | 10250       |
|    policy_gradient_loss | -0.0545     |
|    std                  | 2.27        |
|    value_loss           | 33.8        |
-----------------------------------------
-----------------------------------------
| manipularl/             |             |
|    collision_rate       | 0.02        |
|    grasp_curriculum     | 0.339       |
|    grasp_failure_rate   | 0.603       |
|    insert_depth_mean    | 0           |
|    obstacle_range_hi    | 1           |
|    obstacle_range_lo    | 0           |
|    success_rate         | 0.67        |
| rollout/                |             |
|    ep_len_mean          | 154         |
|    ep_rew_mean          | 35.6        |
| time/                   |             |
|    fps                  | 1405        |
|    iterations           | 5           |
|    time_elapsed         | 29          |
|    total_timesteps      | 40960       |
| train/                  |             |
|    approx_kl            | 0.034177203 |
|    clip_fraction        | 0.255       |
|    clip_range           | 0.2         |
|    entropy_loss         | -17.2       |
|    explained_variance   | 0.78        |
|    learning_rate        | 0.0003      |
|    loss                 | 16.2        |
|    n_updates            | 10260       |
|    policy_gradient_loss | -0.0453     |
|    std                  | 2.27        |
|    value_loss           | 39.3        |
-----------------------------------------
-----------------------------------------
| manipularl/             |             |
|    collision_rate       | 0.02        |
|    grasp_curriculum     | 0.336       |
|    grasp_failure_rate   | 0.626       |
|    insert_depth_mean    | 0           |
|    obstacle_range_hi    | 1           |
|    obstacle_range_lo    | 0           |
|    success_rate         | 0.69        |
| rollout/                |             |
|    ep_len_mean          | 141         |
|    ep_rew_mean          | 36.6        |
| time/                   |             |
|    fps                  | 1420        |
|    iterations           | 6           |
|    time_elapsed         | 34          |
|    total_timesteps      | 49152       |
| train/                  |             |
|    approx_kl            | 0.036873788 |
|    clip_fraction        | 0.263       |
|    clip_range           | 0.2         |
|    entropy_loss         | -17.2       |
|    explained_variance   | 0.783       |
|    learning_rate        | 0.0003      |
|    loss                 | 5.87        |
|    n_updates            | 10270       |
|    policy_gradient_loss | -0.0474     |
|    std                  | 2.27        |
|    value_loss           | 20.5        |
-----------------------------------------
-----------------------------------------
| manipularl/             |             |
|    collision_rate       | 0.02        |
|    grasp_curriculum     | 0.334       |
|    grasp_failure_rate   | 0.532       |
|    insert_depth_mean    | 0           |
|    obstacle_range_hi    | 1           |
|    obstacle_range_lo    | 0           |
|    success_rate         | 0.85        |
| rollout/                |             |
|    ep_len_mean          | 97.9        |
|    ep_rew_mean          | 48          |
| time/                   |             |
|    fps                  | 1411        |
|    iterations           | 7           |
|    time_elapsed         | 40          |
|    total_timesteps      | 57344       |
| train/                  |             |
|    approx_kl            | 0.043131135 |
|    clip_fraction        | 0.298       |
|    clip_range           | 0.2         |
|    entropy_loss         | -17.2       |
|    explained_variance   | 0.864       |
|    learning_rate        | 0.0003      |
|    loss                 | 10.6        |
|    n_updates            | 10280       |
|    policy_gradient_loss | -0.0552     |
|    std                  | 2.28        |
|    value_loss           | 30.6        |
-----------------------------------------
-----------------------------------------
| manipularl/             |             |
|    collision_rate       | 0.04        |
|    grasp_curriculum     | 0.332       |
|    grasp_failure_rate   | 0.548       |
|    insert_depth_mean    | 0           |
|    obstacle_range_hi    | 1           |
|    obstacle_range_lo    | 0           |
|    success_rate         | 0.77        |
| rollout/                |             |
|    ep_len_mean          | 113         |
|    ep_rew_mean          | 42.8        |
| time/                   |             |
|    fps                  | 1423        |
|    iterations           | 8           |
|    time_elapsed         | 46          |
|    total_timesteps      | 65536       |
| train/                  |             |
|    approx_kl            | 0.040269535 |
|    clip_fraction        | 0.291       |
|    clip_range           | 0.2         |
|    entropy_loss         | -17.2       |
|    explained_variance   | 0.851       |
|    learning_rate        | 0.0003      |
|    loss                 | 10.9        |
|    n_updates            | 10290       |
|    policy_gradient_loss | -0.0588     |
|    std                  | 2.28        |
|    value_loss           | 33.3        |
-----------------------------------------
----------------------------------------
| manipularl/             |            |
|    collision_rate       | 0.03       |
|    grasp_curriculum     | 0.329      |
|    grasp_failure_rate   | 0.541      |
|    insert_depth_mean    | 0          |
|    obstacle_range_hi    | 1          |
|    obstacle_range_lo    | 0          |
|    success_rate         | 0.84       |
| rollout/                |            |
|    ep_len_mean          | 103        |
|    ep_rew_mean          | 48.3       |
| time/                   |            |
|    fps                  | 1416       |
|    iterations           | 9          |
|    time_elapsed         | 52         |
|    total_timesteps      | 73728      |
| train/                  |            |
|    approx_kl            | 0.03043252 |
|    clip_fraction        | 0.236      |
|    clip_range           | 0.2        |
|    entropy_loss         | -17.2      |
|    explained_variance   | 0.86       |
|    learning_rate        | 0.0003     |
|    loss                 | 8.81       |
|    n_updates            | 10300      |
|    policy_gradient_loss | -0.0494    |
|    std                  | 2.28       |
|    value_loss           | 31.9       |
----------------------------------------
-----------------------------------------
| manipularl/             |             |
|    collision_rate       | 0.03        |
|    grasp_curriculum     | 0.327       |
|    grasp_failure_rate   | 0.476       |
|    insert_depth_mean    | 0           |
|    obstacle_range_hi    | 1           |
|    obstacle_range_lo    | 0           |
|    success_rate         | 0.87        |
| rollout/                |             |
|    ep_len_mean          | 88.6        |
|    ep_rew_mean          | 49.3        |
| time/                   |             |
|    fps                  | 1397        |
|    iterations           | 10          |
|    time_elapsed         | 58          |
|    total_timesteps      | 81920       |
| train/                  |             |
|    approx_kl            | 0.048664764 |
|    clip_fraction        | 0.311       |
|    clip_range           | 0.2         |
|    entropy_loss         | -17.2       |
|    explained_variance   | 0.854       |
|    learning_rate        | 0.0003      |
|    loss                 | 9.56        |
|    n_updates            | 10310       |
|    policy_gradient_loss | -0.0579     |
|    std                  | 2.28        |
|    value_loss           | 29.2        |
-----------------------------------------
-----------------------------------------
| manipularl/             |             |
|    collision_rate       | 0.01        |
|    grasp_curriculum     | 0.325       |
|    grasp_failure_rate   | 0.525       |
|    insert_depth_mean    | 0           |
|    obstacle_range_hi    | 1           |
|    obstacle_range_lo    | 0           |
|    success_rate         | 0.89        |
| rollout/                |             |
|    ep_len_mean          | 84.5        |
|    ep_rew_mean          | 51.9        |
| time/                   |             |
|    fps                  | 1229        |
|    iterations           | 11          |
|    time_elapsed         | 73          |
|    total_timesteps      | 90112       |
| train/                  |             |
|    approx_kl            | 0.041704033 |
|    clip_fraction        | 0.301       |
|    clip_range           | 0.2         |
|    entropy_loss         | -17.2       |
|    explained_variance   | 0.86        |
|    learning_rate        | 0.0003      |
|    loss                 | 12.8        |
|    n_updates            | 10320       |
|    policy_gradient_loss | -0.0559     |
|    std                  | 2.28        |
|    value_loss           | 36.3        |
-----------------------------------------
-----------------------------------------
| manipularl/             |             |
|    collision_rate       | 0.03        |
|    grasp_curriculum     | 0.322       |
|    grasp_failure_rate   | 0.563       |
|    insert_depth_mean    | 0           |
|    obstacle_range_hi    | 1           |
|    obstacle_range_lo    | 0           |
|    success_rate         | 0.84        |
| rollout/                |             |
|    ep_len_mean          | 96.5        |
|    ep_rew_mean          | 48.6        |
| time/                   |             |
|    fps                  | 756         |
|    iterations           | 12          |
|    time_elapsed         | 129         |
|    total_timesteps      | 98304       |
| train/                  |             |
|    approx_kl            | 0.041692417 |
|    clip_fraction        | 0.292       |
|    clip_range           | 0.2         |
|    entropy_loss         | -17.2       |
|    explained_variance   | 0.876       |
|    learning_rate        | 0.0003      |
|    loss                 | 12.8        |
|    n_updates            | 10330       |
|    policy_gradient_loss | -0.0589     |
|    std                  | 2.28        |
|    value_loss           | 36.1        |
-----------------------------------------
-----------------------------------------
| manipularl/             |             |
|    collision_rate       | 0.02        |
|    grasp_curriculum     | 0.32        |
|    grasp_failure_rate   | 0.542       |
|    insert_depth_mean    | 0           |
|    obstacle_range_hi    | 1           |
|    obstacle_range_lo    | 0           |
|    success_rate         | 0.84        |
| rollout/                |             |
|    ep_len_mean          | 100         |
|    ep_rew_mean          | 48.7        |
| time/                   |             |
|    fps                  | 580         |
|    iterations           | 13          |
|    time_elapsed         | 183         |
|    total_timesteps      | 106496      |
| train/                  |             |
|    approx_kl            | 0.037914123 |
|    clip_fraction        | 0.288       |
|    clip_range           | 0.2         |
|    entropy_loss         | -17.2       |
|    explained_variance   | 0.893       |
|    learning_rate        | 0.0003      |
|    loss                 | 11.7        |
|    n_updates            | 10340       |
|    policy_gradient_loss | -0.0564     |
|    std                  | 2.29        |
|    value_loss           | 33.8        |
-----------------------------------------
-----------------------------------------
| manipularl/             |             |
|    collision_rate       | 0.01        |
|    grasp_curriculum     | 0.318       |
|    grasp_failure_rate   | 0.527       |
|    insert_depth_mean    | 0           |
|    obstacle_range_hi    | 1           |
|    obstacle_range_lo    | 0           |
|    success_rate         | 0.81        |
| rollout/                |             |
|    ep_len_mean          | 108         |
|    ep_rew_mean          | 46.2        |
| time/                   |             |
|    fps                  | 473         |
|    iterations           | 14          |
|    time_elapsed         | 242         |
|    total_timesteps      | 114688      |
| train/                  |             |
|    approx_kl            | 0.029119484 |
|    clip_fraction        | 0.231       |
|    clip_range           | 0.2         |
|    entropy_loss         | -17.2       |
|    explained_variance   | 0.856       |
|    learning_rate        | 0.0003      |
|    loss                 | 12          |
|    n_updates            | 10350       |
|    policy_gradient_loss | -0.0496     |
|    std                  | 2.28        |
|    value_loss           | 38          |
-----------------------------------------
----------------------------------------
| manipularl/             |            |
|    collision_rate       | 0.02       |
|    grasp_curriculum     | 0.316      |
|    grasp_failure_rate   | 0.551      |
|    insert_depth_mean    | 0          |
|    obstacle_range_hi    | 1          |
|    obstacle_range_lo    | 0          |
|    success_rate         | 0.88       |
| rollout/                |            |
|    ep_len_mean          | 90         |
|    ep_rew_mean          | 51.3       |
| time/                   |            |
|    fps                  | 485        |
|    iterations           | 15         |
|    time_elapsed         | 252        |
|    total_timesteps      | 122880     |
| train/                  |            |
|    approx_kl            | 0.03375623 |
|    clip_fraction        | 0.267      |
|    clip_range           | 0.2        |
|    entropy_loss         | -17.2      |
|    explained_variance   | 0.872      |
|    learning_rate        | 0.0003     |
|    loss                 | 11.5       |
|    n_updates            | 10360      |
|    policy_gradient_loss | -0.0556    |
|    std                  | 2.28       |
|    value_loss           | 36.2       |
----------------------------------------
----------------------------------------
| manipularl/             |            |
|    collision_rate       | 0.01       |
|    grasp_curriculum     | 0.313      |
|    grasp_failure_rate   | 0.533      |
|    insert_depth_mean    | 0          |
|    obstacle_range_hi    | 1          |
|    obstacle_range_lo    | 0          |
|    success_rate         | 0.85       |
| rollout/                |            |
|    ep_len_mean          | 101        |
|    ep_rew_mean          | 48.1       |
| time/                   |            |
|    fps                  | 505        |
|    iterations           | 16         |
|    time_elapsed         | 259        |
|    total_timesteps      | 131072     |
| train/                  |            |
|    approx_kl            | 0.03554554 |
|    clip_fraction        | 0.268      |
|    clip_range           | 0.2        |
|    entropy_loss         | -17.2      |
|    explained_variance   | 0.881      |
|    learning_rate        | 0.0003     |
|    loss                 | 10.3       |
|    n_updates            | 10370      |
|    policy_gradient_loss | -0.056     |
|    std                  | 2.29       |
|    value_loss           | 33.5       |
----------------------------------------
----------------------------------------
| manipularl/             |            |
|    collision_rate       | 0.02       |
|    grasp_curriculum     | 0.311      |
|    grasp_failure_rate   | 0.541      |
|    insert_depth_mean    | 0          |
|    obstacle_range_hi    | 1          |
|    obstacle_range_lo    | 0          |
|    success_rate         | 0.86       |
| rollout/                |            |
|    ep_len_mean          | 95.9       |
|    ep_rew_mean          | 49.7       |
| time/                   |            |
|    fps                  | 525        |
|    iterations           | 17         |
|    time_elapsed         | 265        |
|    total_timesteps      | 139264     |
| train/                  |            |
|    approx_kl            | 0.03291237 |
|    clip_fraction        | 0.25       |
|    clip_range           | 0.2        |
|    entropy_loss         | -17.2      |
|    explained_variance   | 0.86       |
|    learning_rate        | 0.0003     |
|    loss                 | 13.4       |
|    n_updates            | 10380      |
|    policy_gradient_loss | -0.0521    |
|    std                  | 2.29       |
|    value_loss           | 41         |
----------------------------------------
-----------------------------------------
| manipularl/             |             |
|    collision_rate       | 0.01        |
|    grasp_curriculum     | 0.309       |
|    grasp_failure_rate   | 0.536       |
|    insert_depth_mean    | 0           |
|    obstacle_range_hi    | 1           |
|    obstacle_range_lo    | 0           |
|    success_rate         | 0.88        |
| rollout/                |             |
|    ep_len_mean          | 78.8        |
|    ep_rew_mean          | 52.7        |
| time/                   |             |
|    fps                  | 543         |
|    iterations           | 18          |
|    time_elapsed         | 271         |
|    total_timesteps      | 147456      |
| train/                  |             |
|    approx_kl            | 0.038474157 |
|    clip_fraction        | 0.276       |
|    clip_range           | 0.2         |
|    entropy_loss         | -17.2       |
|    explained_variance   | 0.884       |
|    learning_rate        | 0.0003      |
|    loss                 | 12.3        |
|    n_updates            | 10390       |
|    policy_gradient_loss | -0.0528     |
|    std                  | 2.29        |
|    value_loss           | 34.9        |
-----------------------------------------
-----------------------------------------
| manipularl/             |             |
|    collision_rate       | 0.06        |
|    grasp_curriculum     | 0.306       |
|    grasp_failure_rate   | 0.541       |
|    insert_depth_mean    | 0           |
|    obstacle_range_hi    | 1           |
|    obstacle_range_lo    | 0           |
|    success_rate         | 0.88        |
| rollout/                |             |
|    ep_len_mean          | 76.1        |
|    ep_rew_mean          | 50.5        |
| time/                   |             |
|    fps                  | 561         |
|    iterations           | 19          |
|    time_elapsed         | 277         |
|    total_timesteps      | 155648      |
| train/                  |             |
|    approx_kl            | 0.033563882 |
|    clip_fraction        | 0.254       |
|    clip_range           | 0.2         |
|    entropy_loss         | -17.2       |
|    explained_variance   | 0.864       |
|    learning_rate        | 0.0003      |
|    loss                 | 14.1        |
|    n_updates            | 10400       |
|    policy_gradient_loss | -0.0511     |
|    std                  | 2.29        |
|    value_loss           | 44          |
-----------------------------------------
-----------------------------------------
| manipularl/             |             |
|    collision_rate       | 0.06        |
|    grasp_curriculum     | 0.304       |
|    grasp_failure_rate   | 0.551       |
|    insert_depth_mean    | 0           |
|    obstacle_range_hi    | 2           |
|    obstacle_range_lo    | 0           |
|    success_rate         | 0.85        |
| rollout/                |             |
|    ep_len_mean          | 82          |
|    ep_rew_mean          | 50.2        |
| time/                   |             |
|    fps                  | 578         |
|    iterations           | 20          |
|    time_elapsed         | 283         |
|    total_timesteps      | 163840      |
| train/                  |             |
|    approx_kl            | 0.035904363 |
|    clip_fraction        | 0.275       |
|    clip_range           | 0.2         |
|    entropy_loss         | -17.2       |
|    explained_variance   | 0.887       |
|    learning_rate        | 0.0003      |
|    loss                 | 13.4        |
|    n_updates            | 10410       |
|    policy_gradient_loss | -0.0556     |
|    std                  | 2.29        |
|    value_loss           | 39.3        |
-----------------------------------------
----------------------------------------
| manipularl/             |            |
|    collision_rate       | 0.09       |
|    grasp_curriculum     | 0.302      |
|    grasp_failure_rate   | 0.537      |
|    insert_depth_mean    | 0          |
|    obstacle_range_hi    | 2          |
|    obstacle_range_lo    | 0          |
|    success_rate         | 0.83       |
| rollout/                |            |
|    ep_len_mean          | 84.3       |
|    ep_rew_mean          | 47.9       |
| time/                   |            |
|    fps                  | 594        |
|    iterations           | 21         |
|    time_elapsed         | 289        |
|    total_timesteps      | 172032     |
| train/                  |            |
|    approx_kl            | 0.03295089 |
|    clip_fraction        | 0.255      |
|    clip_range           | 0.2        |
|    entropy_loss         | -17.2      |
|    explained_variance   | 0.852      |
|    learning_rate        | 0.0003     |
|    loss                 | 16         |
|    n_updates            | 10420      |
|    policy_gradient_loss | -0.0557    |
|    std                  | 2.29       |
|    value_loss           | 44.2       |
----------------------------------------
-----------------------------------------
| manipularl/             |             |
|    collision_rate       | 0.2         |
|    grasp_curriculum     | 0.3         |
|    grasp_failure_rate   | 0.523       |
|    insert_depth_mean    | 0           |
|    obstacle_range_hi    | 2           |
|    obstacle_range_lo    | 0           |
|    success_rate         | 0.72        |
| rollout/                |             |
|    ep_len_mean          | 83.6        |
|    ep_rew_mean          | 41.1        |
| time/                   |             |
|    fps                  | 609         |
|    iterations           | 22          |
|    time_elapsed         | 295         |
|    total_timesteps      | 180224      |
| train/                  |             |
|    approx_kl            | 0.035985686 |
|    clip_fraction        | 0.261       |
|    clip_range           | 0.2         |
|    entropy_loss         | -17.2       |
|    explained_variance   | 0.829       |
|    learning_rate        | 0.0003      |
|    loss                 | 14.2        |
|    n_updates            | 10430       |
|    policy_gradient_loss | -0.0589     |
|    std                  | 2.3         |
|    value_loss           | 46.7        |
-----------------------------------------
-----------------------------------------
| manipularl/             |             |
|    collision_rate       | 0.1         |
|    grasp_curriculum     | 0.297       |
|    grasp_failure_rate   | 0.531       |
|    insert_depth_mean    | 0           |
|    obstacle_range_hi    | 2           |
|    obstacle_range_lo    | 0           |
|    success_rate         | 0.82        |
| rollout/                |             |
|    ep_len_mean          | 75.1        |
|    ep_rew_mean          | 48.4        |
| time/                   |             |
|    fps                  | 624         |
|    iterations           | 23          |
|    time_elapsed         | 301         |
|    total_timesteps      | 188416      |
| train/                  |             |
|    approx_kl            | 0.032152988 |
|    clip_fraction        | 0.242       |
|    clip_range           | 0.2         |
|    entropy_loss         | -17.2       |
|    explained_variance   | 0.818       |
|    learning_rate        | 0.0003      |
|    loss                 | 19.3        |
|    n_updates            | 10440       |
|    policy_gradient_loss | -0.0559     |
|    std                  | 2.3         |
|    value_loss           | 51.6        |
-----------------------------------------
-----------------------------------------
| manipularl/             |             |
|    collision_rate       | 0.06        |
|    grasp_curriculum     | 0.295       |
|    grasp_failure_rate   | 0.587       |
|    insert_depth_mean    | 0           |
|    obstacle_range_hi    | 2           |
|    obstacle_range_lo    | 0           |
|    success_rate         | 0.89        |
| rollout/                |             |
|    ep_len_mean          | 78.5        |
|    ep_rew_mean          | 51.6        |
| time/                   |             |
|    fps                  | 638         |
|    iterations           | 24          |
|    time_elapsed         | 307         |
|    total_timesteps      | 196608      |
| train/                  |             |
|    approx_kl            | 0.036020335 |
|    clip_fraction        | 0.256       |
|    clip_range           | 0.2         |
|    entropy_loss         | -17.2       |
|    explained_variance   | 0.848       |
|    learning_rate        | 0.0003      |
|    loss                 | 12          |
|    n_updates            | 10450       |
|    policy_gradient_loss | -0.0569     |
|    std                  | 2.3         |
|    value_loss           | 36.3        |
-----------------------------------------
----------------------------------------
| manipularl/             |            |
|    collision_rate       | 0.1        |
|    grasp_curriculum     | 0.293      |
|    grasp_failure_rate   | 0.418      |
|    insert_depth_mean    | 0          |
|    obstacle_range_hi    | 2          |
|    obstacle_range_lo    | 0          |
|    success_rate         | 0.86       |
| rollout/                |            |
|    ep_len_mean          | 58.3       |
|    ep_rew_mean          | 50.3       |
| time/                   |            |
|    fps                  | 651        |
|    iterations           | 25         |
|    time_elapsed         | 314        |
|    total_timesteps      | 204800     |
| train/                  |            |
|    approx_kl            | 0.03758069 |
|    clip_fraction        | 0.283      |
|    clip_range           | 0.2        |
|    entropy_loss         | -17.2      |
|    explained_variance   | 0.885      |
|    learning_rate        | 0.0003     |
|    loss                 | 10.5       |
|    n_updates            | 10460      |
|    policy_gradient_loss | -0.0598    |
|    std                  | 2.3        |
|    value_loss           | 33.6       |
----------------------------------------
-----------------------------------------
| manipularl/             |             |
|    collision_rate       | 0.1         |
|    grasp_curriculum     | 0.29        |
|    grasp_failure_rate   | 0.486       |
|    insert_depth_mean    | 0           |
|    obstacle_range_hi    | 2           |
|    obstacle_range_lo    | 0           |
|    success_rate         | 0.83        |
| rollout/                |             |
|    ep_len_mean          | 73.6        |
|    ep_rew_mean          | 49.4        |
| time/                   |             |
|    fps                  | 664         |
|    iterations           | 26          |
|    time_elapsed         | 320         |
|    total_timesteps      | 212992      |
| train/                  |             |
|    approx_kl            | 0.035508323 |
|    clip_fraction        | 0.27        |
|    clip_range           | 0.2         |
|    entropy_loss         | -17.2       |
|    explained_variance   | 0.809       |
|    learning_rate        | 0.0003      |
|    loss                 | 16.5        |
|    n_updates            | 10470       |
|    policy_gradient_loss | -0.0556     |
|    std                  | 2.29        |
|    value_loss           | 50.9        |
-----------------------------------------
----------------------------------------
| manipularl/             |            |
|    collision_rate       | 0.12       |
|    grasp_curriculum     | 0.288      |
|    grasp_failure_rate   | 0.532      |
|    insert_depth_mean    | 0          |
|    obstacle_range_hi    | 2          |
|    obstacle_range_lo    | 0          |
|    success_rate         | 0.77       |
| rollout/                |            |
|    ep_len_mean          | 91.9       |
|    ep_rew_mean          | 44.4       |
| time/                   |            |
|    fps                  | 677        |
|    iterations           | 27         |
|    time_elapsed         | 326        |
|    total_timesteps      | 221184     |
| train/                  |            |
|    approx_kl            | 0.03323132 |
|    clip_fraction        | 0.265      |
|    clip_range           | 0.2        |
|    entropy_loss         | -17.1      |
|    explained_variance   | 0.823      |
|    learning_rate        | 0.0003     |
|    loss                 | 14.8       |
|    n_updates            | 10480      |
|    policy_gradient_loss | -0.0552    |
|    std                  | 2.29       |
|    value_loss           | 46.5       |
----------------------------------------
----------------------------------------
| manipularl/             |            |
|    collision_rate       | 0.07       |
|    grasp_curriculum     | 0.286      |
|    grasp_failure_rate   | 0.578      |
|    insert_depth_mean    | 0          |
|    obstacle_range_hi    | 2          |
|    obstacle_range_lo    | 0          |
|    success_rate         | 0.88       |
| rollout/                |            |
|    ep_len_mean          | 76.9       |
|    ep_rew_mean          | 53.3       |
| time/                   |            |
|    fps                  | 690        |
|    iterations           | 28         |
|    time_elapsed         | 332        |
|    total_timesteps      | 229376     |
| train/                  |            |
|    approx_kl            | 0.04178275 |
|    clip_fraction        | 0.292      |
|    clip_range           | 0.2        |
|    entropy_loss         | -17.1      |
|    explained_variance   | 0.883      |
|    learning_rate        | 0.0003     |
|    loss                 | 9.74       |
|    n_updates            | 10490      |
|    policy_gradient_loss | -0.0605    |
|    std                  | 2.3        |
|    value_loss           | 31.6       |
----------------------------------------
----------------------------------------
| manipularl/             |            |
|    collision_rate       | 0.04       |
|    grasp_curriculum     | 0.283      |
|    grasp_failure_rate   | 0.579      |
|    insert_depth_mean    | 0          |
|    obstacle_range_hi    | 2          |
|    obstacle_range_lo    | 0          |
|    success_rate         | 0.91       |
| rollout/                |            |
|    ep_len_mean          | 63.3       |
|    ep_rew_mean          | 55.2       |
| time/                   |            |
|    fps                  | 702        |
|    iterations           | 29         |
|    time_elapsed         | 338        |
|    total_timesteps      | 237568     |
| train/                  |            |
|    approx_kl            | 0.04158265 |
|    clip_fraction        | 0.292      |
|    clip_range           | 0.2        |
|    entropy_loss         | -17.2      |
|    explained_variance   | 0.897      |
|    learning_rate        | 0.0003     |
|    loss                 | 9.38       |
|    n_updates            | 10500      |
|    policy_gradient_loss | -0.0571    |
|    std                  | 2.3        |
|    value_loss           | 29.3       |
----------------------------------------
-----------------------------------------
| manipularl/             |             |
|    collision_rate       | 0.05        |
|    grasp_curriculum     | 0.281       |
|    grasp_failure_rate   | 0.565       |
|    insert_depth_mean    | 0           |
|    obstacle_range_hi    | 2           |
|    obstacle_range_lo    | 0           |
|    success_rate         | 0.86        |
| rollout/                |             |
|    ep_len_mean          | 83.8        |
|    ep_rew_mean          | 51.8        |
| time/                   |             |
|    fps                  | 713         |
|    iterations           | 30          |
|    time_elapsed         | 344         |
|    total_timesteps      | 245760      |
| train/                  |             |
|    approx_kl            | 0.038517606 |
|    clip_fraction        | 0.279       |
|    clip_range           | 0.2         |
|    entropy_loss         | -17.2       |
|    explained_variance   | 0.875       |
|    learning_rate        | 0.0003      |
|    loss                 | 11.1        |
|    n_updates            | 10510       |
|    policy_gradient_loss | -0.0581     |
|    std                  | 2.31        |
|    value_loss           | 33.2        |
-----------------------------------------
Eval num_timesteps=250000, episode_reward=39.04 +/- 49.27
Episode length: 107.75 +/- 122.50
----------------------------------------
| eval/                   |            |
|    mean_ep_length       | 108        |
|    mean_reward          | 39         |
| manipularl/             |            |
|    collision_rate       | 0.06       |
|    grasp_curriculum     | 0.28       |
|    grasp_failure_rate   | 0.548      |
|    insert_depth_mean    | 0          |
|    obstacle_range_hi    | 2          |
|    obstacle_range_lo    | 0          |
|    success_rate         | 0.86       |
| time/                   |            |
|    total_timesteps      | 250000     |
| train/                  |            |
|    approx_kl            | 0.03567497 |
|    clip_fraction        | 0.267      |
|    clip_range           | 0.2        |
|    entropy_loss         | -17.2      |
|    explained_variance   | 0.875      |
|    learning_rate        | 0.0003     |
|    loss                 | 13.5       |
|    n_updates            | 10520      |
|    policy_gradient_loss | -0.0531    |
|    std                  | 2.31       |
|    value_loss           | 38.4       |
----------------------------------------
New best mean reward!
------------------------------------
| manipularl/           |          |
|    collision_rate     | 0.03     |
|    grasp_curriculum   | 0.279    |
|    grasp_failure_rate | 0.572    |
|    insert_depth_mean  | 0        |
|    obstacle_range_hi  | 2        |
|    obstacle_range_lo  | 0        |
|    success_rate       | 0.87     |
| rollout/              |          |
|    ep_len_mean        | 83.8     |
|    ep_rew_mean        | 51.5     |
| time/                 |          |
|    fps                | 712      |
|    iterations         | 31       |
|    time_elapsed       | 356      |
|    total_timesteps    | 253952   |
------------------------------------
----------------------------------------
| manipularl/             |            |
|    collision_rate       | 0.04       |
|    grasp_curriculum     | 0.277      |
|    grasp_failure_rate   | 0.541      |
|    insert_depth_mean    | 0          |
|    obstacle_range_hi    | 2          |
|    obstacle_range_lo    | 0          |
|    success_rate         | 0.88       |
| rollout/                |            |
|    ep_len_mean          | 82.4       |
|    ep_rew_mean          | 48.9       |
| time/                   |            |
|    fps                  | 721        |
|    iterations           | 32         |
|    time_elapsed         | 363        |
|    total_timesteps      | 262144     |
| train/                  |            |
|    approx_kl            | 0.03968526 |
|    clip_fraction        | 0.285      |
|    clip_range           | 0.2        |
|    entropy_loss         | -17.2      |
|    explained_variance   | 0.899      |
|    learning_rate        | 0.0003     |
|    loss                 | 9.65       |
|    n_updates            | 10530      |
|    policy_gradient_loss | -0.0583    |
|    std                  | 2.31       |
|    value_loss           | 33.6       |
----------------------------------------
-----------------------------------------
| manipularl/             |             |
|    collision_rate       | 0.07        |
|    grasp_curriculum     | 0.274       |
|    grasp_failure_rate   | 0.573       |
|    insert_depth_mean    | 0           |
|    obstacle_range_hi    | 2           |
|    obstacle_range_lo    | 0           |
|    success_rate         | 0.88        |
| rollout/                |             |
|    ep_len_mean          | 62.5        |
|    ep_rew_mean          | 53.4        |
| time/                   |             |
|    fps                  | 731         |
|    iterations           | 33          |
|    time_elapsed         | 369         |
|    total_timesteps      | 270336      |
| train/                  |             |
|    approx_kl            | 0.036846783 |
|    clip_fraction        | 0.282       |
|    clip_range           | 0.2         |
|    entropy_loss         | -17.2       |
|    explained_variance   | 0.89        |
|    learning_rate        | 0.0003      |
|    loss                 | 10.3        |
|    n_updates            | 10540       |
|    policy_gradient_loss | -0.0556     |
|    std                  | 2.31        |
|    value_loss           | 37.3        |
-----------------------------------------
-----------------------------------------
| manipularl/             |             |
|    collision_rate       | 0.04        |
|    grasp_curriculum     | 0.272       |
|    grasp_failure_rate   | 0.53        |
|    insert_depth_mean    | 0           |
|    obstacle_range_hi    | 2           |
|    obstacle_range_lo    | 0           |
|    success_rate         | 0.85        |
| rollout/                |             |
|    ep_len_mean          | 87.8        |
|    ep_rew_mean          | 49.8        |
| time/                   |             |
|    fps                  | 741         |
|    iterations           | 34          |
|    time_elapsed         | 375         |
|    total_timesteps      | 278528      |
| train/                  |             |
|    approx_kl            | 0.037790336 |
|    clip_fraction        | 0.291       |
|    clip_range           | 0.2         |
|    entropy_loss         | -17.2       |
|    explained_variance   | 0.852       |
|    learning_rate        | 0.0003      |
|    loss                 | 13.1        |
|    n_updates            | 10550       |
|    policy_gradient_loss | -0.057      |
|    std                  | 2.31        |
|    value_loss           | 40.7        |
-----------------------------------------
-----------------------------------------
| manipularl/             |             |
|    collision_rate       | 0.07        |
|    grasp_curriculum     | 0.27        |
|    grasp_failure_rate   | 0.484       |
|    insert_depth_mean    | 0           |
|    obstacle_range_hi    | 2           |
|    obstacle_range_lo    | 0           |
|    success_rate         | 0.89        |
| rollout/                |             |
|    ep_len_mean          | 61          |
|    ep_rew_mean          | 52.1        |
| time/                   |             |
|    fps                  | 751         |
|    iterations           | 35          |
|    time_elapsed         | 381         |
|    total_timesteps      | 286720      |
| train/                  |             |
|    approx_kl            | 0.040679634 |
|    clip_fraction        | 0.291       |
|    clip_range           | 0.2         |
|    entropy_loss         | -17.2       |
|    explained_variance   | 0.911       |
|    learning_rate        | 0.0003      |
|    loss                 | 7.19        |
|    n_updates            | 10560       |
|    policy_gradient_loss | -0.059      |
|    std                  | 2.31        |
|    value_loss           | 26.4        |
-----------------------------------------
----------------------------------------
| manipularl/             |            |
|    collision_rate       | 0.1        |
|    grasp_curriculum     | 0.267      |
|    grasp_failure_rate   | 0.557      |
|    insert_depth_mean    | 0          |
|    obstacle_range_hi    | 2          |
|    obstacle_range_lo    | 0          |
|    success_rate         | 0.81       |
| rollout/                |            |
|    ep_len_mean          | 89.2       |
|    ep_rew_mean          | 43.1       |
| time/                   |            |
|    fps                  | 760        |
|    iterations           | 36         |
|    time_elapsed         | 387        |
|    total_timesteps      | 294912     |
| train/                  |            |
|    approx_kl            | 0.03575334 |
|    clip_fraction        | 0.274      |
|    clip_range           | 0.2        |
|    entropy_loss         | -17.2      |
|    explained_variance   | 0.862      |
|    learning_rate        | 0.0003     |
|    loss                 | 12.6       |
|    n_updates            | 10570      |
|    policy_gradient_loss | -0.0568    |
|    std                  | 2.31       |
|    value_loss           | 43.3       |
----------------------------------------
-----------------------------------------
| manipularl/             |             |
|    collision_rate       | 0.03        |
|    grasp_curriculum     | 0.265       |
|    grasp_failure_rate   | 0.536       |
|    insert_depth_mean    | 0           |
|    obstacle_range_hi    | 2           |
|    obstacle_range_lo    | 0           |
|    success_rate         | 0.9         |
| rollout/                |             |
|    ep_len_mean          | 73.9        |
|    ep_rew_mean          | 53.1        |
| time/                   |             |
|    fps                  | 769         |
|    iterations           | 37          |
|    time_elapsed         | 393         |
|    total_timesteps      | 303104      |
| train/                  |             |
|    approx_kl            | 0.034217797 |
|    clip_fraction        | 0.268       |
|    clip_range           | 0.2         |
|    entropy_loss         | -17.2       |
|    explained_variance   | 0.863       |
|    learning_rate        | 0.0003      |
|    loss                 | 13.2        |
|    n_updates            | 10580       |
|    policy_gradient_loss | -0.0553     |
|    std                  | 2.32        |
|    value_loss           | 42.5        |
-----------------------------------------
-----------------------------------------
| manipularl/             |             |
|    collision_rate       | 0.07        |
|    grasp_curriculum     | 0.263       |
|    grasp_failure_rate   | 0.566       |
|    insert_depth_mean    | 0           |
|    obstacle_range_hi    | 2           |
|    obstacle_range_lo    | 0           |
|    success_rate         | 0.86        |
| rollout/                |             |
|    ep_len_mean          | 77.5        |
|    ep_rew_mean          | 49.4        |
| time/                   |             |
|    fps                  | 778         |
|    iterations           | 38          |
|    time_elapsed         | 399         |
|    total_timesteps      | 311296      |
| train/                  |             |
|    approx_kl            | 0.039762717 |
|    clip_fraction        | 0.296       |
|    clip_range           | 0.2         |
|    entropy_loss         | -17.2       |
|    explained_variance   | 0.876       |
|    learning_rate        | 0.0003      |
|    loss                 | 10.6        |
|    n_updates            | 10590       |
|    policy_gradient_loss | -0.0598     |
|    std                  | 2.32        |
|    value_loss           | 37.2        |
-----------------------------------------
-----------------------------------------
| manipularl/             |             |
|    collision_rate       | 0.11        |
|    grasp_curriculum     | 0.261       |
|    grasp_failure_rate   | 0.596       |
|    insert_depth_mean    | 0           |
|    obstacle_range_hi    | 2           |
|    obstacle_range_lo    | 1           |
|    success_rate         | 0.8         |
| rollout/                |             |
|    ep_len_mean          | 87.1        |
|    ep_rew_mean          | 47.5        |
| time/                   |             |
|    fps                  | 787         |
|    iterations           | 39          |
|    time_elapsed         | 405         |
|    total_timesteps      | 319488      |
| train/                  |             |
|    approx_kl            | 0.043109737 |
|    clip_fraction        | 0.31        |
|    clip_range           | 0.2         |
|    entropy_loss         | -17.2       |
|    explained_variance   | 0.9         |
|    learning_rate        | 0.0003      |
|    loss                 | 9.98        |
|    n_updates            | 10600       |
|    policy_gradient_loss | -0.0584     |
|    std                  | 2.31        |
|    value_loss           | 32.2        |
-----------------------------------------
-----------------------------------------
| manipularl/             |             |
|    collision_rate       | 0.09        |
|    grasp_curriculum     | 0.258       |
|    grasp_failure_rate   | 0.574       |
|    insert_depth_mean    | 0           |
|    obstacle_range_hi    | 2           |
|    obstacle_range_lo    | 1           |
|    success_rate         | 0.86        |
| rollout/                |             |
|    ep_len_mean          | 76.5        |
|    ep_rew_mean          | 50.7        |
| time/                   |             |
|    fps                  | 795         |
|    iterations           | 40          |
|    time_elapsed         | 412         |
|    total_timesteps      | 327680      |
| train/                  |             |
|    approx_kl            | 0.035839252 |
|    clip_fraction        | 0.274       |
|    clip_range           | 0.2         |
|    entropy_loss         | -17.1       |
|    explained_variance   | 0.873       |
|    learning_rate        | 0.0003      |
|    loss                 | 12.7        |
|    n_updates            | 10610       |
|    policy_gradient_loss | -0.057      |
|    std                  | 2.32        |
|    value_loss           | 36.5        |
-----------------------------------------
-----------------------------------------
| manipularl/             |             |
|    collision_rate       | 0.13        |
|    grasp_curriculum     | 0.256       |
|    grasp_failure_rate   | 0.55        |
|    insert_depth_mean    | 0           |
|    obstacle_range_hi    | 2           |
|    obstacle_range_lo    | 1           |
|    success_rate         | 0.85        |
| rollout/                |             |
|    ep_len_mean          | 62.7        |
|    ep_rew_mean          | 51          |
| time/                   |             |
|    fps                  | 802         |
|    iterations           | 41          |
|    time_elapsed         | 418         |
|    total_timesteps      | 335872      |
| train/                  |             |
|    approx_kl            | 0.039537247 |
|    clip_fraction        | 0.297       |
|    clip_range           | 0.2         |
|    entropy_loss         | -17.1       |
|    explained_variance   | 0.832       |
|    learning_rate        | 0.0003      |
|    loss                 | 14.1        |
|    n_updates            | 10620       |
|    policy_gradient_loss | -0.0592     |
|    std                  | 2.32        |
|    value_loss           | 44.9        |
-----------------------------------------
-----------------------------------------
| manipularl/             |             |
|    collision_rate       | 0.13        |
|    grasp_curriculum     | 0.254       |
|    grasp_failure_rate   | 0.447       |
|    insert_depth_mean    | 0           |
|    obstacle_range_hi    | 2           |
|    obstacle_range_lo    | 1           |
|    success_rate         | 0.82        |
| rollout/                |             |
|    ep_len_mean          | 68.3        |
|    ep_rew_mean          | 47.7        |
| time/                   |             |
|    fps                  | 809         |
|    iterations           | 42          |
|    time_elapsed         | 425         |
|    total_timesteps      | 344064      |
| train/                  |             |
|    approx_kl            | 0.035041098 |
|    clip_fraction        | 0.276       |
|    clip_range           | 0.2         |
|    entropy_loss         | -17.1       |
|    explained_variance   | 0.797       |
|    learning_rate        | 0.0003      |
|    loss                 | 17.8        |
|    n_updates            | 10630       |
|    policy_gradient_loss | -0.0522     |
|    std                  | 2.32        |
|    value_loss           | 55.5        |
-----------------------------------------
-----------------------------------------
| manipularl/             |             |
|    collision_rate       | 0.12        |
|    grasp_curriculum     | 0.251       |
|    grasp_failure_rate   | 0.59        |
|    insert_depth_mean    | 0           |
|    obstacle_range_hi    | 2           |
|    obstacle_range_lo    | 1           |
|    success_rate         | 0.88        |
| rollout/                |             |
|    ep_len_mean          | 58.5        |
|    ep_rew_mean          | 53.7        |
| time/                   |             |
|    fps                  | 816         |
|    iterations           | 43          |
|    time_elapsed         | 431         |
|    total_timesteps      | 352256      |
| train/                  |             |
|    approx_kl            | 0.035629556 |
|    clip_fraction        | 0.275       |
|    clip_range           | 0.2         |
|    entropy_loss         | -17.1       |
|    explained_variance   | 0.768       |
|    learning_rate        | 0.0003      |
|    loss                 | 15          |
|    n_updates            | 10640       |
|    policy_gradient_loss | -0.0579     |
|    std                  | 2.31        |
|    value_loss           | 48.1        |
-----------------------------------------
-----------------------------------------
| manipularl/             |             |
|    collision_rate       | 0.13        |
|    grasp_curriculum     | 0.249       |
|    grasp_failure_rate   | 0.544       |
|    insert_depth_mean    | 0           |
|    obstacle_range_hi    | 2           |
|    obstacle_range_lo    | 1           |
|    success_rate         | 0.84        |
| rollout/                |             |
|    ep_len_mean          | 72.5        |
|    ep_rew_mean          | 45.7        |
| time/                   |             |
|    fps                  | 823         |
|    iterations           | 44          |
|    time_elapsed         | 437         |
|    total_timesteps      | 360448      |
| train/                  |             |
|    approx_kl            | 0.037893306 |
|    clip_fraction        | 0.29        |
|    clip_range           | 0.2         |
|    entropy_loss         | -17.1       |
|    explained_variance   | 0.808       |
|    learning_rate        | 0.0003      |
|    loss                 | 15.7        |
|    n_updates            | 10650       |
|    policy_gradient_loss | -0.0613     |
|    std                  | 2.31        |
|    value_loss           | 48.9        |
-----------------------------------------
-----------------------------------------
| manipularl/             |             |
|    collision_rate       | 0.11        |
|    grasp_curriculum     | 0.247       |
|    grasp_failure_rate   | 0.588       |
|    insert_depth_mean    | 0           |
|    obstacle_range_hi    | 2           |
|    obstacle_range_lo    | 1           |
|    success_rate         | 0.85        |
| rollout/                |             |
|    ep_len_mean          | 57.5        |
|    ep_rew_mean          | 52.8        |
| time/                   |             |
|    fps                  | 830         |
|    iterations           | 45          |
|    time_elapsed         | 443         |
|    total_timesteps      | 368640      |
| train/                  |             |
|    approx_kl            | 0.035239797 |
|    clip_fraction        | 0.258       |
|    clip_range           | 0.2         |
|    entropy_loss         | -17.1       |
|    explained_variance   | 0.867       |
|    learning_rate        | 0.0003      |
|    loss                 | 11          |
|    n_updates            | 10660       |
|    policy_gradient_loss | -0.0577     |
|    std                  | 2.31        |
|    value_loss           | 40          |
-----------------------------------------
-----------------------------------------
| manipularl/             |             |
|    collision_rate       | 0.11        |
|    grasp_curriculum     | 0.244       |
|    grasp_failure_rate   | 0.607       |
|    insert_depth_mean    | 0           |
|    obstacle_range_hi    | 2           |
|    obstacle_range_lo    | 1           |
|    success_rate         | 0.86        |
| rollout/                |             |
|    ep_len_mean          | 60          |
|    ep_rew_mean          | 51          |
| time/                   |             |
|    fps                  | 837         |
|    iterations           | 46          |
|    time_elapsed         | 450         |
|    total_timesteps      | 376832      |
| train/                  |             |
|    approx_kl            | 0.032495815 |
|    clip_fraction        | 0.248       |
|    clip_range           | 0.2         |
|    entropy_loss         | -17.1       |
|    explained_variance   | 0.794       |
|    learning_rate        | 0.0003      |
|    loss                 | 16.3        |
|    n_updates            | 10670       |
|    policy_gradient_loss | -0.0507     |
|    std                  | 2.32        |
|    value_loss           | 50.9        |
-----------------------------------------
-----------------------------------------
| manipularl/             |             |
|    collision_rate       | 0.17        |
|    grasp_curriculum     | 0.242       |
|    grasp_failure_rate   | 0.572       |
|    insert_depth_mean    | 0           |
|    obstacle_range_hi    | 2           |
|    obstacle_range_lo    | 1           |
|    success_rate         | 0.81        |
| rollout/                |             |
|    ep_len_mean          | 64          |
|    ep_rew_mean          | 47.6        |
| time/                   |             |
|    fps                  | 843         |
|    iterations           | 47          |
|    time_elapsed         | 456         |
|    total_timesteps      | 385024      |
| train/                  |             |
|    approx_kl            | 0.039923236 |
|    clip_fraction        | 0.274       |
|    clip_range           | 0.2         |
|    entropy_loss         | -17.1       |
|    explained_variance   | 0.84        |
|    learning_rate        | 0.0003      |
|    loss                 | 10.4        |
|    n_updates            | 10680       |
|    policy_gradient_loss | -0.0566     |
|    std                  | 2.32        |
|    value_loss           | 38.7        |
-----------------------------------------
-----------------------------------------
| manipularl/             |             |
|    collision_rate       | 0.09        |
|    grasp_curriculum     | 0.24        |
|    grasp_failure_rate   | 0.628       |
|    insert_depth_mean    | 0           |
|    obstacle_range_hi    | 2           |
|    obstacle_range_lo    | 1           |
|    success_rate         | 0.83        |
| rollout/                |             |
|    ep_len_mean          | 87.2        |
|    ep_rew_mean          | 45.7        |
| time/                   |             |
|    fps                  | 850         |
|    iterations           | 48          |
|    time_elapsed         | 462         |
|    total_timesteps      | 393216      |
| train/                  |             |
|    approx_kl            | 0.041387685 |
|    clip_fraction        | 0.299       |
|    clip_range           | 0.2         |
|    entropy_loss         | -17.1       |
|    explained_variance   | 0.888       |
|    learning_rate        | 0.0003      |
|    loss                 | 11.8        |
|    n_updates            | 10690       |
|    policy_gradient_loss | -0.0624     |
|    std                  | 2.31        |
|    value_loss           | 34.7        |
-----------------------------------------
-----------------------------------------
| manipularl/             |             |
|    collision_rate       | 0.12        |
|    grasp_curriculum     | 0.238       |
|    grasp_failure_rate   | 0.539       |
|    insert_depth_mean    | 0           |
|    obstacle_range_hi    | 2           |
|    obstacle_range_lo    | 1           |
|    success_rate         | 0.85        |
| rollout/                |             |
|    ep_len_mean          | 65.5        |
|    ep_rew_mean          | 48.8        |
| time/                   |             |
|    fps                  | 854         |
|    iterations           | 49          |
|    time_elapsed         | 469         |
|    total_timesteps      | 401408      |
| train/                  |             |
|    approx_kl            | 0.039618004 |
|    clip_fraction        | 0.269       |
|    clip_range           | 0.2         |
|    entropy_loss         | -17.1       |
|    explained_variance   | 0.894       |
|    learning_rate        | 0.0003      |
|    loss                 | 12.2        |
|    n_updates            | 10700       |
|    policy_gradient_loss | -0.0553     |
|    std                  | 2.32        |
|    value_loss           | 40          |
-----------------------------------------
-----------------------------------------
| manipularl/             |             |
|    collision_rate       | 0.08        |
|    grasp_curriculum     | 0.235       |
|    grasp_failure_rate   | 0.669       |
|    insert_depth_mean    | 0           |
|    obstacle_range_hi    | 2           |
|    obstacle_range_lo    | 1           |
|    success_rate         | 0.87        |
| rollout/                |             |
|    ep_len_mean          | 65.1        |
|    ep_rew_mean          | 50.4        |
| time/                   |             |
|    fps                  | 860         |
|    iterations           | 50          |
|    time_elapsed         | 476         |
|    total_timesteps      | 409600      |
| train/                  |             |
|    approx_kl            | 0.038779043 |
|    clip_fraction        | 0.293       |
|    clip_range           | 0.2         |
|    entropy_loss         | -17.1       |
|    explained_variance   | 0.914       |
|    learning_rate        | 0.0003      |
|    loss                 | 12.6        |
|    n_updates            | 10710       |
|    policy_gradient_loss | -0.0576     |
|    std                  | 2.32        |
|    value_loss           | 37.3        |
-----------------------------------------
-----------------------------------------
| manipularl/             |             |
|    collision_rate       | 0.09        |
|    grasp_curriculum     | 0.233       |
|    grasp_failure_rate   | 0.583       |
|    insert_depth_mean    | 0           |
|    obstacle_range_hi    | 2           |
|    obstacle_range_lo    | 1           |
|    success_rate         | 0.89        |
| rollout/                |             |
|    ep_len_mean          | 64.5        |
|    ep_rew_mean          | 49.9        |
| time/                   |             |
|    fps                  | 864         |
|    iterations           | 51          |
|    time_elapsed         | 483         |
|    total_timesteps      | 417792      |
| train/                  |             |
|    approx_kl            | 0.038721934 |
|    clip_fraction        | 0.282       |
|    clip_range           | 0.2         |
|    entropy_loss         | -17.1       |
|    explained_variance   | 0.915       |
|    learning_rate        | 0.0003      |
|    loss                 | 13.8        |
|    n_updates            | 10720       |
|    policy_gradient_loss | -0.0578     |
|    std                  | 2.32        |
|    value_loss           | 40.6        |
-----------------------------------------
-----------------------------------------
| manipularl/             |             |
|    collision_rate       | 0.13        |
|    grasp_curriculum     | 0.231       |
|    grasp_failure_rate   | 0.579       |
|    insert_depth_mean    | 0           |
|    obstacle_range_hi    | 2           |
|    obstacle_range_lo    | 1           |
|    success_rate         | 0.78        |
| rollout/                |             |
|    ep_len_mean          | 80.9        |
|    ep_rew_mean          | 40.6        |
| time/                   |             |
|    fps                  | 869         |
|    iterations           | 52          |
|    time_elapsed         | 489         |
|    total_timesteps      | 425984      |
| train/                  |             |
|    approx_kl            | 0.036689725 |
|    clip_fraction        | 0.266       |
|    clip_range           | 0.2         |
|    entropy_loss         | -17.1       |
|    explained_variance   | 0.885       |
|    learning_rate        | 0.0003      |
|    loss                 | 15.3        |
|    n_updates            | 10730       |
|    policy_gradient_loss | -0.0569     |
|    std                  | 2.32        |
|    value_loss           | 47.7        |
-----------------------------------------
----------------------------------------
| manipularl/             |            |
|    collision_rate       | 0.12       |
|    grasp_curriculum     | 0.228      |
|    grasp_failure_rate   | 0.608      |
|    insert_depth_mean    | 0          |
|    obstacle_range_hi    | 2          |
|    obstacle_range_lo    | 1          |
|    success_rate         | 0.84       |
| rollout/                |            |
|    ep_len_mean          | 65.7       |
|    ep_rew_mean          | 51.4       |
| time/                   |            |
|    fps                  | 875        |
|    iterations           | 53         |
|    time_elapsed         | 495        |
|    total_timesteps      | 434176     |
| train/                  |            |
|    approx_kl            | 0.03129272 |
|    clip_fraction        | 0.249      |
|    clip_range           | 0.2        |
|    entropy_loss         | -17.1      |
|    explained_variance   | 0.88       |
|    learning_rate        | 0.0003     |
|    loss                 | 12.5       |
|    n_updates            | 10740      |
|    policy_gradient_loss | -0.0535    |
|    std                  | 2.32       |
|    value_loss           | 43         |
----------------------------------------
----------------------------------------
| manipularl/             |            |
|    collision_rate       | 0.12       |
|    grasp_curriculum     | 0.226      |
|    grasp_failure_rate   | 0.587      |
|    insert_depth_mean    | 0          |
|    obstacle_range_hi    | 2          |
|    obstacle_range_lo    | 1          |
|    success_rate         | 0.83       |
| rollout/                |            |
|    ep_len_mean          | 70.9       |
|    ep_rew_mean          | 49.2       |
| time/                   |            |
|    fps                  | 880        |
|    iterations           | 54         |
|    time_elapsed         | 502        |
|    total_timesteps      | 442368     |
| train/                  |            |
|    approx_kl            | 0.03871136 |
|    clip_fraction        | 0.285      |
|    clip_range           | 0.2        |
|    entropy_loss         | -17.1      |
|    explained_variance   | 0.828      |
|    learning_rate        | 0.0003     |
|    loss                 | 16         |
|    n_updates            | 10750      |
|    policy_gradient_loss | -0.0603    |
|    std                  | 2.33       |
|    value_loss           | 47.6       |
----------------------------------------
----------------------------------------
| manipularl/             |            |
|    collision_rate       | 0.1        |
|    grasp_curriculum     | 0.224      |
|    grasp_failure_rate   | 0.542      |
|    insert_depth_mean    | 0          |
|    obstacle_range_hi    | 2          |
|    obstacle_range_lo    | 1          |
|    success_rate         | 0.87       |
| rollout/                |            |
|    ep_len_mean          | 62.8       |
|    ep_rew_mean          | 52.1       |
| time/                   |            |
|    fps                  | 886        |
|    iterations           | 55         |
|    time_elapsed         | 508        |
|    total_timesteps      | 450560     |
| train/                  |            |
|    approx_kl            | 0.03775131 |
|    clip_fraction        | 0.259      |
|    clip_range           | 0.2        |
|    entropy_loss         | -17.1      |
|    explained_variance   | 0.865      |
|    learning_rate        | 0.0003     |
|    loss                 | 15.1       |
|    n_updates            | 10760      |
|    policy_gradient_loss | -0.0557    |
|    std                  | 2.33       |
|    value_loss           | 42.6       |
----------------------------------------
-----------------------------------------
| manipularl/             |             |
|    collision_rate       | 0.13        |
|    grasp_curriculum     | 0.222       |
|    grasp_failure_rate   | 0.614       |
|    insert_depth_mean    | 0           |
|    obstacle_range_hi    | 2           |
|    obstacle_range_lo    | 1           |
|    success_rate         | 0.77        |
| rollout/                |             |
|    ep_len_mean          | 79.2        |
|    ep_rew_mean          | 45.7        |
| time/                   |             |
|    fps                  | 891         |
|    iterations           | 56          |
|    time_elapsed         | 514         |
|    total_timesteps      | 458752      |
| train/                  |             |
|    approx_kl            | 0.043238953 |
|    clip_fraction        | 0.3         |
|    clip_range           | 0.2         |
|    entropy_loss         | -17.1       |
|    explained_variance   | 0.85        |
|    learning_rate        | 0.0003      |
|    loss                 | 11.8        |
|    n_updates            | 10770       |
|    policy_gradient_loss | -0.0578     |
|    std                  | 2.33        |
|    value_loss           | 38.2        |
-----------------------------------------
-----------------------------------------
| manipularl/             |             |
|    collision_rate       | 0.08        |
|    grasp_curriculum     | 0.219       |
|    grasp_failure_rate   | 0.558       |
|    insert_depth_mean    | 0           |
|    obstacle_range_hi    | 2           |
|    obstacle_range_lo    | 1           |
|    success_rate         | 0.9         |
| rollout/                |             |
|    ep_len_mean          | 59.7        |
|    ep_rew_mean          | 54.8        |
| time/                   |             |
|    fps                  | 896         |
|    iterations           | 57          |
|    time_elapsed         | 520         |
|    total_timesteps      | 466944      |
| train/                  |             |
|    approx_kl            | 0.033664867 |
|    clip_fraction        | 0.26        |
|    clip_range           | 0.2         |
|    entropy_loss         | -17.1       |
|    explained_variance   | 0.862       |
|    learning_rate        | 0.0003      |
|    loss                 | 10.4        |
|    n_updates            | 10780       |
|    policy_gradient_loss | -0.0586     |
|    std                  | 2.34        |
|    value_loss           | 42.5        |
-----------------------------------------
-----------------------------------------
| manipularl/             |             |
|    collision_rate       | 0.24        |
|    grasp_curriculum     | 0.217       |
|    grasp_failure_rate   | 0.67        |
|    insert_depth_mean    | 0           |
|    obstacle_range_hi    | 3           |
|    obstacle_range_lo    | 1           |
|    success_rate         | 0.72        |
| rollout/                |             |
|    ep_len_mean          | 70          |
|    ep_rew_mean          | 41.8        |
| time/                   |             |
|    fps                  | 901         |
|    iterations           | 58          |
|    time_elapsed         | 527         |
|    total_timesteps      | 475136      |
| train/                  |             |
|    approx_kl            | 0.043923147 |
|    clip_fraction        | 0.306       |
|    clip_range           | 0.2         |
|    entropy_loss         | -17.1       |
|    explained_variance   | 0.864       |
|    learning_rate        | 0.0003      |
|    loss                 | 10.2        |
|    n_updates            | 10790       |
|    policy_gradient_loss | -0.0607     |
|    std                  | 2.34        |
|    value_loss           | 36.6        |
-----------------------------------------
-----------------------------------------
| manipularl/             |             |
|    collision_rate       | 0.14        |
|    grasp_curriculum     | 0.215       |
|    grasp_failure_rate   | 0.608       |
|    insert_depth_mean    | 0           |
|    obstacle_range_hi    | 3           |
|    obstacle_range_lo    | 1           |
|    success_rate         | 0.85        |
| rollout/                |             |
|    ep_len_mean          | 54.7        |
|    ep_rew_mean          | 52.5        |
| time/                   |             |
|    fps                  | 906         |
|    iterations           | 59          |
|    time_elapsed         | 533         |
|    total_timesteps      | 483328      |
| train/                  |             |
|    approx_kl            | 0.030611973 |
|    clip_fraction        | 0.244       |
|    clip_range           | 0.2         |
|    entropy_loss         | -17.1       |
|    explained_variance   | 0.788       |
|    learning_rate        | 0.0003      |
|    loss                 | 17.5        |
|    n_updates            | 10800       |
|    policy_gradient_loss | -0.0554     |
|    std                  | 2.34        |
|    value_loss           | 62.1        |
-----------------------------------------
-----------------------------------------
| manipularl/             |             |
|    collision_rate       | 0.24        |
|    grasp_curriculum     | 0.212       |
|    grasp_failure_rate   | 0.64        |
|    insert_depth_mean    | 0           |
|    obstacle_range_hi    | 3           |
|    obstacle_range_lo    | 1           |
|    success_rate         | 0.68        |
| rollout/                |             |
|    ep_len_mean          | 87.5        |
|    ep_rew_mean          | 38.4        |
| time/                   |             |
|    fps                  | 910         |
|    iterations           | 60          |
|    time_elapsed         | 539         |
|    total_timesteps      | 491520      |
| train/                  |             |
|    approx_kl            | 0.033629872 |
|    clip_fraction        | 0.255       |
|    clip_range           | 0.2         |
|    entropy_loss         | -17.1       |
|    explained_variance   | 0.779       |
|    learning_rate        | 0.0003      |
|    loss                 | 18          |
|    n_updates            | 10810       |
|    policy_gradient_loss | -0.058      |
|    std                  | 2.34        |
|    value_loss           | 56.3        |
-----------------------------------------
----------------------------------------
| manipularl/             |            |
|    collision_rate       | 0.15       |
|    grasp_curriculum     | 0.21       |
|    grasp_failure_rate   | 0.615      |
|    insert_depth_mean    | 0          |
|    obstacle_range_hi    | 3          |
|    obstacle_range_lo    | 1          |
|    success_rate         | 0.81       |
| rollout/                |            |
|    ep_len_mean          | 70         |
|    ep_rew_mean          | 49.1       |
| time/                   |            |
|    fps                  | 915        |
|    iterations           | 61         |
|    time_elapsed         | 545        |
|    total_timesteps      | 499712     |
| train/                  |            |
|    approx_kl            | 0.03495162 |
|    clip_fraction        | 0.255      |
|    clip_range           | 0.2        |
|    entropy_loss         | -17.1      |
|    explained_variance   | 0.813      |
|    learning_rate        | 0.0003     |
|    loss                 | 15.4       |
|    n_updates            | 10820      |
|    policy_gradient_loss | -0.0582    |
|    std                  | 2.34       |
|    value_loss           | 48.3       |
----------------------------------------
Eval num_timesteps=500000, episode_reward=31.28 +/- 39.64
Episode length: 107.30 +/- 122.33
-----------------------------------------
| eval/                   |             |
|    mean_ep_length       | 107         |
|    mean_reward          | 31.3        |
| manipularl/             |             |
|    collision_rate       | 0.15        |
|    grasp_curriculum     | 0.21        |
|    grasp_failure_rate   | 0.619       |
|    insert_depth_mean    | 0           |
|    obstacle_range_hi    | 3           |
|    obstacle_range_lo    | 1           |
|    success_rate         | 0.81        |
| time/                   |             |
|    total_timesteps      | 500000      |
| train/                  |             |
|    approx_kl            | 0.038485114 |
|    clip_fraction        | 0.269       |
|    clip_range           | 0.2         |
|    entropy_loss         | -17.1       |
|    explained_variance   | 0.789       |
|    learning_rate        | 0.0003      |
|    loss                 | 14.2        |
|    n_updates            | 10830       |
|    policy_gradient_loss | -0.0594     |
|    std                  | 2.34        |
|    value_loss           | 44.6        |
-----------------------------------------
------------------------------------
| manipularl/           |          |
|    collision_rate     | 0.12     |
|    grasp_curriculum   | 0.208    |
|    grasp_failure_rate | 0.654    |
|    insert_depth_mean  | 0        |
|    obstacle_range_hi  | 3        |
|    obstacle_range_lo  | 1        |
|    success_rate       | 0.84     |
| rollout/              |          |
|    ep_len_mean        | 77.3     |
|    ep_rew_mean        | 49.3     |
| time/                 |          |
|    fps                | 910      |
|    iterations         | 62       |
|    time_elapsed       | 557      |
|    total_timesteps    | 507904   |
------------------------------------
----------------------------------------
| manipularl/             |            |
|    collision_rate       | 0.15       |
|    grasp_curriculum     | 0.205      |
|    grasp_failure_rate   | 0.625      |
|    insert_depth_mean    | 0          |
|    obstacle_range_hi    | 3          |
|    obstacle_range_lo    | 1          |
|    success_rate         | 0.84       |
| rollout/                |            |
|    ep_len_mean          | 59.6       |
|    ep_rew_mean          | 47         |
| time/                   |            |
|    fps                  | 913        |
|    iterations           | 63         |
|    time_elapsed         | 564        |
|    total_timesteps      | 516096     |
| train/                  |            |
|    approx_kl            | 0.03796587 |
|    clip_fraction        | 0.282      |
|    clip_range           | 0.2        |
|    entropy_loss         | -17.1      |
|    explained_variance   | 0.829      |
|    learning_rate        | 0.0003     |
|    loss                 | 15.8       |
|    n_updates            | 10840      |
|    policy_gradient_loss | -0.058     |
|    std                  | 2.34       |
|    value_loss           | 49.2       |
----------------------------------------
-----------------------------------------
| manipularl/             |             |
|    collision_rate       | 0.25        |
|    grasp_curriculum     | 0.203       |
|    grasp_failure_rate   | 0.608       |
|    insert_depth_mean    | 0           |
|    obstacle_range_hi    | 3           |
|    obstacle_range_lo    | 1           |
|    success_rate         | 0.7         |
| rollout/                |             |
|    ep_len_mean          | 86.2        |
|    ep_rew_mean          | 36.8        |
| time/                   |             |
|    fps                  | 917         |
|    iterations           | 64          |
|    time_elapsed         | 571         |
|    total_timesteps      | 524288      |
| train/                  |             |
|    approx_kl            | 0.038893133 |
|    clip_fraction        | 0.278       |
|    clip_range           | 0.2         |
|    entropy_loss         | -17.1       |
|    explained_variance   | 0.836       |
|    learning_rate        | 0.0003      |
|    loss                 | 13.3        |
|    n_updates            | 10850       |
|    policy_gradient_loss | -0.0608     |
|    std                  | 2.34        |
|    value_loss           | 47.6        |
-----------------------------------------
-----------------------------------------
| manipularl/             |             |
|    collision_rate       | 0.1         |
|    grasp_curriculum     | 0.201       |
|    grasp_failure_rate   | 0.61        |
|    insert_depth_mean    | 0           |
|    obstacle_range_hi    | 3           |
|    obstacle_range_lo    | 1           |
|    success_rate         | 0.84        |
| rollout/                |             |
|    ep_len_mean          | 74          |
|    ep_rew_mean          | 49.4        |
| time/                   |             |
|    fps                  | 921         |
|    iterations           | 65          |
|    time_elapsed         | 577         |
|    total_timesteps      | 532480      |
| train/                  |             |
|    approx_kl            | 0.033710495 |
|    clip_fraction        | 0.255       |
|    clip_range           | 0.2         |
|    entropy_loss         | -17.1       |
|    explained_variance   | 0.829       |
|    learning_rate        | 0.0003      |
|    loss                 | 12.5        |
|    n_updates            | 10860       |
|    policy_gradient_loss | -0.0563     |
|    std                  | 2.34        |
|    value_loss           | 48.7        |
-----------------------------------------
----------------------------------------
| manipularl/             |            |
|    collision_rate       | 0.15       |
|    grasp_curriculum     | 0.199      |
|    grasp_failure_rate   | 0.599      |
|    insert_depth_mean    | 0          |
|    obstacle_range_hi    | 3          |
|    obstacle_range_lo    | 1          |
|    success_rate         | 0.84       |
| rollout/                |            |
|    ep_len_mean          | 58         |
|    ep_rew_mean          | 49.7       |
| time/                   |            |
|    fps                  | 924        |
|    iterations           | 66         |
|    time_elapsed         | 584        |
|    total_timesteps      | 540672     |
| train/                  |            |
|    approx_kl            | 0.03786849 |
|    clip_fraction        | 0.277      |
|    clip_range           | 0.2        |
|    entropy_loss         | -17.1      |
|    explained_variance   | 0.829      |
|    learning_rate        | 0.0003     |
|    loss                 | 14         |
|    n_updates            | 10870      |
|    policy_gradient_loss | -0.0589    |
|    std                  | 2.35       |
|    value_loss           | 46.2       |
----------------------------------------
-----------------------------------------
| manipularl/             |             |
|    collision_rate       | 0.13        |
|    grasp_curriculum     | 0.196       |
|    grasp_failure_rate   | 0.623       |
|    insert_depth_mean    | 0           |
|    obstacle_range_hi    | 3           |
|    obstacle_range_lo    | 1           |
|    success_rate         | 0.83        |
| rollout/                |             |
|    ep_len_mean          | 68.7        |
|    ep_rew_mean          | 43          |
| time/                   |             |
|    fps                  | 929         |
|    iterations           | 67          |
|    time_elapsed         | 590         |
|    total_timesteps      | 548864      |
| train/                  |             |
|    approx_kl            | 0.039872922 |
|    clip_fraction        | 0.293       |
|    clip_range           | 0.2         |
|    entropy_loss         | -17.1       |
|    explained_variance   | 0.814       |
|    learning_rate        | 0.0003      |
|    loss                 | 13.3        |
|    n_updates            | 10880       |
|    policy_gradient_loss | -0.0601     |
|    std                  | 2.35        |
|    value_loss           | 47.4        |
-----------------------------------------
----------------------------------------
| manipularl/             |            |
|    collision_rate       | 0.11       |
|    grasp_curriculum     | 0.194      |
|    grasp_failure_rate   | 0.623      |
|    insert_depth_mean    | 0          |
|    obstacle_range_hi    | 3          |
|    obstacle_range_lo    | 1          |
|    success_rate         | 0.86       |
| rollout/                |            |
|    ep_len_mean          | 58.1       |
|    ep_rew_mean          | 52.8       |
| time/                   |            |
|    fps                  | 933        |
|    iterations           | 68         |
|    time_elapsed         | 596        |
|    total_timesteps      | 557056     |
| train/                  |            |
|    approx_kl            | 0.04037033 |
|    clip_fraction        | 0.266      |
|    clip_range           | 0.2        |
|    entropy_loss         | -17.1      |
|    explained_variance   | 0.856      |
|    learning_rate        | 0.0003     |
|    loss                 | 11.1       |
|    n_updates            | 10890      |
|    policy_gradient_loss | -0.0591    |
|    std                  | 2.35       |
|    value_loss           | 45.8       |
----------------------------------------
-----------------------------------------
| manipularl/             |             |
|    collision_rate       | 0.14        |
|    grasp_curriculum     | 0.192       |
|    grasp_failure_rate   | 0.607       |
|    insert_depth_mean    | 0           |
|    obstacle_range_hi    | 3           |
|    obstacle_range_lo    | 1           |
|    success_rate         | 0.82        |
| rollout/                |             |
|    ep_len_mean          | 77.7        |
|    ep_rew_mean          | 44.4        |
| time/                   |             |
|    fps                  | 937         |
|    iterations           | 69          |
|    time_elapsed         | 603         |
|    total_timesteps      | 565248      |
| train/                  |             |
|    approx_kl            | 0.037493363 |
|    clip_fraction        | 0.275       |
|    clip_range           | 0.2         |
|    entropy_loss         | -17.1       |
|    explained_variance   | 0.818       |
|    learning_rate        | 0.0003      |
|    loss                 | 9.69        |
|    n_updates            | 10900       |
|    policy_gradient_loss | -0.0592     |
|    std                  | 2.35        |
|    value_loss           | 38.3        |
-----------------------------------------
---------------------------------------
| manipularl/             |           |
|    collision_rate       | 0.16      |
|    grasp_curriculum     | 0.189     |
|    grasp_failure_rate   | 0.654     |
|    insert_depth_mean    | 0         |
|    obstacle_range_hi    | 3         |
|    obstacle_range_lo    | 1         |
|    success_rate         | 0.81      |
| rollout/                |           |
|    ep_len_mean          | 70.8      |
|    ep_rew_mean          | 48.5      |
| time/                   |           |
|    fps                  | 941       |
|    iterations           | 70        |
|    time_elapsed         | 609       |
|    total_timesteps      | 573440    |
| train/                  |           |
|    approx_kl            | 0.0383305 |
|    clip_fraction        | 0.271     |
|    clip_range           | 0.2       |
|    entropy_loss         | -17.1     |
|    explained_variance   | 0.894     |
|    learning_rate        | 0.0003    |
|    loss                 | 10.6      |
|    n_updates            | 10910     |
|    policy_gradient_loss | -0.0597   |
|    std                  | 2.35      |
|    value_loss           | 39.8      |
---------------------------------------
-----------------------------------------
| manipularl/             |             |
|    collision_rate       | 0.16        |
|    grasp_curriculum     | 0.187       |
|    grasp_failure_rate   | 0.614       |
|    insert_depth_mean    | 0           |
|    obstacle_range_hi    | 3           |
|    obstacle_range_lo    | 1           |
|    success_rate         | 0.81        |
| rollout/                |             |
|    ep_len_mean          | 70.1        |
|    ep_rew_mean          | 45.2        |
| time/                   |             |
|    fps                  | 944         |
|    iterations           | 71          |
|    time_elapsed         | 615         |
|    total_timesteps      | 581632      |
| train/                  |             |
|    approx_kl            | 0.034540553 |
|    clip_fraction        | 0.27        |
|    clip_range           | 0.2         |
|    entropy_loss         | -17.1       |
|    explained_variance   | 0.861       |
|    learning_rate        | 0.0003      |
|    loss                 | 14.4        |
|    n_updates            | 10920       |
|    policy_gradient_loss | -0.0598     |
|    std                  | 2.35        |
|    value_loss           | 50.5        |
-----------------------------------------
----------------------------------------
| manipularl/             |            |
|    collision_rate       | 0.13       |
|    grasp_curriculum     | 0.185      |
|    grasp_failure_rate   | 0.67       |
|    insert_depth_mean    | 0          |
|    obstacle_range_hi    | 3          |
|    obstacle_range_lo    | 1          |
|    success_rate         | 0.84       |
| rollout/                |            |
|    ep_len_mean          | 69.6       |
|    ep_rew_mean          | 50.9       |
| time/                   |            |
|    fps                  | 948        |
|    iterations           | 72         |
|    time_elapsed         | 621        |
|    total_timesteps      | 589824     |
| train/                  |            |
|    approx_kl            | 0.04104601 |
|    clip_fraction        | 0.287      |
|    clip_range           | 0.2        |
|    entropy_loss         | -17.1      |
|    explained_variance   | 0.865      |
|    learning_rate        | 0.0003     |
|    loss                 | 11.7       |
|    n_updates            | 10930      |
|    policy_gradient_loss | -0.0628    |
|    std                  | 2.36       |
|    value_loss           | 40.6       |
----------------------------------------
----------------------------------------
| manipularl/             |            |
|    collision_rate       | 0.18       |
|    grasp_curriculum     | 0.183      |
|    grasp_failure_rate   | 0.626      |
|    insert_depth_mean    | 0          |
|    obstacle_range_hi    | 3          |
|    obstacle_range_lo    | 1          |
|    success_rate         | 0.78       |
| rollout/                |            |
|    ep_len_mean          | 63.8       |
|    ep_rew_mean          | 46.1       |
| time/                   |            |
|    fps                  | 952        |
|    iterations           | 73         |
|    time_elapsed         | 628        |
|    total_timesteps      | 598016     |
| train/                  |            |
|    approx_kl            | 0.04055519 |
|    clip_fraction        | 0.286      |
|    clip_range           | 0.2        |
|    entropy_loss         | -17.1      |
|    explained_variance   | 0.84       |
|    learning_rate        | 0.0003     |
|    loss                 | 11.4       |
|    n_updates            | 10940      |
|    policy_gradient_loss | -0.0585    |
|    std                  | 2.36       |
|    value_loss           | 43.4       |
----------------------------------------
----------------------------------------
| manipularl/             |            |
|    collision_rate       | 0.17       |
|    grasp_curriculum     | 0.18       |
|    grasp_failure_rate   | 0.667      |
|    insert_depth_mean    | 0          |
|    obstacle_range_hi    | 3          |
|    obstacle_range_lo    | 1          |
|    success_rate         | 0.79       |
| rollout/                |            |
|    ep_len_mean          | 78.8       |
|    ep_rew_mean          | 44.6       |
| time/                   |            |
|    fps                  | 955        |
|    iterations           | 74         |
|    time_elapsed         | 634        |
|    total_timesteps      | 606208     |
| train/                  |            |
|    approx_kl            | 0.04096367 |
|    clip_fraction        | 0.29       |
|    clip_range           | 0.2        |
|    entropy_loss         | -17.1      |
|    explained_variance   | 0.867      |
|    learning_rate        | 0.0003     |
|    loss                 | 11.5       |
|    n_updates            | 10950      |
|    policy_gradient_loss | -0.0601    |
|    std                  | 2.36       |
|    value_loss           | 41.6       |
----------------------------------------
-----------------------------------------
| manipularl/             |             |
|    collision_rate       | 0.15        |
|    grasp_curriculum     | 0.178       |
|    grasp_failure_rate   | 0.634       |
|    insert_depth_mean    | 0           |
|    obstacle_range_hi    | 3           |
|    obstacle_range_lo    | 1           |
|    success_rate         | 0.75        |
| rollout/                |             |
|    ep_len_mean          | 91.3        |
|    ep_rew_mean          | 41.5        |
| time/                   |             |
|    fps                  | 959         |
|    iterations           | 75          |
|    time_elapsed         | 640         |
|    total_timesteps      | 614400      |
| train/                  |             |
|    approx_kl            | 0.037764728 |
|    clip_fraction        | 0.278       |
|    clip_range           | 0.2         |
|    entropy_loss         | -17.1       |
|    explained_variance   | 0.885       |
|    learning_rate        | 0.0003      |
|    loss                 | 11.7        |
|    n_updates            | 10960       |
|    policy_gradient_loss | -0.0611     |
|    std                  | 2.36        |
|    value_loss           | 42.4        |
-----------------------------------------
-----------------------------------------
| manipularl/             |             |
|    collision_rate       | 0.18        |
|    grasp_curriculum     | 0.176       |
|    grasp_failure_rate   | 0.667       |
|    insert_depth_mean    | 0           |
|    obstacle_range_hi    | 3           |
|    obstacle_range_lo    | 1           |
|    success_rate         | 0.79        |
| rollout/                |             |
|    ep_len_mean          | 78          |
|    ep_rew_mean          | 46.2        |
| time/                   |             |
|    fps                  | 962         |
|    iterations           | 76          |
|    time_elapsed         | 646         |
|    total_timesteps      | 622592      |
| train/                  |             |
|    approx_kl            | 0.037518885 |
|    clip_fraction        | 0.27        |
|    clip_range           | 0.2         |
|    entropy_loss         | -17.1       |
|    explained_variance   | 0.862       |
|    learning_rate        | 0.0003      |
|    loss                 | 13.2        |
|    n_updates            | 10970       |
|    policy_gradient_loss | -0.058      |
|    std                  | 2.37        |
|    value_loss           | 46.5        |
-----------------------------------------
----------------------------------------
| manipularl/             |            |
|    collision_rate       | 0.13       |
|    grasp_curriculum     | 0.173      |
|    grasp_failure_rate   | 0.609      |
|    insert_depth_mean    | 0          |
|    obstacle_range_hi    | 3          |
|    obstacle_range_lo    | 1          |
|    success_rate         | 0.84       |
| rollout/                |            |
|    ep_len_mean          | 62.5       |
|    ep_rew_mean          | 49.2       |
| time/                   |            |
|    fps                  | 966        |
|    iterations           | 77         |
|    time_elapsed         | 652        |
|    total_timesteps      | 630784     |
| train/                  |            |
|    approx_kl            | 0.05022631 |
|    clip_fraction        | 0.321      |
|    clip_range           | 0.2        |
|    entropy_loss         | -17.1      |
|    explained_variance   | 0.876      |
|    learning_rate        | 0.0003     |
|    loss                 | 8.13       |
|    n_updates            | 10980      |
|    policy_gradient_loss | -0.0636    |
|    std                  | 2.37       |
|    value_loss           | 32.6       |
----------------------------------------
----------------------------------------
| manipularl/             |            |
|    collision_rate       | 0.13       |
|    grasp_curriculum     | 0.171      |
|    grasp_failure_rate   | 0.651      |
|    insert_depth_mean    | 0          |
|    obstacle_range_hi    | 3          |
|    obstacle_range_lo    | 1          |
|    success_rate         | 0.85       |
| rollout/                |            |
|    ep_len_mean          | 63.9       |
|    ep_rew_mean          | 49.2       |
| time/                   |            |
|    fps                  | 969        |
|    iterations           | 78         |
|    time_elapsed         | 659        |
|    total_timesteps      | 638976     |
| train/                  |            |
|    approx_kl            | 0.04248716 |
|    clip_fraction        | 0.311      |
|    clip_range           | 0.2        |
|    entropy_loss         | -17.1      |
|    explained_variance   | 0.836      |
|    learning_rate        | 0.0003     |
|    loss                 | 12.4       |
|    n_updates            | 10990      |
|    policy_gradient_loss | -0.0619    |
|    std                  | 2.36       |
|    value_loss           | 44.8       |
----------------------------------------
----------------------------------------
| manipularl/             |            |
|    collision_rate       | 0.2        |
|    grasp_curriculum     | 0.169      |
|    grasp_failure_rate   | 0.66       |
|    insert_depth_mean    | 0          |
|    obstacle_range_hi    | 3          |
|    obstacle_range_lo    | 1          |
|    success_rate         | 0.75       |
| rollout/                |            |
|    ep_len_mean          | 77.9       |
|    ep_rew_mean          | 42.9       |
| time/                   |            |
|    fps                  | 972        |
|    iterations           | 79         |
|    time_elapsed         | 665        |
|    total_timesteps      | 647168     |
| train/                  |            |
|    approx_kl            | 0.04239615 |
|    clip_fraction        | 0.269      |
|    clip_range           | 0.2        |
|    entropy_loss         | -17.1      |
|    explained_variance   | 0.854      |
|    learning_rate        | 0.0003     |
|    loss                 | 11.4       |
|    n_updates            | 11000      |
|    policy_gradient_loss | -0.0586    |
|    std                  | 2.37       |
|    value_loss           | 41.6       |
----------------------------------------
-----------------------------------------
| manipularl/             |             |
|    collision_rate       | 0.13        |
|    grasp_curriculum     | 0.166       |
|    grasp_failure_rate   | 0.664       |
|    insert_depth_mean    | 0           |
|    obstacle_range_hi    | 3           |
|    obstacle_range_lo    | 1           |
|    success_rate         | 0.84        |
| rollout/                |             |
|    ep_len_mean          | 64.2        |
|    ep_rew_mean          | 48.3        |
| time/                   |             |
|    fps                  | 976         |
|    iterations           | 80          |
|    time_elapsed         | 671         |
|    total_timesteps      | 655360      |
| train/                  |             |
|    approx_kl            | 0.037761472 |
|    clip_fraction        | 0.257       |
|    clip_range           | 0.2         |
|    entropy_loss         | -17.1       |
|    explained_variance   | 0.882       |
|    learning_rate        | 0.0003      |
|    loss                 | 10.2        |
|    n_updates            | 11010       |
|    policy_gradient_loss | -0.0512     |
|    std                  | 2.37        |
|    value_loss           | 42          |
-----------------------------------------
-----------------------------------------
| manipularl/             |             |
|    collision_rate       | 0.16        |
|    grasp_curriculum     | 0.164       |
|    grasp_failure_rate   | 0.551       |
|    insert_depth_mean    | 0           |
|    obstacle_range_hi    | 3           |
|    obstacle_range_lo    | 1           |
|    success_rate         | 0.82        |
| rollout/                |             |
|    ep_len_mean          | 72.7        |
|    ep_rew_mean          | 39          |
| time/                   |             |
|    fps                  | 978         |
|    iterations           | 81          |
|    time_elapsed         | 677         |
|    total_timesteps      | 663552      |
| train/                  |             |
|    approx_kl            | 0.043720104 |
|    clip_fraction        | 0.314       |
|    clip_range           | 0.2         |
|    entropy_loss         | -17.1       |
|    explained_variance   | 0.891       |
|    learning_rate        | 0.0003      |
|    loss                 | 10.9        |
|    n_updates            | 11020       |
|    policy_gradient_loss | -0.0607     |
|    std                  | 2.37        |
|    value_loss           | 41.4        |
-----------------------------------------
-----------------------------------------
| manipularl/             |             |
|    collision_rate       | 0.13        |
|    grasp_curriculum     | 0.162       |
|    grasp_failure_rate   | 0.619       |
|    insert_depth_mean    | 0           |
|    obstacle_range_hi    | 3           |
|    obstacle_range_lo    | 1           |
|    success_rate         | 0.82        |
| rollout/                |             |
|    ep_len_mean          | 68.4        |
|    ep_rew_mean          | 48.8        |
| time/                   |             |
|    fps                  | 981         |
|    iterations           | 82          |
|    time_elapsed         | 684         |
|    total_timesteps      | 671744      |
| train/                  |             |
|    approx_kl            | 0.037250426 |
|    clip_fraction        | 0.237       |
|    clip_range           | 0.2         |
|    entropy_loss         | -17.1       |
|    explained_variance   | 0.877       |
|    learning_rate        | 0.0003      |
|    loss                 | 14.6        |
|    n_updates            | 11030       |
|    policy_gradient_loss | -0.052      |
|    std                  | 2.37        |
|    value_loss           | 54          |
-----------------------------------------
-----------------------------------------
| manipularl/             |             |
|    collision_rate       | 0.16        |
|    grasp_curriculum     | 0.16        |
|    grasp_failure_rate   | 0.637       |
|    insert_depth_mean    | 0           |
|    obstacle_range_hi    | 3           |
|    obstacle_range_lo    | 1           |
|    success_rate         | 0.81        |
| rollout/                |             |
|    ep_len_mean          | 73.3        |
|    ep_rew_mean          | 41.5        |
| time/                   |             |
|    fps                  | 985         |
|    iterations           | 83          |
|    time_elapsed         | 690         |
|    total_timesteps      | 679936      |
| train/                  |             |
|    approx_kl            | 0.044768166 |
|    clip_fraction        | 0.297       |
|    clip_range           | 0.2         |
|    entropy_loss         | -17.1       |
|    explained_variance   | 0.905       |
|    learning_rate        | 0.0003      |
|    loss                 | 7.83        |
|    n_updates            | 11040       |
|    policy_gradient_loss | -0.0607     |
|    std                  | 2.37        |
|    value_loss           | 31.1        |
-----------------------------------------
-----------------------------------------
| manipularl/             |             |
|    collision_rate       | 0.2         |
|    grasp_curriculum     | 0.157       |
|    grasp_failure_rate   | 0.646       |
|    insert_depth_mean    | 0           |
|    obstacle_range_hi    | 3           |
|    obstacle_range_lo    | 1           |
|    success_rate         | 0.76        |
| rollout/                |             |
|    ep_len_mean          | 80.2        |
|    ep_rew_mean          | 38.7        |
| time/                   |             |
|    fps                  | 988         |
|    iterations           | 84          |
|    time_elapsed         | 696         |
|    total_timesteps      | 688128      |
| train/                  |             |
|    approx_kl            | 0.035345316 |
|    clip_fraction        | 0.269       |
|    clip_range           | 0.2         |
|    entropy_loss         | -17.1       |
|    explained_variance   | 0.91        |
|    learning_rate        | 0.0003      |
|    loss                 | 17.3        |
|    n_updates            | 11050       |
|    policy_gradient_loss | -0.052      |
|    std                  | 2.37        |
|    value_loss           | 53.6        |
-----------------------------------------
-----------------------------------------
| manipularl/             |             |
|    collision_rate       | 0.16        |
|    grasp_curriculum     | 0.155       |
|    grasp_failure_rate   | 0.634       |
|    insert_depth_mean    | 0           |
|    obstacle_range_hi    | 3           |
|    obstacle_range_lo    | 1           |
|    success_rate         | 0.81        |
| rollout/                |             |
|    ep_len_mean          | 74.4        |
|    ep_rew_mean          | 45.7        |
| time/                   |             |
|    fps                  | 991         |
|    iterations           | 85          |
|    time_elapsed         | 702         |
|    total_timesteps      | 696320      |
| train/                  |             |
|    approx_kl            | 0.044927903 |
|    clip_fraction        | 0.305       |
|    clip_range           | 0.2         |
|    entropy_loss         | -17.1       |
|    explained_variance   | 0.906       |
|    learning_rate        | 0.0003      |
|    loss                 | 9.96        |
|    n_updates            | 11060       |
|    policy_gradient_loss | -0.062      |
|    std                  | 2.38        |
|    value_loss           | 34.2        |
-----------------------------------------
-----------------------------------------
| manipularl/             |             |
|    collision_rate       | 0.15        |
|    grasp_curriculum     | 0.153       |
|    grasp_failure_rate   | 0.693       |
|    insert_depth_mean    | 0           |
|    obstacle_range_hi    | 3           |
|    obstacle_range_lo    | 1           |
|    success_rate         | 0.78        |
| rollout/                |             |
|    ep_len_mean          | 82.5        |
|    ep_rew_mean          | 45.5        |
| time/                   |             |
|    fps                  | 994         |
|    iterations           | 86          |
|    time_elapsed         | 708         |
|    total_timesteps      | 704512      |
| train/                  |             |
|    approx_kl            | 0.037371755 |
|    clip_fraction        | 0.275       |
|    clip_range           | 0.2         |
|    entropy_loss         | -17.1       |
|    explained_variance   | 0.891       |
|    learning_rate        | 0.0003      |
|    loss                 | 16          |
|    n_updates            | 11070       |
|    policy_gradient_loss | -0.0579     |
|    std                  | 2.38        |
|    value_loss           | 49.9        |
-----------------------------------------
----------------------------------------
| manipularl/             |            |
|    collision_rate       | 0.1        |
|    grasp_curriculum     | 0.15       |
|    grasp_failure_rate   | 0.643      |
|    insert_depth_mean    | 0          |
|    obstacle_range_hi    | 3          |
|    obstacle_range_lo    | 1          |
|    success_rate         | 0.88       |
| rollout/                |            |
|    ep_len_mean          | 66.6       |
|    ep_rew_mean          | 53.4       |
| time/                   |            |
|    fps                  | 997        |
|    iterations           | 87         |
|    time_elapsed         | 714        |
|    total_timesteps      | 712704     |
| train/                  |            |
|    approx_kl            | 0.04128761 |
|    clip_fraction        | 0.279      |
|    clip_range           | 0.2        |
|    entropy_loss         | -17.1      |
|    explained_variance   | 0.92       |
|    learning_rate        | 0.0003     |
|    loss                 | 9.76       |
|    n_updates            | 11080      |
|    policy_gradient_loss | -0.0574    |
|    std                  | 2.39       |
|    value_loss           | 37.9       |
----------------------------------------
-----------------------------------------
| manipularl/             |             |
|    collision_rate       | 0.14        |
|    grasp_curriculum     | 0.148       |
|    grasp_failure_rate   | 0.66        |
|    insert_depth_mean    | 0           |
|    obstacle_range_hi    | 3           |
|    obstacle_range_lo    | 1           |
|    success_rate         | 0.85        |
| rollout/                |             |
|    ep_len_mean          | 61.5        |
|    ep_rew_mean          | 49.2        |
| time/                   |             |
|    fps                  | 999         |
|    iterations           | 88          |
|    time_elapsed         | 721         |
|    total_timesteps      | 720896      |
| train/                  |             |
|    approx_kl            | 0.043613575 |
|    clip_fraction        | 0.309       |
|    clip_range           | 0.2         |
|    entropy_loss         | -17.1       |
|    explained_variance   | 0.914       |
|    learning_rate        | 0.0003      |
|    loss                 | 9.98        |
|    n_updates            | 11090       |
|    policy_gradient_loss | -0.0624     |
|    std                  | 2.39        |
|    value_loss           | 35.8        |
-----------------------------------------
----------------------------------------
| manipularl/             |            |
|    collision_rate       | 0.14       |
|    grasp_curriculum     | 0.146      |
|    grasp_failure_rate   | 0.595      |
|    insert_depth_mean    | 0          |
|    obstacle_range_hi    | 3          |
|    obstacle_range_lo    | 1          |
|    success_rate         | 0.79       |
| rollout/                |            |
|    ep_len_mean          | 84.9       |
|    ep_rew_mean          | 43.6       |
| time/                   |            |
|    fps                  | 1002       |
|    iterations           | 89         |
|    time_elapsed         | 727        |
|    total_timesteps      | 729088     |
| train/                  |            |
|    approx_kl            | 0.03217989 |
|    clip_fraction        | 0.254      |
|    clip_range           | 0.2        |
|    entropy_loss         | -17.1      |
|    explained_variance   | 0.813      |
|    learning_rate        | 0.0003     |
|    loss                 | 14.6       |
|    n_updates            | 11100      |
|    policy_gradient_loss | -0.053     |
|    std                  | 2.4        |
|    value_loss           | 54.5       |
----------------------------------------
-----------------------------------------
| manipularl/             |             |
|    collision_rate       | 0.14        |
|    grasp_curriculum     | 0.144       |
|    grasp_failure_rate   | 0.604       |
|    insert_depth_mean    | 0           |
|    obstacle_range_hi    | 3           |
|    obstacle_range_lo    | 1           |
|    success_rate         | 0.85        |
| rollout/                |             |
|    ep_len_mean          | 62.4        |
|    ep_rew_mean          | 48.7        |
| time/                   |             |
|    fps                  | 1004        |
|    iterations           | 90          |
|    time_elapsed         | 733         |
|    total_timesteps      | 737280      |
| train/                  |             |
|    approx_kl            | 0.049448118 |
|    clip_fraction        | 0.313       |
|    clip_range           | 0.2         |
|    entropy_loss         | -17.1       |
|    explained_variance   | 0.933       |
|    learning_rate        | 0.0003      |
|    loss                 | 9.23        |
|    n_updates            | 11110       |
|    policy_gradient_loss | -0.0639     |
|    std                  | 2.4         |
|    value_loss           | 31.5        |
-----------------------------------------
-----------------------------------------
| manipularl/             |             |
|    collision_rate       | 0.11        |
|    grasp_curriculum     | 0.141       |
|    grasp_failure_rate   | 0.614       |
|    insert_depth_mean    | 0           |
|    obstacle_range_hi    | 3           |
|    obstacle_range_lo    | 1           |
|    success_rate         | 0.87        |
| rollout/                |             |
|    ep_len_mean          | 64.2        |
|    ep_rew_mean          | 49.7        |
| time/                   |             |
|    fps                  | 1007        |
|    iterations           | 91          |
|    time_elapsed         | 739         |
|    total_timesteps      | 745472      |
| train/                  |             |
|    approx_kl            | 0.053652138 |
|    clip_fraction        | 0.297       |
|    clip_range           | 0.2         |
|    entropy_loss         | -17.1       |
|    explained_variance   | 0.879       |
|    learning_rate        | 0.0003      |
|    loss                 | 8.63        |
|    n_updates            | 11120       |
|    policy_gradient_loss | -0.058      |
|    std                  | 2.39        |
|    value_loss           | 31.4        |
-----------------------------------------
Eval num_timesteps=750000, episode_reward=-24.65 +/- 152.55
Episode length: 160.45 +/- 146.02
----------------------------------------
| eval/                   |            |
|    mean_ep_length       | 160        |
|    mean_reward          | -24.7      |
| manipularl/             |            |
|    collision_rate       | 0.13       |
|    grasp_curriculum     | 0.14       |
|    grasp_failure_rate   | 0.639      |
|    insert_depth_mean    | 0          |
|    obstacle_range_hi    | 3          |
|    obstacle_range_lo    | 1          |
|    success_rate         | 0.8        |
| time/                   |            |
|    total_timesteps      | 750000     |
| train/                  |            |
|    approx_kl            | 0.04246835 |
|    clip_fraction        | 0.314      |
|    clip_range           | 0.2        |
|    entropy_loss         | -17.1      |
|    explained_variance   | 0.845      |
|    learning_rate        | 0.0003     |
|    loss                 | 11.9       |
|    n_updates            | 11130      |
|    policy_gradient_loss | -0.0552    |
|    std                  | 2.4        |
|    value_loss           | 40.4       |
----------------------------------------
------------------------------------
| manipularl/           |          |
|    collision_rate     | 0.13     |
|    grasp_curriculum   | 0.139    |
|    grasp_failure_rate | 0.659    |
|    insert_depth_mean  | 0        |
|    obstacle_range_hi  | 3        |
|    obstacle_range_lo  | 1        |
|    success_rate       | 0.83     |
| rollout/              |          |
|    ep_len_mean        | 62.8     |
|    ep_rew_mean        | 51.9     |
| time/                 |          |
|    fps                | 997      |
|    iterations         | 92       |
|    time_elapsed       | 755      |
|    total_timesteps    | 753664   |
------------------------------------
----------------------------------------
| manipularl/             |            |
|    collision_rate       | 0.14       |
|    grasp_curriculum     | 0.137      |
|    grasp_failure_rate   | 0.668      |
|    insert_depth_mean    | 0          |
|    obstacle_range_hi    | 3          |
|    obstacle_range_lo    | 1          |
|    success_rate         | 0.79       |
| rollout/                |            |
|    ep_len_mean          | 78.8       |
|    ep_rew_mean          | 47.8       |
| time/                   |            |
|    fps                  | 1000       |
|    iterations           | 93         |
|    time_elapsed         | 761        |
|    total_timesteps      | 761856     |
| train/                  |            |
|    approx_kl            | 0.05137366 |
|    clip_fraction        | 0.345      |
|    clip_range           | 0.2        |
|    entropy_loss         | -17.1      |
|    explained_variance   | 0.872      |
|    learning_rate        | 0.0003     |
|    loss                 | 12.1       |
|    n_updates            | 11140      |
|    policy_gradient_loss | -0.0633    |
|    std                  | 2.4        |
|    value_loss           | 36.6       |
----------------------------------------
-----------------------------------------
| manipularl/             |             |
|    collision_rate       | 0.1         |
|    grasp_curriculum     | 0.134       |
|    grasp_failure_rate   | 0.646       |
|    insert_depth_mean    | 0           |
|    obstacle_range_hi    | 3           |
|    obstacle_range_lo    | 1           |
|    success_rate         | 0.86        |
| rollout/                |             |
|    ep_len_mean          | 66.3        |
|    ep_rew_mean          | 52.6        |
| time/                   |             |
|    fps                  | 1003        |
|    iterations           | 94          |
|    time_elapsed         | 767         |
|    total_timesteps      | 770048      |
| train/                  |             |
|    approx_kl            | 0.045576833 |
|    clip_fraction        | 0.319       |
|    clip_range           | 0.2         |
|    entropy_loss         | -17.1       |
|    explained_variance   | 0.873       |
|    learning_rate        | 0.0003      |
|    loss                 | 14          |
|    n_updates            | 11150       |
|    policy_gradient_loss | -0.0594     |
|    std                  | 2.4         |
|    value_loss           | 37.8        |
-----------------------------------------
-----------------------------------------
| manipularl/             |             |
|    collision_rate       | 0.16        |
|    grasp_curriculum     | 0.132       |
|    grasp_failure_rate   | 0.638       |
|    insert_depth_mean    | 0           |
|    obstacle_range_hi    | 3           |
|    obstacle_range_lo    | 1           |
|    success_rate         | 0.82        |
| rollout/                |             |
|    ep_len_mean          | 71.1        |
|    ep_rew_mean          | 45.9        |
| time/                   |             |
|    fps                  | 1006        |
|    iterations           | 95          |
|    time_elapsed         | 773         |
|    total_timesteps      | 778240      |
| train/                  |             |
|    approx_kl            | 0.038225796 |
|    clip_fraction        | 0.281       |
|    clip_range           | 0.2         |
|    entropy_loss         | -17.1       |
|    explained_variance   | 0.82        |
|    learning_rate        | 0.0003      |
|    loss                 | 19.6        |
|    n_updates            | 11160       |
|    policy_gradient_loss | -0.0598     |
|    std                  | 2.41        |
|    value_loss           | 62.3        |
-----------------------------------------
-----------------------------------------
| manipularl/             |             |
|    collision_rate       | 0.09        |
|    grasp_curriculum     | 0.13        |
|    grasp_failure_rate   | 0.638       |
|    insert_depth_mean    | 0           |
|    obstacle_range_hi    | 4           |
|    obstacle_range_lo    | 1           |
|    success_rate         | 0.89        |
| rollout/                |             |
|    ep_len_mean          | 60.7        |
|    ep_rew_mean          | 49.5        |
| time/                   |             |
|    fps                  | 1008        |
|    iterations           | 96          |
|    time_elapsed         | 780         |
|    total_timesteps      | 786432      |
| train/                  |             |
|    approx_kl            | 0.046218753 |
|    clip_fraction        | 0.314       |
|    clip_range           | 0.2         |
|    entropy_loss         | -17.1       |
|    explained_variance   | 0.847       |
|    learning_rate        | 0.0003      |
|    loss                 | 12.9        |
|    n_updates            | 11170       |
|    policy_gradient_loss | -0.0633     |
|    std                  | 2.41        |
|    value_loss           | 46.5        |
-----------------------------------------
----------------------------------------
| manipularl/             |            |
|    collision_rate       | 0.11       |
|    grasp_curriculum     | 0.128      |
|    grasp_failure_rate   | 0.693      |
|    insert_depth_mean    | 0          |
|    obstacle_range_hi    | 4          |
|    obstacle_range_lo    | 1          |
|    success_rate         | 0.8        |
| rollout/                |            |
|    ep_len_mean          | 87.9       |
|    ep_rew_mean          | 45.1       |
| time/                   |            |
|    fps                  | 1010       |
|    iterations           | 97         |
|    time_elapsed         | 786        |
|    total_timesteps      | 794624     |
| train/                  |            |
|    approx_kl            | 0.03906874 |
|    clip_fraction        | 0.28       |
|    clip_range           | 0.2        |
|    entropy_loss         | -17.1      |
|    explained_variance   | 0.821      |
|    learning_rate        | 0.0003     |
|    loss                 | 16.3       |
|    n_updates            | 11180      |
|    policy_gradient_loss | -0.0623    |
|    std                  | 2.41       |
|    value_loss           | 68.4       |
----------------------------------------
----------------------------------------
| manipularl/             |            |
|    collision_rate       | 0.17       |
|    grasp_curriculum     | 0.125      |
|    grasp_failure_rate   | 0.663      |
|    insert_depth_mean    | 0          |
|    obstacle_range_hi    | 4          |
|    obstacle_range_lo    | 1          |
|    success_rate         | 0.77       |
| rollout/                |            |
|    ep_len_mean          | 101        |
|    ep_rew_mean          | 44.9       |
| time/                   |            |
|    fps                  | 1013       |
|    iterations           | 98         |
|    time_elapsed         | 792        |
|    total_timesteps      | 802816     |
| train/                  |            |
|    approx_kl            | 0.05095461 |
|    clip_fraction        | 0.313      |
|    clip_range           | 0.2        |
|    entropy_loss         | -17.1      |
|    explained_variance   | 0.846      |
|    learning_rate        | 0.0003     |
|    loss                 | 10.5       |
|    n_updates            | 11190      |
|    policy_gradient_loss | -0.0649    |
|    std                  | 2.41       |
|    value_loss           | 44.4       |
----------------------------------------
-----------------------------------------
| manipularl/             |             |
|    collision_rate       | 0.15        |
|    grasp_curriculum     | 0.123       |
|    grasp_failure_rate   | 0.626       |
|    insert_depth_mean    | 0           |
|    obstacle_range_hi    | 4           |
|    obstacle_range_lo    | 1           |
|    success_rate         | 0.78        |
| rollout/                |             |
|    ep_len_mean          | 86.6        |
|    ep_rew_mean          | 46.2        |
| time/                   |             |
|    fps                  | 1015        |
|    iterations           | 99          |
|    time_elapsed         | 798         |
|    total_timesteps      | 811008      |
| train/                  |             |
|    approx_kl            | 0.054964315 |
|    clip_fraction        | 0.337       |
|    clip_range           | 0.2         |
|    entropy_loss         | -17.2       |
|    explained_variance   | 0.824       |
|    learning_rate        | 0.0003      |
|    loss                 | 9.72        |
|    n_updates            | 11200       |
|    policy_gradient_loss | -0.0634     |
|    std                  | 2.41        |
|    value_loss           | 37.2        |
-----------------------------------------
----------------------------------------
| manipularl/             |            |
|    collision_rate       | 0.13       |
|    grasp_curriculum     | 0.121      |
|    grasp_failure_rate   | 0.692      |
|    insert_depth_mean    | 0          |
|    obstacle_range_hi    | 4          |
|    obstacle_range_lo    | 1          |
|    success_rate         | 0.81       |
| rollout/                |            |
|    ep_len_mean          | 86.2       |
|    ep_rew_mean          | 44.5       |
| time/                   |            |
|    fps                  | 1018       |
|    iterations           | 100        |
|    time_elapsed         | 804        |
|    total_timesteps      | 819200     |
| train/                  |            |
|    approx_kl            | 0.04518503 |
|    clip_fraction        | 0.318      |
|    clip_range           | 0.2        |
|    entropy_loss         | -17.2      |
|    explained_variance   | 0.829      |
|    learning_rate        | 0.0003     |
|    loss                 | 14         |
|    n_updates            | 11210      |
|    policy_gradient_loss | -0.0619    |
|    std                  | 2.42       |
|    value_loss           | 52         |
----------------------------------------
-----------------------------------------
| manipularl/             |             |
|    collision_rate       | 0.21        |
|    grasp_curriculum     | 0.118       |
|    grasp_failure_rate   | 0.627       |
|    insert_depth_mean    | 0           |
|    obstacle_range_hi    | 4           |
|    obstacle_range_lo    | 1           |
|    success_rate         | 0.77        |
| rollout/                |             |
|    ep_len_mean          | 78.6        |
|    ep_rew_mean          | 36.8        |
| time/                   |             |
|    fps                  | 1020        |
|    iterations           | 101         |
|    time_elapsed         | 811         |
|    total_timesteps      | 827392      |
| train/                  |             |
|    approx_kl            | 0.042960458 |
|    clip_fraction        | 0.299       |
|    clip_range           | 0.2         |
|    entropy_loss         | -17.2       |
|    explained_variance   | 0.839       |
|    learning_rate        | 0.0003      |
|    loss                 | 13.5        |
|    n_updates            | 11220       |
|    policy_gradient_loss | -0.0599     |
|    std                  | 2.42        |
|    value_loss           | 52.5        |
-----------------------------------------
----------------------------------------
| manipularl/             |            |
|    collision_rate       | 0.13       |
|    grasp_curriculum     | 0.116      |
|    grasp_failure_rate   | 0.679      |
|    insert_depth_mean    | 0          |
|    obstacle_range_hi    | 4          |
|    obstacle_range_lo    | 1          |
|    success_rate         | 0.8        |
| rollout/                |            |
|    ep_len_mean          | 93.6       |
|    ep_rew_mean          | 41.6       |
| time/                   |            |
|    fps                  | 1022       |
|    iterations           | 102        |
|    time_elapsed         | 817        |
|    total_timesteps      | 835584     |
| train/                  |            |
|    approx_kl            | 0.04098966 |
|    clip_fraction        | 0.28       |
|    clip_range           | 0.2        |
|    entropy_loss         | -17.2      |
|    explained_variance   | 0.859      |
|    learning_rate        | 0.0003     |
|    loss                 | 16.3       |
|    n_updates            | 11230      |
|    policy_gradient_loss | -0.057     |
|    std                  | 2.42       |
|    value_loss           | 57.2       |
----------------------------------------
-----------------------------------------
| manipularl/             |             |
|    collision_rate       | 0.12        |
|    grasp_curriculum     | 0.114       |
|    grasp_failure_rate   | 0.597       |
|    insert_depth_mean    | 0           |
|    obstacle_range_hi    | 4           |
|    obstacle_range_lo    | 1           |
|    success_rate         | 0.83        |
| rollout/                |             |
|    ep_len_mean          | 83.3        |
|    ep_rew_mean          | 47.4        |
| time/                   |             |
|    fps                  | 1024        |
|    iterations           | 103         |
|    time_elapsed         | 823         |
|    total_timesteps      | 843776      |
| train/                  |             |
|    approx_kl            | 0.045353528 |
|    clip_fraction        | 0.296       |
|    clip_range           | 0.2         |
|    entropy_loss         | -17.2       |
|    explained_variance   | 0.853       |
|    learning_rate        | 0.0003      |
|    loss                 | 13.1        |
|    n_updates            | 11240       |
|    policy_gradient_loss | -0.0566     |
|    std                  | 2.42        |
|    value_loss           | 50.3        |
-----------------------------------------
-----------------------------------------
| manipularl/             |             |
|    collision_rate       | 0.13        |
|    grasp_curriculum     | 0.111       |
|    grasp_failure_rate   | 0.616       |
|    insert_depth_mean    | 0           |
|    obstacle_range_hi    | 4           |
|    obstacle_range_lo    | 1           |
|    success_rate         | 0.82        |
| rollout/                |             |
|    ep_len_mean          | 76          |
|    ep_rew_mean          | 48.4        |
| time/                   |             |
|    fps                  | 1026        |
|    iterations           | 104         |
|    time_elapsed         | 830         |
|    total_timesteps      | 851968      |
| train/                  |             |
|    approx_kl            | 0.054820716 |
|    clip_fraction        | 0.341       |
|    clip_range           | 0.2         |
|    entropy_loss         | -17.1       |
|    explained_variance   | 0.845       |
|    learning_rate        | 0.0003      |
|    loss                 | 18.6        |
|    n_updates            | 11250       |
|    policy_gradient_loss | -0.0603     |
|    std                  | 2.42        |
|    value_loss           | 54.1        |
-----------------------------------------
-----------------------------------------
| manipularl/             |             |
|    collision_rate       | 0.16        |
|    grasp_curriculum     | 0.109       |
|    grasp_failure_rate   | 0.612       |
|    insert_depth_mean    | 0           |
|    obstacle_range_hi    | 4           |
|    obstacle_range_lo    | 1           |
|    success_rate         | 0.78        |
| rollout/                |             |
|    ep_len_mean          | 89.2        |
|    ep_rew_mean          | 44.1        |
| time/                   |             |
|    fps                  | 1028        |
|    iterations           | 105         |
|    time_elapsed         | 836         |
|    total_timesteps      | 860160      |
| train/                  |             |
|    approx_kl            | 0.045646474 |
|    clip_fraction        | 0.307       |
|    clip_range           | 0.2         |
|    entropy_loss         | -17.2       |
|    explained_variance   | 0.851       |
|    learning_rate        | 0.0003      |
|    loss                 | 16          |
|    n_updates            | 11260       |
|    policy_gradient_loss | -0.0651     |
|    std                  | 2.43        |
|    value_loss           | 52.9        |
-----------------------------------------
-----------------------------------------
| manipularl/             |             |
|    collision_rate       | 0.19        |
|    grasp_curriculum     | 0.107       |
|    grasp_failure_rate   | 0.596       |
|    insert_depth_mean    | 0           |
|    obstacle_range_hi    | 4           |
|    obstacle_range_lo    | 1           |
|    success_rate         | 0.77        |
| rollout/                |             |
|    ep_len_mean          | 88.4        |
|    ep_rew_mean          | 37.7        |
| time/                   |             |
|    fps                  | 1030        |
|    iterations           | 106         |
|    time_elapsed         | 842         |
|    total_timesteps      | 868352      |
| train/                  |             |
|    approx_kl            | 0.048658967 |
|    clip_fraction        | 0.313       |
|    clip_range           | 0.2         |
|    entropy_loss         | -17.2       |
|    explained_variance   | 0.844       |
|    learning_rate        | 0.0003      |
|    loss                 | 14.2        |
|    n_updates            | 11270       |
|    policy_gradient_loss | -0.064      |
|    std                  | 2.44        |
|    value_loss           | 50.7        |
-----------------------------------------
-----------------------------------------
| manipularl/             |             |
|    collision_rate       | 0.21        |
|    grasp_curriculum     | 0.105       |
|    grasp_failure_rate   | 0.655       |
|    insert_depth_mean    | 0           |
|    obstacle_range_hi    | 4           |
|    obstacle_range_lo    | 1           |
|    success_rate         | 0.74        |
| rollout/                |             |
|    ep_len_mean          | 81.3        |
|    ep_rew_mean          | 37.4        |
| time/                   |             |
|    fps                  | 1032        |
|    iterations           | 107         |
|    time_elapsed         | 848         |
|    total_timesteps      | 876544      |
| train/                  |             |
|    approx_kl            | 0.043627795 |
|    clip_fraction        | 0.282       |
|    clip_range           | 0.2         |
|    entropy_loss         | -17.2       |
|    explained_variance   | 0.846       |
|    learning_rate        | 0.0003      |
|    loss                 | 13.3        |
|    n_updates            | 11280       |
|    policy_gradient_loss | -0.0547     |
|    std                  | 2.43        |
|    value_loss           | 48.2        |
-----------------------------------------
-----------------------------------------
| manipularl/             |             |
|    collision_rate       | 0.22        |
|    grasp_curriculum     | 0.102       |
|    grasp_failure_rate   | 0.684       |
|    insert_depth_mean    | 0           |
|    obstacle_range_hi    | 4           |
|    obstacle_range_lo    | 1           |
|    success_rate         | 0.72        |
| rollout/                |             |
|    ep_len_mean          | 94.2        |
|    ep_rew_mean          | 27.8        |
| time/                   |             |
|    fps                  | 1034        |
|    iterations           | 108         |
|    time_elapsed         | 854         |
|    total_timesteps      | 884736      |
| train/                  |             |
|    approx_kl            | 0.045123234 |
|    clip_fraction        | 0.303       |
|    clip_range           | 0.2         |
|    entropy_loss         | -17.2       |
|    explained_variance   | 0.811       |
|    learning_rate        | 0.0003      |
|    loss                 | 16.6        |
|    n_updates            | 11290       |
|    policy_gradient_loss | -0.0583     |
|    std                  | 2.44        |
|    value_loss           | 55.7        |
-----------------------------------------
-----------------------------------------
| manipularl/             |             |
|    collision_rate       | 0.21        |
|    grasp_curriculum     | 0.1         |
|    grasp_failure_rate   | 0.703       |
|    insert_depth_mean    | 0           |
|    obstacle_range_hi    | 4           |
|    obstacle_range_lo    | 1           |
|    success_rate         | 0.73        |
| rollout/                |             |
|    ep_len_mean          | 94.2        |
|    ep_rew_mean          | 32.3        |
| time/                   |             |
|    fps                  | 1036        |
|    iterations           | 109         |
|    time_elapsed         | 861         |
|    total_timesteps      | 892928      |
| train/                  |             |
|    approx_kl            | 0.051809557 |
|    clip_fraction        | 0.298       |
|    clip_range           | 0.2         |
|    entropy_loss         | -17.2       |
|    explained_variance   | 0.889       |
|    learning_rate        | 0.0003      |
|    loss                 | 10          |
|    n_updates            | 11300       |
|    policy_gradient_loss | -0.0564     |
|    std                  | 2.44        |
|    value_loss           | 44.4        |
-----------------------------------------
-----------------------------------------
| manipularl/             |             |
|    collision_rate       | 0.1         |
|    grasp_curriculum     | 0.0977      |
|    grasp_failure_rate   | 0.644       |
|    insert_depth_mean    | 0           |
|    obstacle_range_hi    | 4           |
|    obstacle_range_lo    | 1           |
|    success_rate         | 0.88        |
| rollout/                |             |
|    ep_len_mean          | 67.8        |
|    ep_rew_mean          | 44.3        |
| time/                   |             |
|    fps                  | 1038        |
|    iterations           | 110         |
|    time_elapsed         | 867         |
|    total_timesteps      | 901120      |
| train/                  |             |
|    approx_kl            | 0.047317453 |
|    clip_fraction        | 0.34        |
|    clip_range           | 0.2         |
|    entropy_loss         | -17.2       |
|    explained_variance   | 0.86        |
|    learning_rate        | 0.0003      |
|    loss                 | 16.3        |
|    n_updates            | 11310       |
|    policy_gradient_loss | -0.0528     |
|    std                  | 2.44        |
|    value_loss           | 59.3        |
-----------------------------------------
-----------------------------------------
| manipularl/             |             |
|    collision_rate       | 0.13        |
|    grasp_curriculum     | 0.0954      |
|    grasp_failure_rate   | 0.669       |
|    insert_depth_mean    | 0           |
|    obstacle_range_hi    | 4           |
|    obstacle_range_lo    | 1           |
|    success_rate         | 0.84        |
| rollout/                |             |
|    ep_len_mean          | 83.6        |
|    ep_rew_mean          | 47.7        |
| time/                   |             |
|    fps                  | 1040        |
|    iterations           | 111         |
|    time_elapsed         | 873         |
|    total_timesteps      | 909312      |
| train/                  |             |
|    approx_kl            | 0.040796947 |
|    clip_fraction        | 0.287       |
|    clip_range           | 0.2         |
|    entropy_loss         | -17.2       |
|    explained_variance   | 0.879       |
|    learning_rate        | 0.0003      |
|    loss                 | 19.3        |
|    n_updates            | 11320       |
|    policy_gradient_loss | -0.0594     |
|    std                  | 2.45        |
|    value_loss           | 65.3        |
-----------------------------------------
----------------------------------------
| manipularl/             |            |
|    collision_rate       | 0.11       |
|    grasp_curriculum     | 0.0931     |
|    grasp_failure_rate   | 0.651      |
|    insert_depth_mean    | 0          |
|    obstacle_range_hi    | 4          |
|    obstacle_range_lo    | 1          |
|    success_rate         | 0.85       |
| rollout/                |            |
|    ep_len_mean          | 78.1       |
|    ep_rew_mean          | 46.3       |
| time/                   |            |
|    fps                  | 1042       |
|    iterations           | 112        |
|    time_elapsed         | 879        |
|    total_timesteps      | 917504     |
| train/                  |            |
|    approx_kl            | 0.05843351 |
|    clip_fraction        | 0.342      |
|    clip_range           | 0.2        |
|    entropy_loss         | -17.2      |
|    explained_variance   | 0.897      |
|    learning_rate        | 0.0003     |
|    loss                 | 9.75       |
|    n_updates            | 11330      |
|    policy_gradient_loss | -0.0691    |
|    std                  | 2.45       |
|    value_loss           | 35.8       |
----------------------------------------
-----------------------------------------
| manipularl/             |             |
|    collision_rate       | 0.12        |
|    grasp_curriculum     | 0.0908      |
|    grasp_failure_rate   | 0.645       |
|    insert_depth_mean    | 0           |
|    obstacle_range_hi    | 4           |
|    obstacle_range_lo    | 1           |
|    success_rate         | 0.79        |
| rollout/                |             |
|    ep_len_mean          | 87.7        |
|    ep_rew_mean          | 47.4        |
| time/                   |             |
|    fps                  | 1044        |
|    iterations           | 113         |
|    time_elapsed         | 885         |
|    total_timesteps      | 925696      |
| train/                  |             |
|    approx_kl            | 0.036825627 |
|    clip_fraction        | 0.26        |
|    clip_range           | 0.2         |
|    entropy_loss         | -17.2       |
|    explained_variance   | 0.808       |
|    learning_rate        | 0.0003      |
|    loss                 | 15.7        |
|    n_updates            | 11340       |
|    policy_gradient_loss | -0.0511     |
|    std                  | 2.45        |
|    value_loss           | 57.8        |
-----------------------------------------
----------------------------------------
| manipularl/             |            |
|    collision_rate       | 0.18       |
|    grasp_curriculum     | 0.0885     |
|    grasp_failure_rate   | 0.683      |
|    insert_depth_mean    | 0          |
|    obstacle_range_hi    | 4          |
|    obstacle_range_lo    | 1          |
|    success_rate         | 0.74       |
| rollout/                |            |
|    ep_len_mean          | 87.7       |
|    ep_rew_mean          | 38.7       |
| time/                   |            |
|    fps                  | 1046       |
|    iterations           | 114        |
|    time_elapsed         | 892        |
|    total_timesteps      | 933888     |
| train/                  |            |
|    approx_kl            | 0.04663549 |
|    clip_fraction        | 0.309      |
|    clip_range           | 0.2        |
|    entropy_loss         | -17.2      |
|    explained_variance   | 0.832      |
|    learning_rate        | 0.0003     |
|    loss                 | 16.6       |
|    n_updates            | 11350      |
|    policy_gradient_loss | -0.0623    |
|    std                  | 2.45       |
|    value_loss           | 55.8       |
----------------------------------------
-----------------------------------------
| manipularl/             |             |
|    collision_rate       | 0.19        |
|    grasp_curriculum     | 0.0862      |
|    grasp_failure_rate   | 0.705       |
|    insert_depth_mean    | 0           |
|    obstacle_range_hi    | 4           |
|    obstacle_range_lo    | 2           |
|    success_rate         | 0.77        |
| rollout/                |             |
|    ep_len_mean          | 75.5        |
|    ep_rew_mean          | 43.3        |
| time/                   |             |
|    fps                  | 1048        |
|    iterations           | 115         |
|    time_elapsed         | 898         |
|    total_timesteps      | 942080      |
| train/                  |             |
|    approx_kl            | 0.046002083 |
|    clip_fraction        | 0.295       |
|    clip_range           | 0.2         |
|    entropy_loss         | -17.2       |
|    explained_variance   | 0.853       |
|    learning_rate        | 0.0003      |
|    loss                 | 11.4        |
|    n_updates            | 11360       |
|    policy_gradient_loss | -0.0629     |
|    std                  | 2.45        |
|    value_loss           | 46.3        |
-----------------------------------------
----------------------------------------
| manipularl/             |            |
|    collision_rate       | 0.2        |
|    grasp_curriculum     | 0.0839     |
|    grasp_failure_rate   | 0.689      |
|    insert_depth_mean    | 0          |
|    obstacle_range_hi    | 4          |
|    obstacle_range_lo    | 2          |
|    success_rate         | 0.79       |
| rollout/                |            |
|    ep_len_mean          | 76.3       |
|    ep_rew_mean          | 39.1       |
| time/                   |            |
|    fps                  | 1050       |
|    iterations           | 116        |
|    time_elapsed         | 904        |
|    total_timesteps      | 950272     |
| train/                  |            |
|    approx_kl            | 0.03287835 |
|    clip_fraction        | 0.248      |
|    clip_range           | 0.2        |
|    entropy_loss         | -17.2      |
|    explained_variance   | 0.675      |
|    learning_rate        | 0.0003     |
|    loss                 | 20.5       |
|    n_updates            | 11370      |
|    policy_gradient_loss | -0.0547    |
|    std                  | 2.45       |
|    value_loss           | 69.7       |
----------------------------------------
-----------------------------------------
| manipularl/             |             |
|    collision_rate       | 0.21        |
|    grasp_curriculum     | 0.0816      |
|    grasp_failure_rate   | 0.648       |
|    insert_depth_mean    | 0           |
|    obstacle_range_hi    | 4           |
|    obstacle_range_lo    | 2           |
|    success_rate         | 0.74        |
| rollout/                |             |
|    ep_len_mean          | 91.3        |
|    ep_rew_mean          | 42.2        |
| time/                   |             |
|    fps                  | 1052        |
|    iterations           | 117         |
|    time_elapsed         | 910         |
|    total_timesteps      | 958464      |
| train/                  |             |
|    approx_kl            | 0.039006725 |
|    clip_fraction        | 0.258       |
|    clip_range           | 0.2         |
|    entropy_loss         | -17.2       |
|    explained_variance   | 0.753       |
|    learning_rate        | 0.0003      |
|    loss                 | 22.8        |
|    n_updates            | 11380       |
|    policy_gradient_loss | -0.0566     |
|    std                  | 2.45        |
|    value_loss           | 74.7        |
-----------------------------------------
----------------------------------------
| manipularl/             |            |
|    collision_rate       | 0.21       |
|    grasp_curriculum     | 0.0793     |
|    grasp_failure_rate   | 0.711      |
|    insert_depth_mean    | 0          |
|    obstacle_range_hi    | 4          |
|    obstacle_range_lo    | 2          |
|    success_rate         | 0.76       |
| rollout/                |            |
|    ep_len_mean          | 88         |
|    ep_rew_mean          | 42.3       |
| time/                   |            |
|    fps                  | 1053       |
|    iterations           | 118        |
|    time_elapsed         | 917        |
|    total_timesteps      | 966656     |
| train/                  |            |
|    approx_kl            | 0.05472035 |
|    clip_fraction        | 0.328      |
|    clip_range           | 0.2        |
|    entropy_loss         | -17.2      |
|    explained_variance   | 0.813      |
|    learning_rate        | 0.0003     |
|    loss                 | 13.3       |
|    n_updates            | 11390      |
|    policy_gradient_loss | -0.0599    |
|    std                  | 2.46       |
|    value_loss           | 44.4       |
----------------------------------------
-----------------------------------------
| manipularl/             |             |
|    collision_rate       | 0.2         |
|    grasp_curriculum     | 0.077       |
|    grasp_failure_rate   | 0.752       |
|    insert_depth_mean    | 0           |
|    obstacle_range_hi    | 4           |
|    obstacle_range_lo    | 2           |
|    success_rate         | 0.76        |
| rollout/                |             |
|    ep_len_mean          | 81.9        |
|    ep_rew_mean          | 44.2        |
| time/                   |             |
|    fps                  | 1055        |
|    iterations           | 119         |
|    time_elapsed         | 923         |
|    total_timesteps      | 974848      |
| train/                  |             |
|    approx_kl            | 0.049031593 |
|    clip_fraction        | 0.311       |
|    clip_range           | 0.2         |
|    entropy_loss         | -17.2       |
|    explained_variance   | 0.761       |
|    learning_rate        | 0.0003      |
|    loss                 | 16          |
|    n_updates            | 11400       |
|    policy_gradient_loss | -0.0566     |
|    std                  | 2.46        |
|    value_loss           | 54.9        |
-----------------------------------------
----------------------------------------
| manipularl/             |            |
|    collision_rate       | 0.25       |
|    grasp_curriculum     | 0.0747     |
|    grasp_failure_rate   | 0.673      |
|    insert_depth_mean    | 0          |
|    obstacle_range_hi    | 4          |
|    obstacle_range_lo    | 2          |
|    success_rate         | 0.69       |
| rollout/                |            |
|    ep_len_mean          | 96.2       |
|    ep_rew_mean          | 33.1       |
| time/                   |            |
|    fps                  | 1057       |
|    iterations           | 120        |
|    time_elapsed         | 929        |
|    total_timesteps      | 983040     |
| train/                  |            |
|    approx_kl            | 0.04135467 |
|    clip_fraction        | 0.289      |
|    clip_range           | 0.2        |
|    entropy_loss         | -17.2      |
|    explained_variance   | 0.73       |
|    learning_rate        | 0.0003     |
|    loss                 | 16.1       |
|    n_updates            | 11410      |
|    policy_gradient_loss | -0.0602    |
|    std                  | 2.47       |
|    value_loss           | 59.5       |
----------------------------------------
-----------------------------------------
| manipularl/             |             |
|    collision_rate       | 0.27        |
|    grasp_curriculum     | 0.0725      |
|    grasp_failure_rate   | 0.734       |
|    insert_depth_mean    | 0           |
|    obstacle_range_hi    | 4           |
|    obstacle_range_lo    | 2           |
|    success_rate         | 0.69        |
| rollout/                |             |
|    ep_len_mean          | 77.3        |
|    ep_rew_mean          | 39.7        |
| time/                   |             |
|    fps                  | 1059        |
|    iterations           | 121         |
|    time_elapsed         | 935         |
|    total_timesteps      | 991232      |
| train/                  |             |
|    approx_kl            | 0.041382946 |
|    clip_fraction        | 0.29        |
|    clip_range           | 0.2         |
|    entropy_loss         | -17.2       |
|    explained_variance   | 0.816       |
|    learning_rate        | 0.0003      |
|    loss                 | 20.1        |
|    n_updates            | 11420       |
|    policy_gradient_loss | -0.0602     |
|    std                  | 2.46        |
|    value_loss           | 66.1        |
-----------------------------------------
-----------------------------------------
| manipularl/             |             |
|    collision_rate       | 0.22        |
|    grasp_curriculum     | 0.0702      |
|    grasp_failure_rate   | 0.787       |
|    insert_depth_mean    | 0           |
|    obstacle_range_hi    | 4           |
|    obstacle_range_lo    | 2           |
|    success_rate         | 0.74        |
| rollout/                |             |
|    ep_len_mean          | 86.9        |
|    ep_rew_mean          | 38.4        |
| time/                   |             |
|    fps                  | 1061        |
|    iterations           | 122         |
|    time_elapsed         | 941         |
|    total_timesteps      | 999424      |
| train/                  |             |
|    approx_kl            | 0.048773117 |
|    clip_fraction        | 0.308       |
|    clip_range           | 0.2         |
|    entropy_loss         | -17.2       |
|    explained_variance   | 0.84        |
|    learning_rate        | 0.0003      |
|    loss                 | 16.3        |
|    n_updates            | 11430       |
|    policy_gradient_loss | -0.0668     |
|    std                  | 2.47        |
|    value_loss           | 55.6        |
-----------------------------------------
Eval num_timesteps=1000000, episode_reward=43.25 +/- 39.77
Episode length: 75.25 +/- 73.19
-----------------------------------------
| eval/                   |             |
|    mean_ep_length       | 75.2        |
|    mean_reward          | 43.2        |
| manipularl/             |             |
|    collision_rate       | 0.22        |
|    grasp_curriculum     | 0.07        |
|    grasp_failure_rate   | 0.794       |
|    insert_depth_mean    | 0           |
|    obstacle_range_hi    | 4           |
|    obstacle_range_lo    | 2           |
|    success_rate         | 0.74        |
| time/                   |             |
|    total_timesteps      | 1000000     |
| train/                  |             |
|    approx_kl            | 0.036562447 |
|    clip_fraction        | 0.262       |
|    clip_range           | 0.2         |
|    entropy_loss         | -17.2       |
|    explained_variance   | 0.792       |
|    learning_rate        | 0.0003      |
|    loss                 | 17.5        |
|    n_updates            | 11440       |
|    policy_gradient_loss | -0.0567     |
|    std                  | 2.47        |
|    value_loss           | 69          |
-----------------------------------------
New best mean reward!
------------------------------------
| manipularl/           |          |
|    collision_rate     | 0.25     |
|    grasp_curriculum   | 0.0679   |
|    grasp_failure_rate | 0.716    |
|    insert_depth_mean  | 0        |
|    obstacle_range_hi  | 4        |
|    obstacle_range_lo  | 2        |
|    success_rate       | 0.72     |
| rollout/              |          |
|    ep_len_mean        | 71.3     |
|    ep_rew_mean        | 39.7     |
| time/                 |          |
|    fps                | 1058     |
|    iterations         | 123      |
|    time_elapsed       | 951      |
|    total_timesteps    | 1007616  |
------------------------------------
----------------------------------------
| manipularl/             |            |
|    collision_rate       | 0.26       |
|    grasp_curriculum     | 0.0656     |
|    grasp_failure_rate   | 0.756      |
|    insert_depth_mean    | 0          |
|    obstacle_range_hi    | 4          |
|    obstacle_range_lo    | 2          |
|    success_rate         | 0.68       |
| rollout/                |            |
|    ep_len_mean          | 91.5       |
|    ep_rew_mean          | 39.2       |
| time/                   |            |
|    fps                  | 1060       |
|    iterations           | 124        |
|    time_elapsed         | 957        |
|    total_timesteps      | 1015808    |
| train/                  |            |
|    approx_kl            | 0.04748864 |
|    clip_fraction        | 0.313      |
|    clip_range           | 0.2        |
|    entropy_loss         | -17.2      |
|    explained_variance   | 0.833      |
|    learning_rate        | 0.0003     |
|    loss                 | 14.5       |
|    n_updates            | 11450      |
|    policy_gradient_loss | -0.0645    |
|    std                  | 2.47       |
|    value_loss           | 55.4       |
----------------------------------------
----------------------------------------
| manipularl/             |            |
|    collision_rate       | 0.28       |
|    grasp_curriculum     | 0.0633     |
|    grasp_failure_rate   | 0.731      |
|    insert_depth_mean    | 0          |
|    obstacle_range_hi    | 4          |
|    obstacle_range_lo    | 2          |
|    success_rate         | 0.71       |
| rollout/                |            |
|    ep_len_mean          | 81         |
|    ep_rew_mean          | 36.9       |
| time/                   |            |
|    fps                  | 1062       |
|    iterations           | 125        |
|    time_elapsed         | 963        |
|    total_timesteps      | 1024000    |
| train/                  |            |
|    approx_kl            | 0.04698303 |
|    clip_fraction        | 0.315      |
|    clip_range           | 0.2        |
|    entropy_loss         | -17.2      |
|    explained_variance   | 0.842      |
|    learning_rate        | 0.0003     |
|    loss                 | 13.3       |
|    n_updates            | 11460      |
|    policy_gradient_loss | -0.0628    |
|    std                  | 2.47       |
|    value_loss           | 48.8       |
----------------------------------------
-----------------------------------------
| manipularl/             |             |
|    collision_rate       | 0.34        |
|    grasp_curriculum     | 0.061       |
|    grasp_failure_rate   | 0.711       |
|    insert_depth_mean    | 0           |
|    obstacle_range_hi    | 4           |
|    obstacle_range_lo    | 2           |
|    success_rate         | 0.65        |
| rollout/                |             |
|    ep_len_mean          | 87.9        |
|    ep_rew_mean          | 23.9        |
| time/                   |             |
|    fps                  | 1064        |
|    iterations           | 126         |
|    time_elapsed         | 969         |
|    total_timesteps      | 1032192     |
| train/                  |             |
|    approx_kl            | 0.044206116 |
|    clip_fraction        | 0.287       |
|    clip_range           | 0.2         |
|    entropy_loss         | -17.2       |
|    explained_variance   | 0.824       |
|    learning_rate        | 0.0003      |
|    loss                 | 15.9        |
|    n_updates            | 11470       |
|    policy_gradient_loss | -0.0589     |
|    std                  | 2.47        |
|    value_loss           | 58.1        |
-----------------------------------------
-----------------------------------------
| manipularl/             |             |
|    collision_rate       | 0.24        |
|    grasp_curriculum     | 0.0587      |
|    grasp_failure_rate   | 0.718       |
|    insert_depth_mean    | 0           |
|    obstacle_range_hi    | 4           |
|    obstacle_range_lo    | 2           |
|    success_rate         | 0.73        |
| rollout/                |             |
|    ep_len_mean          | 88.5        |
|    ep_rew_mean          | 32.2        |
| time/                   |             |
|    fps                  | 1065        |
|    iterations           | 127         |
|    time_elapsed         | 976         |
|    total_timesteps      | 1040384     |
| train/                  |             |
|    approx_kl            | 0.042961553 |
|    clip_fraction        | 0.299       |
|    clip_range           | 0.2         |
|    entropy_loss         | -17.2       |
|    explained_variance   | 0.833       |
|    learning_rate        | 0.0003      |
|    loss                 | 18.9        |
|    n_updates            | 11480       |
|    policy_gradient_loss | -0.0601     |
|    std                  | 2.47        |
|    value_loss           | 64.7        |
-----------------------------------------
-----------------------------------------
| manipularl/             |             |
|    collision_rate       | 0.23        |
|    grasp_curriculum     | 0.0564      |
|    grasp_failure_rate   | 0.667       |
|    insert_depth_mean    | 0           |
|    obstacle_range_hi    | 4           |
|    obstacle_range_lo    | 2           |
|    success_rate         | 0.77        |
| rollout/                |             |
|    ep_len_mean          | 80.6        |
|    ep_rew_mean          | 44.5        |
| time/                   |             |
|    fps                  | 1067        |
|    iterations           | 128         |
|    time_elapsed         | 982         |
|    total_timesteps      | 1048576     |
| train/                  |             |
|    approx_kl            | 0.043853674 |
|    clip_fraction        | 0.288       |
|    clip_range           | 0.2         |
|    entropy_loss         | -17.2       |
|    explained_variance   | 0.876       |
|    learning_rate        | 0.0003      |
|    loss                 | 15          |
|    n_updates            | 11490       |
|    policy_gradient_loss | -0.0643     |
|    std                  | 2.48        |
|    value_loss           | 59.3        |
-----------------------------------------
-----------------------------------------
| manipularl/             |             |
|    collision_rate       | 0.27        |
|    grasp_curriculum     | 0.0541      |
|    grasp_failure_rate   | 0.695       |
|    insert_depth_mean    | 0           |
|    obstacle_range_hi    | 4           |
|    obstacle_range_lo    | 2           |
|    success_rate         | 0.7         |
| rollout/                |             |
|    ep_len_mean          | 84.4        |
|    ep_rew_mean          | 39.9        |
| time/                   |             |
|    fps                  | 1069        |
|    iterations           | 129         |
|    time_elapsed         | 988         |
|    total_timesteps      | 1056768     |
| train/                  |             |
|    approx_kl            | 0.048279017 |
|    clip_fraction        | 0.322       |
|    clip_range           | 0.2         |
|    entropy_loss         | -17.1       |
|    explained_variance   | 0.815       |
|    learning_rate        | 0.0003      |
|    loss                 | 15.4        |
|    n_updates            | 11500       |
|    policy_gradient_loss | -0.0644     |
|    std                  | 2.47        |
|    value_loss           | 53.7        |
-----------------------------------------
-----------------------------------------
| manipularl/             |             |
|    collision_rate       | 0.29        |
|    grasp_curriculum     | 0.0518      |
|    grasp_failure_rate   | 0.708       |
|    insert_depth_mean    | 0           |
|    obstacle_range_hi    | 4           |
|    obstacle_range_lo    | 2           |
|    success_rate         | 0.68        |
| rollout/                |             |
|    ep_len_mean          | 98.2        |
|    ep_rew_mean          | 33.4        |
| time/                   |             |
|    fps                  | 1070        |
|    iterations           | 130         |
|    time_elapsed         | 994         |
|    total_timesteps      | 1064960     |
| train/                  |             |
|    approx_kl            | 0.047196794 |
|    clip_fraction        | 0.313       |
|    clip_range           | 0.2         |
|    entropy_loss         | -17.1       |
|    explained_variance   | 0.819       |
|    learning_rate        | 0.0003      |
|    loss                 | 14          |
|    n_updates            | 11510       |
|    policy_gradient_loss | -0.0677     |
|    std                  | 2.48        |
|    value_loss           | 51.7        |
-----------------------------------------
----------------------------------------
| manipularl/             |            |
|    collision_rate       | 0.24       |
|    grasp_curriculum     | 0.0495     |
|    grasp_failure_rate   | 0.708      |
|    insert_depth_mean    | 0          |
|    obstacle_range_hi    | 4          |
|    obstacle_range_lo    | 2          |
|    success_rate         | 0.73       |
| rollout/                |            |
|    ep_len_mean          | 84.5       |
|    ep_rew_mean          | 35.5       |
| time/                   |            |
|    fps                  | 1071       |
|    iterations           | 131        |
|    time_elapsed         | 1001       |
|    total_timesteps      | 1073152    |
| train/                  |            |
|    approx_kl            | 0.04683202 |
|    clip_fraction        | 0.294      |
|    clip_range           | 0.2        |
|    entropy_loss         | -17.1      |
|    explained_variance   | 0.845      |
|    learning_rate        | 0.0003     |
|    loss                 | 14.3       |
|    n_updates            | 11520      |
|    policy_gradient_loss | -0.0633    |
|    std                  | 2.48       |
|    value_loss           | 54.3       |
----------------------------------------
-----------------------------------------
| manipularl/             |             |
|    collision_rate       | 0.26        |
|    grasp_curriculum     | 0.0472      |
|    grasp_failure_rate   | 0.732       |
|    insert_depth_mean    | 0           |
|    obstacle_range_hi    | 4           |
|    obstacle_range_lo    | 2           |
|    success_rate         | 0.71        |
| rollout/                |             |
|    ep_len_mean          | 82.7        |
|    ep_rew_mean          | 41.5        |
| time/                   |             |
|    fps                  | 1073        |
|    iterations           | 132         |
|    time_elapsed         | 1007        |
|    total_timesteps      | 1081344     |
| train/                  |             |
|    approx_kl            | 0.055775613 |
|    clip_fraction        | 0.337       |
|    clip_range           | 0.2         |
|    entropy_loss         | -17.2       |
|    explained_variance   | 0.872       |
|    learning_rate        | 0.0003      |
|    loss                 | 12.8        |
|    n_updates            | 11530       |
|    policy_gradient_loss | -0.0638     |
|    std                  | 2.48        |
|    value_loss           | 49.3        |
-----------------------------------------
-----------------------------------------
| manipularl/             |             |
|    collision_rate       | 0.23        |
|    grasp_curriculum     | 0.0449      |
|    grasp_failure_rate   | 0.714       |
|    insert_depth_mean    | 0           |
|    obstacle_range_hi    | 4           |
|    obstacle_range_lo    | 2           |
|    success_rate         | 0.76        |
| rollout/                |             |
|    ep_len_mean          | 84.7        |
|    ep_rew_mean          | 37.9        |
| time/                   |             |
|    fps                  | 1074        |
|    iterations           | 133         |
|    time_elapsed         | 1013        |
|    total_timesteps      | 1089536     |
| train/                  |             |
|    approx_kl            | 0.042092837 |
|    clip_fraction        | 0.312       |
|    clip_range           | 0.2         |
|    entropy_loss         | -17.2       |
|    explained_variance   | 0.662       |
|    learning_rate        | 0.0003      |
|    loss                 | 23.6        |
|    n_updates            | 11540       |
|    policy_gradient_loss | -0.0633     |
|    std                  | 2.49        |
|    value_loss           | 76.9        |
-----------------------------------------
---------------------------------------
| manipularl/             |           |
|    collision_rate       | 0.18      |
|    grasp_curriculum     | 0.0426    |
|    grasp_failure_rate   | 0.71      |
|    insert_depth_mean    | 0         |
|    obstacle_range_hi    | 5         |
|    obstacle_range_lo    | 2         |
|    success_rate         | 0.78      |
| rollout/                |           |
|    ep_len_mean          | 77.9      |
|    ep_rew_mean          | 47.2      |
| time/                   |           |
|    fps                  | 1076      |
|    iterations           | 134       |
|    time_elapsed         | 1019      |
|    total_timesteps      | 1097728   |
| train/                  |           |
|    approx_kl            | 0.0429485 |
|    clip_fraction        | 0.29      |
|    clip_range           | 0.2       |
|    entropy_loss         | -17.2     |
|    explained_variance   | 0.818     |
|    learning_rate        | 0.0003    |
|    loss                 | 19.8      |
|    n_updates            | 11550     |
|    policy_gradient_loss | -0.0634   |
|    std                  | 2.48      |
|    value_loss           | 66.2      |
---------------------------------------
----------------------------------------
| manipularl/             |            |
|    collision_rate       | 0.21       |
|    grasp_curriculum     | 0.0403     |
|    grasp_failure_rate   | 0.681      |
|    insert_depth_mean    | 0          |
|    obstacle_range_hi    | 5          |
|    obstacle_range_lo    | 2          |
|    success_rate         | 0.75       |
| rollout/                |            |
|    ep_len_mean          | 87.1       |
|    ep_rew_mean          | 33.6       |
| time/                   |            |
|    fps                  | 1077       |
|    iterations           | 135        |
|    time_elapsed         | 1026       |
|    total_timesteps      | 1105920    |
| train/                  |            |
|    approx_kl            | 0.04851162 |
|    clip_fraction        | 0.295      |
|    clip_range           | 0.2        |
|    entropy_loss         | -17.2      |
|    explained_variance   | 0.844      |
|    learning_rate        | 0.0003     |
|    loss                 | 11.3       |
|    n_updates            | 11560      |
|    policy_gradient_loss | -0.0636    |
|    std                  | 2.49       |
|    value_loss           | 52.2       |
----------------------------------------
-----------------------------------------
| manipularl/             |             |
|    collision_rate       | 0.27        |
|    grasp_curriculum     | 0.038       |
|    grasp_failure_rate   | 0.721       |
|    insert_depth_mean    | 0           |
|    obstacle_range_hi    | 5           |
|    obstacle_range_lo    | 2           |
|    success_rate         | 0.7         |
| rollout/                |             |
|    ep_len_mean          | 101         |
|    ep_rew_mean          | 35.1        |
| time/                   |             |
|    fps                  | 1079        |
|    iterations           | 136         |
|    time_elapsed         | 1032        |
|    total_timesteps      | 1114112     |
| train/                  |             |
|    approx_kl            | 0.060266897 |
|    clip_fraction        | 0.344       |
|    clip_range           | 0.2         |
|    entropy_loss         | -17.1       |
|    explained_variance   | 0.851       |
|    learning_rate        | 0.0003      |
|    loss                 | 14.2        |
|    n_updates            | 11570       |
|    policy_gradient_loss | -0.0647     |
|    std                  | 2.49        |
|    value_loss           | 52.2        |
-----------------------------------------
-----------------------------------------
| manipularl/             |             |
|    collision_rate       | 0.18        |
|    grasp_curriculum     | 0.0358      |
|    grasp_failure_rate   | 0.703       |
|    insert_depth_mean    | 0           |
|    obstacle_range_hi    | 5           |
|    obstacle_range_lo    | 2           |
|    success_rate         | 0.81        |
| rollout/                |             |
|    ep_len_mean          | 81.9        |
|    ep_rew_mean          | 44.2        |
| time/                   |             |
|    fps                  | 1080        |
|    iterations           | 137         |
|    time_elapsed         | 1038        |
|    total_timesteps      | 1122304     |
| train/                  |             |
|    approx_kl            | 0.057380103 |
|    clip_fraction        | 0.322       |
|    clip_range           | 0.2         |
|    entropy_loss         | -17.1       |
|    explained_variance   | 0.77        |
|    learning_rate        | 0.0003      |
|    loss                 | 15.3        |
|    n_updates            | 11580       |
|    policy_gradient_loss | -0.0594     |
|    std                  | 2.49        |
|    value_loss           | 58.1        |
-----------------------------------------
----------------------------------------
| manipularl/             |            |
|    collision_rate       | 0.29       |
|    grasp_curriculum     | 0.0335     |
|    grasp_failure_rate   | 0.731      |
|    insert_depth_mean    | 0          |
|    obstacle_range_hi    | 5          |
|    obstacle_range_lo    | 2          |
|    success_rate         | 0.65       |
| rollout/                |            |
|    ep_len_mean          | 117        |
|    ep_rew_mean          | 33         |
| time/                   |            |
|    fps                  | 1081       |
|    iterations           | 138        |
|    time_elapsed         | 1045       |
|    total_timesteps      | 1130496    |
| train/                  |            |
|    approx_kl            | 0.07663234 |
|    clip_fraction        | 0.384      |
|    clip_range           | 0.2        |
|    entropy_loss         | -17.2      |
|    explained_variance   | 0.786      |
|    learning_rate        | 0.0003     |
|    loss                 | 15.4       |
|    n_updates            | 11590      |
|    policy_gradient_loss | -0.0667    |
|    std                  | 2.5        |
|    value_loss           | 49.2       |
----------------------------------------
----------------------------------------
| manipularl/             |            |
|    collision_rate       | 0.26       |
|    grasp_curriculum     | 0.0312     |
|    grasp_failure_rate   | 0.711      |
|    insert_depth_mean    | 0          |
|    obstacle_range_hi    | 5          |
|    obstacle_range_lo    | 2          |
|    success_rate         | 0.63       |
| rollout/                |            |
|    ep_len_mean          | 120        |
|    ep_rew_mean          | 29         |
| time/                   |            |
|    fps                  | 1082       |
|    iterations           | 139        |
|    time_elapsed         | 1052       |
|    total_timesteps      | 1138688    |
| train/                  |            |
|    approx_kl            | 0.07885089 |
|    clip_fraction        | 0.415      |
|    clip_range           | 0.2        |
|    entropy_loss         | -17.2      |
|    explained_variance   | 0.788      |
|    learning_rate        | 0.0003     |
|    loss                 | 10.2       |
|    n_updates            | 11600      |
|    policy_gradient_loss | -0.0618    |
|    std                  | 2.5        |
|    value_loss           | 34.9       |
----------------------------------------
----------------------------------------
| manipularl/             |            |
|    collision_rate       | 0.31       |
|    grasp_curriculum     | 0.0289     |
|    grasp_failure_rate   | 0.748      |
|    insert_depth_mean    | 0          |
|    obstacle_range_hi    | 5          |
|    obstacle_range_lo    | 2          |
|    success_rate         | 0.59       |
| rollout/                |            |
|    ep_len_mean          | 133        |
|    ep_rew_mean          | 19.2       |
| time/                   |            |
|    fps                  | 1083       |
|    iterations           | 140        |
|    time_elapsed         | 1058       |
|    total_timesteps      | 1146880    |
| train/                  |            |
|    approx_kl            | 0.06518771 |
|    clip_fraction        | 0.358      |
|    clip_range           | 0.2        |
|    entropy_loss         | -17.1      |
|    explained_variance   | 0.827      |
|    learning_rate        | 0.0003     |
|    loss                 | 9.54       |
|    n_updates            | 11610      |
|    policy_gradient_loss | -0.0568    |
|    std                  | 2.5        |
|    value_loss           | 40.2       |
----------------------------------------
----------------------------------------
| manipularl/             |            |
|    collision_rate       | 0.32       |
|    grasp_curriculum     | 0.0266     |
|    grasp_failure_rate   | 0.723      |
|    insert_depth_mean    | 0          |
|    obstacle_range_hi    | 5          |
|    obstacle_range_lo    | 2          |
|    success_rate         | 0.56       |
| rollout/                |            |
|    ep_len_mean          | 142        |
|    ep_rew_mean          | 21.3       |
| time/                   |            |
|    fps                  | 1084       |
|    iterations           | 141        |
|    time_elapsed         | 1064       |
|    total_timesteps      | 1155072    |
| train/                  |            |
|    approx_kl            | 0.07958116 |
|    clip_fraction        | 0.39       |
|    clip_range           | 0.2        |
|    entropy_loss         | -17.2      |
|    explained_variance   | 0.84       |
|    learning_rate        | 0.0003     |
|    loss                 | 8.09       |
|    n_updates            | 11620      |
|    policy_gradient_loss | -0.0605    |
|    std                  | 2.51       |
|    value_loss           | 32.3       |
----------------------------------------
-----------------------------------------
| manipularl/             |             |
|    collision_rate       | 0.3         |
|    grasp_curriculum     | 0.0243      |
|    grasp_failure_rate   | 0.724       |
|    insert_depth_mean    | 0           |
|    obstacle_range_hi    | 5           |
|    obstacle_range_lo    | 2           |
|    success_rate         | 0.59        |
| rollout/                |             |
|    ep_len_mean          | 148         |
|    ep_rew_mean          | 17.3        |
| time/                   |             |
|    fps                  | 1086        |
|    iterations           | 142         |
|    time_elapsed         | 1071        |
|    total_timesteps      | 1163264     |
| train/                  |             |
|    approx_kl            | 0.081663914 |
|    clip_fraction        | 0.424       |
|    clip_range           | 0.2         |
|    entropy_loss         | -17.2       |
|    explained_variance   | 0.864       |
|    learning_rate        | 0.0003      |
|    loss                 | 6.56        |
|    n_updates            | 11630       |
|    policy_gradient_loss | -0.0522     |
|    std                  | 2.52        |
|    value_loss           | 28.2        |
-----------------------------------------
-----------------------------------------
| manipularl/             |             |
|    collision_rate       | 0.32        |
|    grasp_curriculum     | 0.022       |
|    grasp_failure_rate   | 0.757       |
|    insert_depth_mean    | 0           |
|    obstacle_range_hi    | 5           |
|    obstacle_range_lo    | 2           |
|    success_rate         | 0.59        |
| rollout/                |             |
|    ep_len_mean          | 148         |
|    ep_rew_mean          | 17          |
| time/                   |             |
|    fps                  | 1087        |
|    iterations           | 143         |
|    time_elapsed         | 1077        |
|    total_timesteps      | 1171456     |
| train/                  |             |
|    approx_kl            | 0.069453105 |
|    clip_fraction        | 0.379       |
|    clip_range           | 0.2         |
|    entropy_loss         | -17.2       |
|    explained_variance   | 0.865       |
|    learning_rate        | 0.0003      |
|    loss                 | 9.21        |
|    n_updates            | 11640       |
|    policy_gradient_loss | -0.0592     |
|    std                  | 2.52        |
|    value_loss           | 37          |
-----------------------------------------
----------------------------------------
| manipularl/             |            |
|    collision_rate       | 0.38       |
|    grasp_curriculum     | 0.0197     |
|    grasp_failure_rate   | 0.77       |
|    insert_depth_mean    | 0          |
|    obstacle_range_hi    | 5          |
|    obstacle_range_lo    | 2          |
|    success_rate         | 0.55       |
| rollout/                |            |
|    ep_len_mean          | 157        |
|    ep_rew_mean          | 13.7       |
| time/                   |            |
|    fps                  | 1088       |
|    iterations           | 144        |
|    time_elapsed         | 1083       |
|    total_timesteps      | 1179648    |
| train/                  |            |
|    approx_kl            | 0.06316581 |
|    clip_fraction        | 0.378      |
|    clip_range           | 0.2        |
|    entropy_loss         | -17.2      |
|    explained_variance   | 0.872      |
|    learning_rate        | 0.0003     |
|    loss                 | 7.47       |
|    n_updates            | 11650      |
|    policy_gradient_loss | -0.0585    |
|    std                  | 2.52       |
|    value_loss           | 32.4       |
----------------------------------------
-----------------------------------------
| manipularl/             |             |
|    collision_rate       | 0.4         |
|    grasp_curriculum     | 0.0174      |
|    grasp_failure_rate   | 0.745       |
|    insert_depth_mean    | 0           |
|    obstacle_range_hi    | 5           |
|    obstacle_range_lo    | 2           |
|    success_rate         | 0.55        |
| rollout/                |             |
|    ep_len_mean          | 151         |
|    ep_rew_mean          | 11          |
| time/                   |             |
|    fps                  | 1089        |
|    iterations           | 145         |
|    time_elapsed         | 1089        |
|    total_timesteps      | 1187840     |
| train/                  |             |
|    approx_kl            | 0.057845272 |
|    clip_fraction        | 0.367       |
|    clip_range           | 0.2         |
|    entropy_loss         | -17.2       |
|    explained_variance   | 0.877       |
|    learning_rate        | 0.0003      |
|    loss                 | 7.81        |
|    n_updates            | 11660       |
|    policy_gradient_loss | -0.0622     |
|    std                  | 2.53        |
|    value_loss           | 34.1        |
-----------------------------------------
----------------------------------------
| manipularl/             |            |
|    collision_rate       | 0.32       |
|    grasp_curriculum     | 0.0151     |
|    grasp_failure_rate   | 0.712      |
|    insert_depth_mean    | 0          |
|    obstacle_range_hi    | 5          |
|    obstacle_range_lo    | 2          |
|    success_rate         | 0.61       |
| rollout/                |            |
|    ep_len_mean          | 126        |
|    ep_rew_mean          | 20.8       |
| time/                   |            |
|    fps                  | 1090       |
|    iterations           | 146        |
|    time_elapsed         | 1096       |
|    total_timesteps      | 1196032    |
| train/                  |            |
|    approx_kl            | 0.05235581 |
|    clip_fraction        | 0.351      |
|    clip_range           | 0.2        |
|    entropy_loss         | -17.2      |
|    explained_variance   | 0.837      |
|    learning_rate        | 0.0003     |
|    loss                 | 14.2       |
|    n_updates            | 11670      |
|    policy_gradient_loss | -0.0568    |
|    std                  | 2.54       |
|    value_loss           | 49.5       |
----------------------------------------
----------------------------------------
| manipularl/             |            |
|    collision_rate       | 0.33       |
|    grasp_curriculum     | 0.0128     |
|    grasp_failure_rate   | 0.746      |
|    insert_depth_mean    | 0          |
|    obstacle_range_hi    | 5          |
|    obstacle_range_lo    | 2          |
|    success_rate         | 0.61       |
| rollout/                |            |
|    ep_len_mean          | 113        |
|    ep_rew_mean          | 24.5       |
| time/                   |            |
|    fps                  | 1092       |
|    iterations           | 147        |
|    time_elapsed         | 1102       |
|    total_timesteps      | 1204224    |
| train/                  |            |
|    approx_kl            | 0.06146857 |
|    clip_fraction        | 0.364      |
|    clip_range           | 0.2        |
|    entropy_loss         | -17.2      |
|    explained_variance   | 0.892      |
|    learning_rate        | 0.0003     |
|    loss                 | 10         |
|    n_updates            | 11680      |
|    policy_gradient_loss | -0.063     |
|    std                  | 2.54       |
|    value_loss           | 37.5       |
----------------------------------------
-----------------------------------------
| manipularl/             |             |
|    collision_rate       | 0.29        |
|    grasp_curriculum     | 0.0105      |
|    grasp_failure_rate   | 0.729       |
|    insert_depth_mean    | 0           |
|    obstacle_range_hi    | 5           |
|    obstacle_range_lo    | 2           |
|    success_rate         | 0.64        |
| rollout/                |             |
|    ep_len_mean          | 119         |
|    ep_rew_mean          | 23.5        |
| time/                   |             |
|    fps                  | 1093        |
|    iterations           | 148         |
|    time_elapsed         | 1109        |
|    total_timesteps      | 1212416     |
| train/                  |             |
|    approx_kl            | 0.053331304 |
|    clip_fraction        | 0.317       |
|    clip_range           | 0.2         |
|    entropy_loss         | -17.2       |
|    explained_variance   | 0.887       |
|    learning_rate        | 0.0003      |
|    loss                 | 7.06        |
|    n_updates            | 11690       |
|    policy_gradient_loss | -0.0628     |
|    std                  | 2.54        |
|    value_loss           | 30.5        |
-----------------------------------------
----------------------------------------
| manipularl/             |            |
|    collision_rate       | 0.32       |
|    grasp_curriculum     | 0.00823    |
|    grasp_failure_rate   | 0.704      |
|    insert_depth_mean    | 0          |
|    obstacle_range_hi    | 5          |
|    obstacle_range_lo    | 2          |
|    success_rate         | 0.57       |
| rollout/                |            |
|    ep_len_mean          | 139        |
|    ep_rew_mean          | 14.7       |
| time/                   |            |
|    fps                  | 1094       |
|    iterations           | 149        |
|    time_elapsed         | 1115       |
|    total_timesteps      | 1220608    |
| train/                  |            |
|    approx_kl            | 0.07397318 |
|    clip_fraction        | 0.365      |
|    clip_range           | 0.2        |
|    entropy_loss         | -17.2      |
|    explained_variance   | 0.881      |
|    learning_rate        | 0.0003     |
|    loss                 | 9.73       |
|    n_updates            | 11700      |
|    policy_gradient_loss | -0.0513    |
|    std                  | 2.54       |
|    value_loss           | 37.4       |
----------------------------------------
-----------------------------------------
| manipularl/             |             |
|    collision_rate       | 0.37        |
|    grasp_curriculum     | 0.00594     |
|    grasp_failure_rate   | 0.738       |
|    insert_depth_mean    | 0           |
|    obstacle_range_hi    | 5           |
|    obstacle_range_lo    | 2           |
|    success_rate         | 0.56        |
| rollout/                |             |
|    ep_len_mean          | 131         |
|    ep_rew_mean          | 23.1        |
| time/                   |             |
|    fps                  | 1095        |
|    iterations           | 150         |
|    time_elapsed         | 1121        |
|    total_timesteps      | 1228800     |
| train/                  |             |
|    approx_kl            | 0.054902487 |
|    clip_fraction        | 0.386       |
|    clip_range           | 0.2         |
|    entropy_loss         | -17.2       |
|    explained_variance   | 0.829       |
|    learning_rate        | 0.0003      |
|    loss                 | 11.6        |
|    n_updates            | 11710       |
|    policy_gradient_loss | -0.0486     |
|    std                  | 2.55        |
|    value_loss           | 46.6        |
-----------------------------------------
-----------------------------------------
| manipularl/             |             |
|    collision_rate       | 0.24        |
|    grasp_curriculum     | 0.00364     |
|    grasp_failure_rate   | 0.697       |
|    insert_depth_mean    | 0           |
|    obstacle_range_hi    | 5           |
|    obstacle_range_lo    | 2           |
|    success_rate         | 0.67        |
| rollout/                |             |
|    ep_len_mean          | 120         |
|    ep_rew_mean          | 36          |
| time/                   |             |
|    fps                  | 1096        |
|    iterations           | 151         |
|    time_elapsed         | 1127        |
|    total_timesteps      | 1236992     |
| train/                  |             |
|    approx_kl            | 0.061863855 |
|    clip_fraction        | 0.377       |
|    clip_range           | 0.2         |
|    entropy_loss         | -17.2       |
|    explained_variance   | 0.829       |
|    learning_rate        | 0.0003      |
|    loss                 | 13.2        |
|    n_updates            | 11720       |
|    policy_gradient_loss | -0.0633     |
|    std                  | 2.55        |
|    value_loss           | 40.9        |
-----------------------------------------
-----------------------------------------
| manipularl/             |             |
|    collision_rate       | 0.3         |
|    grasp_curriculum     | 0.00135     |
|    grasp_failure_rate   | 0.689       |
|    insert_depth_mean    | 0           |
|    obstacle_range_hi    | 5           |
|    obstacle_range_lo    | 2           |
|    success_rate         | 0.6         |
| rollout/                |             |
|    ep_len_mean          | 134         |
|    ep_rew_mean          | 24.5        |
| time/                   |             |
|    fps                  | 1097        |
|    iterations           | 152         |
|    time_elapsed         | 1134        |
|    total_timesteps      | 1245184     |
| train/                  |             |
|    approx_kl            | 0.055319734 |
|    clip_fraction        | 0.354       |
|    clip_range           | 0.2         |
|    entropy_loss         | -17.2       |
|    explained_variance   | 0.837       |
|    learning_rate        | 0.0003      |
|    loss                 | 9.81        |
|    n_updates            | 11730       |
|    policy_gradient_loss | -0.0653     |
|    std                  | 2.56        |
|    value_loss           | 39.2        |
-----------------------------------------
Eval num_timesteps=1250000, episode_reward=-13.71 +/- 140.28
Episode length: 159.65 +/- 140.31
----------------------------------------
| eval/                   |            |
|    mean_ep_length       | 160        |
|    mean_reward          | -13.7      |
| manipularl/             |            |
|    collision_rate       | 0.28       |
|    grasp_curriculum     | 4.48e-06   |
|    grasp_failure_rate   | 0.716      |
|    insert_depth_mean    | 0          |
|    obstacle_range_hi    | 5          |
|    obstacle_range_lo    | 2          |
|    success_rate         | 0.62       |
| time/                   |            |
|    total_timesteps      | 1250000    |
| train/                  |            |
|    approx_kl            | 0.03935552 |
|    clip_fraction        | 0.28       |
|    clip_range           | 0.2        |
|    entropy_loss         | -17.2      |
|    explained_variance   | 0.786      |
|    learning_rate        | 0.0003     |
|    loss                 | 14         |
|    n_updates            | 11740      |
|    policy_gradient_loss | -0.0544    |
|    std                  | 2.57       |
|    value_loss           | 47.5       |
----------------------------------------
------------------------------------
| manipularl/           |          |
|    collision_rate     | 0.29     |
|    grasp_curriculum   | 0        |
|    grasp_failure_rate | 0.756    |
|    insert_depth_mean  | 0        |
|    obstacle_range_hi  | 5        |
|    obstacle_range_lo  | 2        |
|    success_rate       | 0.58     |
| rollout/              |          |
|    ep_len_mean        | 132      |
|    ep_rew_mean        | 23.2     |
| time/                 |          |
|    fps                | 1093     |
|    iterations         | 153      |
|    time_elapsed       | 1146     |
|    total_timesteps    | 1253376  |
------------------------------------
-----------------------------------------
| manipularl/             |             |
|    collision_rate       | 0.31        |
|    grasp_curriculum     | 0           |
|    grasp_failure_rate   | 0.776       |
|    insert_depth_mean    | 0           |
|    obstacle_range_hi    | 5           |
|    obstacle_range_lo    | 2           |
|    success_rate         | 0.59        |
| rollout/                |             |
|    ep_len_mean          | 131         |
|    ep_rew_mean          | 24.2        |
| time/                   |             |
|    fps                  | 1093        |
|    iterations           | 154         |
|    time_elapsed         | 1153        |
|    total_timesteps      | 1261568     |
| train/                  |             |
|    approx_kl            | 0.055386536 |
|    clip_fraction        | 0.321       |
|    clip_range           | 0.2         |
|    entropy_loss         | -17.2       |
|    explained_variance   | 0.813       |
|    learning_rate        | 0.0003      |
|    loss                 | 11.8        |
|    n_updates            | 11750       |
|    policy_gradient_loss | -0.063      |
|    std                  | 2.57        |
|    value_loss           | 44.7        |
-----------------------------------------
-----------------------------------------
| manipularl/             |             |
|    collision_rate       | 0.33        |
|    grasp_curriculum     | 0           |
|    grasp_failure_rate   | 0.76        |
|    insert_depth_mean    | 0           |
|    obstacle_range_hi    | 5           |
|    obstacle_range_lo    | 2           |
|    success_rate         | 0.6         |
| rollout/                |             |
|    ep_len_mean          | 128         |
|    ep_rew_mean          | 22.5        |
| time/                   |             |
|    fps                  | 1094        |
|    iterations           | 155         |
|    time_elapsed         | 1160        |
|    total_timesteps      | 1269760     |
| train/                  |             |
|    approx_kl            | 0.050935663 |
|    clip_fraction        | 0.32        |
|    clip_range           | 0.2         |
|    entropy_loss         | -17.3       |
|    explained_variance   | 0.82        |
|    learning_rate        | 0.0003      |
|    loss                 | 15.2        |
|    n_updates            | 11760       |
|    policy_gradient_loss | -0.0665     |
|    std                  | 2.57        |
|    value_loss           | 51.7        |
-----------------------------------------
----------------------------------------
| manipularl/             |            |
|    collision_rate       | 0.37       |
|    grasp_curriculum     | 0          |
|    grasp_failure_rate   | 0.758      |
|    insert_depth_mean    | 0          |
|    obstacle_range_hi    | 5          |
|    obstacle_range_lo    | 2          |
|    success_rate         | 0.59       |
| rollout/                |            |
|    ep_len_mean          | 124        |
|    ep_rew_mean          | 14.8       |
| time/                   |            |
|    fps                  | 1094       |
|    iterations           | 156        |
|    time_elapsed         | 1167       |
|    total_timesteps      | 1277952    |
| train/                  |            |
|    approx_kl            | 0.04277174 |
|    clip_fraction        | 0.279      |
|    clip_range           | 0.2        |
|    entropy_loss         | -17.3      |
|    explained_variance   | 0.849      |
|    learning_rate        | 0.0003     |
|    loss                 | 11.9       |
|    n_updates            | 11770      |
|    policy_gradient_loss | -0.0573    |
|    std                  | 2.58       |
|    value_loss           | 47.8       |
----------------------------------------
-----------------------------------------
| manipularl/             |             |
|    collision_rate       | 0.26        |
|    grasp_curriculum     | 0           |
|    grasp_failure_rate   | 0.738       |
|    insert_depth_mean    | 0           |
|    obstacle_range_hi    | 5           |
|    obstacle_range_lo    | 2           |
|    success_rate         | 0.69        |
| rollout/                |             |
|    ep_len_mean          | 112         |
|    ep_rew_mean          | 24.3        |
| time/                   |             |
|    fps                  | 1094        |
|    iterations           | 157         |
|    time_elapsed         | 1174        |
|    total_timesteps      | 1286144     |
| train/                  |             |
|    approx_kl            | 0.060377188 |
|    clip_fraction        | 0.319       |
|    clip_range           | 0.2         |
|    entropy_loss         | -17.3       |
|    explained_variance   | 0.872       |
|    learning_rate        | 0.0003      |
|    loss                 | 11.7        |
|    n_updates            | 11780       |
|    policy_gradient_loss | -0.058      |
|    std                  | 2.58        |
|    value_loss           | 43.2        |
-----------------------------------------
-----------------------------------------
| manipularl/             |             |
|    collision_rate       | 0.32        |
|    grasp_curriculum     | 0           |
|    grasp_failure_rate   | 0.716       |
|    insert_depth_mean    | 0           |
|    obstacle_range_hi    | 5           |
|    obstacle_range_lo    | 2           |
|    success_rate         | 0.65        |
| rollout/                |             |
|    ep_len_mean          | 125         |
|    ep_rew_mean          | 13.7        |
| time/                   |             |
|    fps                  | 1095        |
|    iterations           | 158         |
|    time_elapsed         | 1181        |
|    total_timesteps      | 1294336     |
| train/                  |             |
|    approx_kl            | 0.044576548 |
|    clip_fraction        | 0.305       |
|    clip_range           | 0.2         |
|    entropy_loss         | -17.3       |
|    explained_variance   | 0.876       |
|    learning_rate        | 0.0003      |
|    loss                 | 12.4        |
|    n_updates            | 11790       |
|    policy_gradient_loss | -0.0552     |
|    std                  | 2.58        |
|    value_loss           | 52.5        |
-----------------------------------------
-----------------------------------------
| manipularl/             |             |
|    collision_rate       | 0.37        |
|    grasp_curriculum     | 0           |
|    grasp_failure_rate   | 0.758       |
|    insert_depth_mean    | 0           |
|    obstacle_range_hi    | 5           |
|    obstacle_range_lo    | 2           |
|    success_rate         | 0.62        |
| rollout/                |             |
|    ep_len_mean          | 135         |
|    ep_rew_mean          | 2.42        |
| time/                   |             |
|    fps                  | 1095        |
|    iterations           | 159         |
|    time_elapsed         | 1189        |
|    total_timesteps      | 1302528     |
| train/                  |             |
|    approx_kl            | 0.037025776 |
|    clip_fraction        | 0.25        |
|    clip_range           | 0.2         |
|    entropy_loss         | -17.3       |
|    explained_variance   | 0.886       |
|    learning_rate        | 0.0003      |
|    loss                 | 16.2        |
|    n_updates            | 11800       |
|    policy_gradient_loss | -0.0535     |
|    std                  | 2.59        |
|    value_loss           | 56.3        |
-----------------------------------------
-----------------------------------------
| manipularl/             |             |
|    collision_rate       | 0.36        |
|    grasp_curriculum     | 0           |
|    grasp_failure_rate   | 0.771       |
|    insert_depth_mean    | 0           |
|    obstacle_range_hi    | 5           |
|    obstacle_range_lo    | 2           |
|    success_rate         | 0.61        |
| rollout/                |             |
|    ep_len_mean          | 98.1        |
|    ep_rew_mean          | 17.2        |
| time/                   |             |
|    fps                  | 1095        |
|    iterations           | 160         |
|    time_elapsed         | 1196        |
|    total_timesteps      | 1310720     |
| train/                  |             |
|    approx_kl            | 0.042652342 |
|    clip_fraction        | 0.28        |
|    clip_range           | 0.2         |
|    entropy_loss         | -17.3       |
|    explained_variance   | 0.886       |
|    learning_rate        | 0.0003      |
|    loss                 | 12.6        |
|    n_updates            | 11810       |
|    policy_gradient_loss | -0.0539     |
|    std                  | 2.6         |
|    value_loss           | 50.9        |
-----------------------------------------
-----------------------------------------
| manipularl/             |             |
|    collision_rate       | 0.31        |
|    grasp_curriculum     | 0           |
|    grasp_failure_rate   | 0.767       |
|    insert_depth_mean    | 0           |
|    obstacle_range_hi    | 5           |
|    obstacle_range_lo    | 2           |
|    success_rate         | 0.67        |
| rollout/                |             |
|    ep_len_mean          | 96.3        |
|    ep_rew_mean          | 22.9        |
| time/                   |             |
|    fps                  | 1095        |
|    iterations           | 161         |
|    time_elapsed         | 1203        |
|    total_timesteps      | 1318912     |
| train/                  |             |
|    approx_kl            | 0.042328097 |
|    clip_fraction        | 0.294       |
|    clip_range           | 0.2         |
|    entropy_loss         | -17.3       |
|    explained_variance   | 0.9         |
|    learning_rate        | 0.0003      |
|    loss                 | 15.1        |
|    n_updates            | 11820       |
|    policy_gradient_loss | -0.0508     |
|    std                  | 2.6         |
|    value_loss           | 58.3        |
-----------------------------------------
-----------------------------------------
| manipularl/             |             |
|    collision_rate       | 0.4         |
|    grasp_curriculum     | 0           |
|    grasp_failure_rate   | 0.765       |
|    insert_depth_mean    | 0           |
|    obstacle_range_hi    | 5           |
|    obstacle_range_lo    | 2           |
|    success_rate         | 0.56        |
| rollout/                |             |
|    ep_len_mean          | 112         |
|    ep_rew_mean          | 18.2        |
| time/                   |             |
|    fps                  | 1096        |
|    iterations           | 162         |
|    time_elapsed         | 1210        |
|    total_timesteps      | 1327104     |
| train/                  |             |
|    approx_kl            | 0.059194647 |
|    clip_fraction        | 0.349       |
|    clip_range           | 0.2         |
|    entropy_loss         | -17.3       |
|    explained_variance   | 0.923       |
|    learning_rate        | 0.0003      |
|    loss                 | 13.5        |
|    n_updates            | 11830       |
|    policy_gradient_loss | -0.0637     |
|    std                  | 2.6         |
|    value_loss           | 38.3        |
-----------------------------------------
-----------------------------------------
| manipularl/             |             |
|    collision_rate       | 0.28        |
|    grasp_curriculum     | 0           |
|    grasp_failure_rate   | 0.741       |
|    insert_depth_mean    | 0           |
|    obstacle_range_hi    | 5           |
|    obstacle_range_lo    | 2           |
|    success_rate         | 0.68        |
| rollout/                |             |
|    ep_len_mean          | 101         |
|    ep_rew_mean          | 30          |
| time/                   |             |
|    fps                  | 1096        |
|    iterations           | 163         |
|    time_elapsed         | 1217        |
|    total_timesteps      | 1335296     |
| train/                  |             |
|    approx_kl            | 0.049901266 |
|    clip_fraction        | 0.328       |
|    clip_range           | 0.2         |
|    entropy_loss         | -17.3       |
|    explained_variance   | 0.886       |
|    learning_rate        | 0.0003      |
|    loss                 | 17.6        |
|    n_updates            | 11840       |
|    policy_gradient_loss | -0.0608     |
|    std                  | 2.61        |
|    value_loss           | 56.2        |
-----------------------------------------
-----------------------------------------
| manipularl/             |             |
|    collision_rate       | 0.33        |
|    grasp_curriculum     | 0           |
|    grasp_failure_rate   | 0.741       |
|    insert_depth_mean    | 0           |
|    obstacle_range_hi    | 5           |
|    obstacle_range_lo    | 2           |
|    success_rate         | 0.62        |
| rollout/                |             |
|    ep_len_mean          | 121         |
|    ep_rew_mean          | 20.8        |
| time/                   |             |
|    fps                  | 1096        |
|    iterations           | 164         |
|    time_elapsed         | 1224        |
|    total_timesteps      | 1343488     |
| train/                  |             |
|    approx_kl            | 0.056719754 |
|    clip_fraction        | 0.343       |
|    clip_range           | 0.2         |
|    entropy_loss         | -17.3       |
|    explained_variance   | 0.873       |
|    learning_rate        | 0.0003      |
|    loss                 | 18.8        |
|    n_updates            | 11850       |
|    policy_gradient_loss | -0.0601     |
|    std                  | 2.61        |
|    value_loss           | 55.4        |
-----------------------------------------
-----------------------------------------
| manipularl/             |             |
|    collision_rate       | 0.36        |
|    grasp_curriculum     | 0           |
|    grasp_failure_rate   | 0.745       |
|    insert_depth_mean    | 0           |
|    obstacle_range_hi    | 5           |
|    obstacle_range_lo    | 2           |
|    success_rate         | 0.6         |
| rollout/                |             |
|    ep_len_mean          | 126         |
|    ep_rew_mean          | 6.96        |
| time/                   |             |
|    fps                  | 1097        |
|    iterations           | 165         |
|    time_elapsed         | 1231        |
|    total_timesteps      | 1351680     |
| train/                  |             |
|    approx_kl            | 0.042775888 |
|    clip_fraction        | 0.283       |
|    clip_range           | 0.2         |
|    entropy_loss         | -17.3       |
|    explained_variance   | 0.87        |
|    learning_rate        | 0.0003      |
|    loss                 | 18.5        |
|    n_updates            | 11860       |
|    policy_gradient_loss | -0.0463     |
|    std                  | 2.62        |
|    value_loss           | 61          |
-----------------------------------------
-----------------------------------------
| manipularl/             |             |
|    collision_rate       | 0.28        |
|    grasp_curriculum     | 0           |
|    grasp_failure_rate   | 0.736       |
|    insert_depth_mean    | 0           |
|    obstacle_range_hi    | 5           |
|    obstacle_range_lo    | 2           |
|    success_rate         | 0.67        |
| rollout/                |             |
|    ep_len_mean          | 110         |
|    ep_rew_mean          | 22.8        |
| time/                   |             |
|    fps                  | 1097        |
|    iterations           | 166         |
|    time_elapsed         | 1238        |
|    total_timesteps      | 1359872     |
| train/                  |             |
|    approx_kl            | 0.054255396 |
|    clip_fraction        | 0.315       |
|    clip_range           | 0.2         |
|    entropy_loss         | -17.3       |
|    explained_variance   | 0.911       |
|    learning_rate        | 0.0003      |
|    loss                 | 12.1        |
|    n_updates            | 11870       |
|    policy_gradient_loss | -0.0612     |
|    std                  | 2.62        |
|    value_loss           | 46.6        |
-----------------------------------------
-----------------------------------------
| manipularl/             |             |
|    collision_rate       | 0.24        |
|    grasp_curriculum     | 0           |
|    grasp_failure_rate   | 0.717       |
|    insert_depth_mean    | 0           |
|    obstacle_range_hi    | 5           |
|    obstacle_range_lo    | 2           |
|    success_rate         | 0.74        |
| rollout/                |             |
|    ep_len_mean          | 92.9        |
|    ep_rew_mean          | 31.7        |
| time/                   |             |
|    fps                  | 1098        |
|    iterations           | 167         |
|    time_elapsed         | 1245        |
|    total_timesteps      | 1368064     |
| train/                  |             |
|    approx_kl            | 0.074173406 |
|    clip_fraction        | 0.395       |
|    clip_range           | 0.2         |
|    entropy_loss         | -17.3       |
|    explained_variance   | 0.927       |
|    learning_rate        | 0.0003      |
|    loss                 | 9.93        |
|    n_updates            | 11880       |
|    policy_gradient_loss | -0.0656     |
|    std                  | 2.62        |
|    value_loss           | 37.1        |
-----------------------------------------
-----------------------------------------
| manipularl/             |             |
|    collision_rate       | 0.28        |
|    grasp_curriculum     | 0           |
|    grasp_failure_rate   | 0.747       |
|    insert_depth_mean    | 0           |
|    obstacle_range_hi    | 5           |
|    obstacle_range_lo    | 2           |
|    success_rate         | 0.69        |
| rollout/                |             |
|    ep_len_mean          | 113         |
|    ep_rew_mean          | 21.3        |
| time/                   |             |
|    fps                  | 1097        |
|    iterations           | 168         |
|    time_elapsed         | 1253        |
|    total_timesteps      | 1376256     |
| train/                  |             |
|    approx_kl            | 0.046300426 |
|    clip_fraction        | 0.319       |
|    clip_range           | 0.2         |
|    entropy_loss         | -17.4       |
|    explained_variance   | 0.898       |
|    learning_rate        | 0.0003      |
|    loss                 | 18.7        |
|    n_updates            | 11890       |
|    policy_gradient_loss | -0.0613     |
|    std                  | 2.62        |
|    value_loss           | 63.9        |
-----------------------------------------
----------------------------------------
| manipularl/             |            |
|    collision_rate       | 0.23       |
|    grasp_curriculum     | 0          |
|    grasp_failure_rate   | 0.747      |
|    insert_depth_mean    | 0          |
|    obstacle_range_hi    | 5          |
|    obstacle_range_lo    | 2          |
|    success_rate         | 0.74       |
| rollout/                |            |
|    ep_len_mean          | 110        |
|    ep_rew_mean          | 35.8       |
| time/                   |            |
|    fps                  | 1098       |
|    iterations           | 169        |
|    time_elapsed         | 1260       |
|    total_timesteps      | 1384448    |
| train/                  |            |
|    approx_kl            | 0.05373979 |
|    clip_fraction        | 0.337      |
|    clip_range           | 0.2        |
|    entropy_loss         | -17.3      |
|    explained_variance   | 0.882      |
|    learning_rate        | 0.0003     |
|    loss                 | 18.3       |
|    n_updates            | 11900      |
|    policy_gradient_loss | -0.0625    |
|    std                  | 2.62       |
|    value_loss           | 61.2       |
----------------------------------------
----------------------------------------
| manipularl/             |            |
|    collision_rate       | 0.25       |
|    grasp_curriculum     | 0          |
|    grasp_failure_rate   | 0.75       |
|    insert_depth_mean    | 0          |
|    obstacle_range_hi    | 5          |
|    obstacle_range_lo    | 2          |
|    success_rate         | 0.67       |
| rollout/                |            |
|    ep_len_mean          | 130        |
|    ep_rew_mean          | 29.6       |
| time/                   |            |
|    fps                  | 1099       |
|    iterations           | 170        |
|    time_elapsed         | 1266       |
|    total_timesteps      | 1392640    |
| train/                  |            |
|    approx_kl            | 0.06551916 |
|    clip_fraction        | 0.355      |
|    clip_range           | 0.2        |
|    entropy_loss         | -17.4      |
|    explained_variance   | 0.865      |
|    learning_rate        | 0.0003     |
|    loss                 | 13.2       |
|    n_updates            | 11910      |
|    policy_gradient_loss | -0.0675    |
|    std                  | 2.63       |
|    value_loss           | 44.5       |
----------------------------------------
----------------------------------------
| manipularl/             |            |
|    collision_rate       | 0.11       |
|    grasp_curriculum     | 0          |
|    grasp_failure_rate   | 0.74       |
|    insert_depth_mean    | 0          |
|    obstacle_range_hi    | 5          |
|    obstacle_range_lo    | 2          |
|    success_rate         | 0.8        |
| rollout/                |            |
|    ep_len_mean          | 113        |
|    ep_rew_mean          | 38.5       |
| time/                   |            |
|    fps                  | 1100       |
|    iterations           | 171        |
|    time_elapsed         | 1273       |
|    total_timesteps      | 1400832    |
| train/                  |            |
|    approx_kl            | 0.05399938 |
|    clip_fraction        | 0.325      |
|    clip_range           | 0.2        |
|    entropy_loss         | -17.4      |
|    explained_variance   | 0.87       |
|    learning_rate        | 0.0003     |
|    loss                 | 10.4       |
|    n_updates            | 11920      |
|    policy_gradient_loss | -0.0639    |
|    std                  | 2.64       |
|    value_loss           | 44.8       |
----------------------------------------
-----------------------------------------
| manipularl/             |             |
|    collision_rate       | 0.2         |
|    grasp_curriculum     | 0           |
|    grasp_failure_rate   | 0.794       |
|    insert_depth_mean    | 0           |
|    obstacle_range_hi    | 5           |
|    obstacle_range_lo    | 2           |
|    success_rate         | 0.69        |
| rollout/                |             |
|    ep_len_mean          | 144         |
|    ep_rew_mean          | 21.7        |
| time/                   |             |
|    fps                  | 1100        |
|    iterations           | 172         |
|    time_elapsed         | 1280        |
|    total_timesteps      | 1409024     |
| train/                  |             |
|    approx_kl            | 0.057163112 |
|    clip_fraction        | 0.335       |
|    clip_range           | 0.2         |
|    entropy_loss         | -17.4       |
|    explained_variance   | 0.908       |
|    learning_rate        | 0.0003      |
|    loss                 | 10.1        |
|    n_updates            | 11930       |
|    policy_gradient_loss | -0.058      |
|    std                  | 2.64        |
|    value_loss           | 37.9        |
-----------------------------------------
----------------------------------------
| manipularl/             |            |
|    collision_rate       | 0.22       |
|    grasp_curriculum     | 0          |
|    grasp_failure_rate   | 0.755      |
|    insert_depth_mean    | 0          |
|    obstacle_range_hi    | 5          |
|    obstacle_range_lo    | 2          |
|    success_rate         | 0.67       |
| rollout/                |            |
|    ep_len_mean          | 133        |
|    ep_rew_mean          | 32         |
| time/                   |            |
|    fps                  | 1101       |
|    iterations           | 173        |
|    time_elapsed         | 1287       |
|    total_timesteps      | 1417216    |
| train/                  |            |
|    approx_kl            | 0.07898099 |
|    clip_fraction        | 0.391      |
|    clip_range           | 0.2        |
|    entropy_loss         | -17.4      |
|    explained_variance   | 0.938      |
|    learning_rate        | 0.0003     |
|    loss                 | 4.29       |
|    n_updates            | 11940      |
|    policy_gradient_loss | -0.0658    |
|    std                  | 2.64       |
|    value_loss           | 19.9       |
----------------------------------------
----------------------------------------
| manipularl/             |            |
|    collision_rate       | 0.2        |
|    grasp_curriculum     | 0          |
|    grasp_failure_rate   | 0.715      |
|    insert_depth_mean    | 0          |
|    obstacle_range_hi    | 5          |
|    obstacle_range_lo    | 2          |
|    success_rate         | 0.69       |
| rollout/                |            |
|    ep_len_mean          | 116        |
|    ep_rew_mean          | 36.3       |
| time/                   |            |
|    fps                  | 1100       |
|    iterations           | 174        |
|    time_elapsed         | 1295       |
|    total_timesteps      | 1425408    |
| train/                  |            |
|    approx_kl            | 0.07035741 |
|    clip_fraction        | 0.402      |
|    clip_range           | 0.2        |
|    entropy_loss         | -17.4      |
|    explained_variance   | 0.916      |
|    learning_rate        | 0.0003     |
|    loss                 | 7.27       |
|    n_updates            | 11950      |
|    policy_gradient_loss | -0.0597    |
|    std                  | 2.64       |
|    value_loss           | 34.6       |
----------------------------------------
-----------------------------------------
| manipularl/             |             |
|    collision_rate       | 0.25        |
|    grasp_curriculum     | 0           |
|    grasp_failure_rate   | 0.684       |
|    insert_depth_mean    | 0           |
|    obstacle_range_hi    | 5           |
|    obstacle_range_lo    | 2           |
|    success_rate         | 0.66        |
| rollout/                |             |
|    ep_len_mean          | 124         |
|    ep_rew_mean          | 25.5        |
| time/                   |             |
|    fps                  | 1100        |
|    iterations           | 175         |
|    time_elapsed         | 1303        |
|    total_timesteps      | 1433600     |
| train/                  |             |
|    approx_kl            | 0.057603054 |
|    clip_fraction        | 0.369       |
|    clip_range           | 0.2         |
|    entropy_loss         | -17.4       |
|    explained_variance   | 0.89        |
|    learning_rate        | 0.0003      |
|    loss                 | 15.8        |
|    n_updates            | 11960       |
|    policy_gradient_loss | -0.0555     |
|    std                  | 2.64        |
|    value_loss           | 46          |
-----------------------------------------
----------------------------------------
| manipularl/             |            |
|    collision_rate       | 0.27       |
|    grasp_curriculum     | 0          |
|    grasp_failure_rate   | 0.695      |
|    insert_depth_mean    | 0          |
|    obstacle_range_hi    | 5          |
|    obstacle_range_lo    | 2          |
|    success_rate         | 0.63       |
| rollout/                |            |
|    ep_len_mean          | 127        |
|    ep_rew_mean          | 24.8       |
| time/                   |            |
|    fps                  | 1100       |
|    iterations           | 176        |
|    time_elapsed         | 1310       |
|    total_timesteps      | 1441792    |
| train/                  |            |
|    approx_kl            | 0.06152128 |
|    clip_fraction        | 0.306      |
|    clip_range           | 0.2        |
|    entropy_loss         | -17.4      |
|    explained_variance   | 0.869      |
|    learning_rate        | 0.0003     |
|    loss                 | 10.7       |
|    n_updates            | 11970      |
|    policy_gradient_loss | -0.055     |
|    std                  | 2.65       |
|    value_loss           | 46.3       |
----------------------------------------
----------------------------------------
| manipularl/             |            |
|    collision_rate       | 0.23       |
|    grasp_curriculum     | 0          |
|    grasp_failure_rate   | 0.732      |
|    insert_depth_mean    | 0          |
|    obstacle_range_hi    | 5          |
|    obstacle_range_lo    | 2          |
|    success_rate         | 0.73       |
| rollout/                |            |
|    ep_len_mean          | 102        |
|    ep_rew_mean          | 41         |
| time/                   |            |
|    fps                  | 1100       |
|    iterations           | 177        |
|    time_elapsed         | 1317       |
|    total_timesteps      | 1449984    |
| train/                  |            |
|    approx_kl            | 0.06303813 |
|    clip_fraction        | 0.379      |
|    clip_range           | 0.2        |
|    entropy_loss         | -17.4      |
|    explained_variance   | 0.883      |
|    learning_rate        | 0.0003     |
|    loss                 | 9.13       |
|    n_updates            | 11980      |
|    policy_gradient_loss | -0.0625    |
|    std                  | 2.65       |
|    value_loss           | 37.7       |
----------------------------------------
-----------------------------------------
| manipularl/             |             |
|    collision_rate       | 0.27        |
|    grasp_curriculum     | 0           |
|    grasp_failure_rate   | 0.711       |
|    insert_depth_mean    | 0           |
|    obstacle_range_hi    | 5           |
|    obstacle_range_lo    | 2           |
|    success_rate         | 0.71        |
| rollout/                |             |
|    ep_len_mean          | 109         |
|    ep_rew_mean          | 32.5        |
| time/                   |             |
|    fps                  | 1101        |
|    iterations           | 178         |
|    time_elapsed         | 1324        |
|    total_timesteps      | 1458176     |
| train/                  |             |
|    approx_kl            | 0.062578954 |
|    clip_fraction        | 0.359       |
|    clip_range           | 0.2         |
|    entropy_loss         | -17.4       |
|    explained_variance   | 0.877       |
|    learning_rate        | 0.0003      |
|    loss                 | 12.8        |
|    n_updates            | 11990       |
|    policy_gradient_loss | -0.063      |
|    std                  | 2.65        |
|    value_loss           | 40.7        |
-----------------------------------------
----------------------------------------
| manipularl/             |            |
|    collision_rate       | 0.32       |
|    grasp_curriculum     | 0          |
|    grasp_failure_rate   | 0.719      |
|    insert_depth_mean    | 0          |
|    obstacle_range_hi    | 5          |
|    obstacle_range_lo    | 2          |
|    success_rate         | 0.62       |
| rollout/                |            |
|    ep_len_mean          | 132        |
|    ep_rew_mean          | 21         |
| time/                   |            |
|    fps                  | 1101       |
|    iterations           | 179        |
|    time_elapsed         | 1331       |
|    total_timesteps      | 1466368    |
| train/                  |            |
|    approx_kl            | 0.05976658 |
|    clip_fraction        | 0.339      |
|    clip_range           | 0.2        |
|    entropy_loss         | -17.4      |
|    explained_variance   | 0.89       |
|    learning_rate        | 0.0003     |
|    loss                 | 12.9       |
|    n_updates            | 12000      |
|    policy_gradient_loss | -0.0533    |
|    std                  | 2.65       |
|    value_loss           | 46.4       |
----------------------------------------
-----------------------------------------
| manipularl/             |             |
|    collision_rate       | 0.31        |
|    grasp_curriculum     | 0           |
|    grasp_failure_rate   | 0.743       |
|    insert_depth_mean    | 0           |
|    obstacle_range_hi    | 5           |
|    obstacle_range_lo    | 2           |
|    success_rate         | 0.61        |
| rollout/                |             |
|    ep_len_mean          | 122         |
|    ep_rew_mean          | 24.3        |
| time/                   |             |
|    fps                  | 1101        |
|    iterations           | 180         |
|    time_elapsed         | 1338        |
|    total_timesteps      | 1474560     |
| train/                  |             |
|    approx_kl            | 0.060668003 |
|    clip_fraction        | 0.354       |
|    clip_range           | 0.2         |
|    entropy_loss         | -17.4       |
|    explained_variance   | 0.891       |
|    learning_rate        | 0.0003      |
|    loss                 | 7.7         |
|    n_updates            | 12010       |
|    policy_gradient_loss | -0.0633     |
|    std                  | 2.66        |
|    value_loss           | 33.4        |
-----------------------------------------
----------------------------------------
| manipularl/             |            |
|    collision_rate       | 0.24       |
|    grasp_curriculum     | 0          |
|    grasp_failure_rate   | 0.745      |
|    insert_depth_mean    | 0          |
|    obstacle_range_hi    | 5          |
|    obstacle_range_lo    | 2          |
|    success_rate         | 0.65       |
| rollout/                |            |
|    ep_len_mean          | 112        |
|    ep_rew_mean          | 30.6       |
| time/                   |            |
|    fps                  | 1101       |
|    iterations           | 181        |
|    time_elapsed         | 1345       |
|    total_timesteps      | 1482752    |
| train/                  |            |
|    approx_kl            | 0.06963735 |
|    clip_fraction        | 0.376      |
|    clip_range           | 0.2        |
|    entropy_loss         | -17.4      |
|    explained_variance   | 0.902      |
|    learning_rate        | 0.0003     |
|    loss                 | 7.01       |
|    n_updates            | 12020      |
|    policy_gradient_loss | -0.0673    |
|    std                  | 2.67       |
|    value_loss           | 28.8       |
----------------------------------------
----------------------------------------
| manipularl/             |            |
|    collision_rate       | 0.16       |
|    grasp_curriculum     | 0          |
|    grasp_failure_rate   | 0.773      |
|    insert_depth_mean    | 0          |
|    obstacle_range_hi    | 5          |
|    obstacle_range_lo    | 2          |
|    success_rate         | 0.79       |
| rollout/                |            |
|    ep_len_mean          | 93.3       |
|    ep_rew_mean          | 44.1       |
| time/                   |            |
|    fps                  | 1101       |
|    iterations           | 182        |
|    time_elapsed         | 1352       |
|    total_timesteps      | 1490944    |
| train/                  |            |
|    approx_kl            | 0.05392915 |
|    clip_fraction        | 0.339      |
|    clip_range           | 0.2        |
|    entropy_loss         | -17.4      |
|    explained_variance   | 0.876      |
|    learning_rate        | 0.0003     |
|    loss                 | 11.2       |
|    n_updates            | 12030      |
|    policy_gradient_loss | -0.0599    |
|    std                  | 2.67       |
|    value_loss           | 44.9       |
----------------------------------------
----------------------------------------
| manipularl/             |            |
|    collision_rate       | 0.19       |
|    grasp_curriculum     | 0          |
|    grasp_failure_rate   | 0.737      |
|    insert_depth_mean    | 0          |
|    obstacle_range_hi    | 5          |
|    obstacle_range_lo    | 2          |
|    success_rate         | 0.73       |
| rollout/                |            |
|    ep_len_mean          | 107        |
|    ep_rew_mean          | 38.3       |
| time/                   |            |
|    fps                  | 1102       |
|    iterations           | 183        |
|    time_elapsed         | 1360       |
|    total_timesteps      | 1499136    |
| train/                  |            |
|    approx_kl            | 0.06595854 |
|    clip_fraction        | 0.369      |
|    clip_range           | 0.2        |
|    entropy_loss         | -17.4      |
|    explained_variance   | 0.889      |
|    learning_rate        | 0.0003     |
|    loss                 | 9.8        |
|    n_updates            | 12040      |
|    policy_gradient_loss | -0.0668    |
|    std                  | 2.68       |
|    value_loss           | 33.8       |
----------------------------------------
Eval num_timesteps=1500000, episode_reward=15.26 +/- 100.24
Episode length: 111.80 +/- 120.18
-----------------------------------------
| eval/                   |             |
|    mean_ep_length       | 112         |
|    mean_reward          | 15.3        |
| manipularl/             |             |
|    collision_rate       | 0.2         |
|    grasp_curriculum     | 0           |
|    grasp_failure_rate   | 0.732       |
|    insert_depth_mean    | 0           |
|    obstacle_range_hi    | 5           |
|    obstacle_range_lo    | 2           |
|    success_rate         | 0.72        |
| time/                   |             |
|    total_timesteps      | 1500000     |
| train/                  |             |
|    approx_kl            | 0.059258364 |
|    clip_fraction        | 0.348       |
|    clip_range           | 0.2         |
|    entropy_loss         | -17.4       |
|    explained_variance   | 0.893       |
|    learning_rate        | 0.0003      |
|    loss                 | 9.34        |
|    n_updates            | 12050       |
|    policy_gradient_loss | -0.0668     |
|    std                  | 2.69        |
|    value_loss           | 34.6        |
-----------------------------------------
------------------------------------
| manipularl/           |          |
|    collision_rate     | 0.26     |
|    grasp_curriculum   | 0        |
|    grasp_failure_rate | 0.715    |
|    insert_depth_mean  | 0        |
|    obstacle_range_hi  | 5        |
|    obstacle_range_lo  | 2        |
|    success_rate       | 0.64     |
| rollout/              |          |
|    ep_len_mean        | 138      |
|    ep_rew_mean        | 26.4     |
| time/                 |          |
|    fps                | 1097     |
|    iterations         | 184      |
|    time_elapsed       | 1373     |
|    total_timesteps    | 1507328  |
------------------------------------
-----------------------------------------
| manipularl/             |             |
|    collision_rate       | 0.3         |
|    grasp_curriculum     | 0           |
|    grasp_failure_rate   | 0.721       |
|    insert_depth_mean    | 0           |
|    obstacle_range_hi    | 5           |
|    obstacle_range_lo    | 2           |
|    success_rate         | 0.61        |
| rollout/                |             |
|    ep_len_mean          | 145         |
|    ep_rew_mean          | 16.3        |
| time/                   |             |
|    fps                  | 1098        |
|    iterations           | 185         |
|    time_elapsed         | 1380        |
|    total_timesteps      | 1515520     |
| train/                  |             |
|    approx_kl            | 0.053417988 |
|    clip_fraction        | 0.298       |
|    clip_range           | 0.2         |
|    entropy_loss         | -17.4       |
|    explained_variance   | 0.853       |
|    learning_rate        | 0.0003      |
|    loss                 | 10.5        |
|    n_updates            | 12060       |
|    policy_gradient_loss | -0.0509     |
|    std                  | 2.69        |
|    value_loss           | 38.5        |
-----------------------------------------
-----------------------------------------
| manipularl/             |             |
|    collision_rate       | 0.28        |
|    grasp_curriculum     | 0           |
|    grasp_failure_rate   | 0.743       |
|    insert_depth_mean    | 0           |
|    obstacle_range_hi    | 5           |
|    obstacle_range_lo    | 2           |
|    success_rate         | 0.61        |
| rollout/                |             |
|    ep_len_mean          | 136         |
|    ep_rew_mean          | 10.8        |
| time/                   |             |
|    fps                  | 1098        |
|    iterations           | 186         |
|    time_elapsed         | 1386        |
|    total_timesteps      | 1523712     |
| train/                  |             |
|    approx_kl            | 0.050879553 |
|    clip_fraction        | 0.337       |
|    clip_range           | 0.2         |
|    entropy_loss         | -17.4       |
|    explained_variance   | 0.832       |
|    learning_rate        | 0.0003      |
|    loss                 | 13.5        |
|    n_updates            | 12070       |
|    policy_gradient_loss | -0.0328     |
|    std                  | 2.69        |
|    value_loss           | 52.2        |
-----------------------------------------
-----------------------------------------
| manipularl/             |             |
|    collision_rate       | 0.23        |
|    grasp_curriculum     | 0           |
|    grasp_failure_rate   | 0.728       |
|    insert_depth_mean    | 0           |
|    obstacle_range_hi    | 5           |
|    obstacle_range_lo    | 2           |
|    success_rate         | 0.64        |
| rollout/                |             |
|    ep_len_mean          | 131         |
|    ep_rew_mean          | 21.1        |
| time/                   |             |
|    fps                  | 1098        |
|    iterations           | 187         |
|    time_elapsed         | 1394        |
|    total_timesteps      | 1531904     |
| train/                  |             |
|    approx_kl            | 0.067368366 |
|    clip_fraction        | 0.367       |
|    clip_range           | 0.2         |
|    entropy_loss         | -17.4       |
|    explained_variance   | 0.893       |
|    learning_rate        | 0.0003      |
|    loss                 | 8.34        |
|    n_updates            | 12080       |
|    policy_gradient_loss | -0.0291     |
|    std                  | 2.7         |
|    value_loss           | 39.1        |
-----------------------------------------
-----------------------------------------
| manipularl/             |             |
|    collision_rate       | 0.19        |
|    grasp_curriculum     | 0           |
|    grasp_failure_rate   | 0.715       |
|    insert_depth_mean    | 0           |
|    obstacle_range_hi    | 5           |
|    obstacle_range_lo    | 2           |
|    success_rate         | 0.72        |
| rollout/                |             |
|    ep_len_mean          | 106         |
|    ep_rew_mean          | 32.6        |
| time/                   |             |
|    fps                  | 1099        |
|    iterations           | 188         |
|    time_elapsed         | 1401        |
|    total_timesteps      | 1540096     |
| train/                  |             |
|    approx_kl            | 0.062271725 |
|    clip_fraction        | 0.393       |
|    clip_range           | 0.2         |
|    entropy_loss         | -17.4       |
|    explained_variance   | 0.87        |
|    learning_rate        | 0.0003      |
|    loss                 | 12.7        |
|    n_updates            | 12090       |
|    policy_gradient_loss | -0.0553     |
|    std                  | 2.7         |
|    value_loss           | 48.2        |
-----------------------------------------
-----------------------------------------
| manipularl/             |             |
|    collision_rate       | 0.24        |
|    grasp_curriculum     | 0           |
|    grasp_failure_rate   | 0.728       |
|    insert_depth_mean    | 0           |
|    obstacle_range_hi    | 5           |
|    obstacle_range_lo    | 2           |
|    success_rate         | 0.67        |
| rollout/                |             |
|    ep_len_mean          | 134         |
|    ep_rew_mean          | 18.7        |
| time/                   |             |
|    fps                  | 1098        |
|    iterations           | 189         |
|    time_elapsed         | 1409        |
|    total_timesteps      | 1548288     |
| train/                  |             |
|    approx_kl            | 0.059752844 |
|    clip_fraction        | 0.338       |
|    clip_range           | 0.2         |
|    entropy_loss         | -17.4       |
|    explained_variance   | 0.892       |
|    learning_rate        | 0.0003      |
|    loss                 | 15.6        |
|    n_updates            | 12100       |
|    policy_gradient_loss | -0.064      |
|    std                  | 2.71        |
|    value_loss           | 51          |
-----------------------------------------
-----------------------------------------
| manipularl/             |             |
|    collision_rate       | 0.27        |
|    grasp_curriculum     | 0           |
|    grasp_failure_rate   | 0.72        |
|    insert_depth_mean    | 0           |
|    obstacle_range_hi    | 5           |
|    obstacle_range_lo    | 2           |
|    success_rate         | 0.66        |
| rollout/                |             |
|    ep_len_mean          | 126         |
|    ep_rew_mean          | 18.7        |
| time/                   |             |
|    fps                  | 1097        |
|    iterations           | 190         |
|    time_elapsed         | 1418        |
|    total_timesteps      | 1556480     |
| train/                  |             |
|    approx_kl            | 0.051206358 |
|    clip_fraction        | 0.305       |
|    clip_range           | 0.2         |
|    entropy_loss         | -17.4       |
|    explained_variance   | 0.892       |
|    learning_rate        | 0.0003      |
|    loss                 | 13.4        |
|    n_updates            | 12110       |
|    policy_gradient_loss | -0.0565     |
|    std                  | 2.71        |
|    value_loss           | 50.1        |
-----------------------------------------
-----------------------------------------
| manipularl/             |             |
|    collision_rate       | 0.25        |
|    grasp_curriculum     | 0           |
|    grasp_failure_rate   | 0.76        |
|    insert_depth_mean    | 0           |
|    obstacle_range_hi    | 5           |
|    obstacle_range_lo    | 2           |
|    success_rate         | 0.64        |
| rollout/                |             |
|    ep_len_mean          | 126         |
|    ep_rew_mean          | 24.5        |
| time/                   |             |
|    fps                  | 1095        |
|    iterations           | 191         |
|    time_elapsed         | 1428        |
|    total_timesteps      | 1564672     |
| train/                  |             |
|    approx_kl            | 0.045430165 |
|    clip_fraction        | 0.278       |
|    clip_range           | 0.2         |
|    entropy_loss         | -17.4       |
|    explained_variance   | 0.88        |
|    learning_rate        | 0.0003      |
|    loss                 | 11.3        |
|    n_updates            | 12120       |
|    policy_gradient_loss | -0.0564     |
|    std                  | 2.71        |
|    value_loss           | 44.3        |
-----------------------------------------
-----------------------------------------
| manipularl/             |             |
|    collision_rate       | 0.24        |
|    grasp_curriculum     | 0           |
|    grasp_failure_rate   | 0.769       |
|    insert_depth_mean    | 0           |
|    obstacle_range_hi    | 5           |
|    obstacle_range_lo    | 2           |
|    success_rate         | 0.65        |
| rollout/                |             |
|    ep_len_mean          | 123         |
|    ep_rew_mean          | 35.9        |
| time/                   |             |
|    fps                  | 1095        |
|    iterations           | 192         |
|    time_elapsed         | 1436        |
|    total_timesteps      | 1572864     |
| train/                  |             |
|    approx_kl            | 0.056687187 |
|    clip_fraction        | 0.349       |
|    clip_range           | 0.2         |
|    entropy_loss         | -17.4       |
|    explained_variance   | 0.873       |
|    learning_rate        | 0.0003      |
|    loss                 | 12.2        |
|    n_updates            | 12130       |
|    policy_gradient_loss | -0.0651     |
|    std                  | 2.7         |
|    value_loss           | 43.7        |
-----------------------------------------
-----------------------------------------
| manipularl/             |             |
|    collision_rate       | 0.27        |
|    grasp_curriculum     | 0           |
|    grasp_failure_rate   | 0.759       |
|    insert_depth_mean    | 0           |
|    obstacle_range_hi    | 5           |
|    obstacle_range_lo    | 2           |
|    success_rate         | 0.67        |
| rollout/                |             |
|    ep_len_mean          | 113         |
|    ep_rew_mean          | 35.8        |
| time/                   |             |
|    fps                  | 1095        |
|    iterations           | 193         |
|    time_elapsed         | 1442        |
|    total_timesteps      | 1581056     |
| train/                  |             |
|    approx_kl            | 0.067920774 |
|    clip_fraction        | 0.381       |
|    clip_range           | 0.2         |
|    entropy_loss         | -17.4       |
|    explained_variance   | 0.901       |
|    learning_rate        | 0.0003      |
|    loss                 | 8.99        |
|    n_updates            | 12140       |
|    policy_gradient_loss | -0.0689     |
|    std                  | 2.71        |
|    value_loss           | 33.7        |
-----------------------------------------
----------------------------------------
| manipularl/             |            |
|    collision_rate       | 0.22       |
|    grasp_curriculum     | 0          |
|    grasp_failure_rate   | 0.751      |
|    insert_depth_mean    | 0          |
|    obstacle_range_hi    | 5          |
|    obstacle_range_lo    | 2          |
|    success_rate         | 0.66       |
| rollout/                |            |
|    ep_len_mean          | 123        |
|    ep_rew_mean          | 31.9       |
| time/                   |            |
|    fps                  | 1096       |
|    iterations           | 194        |
|    time_elapsed         | 1449       |
|    total_timesteps      | 1589248    |
| train/                  |            |
|    approx_kl            | 0.06553494 |
|    clip_fraction        | 0.353      |
|    clip_range           | 0.2        |
|    entropy_loss         | -17.4      |
|    explained_variance   | 0.894      |
|    learning_rate        | 0.0003     |
|    loss                 | 7.28       |
|    n_updates            | 12150      |
|    policy_gradient_loss | -0.0646    |
|    std                  | 2.71       |
|    value_loss           | 29         |
----------------------------------------
----------------------------------------
| manipularl/             |            |
|    collision_rate       | 0.24       |
|    grasp_curriculum     | 0          |
|    grasp_failure_rate   | 0.734      |
|    insert_depth_mean    | 0          |
|    obstacle_range_hi    | 5          |
|    obstacle_range_lo    | 2          |
|    success_rate         | 0.67       |
| rollout/                |            |
|    ep_len_mean          | 124        |
|    ep_rew_mean          | 25.4       |
| time/                   |            |
|    fps                  | 1096       |
|    iterations           | 195        |
|    time_elapsed         | 1456       |
|    total_timesteps      | 1597440    |
| train/                  |            |
|    approx_kl            | 0.07453212 |
|    clip_fraction        | 0.394      |
|    clip_range           | 0.2        |
|    entropy_loss         | -17.4      |
|    explained_variance   | 0.922      |
|    learning_rate        | 0.0003     |
|    loss                 | 5.72       |
|    n_updates            | 12160      |
|    policy_gradient_loss | -0.0688    |
|    std                  | 2.71       |
|    value_loss           | 23.1       |
----------------------------------------
-----------------------------------------
| manipularl/             |             |
|    collision_rate       | 0.28        |
|    grasp_curriculum     | 0           |
|    grasp_failure_rate   | 0.726       |
|    insert_depth_mean    | 0           |
|    obstacle_range_hi    | 5           |
|    obstacle_range_lo    | 2           |
|    success_rate         | 0.62        |
| rollout/                |             |
|    ep_len_mean          | 128         |
|    ep_rew_mean          | 21.8        |
| time/                   |             |
|    fps                  | 1096        |
|    iterations           | 196         |
|    time_elapsed         | 1464        |
|    total_timesteps      | 1605632     |
| train/                  |             |
|    approx_kl            | 0.050734792 |
|    clip_fraction        | 0.35        |
|    clip_range           | 0.2         |
|    entropy_loss         | -17.4       |
|    explained_variance   | 0.905       |
|    learning_rate        | 0.0003      |
|    loss                 | 10.3        |
|    n_updates            | 12170       |
|    policy_gradient_loss | -0.0556     |
|    std                  | 2.72        |
|    value_loss           | 40.3        |
-----------------------------------------
-----------------------------------------
| manipularl/             |             |
|    collision_rate       | 0.25        |
|    grasp_curriculum     | 0           |
|    grasp_failure_rate   | 0.729       |
|    insert_depth_mean    | 0           |
|    obstacle_range_hi    | 5           |
|    obstacle_range_lo    | 2           |
|    success_rate         | 0.62        |
| rollout/                |             |
|    ep_len_mean          | 128         |
|    ep_rew_mean          | 24.2        |
| time/                   |             |
|    fps                  | 1096        |
|    iterations           | 197         |
|    time_elapsed         | 1472        |
|    total_timesteps      | 1613824     |
| train/                  |             |
|    approx_kl            | 0.045726236 |
|    clip_fraction        | 0.32        |
|    clip_range           | 0.2         |
|    entropy_loss         | -17.4       |
|    explained_variance   | 0.824       |
|    learning_rate        | 0.0003      |
|    loss                 | 13.3        |
|    n_updates            | 12180       |
|    policy_gradient_loss | -0.0549     |
|    std                  | 2.72        |
|    value_loss           | 49          |
-----------------------------------------
-----------------------------------------
| manipularl/             |             |
|    collision_rate       | 0.27        |
|    grasp_curriculum     | 0           |
|    grasp_failure_rate   | 0.75        |
|    insert_depth_mean    | 0           |
|    obstacle_range_hi    | 5           |
|    obstacle_range_lo    | 2           |
|    success_rate         | 0.6         |
| rollout/                |             |
|    ep_len_mean          | 122         |
|    ep_rew_mean          | 25.3        |
| time/                   |             |
|    fps                  | 1096        |
|    iterations           | 198         |
|    time_elapsed         | 1479        |
|    total_timesteps      | 1622016     |
| train/                  |             |
|    approx_kl            | 0.062323846 |
|    clip_fraction        | 0.349       |
|    clip_range           | 0.2         |
|    entropy_loss         | -17.4       |
|    explained_variance   | 0.865       |
|    learning_rate        | 0.0003      |
|    loss                 | 11.2        |
|    n_updates            | 12190       |
|    policy_gradient_loss | -0.0646     |
|    std                  | 2.73        |
|    value_loss           | 42.7        |
-----------------------------------------
-----------------------------------------
| manipularl/             |             |
|    collision_rate       | 0.37        |
|    grasp_curriculum     | 0           |
|    grasp_failure_rate   | 0.756       |
|    insert_depth_mean    | 0           |
|    obstacle_range_hi    | 5           |
|    obstacle_range_lo    | 2           |
|    success_rate         | 0.51        |
| rollout/                |             |
|    ep_len_mean          | 140         |
|    ep_rew_mean          | 13.3        |
| time/                   |             |
|    fps                  | 1095        |
|    iterations           | 199         |
|    time_elapsed         | 1487        |
|    total_timesteps      | 1630208     |
| train/                  |             |
|    approx_kl            | 0.050188612 |
|    clip_fraction        | 0.31        |
|    clip_range           | 0.2         |
|    entropy_loss         | -17.4       |
|    explained_variance   | 0.827       |
|    learning_rate        | 0.0003      |
|    loss                 | 14.1        |
|    n_updates            | 12200       |
|    policy_gradient_loss | -0.0573     |
|    std                  | 2.74        |
|    value_loss           | 51.7        |
-----------------------------------------
----------------------------------------
| manipularl/             |            |
|    collision_rate       | 0.24       |
|    grasp_curriculum     | 0          |
|    grasp_failure_rate   | 0.67       |
|    insert_depth_mean    | 0          |
|    obstacle_range_hi    | 5          |
|    obstacle_range_lo    | 2          |
|    success_rate         | 0.63       |
| rollout/                |            |
|    ep_len_mean          | 133        |
|    ep_rew_mean          | 25.6       |
| time/                   |            |
|    fps                  | 1094       |
|    iterations           | 200        |
|    time_elapsed         | 1496       |
|    total_timesteps      | 1638400    |
| train/                  |            |
|    approx_kl            | 0.06986185 |
|    clip_fraction        | 0.381      |
|    clip_range           | 0.2        |
|    entropy_loss         | -17.5      |
|    explained_variance   | 0.879      |
|    learning_rate        | 0.0003     |
|    loss                 | 9.44       |
|    n_updates            | 12210      |
|    policy_gradient_loss | -0.0642    |
|    std                  | 2.75       |
|    value_loss           | 35.1       |
----------------------------------------
----------------------------------------
| manipularl/             |            |
|    collision_rate       | 0.23       |
|    grasp_curriculum     | 0          |
|    grasp_failure_rate   | 0.715      |
|    insert_depth_mean    | 0          |
|    obstacle_range_hi    | 5          |
|    obstacle_range_lo    | 2          |
|    success_rate         | 0.71       |
| rollout/                |            |
|    ep_len_mean          | 112        |
|    ep_rew_mean          | 27.1       |
| time/                   |            |
|    fps                  | 1094       |
|    iterations           | 201        |
|    time_elapsed         | 1504       |
|    total_timesteps      | 1646592    |
| train/                  |            |
|    approx_kl            | 0.05986945 |
|    clip_fraction        | 0.366      |
|    clip_range           | 0.2        |
|    entropy_loss         | -17.5      |
|    explained_variance   | 0.89       |
|    learning_rate        | 0.0003     |
|    loss                 | 10.7       |
|    n_updates            | 12220      |
|    policy_gradient_loss | -0.0605    |
|    std                  | 2.76       |
|    value_loss           | 41.7       |
----------------------------------------
-----------------------------------------
| manipularl/             |             |
|    collision_rate       | 0.18        |
|    grasp_curriculum     | 0           |
|    grasp_failure_rate   | 0.725       |
|    insert_depth_mean    | 0           |
|    obstacle_range_hi    | 5           |
|    obstacle_range_lo    | 2           |
|    success_rate         | 0.78        |
| rollout/                |             |
|    ep_len_mean          | 85.5        |
|    ep_rew_mean          | 43.1        |
| time/                   |             |
|    fps                  | 1093        |
|    iterations           | 202         |
|    time_elapsed         | 1512        |
|    total_timesteps      | 1654784     |
| train/                  |             |
|    approx_kl            | 0.056524824 |
|    clip_fraction        | 0.343       |
|    clip_range           | 0.2         |
|    entropy_loss         | -17.5       |
|    explained_variance   | 0.903       |
|    learning_rate        | 0.0003      |
|    loss                 | 16.3        |
|    n_updates            | 12230       |
|    policy_gradient_loss | -0.0624     |
|    std                  | 2.77        |
|    value_loss           | 50.8        |
-----------------------------------------
----------------------------------------
| manipularl/             |            |
|    collision_rate       | 0.23       |
|    grasp_curriculum     | 0          |
|    grasp_failure_rate   | 0.765      |
|    insert_depth_mean    | 0          |
|    obstacle_range_hi    | 5          |
|    obstacle_range_lo    | 2          |
|    success_rate         | 0.71       |
| rollout/                |            |
|    ep_len_mean          | 101        |
|    ep_rew_mean          | 32.1       |
| time/                   |            |
|    fps                  | 1094       |
|    iterations           | 203        |
|    time_elapsed         | 1519       |
|    total_timesteps      | 1662976    |
| train/                  |            |
|    approx_kl            | 0.05181212 |
|    clip_fraction        | 0.316      |
|    clip_range           | 0.2        |
|    entropy_loss         | -17.5      |
|    explained_variance   | 0.876      |
|    learning_rate        | 0.0003     |
|    loss                 | 17.1       |
|    n_updates            | 12240      |
|    policy_gradient_loss | -0.0612    |
|    std                  | 2.77       |
|    value_loss           | 59.1       |
----------------------------------------
----------------------------------------
| manipularl/             |            |
|    collision_rate       | 0.29       |
|    grasp_curriculum     | 0          |
|    grasp_failure_rate   | 0.732      |
|    insert_depth_mean    | 0          |
|    obstacle_range_hi    | 5          |
|    obstacle_range_lo    | 2          |
|    success_rate         | 0.63       |
| rollout/                |            |
|    ep_len_mean          | 121        |
|    ep_rew_mean          | 27.6       |
| time/                   |            |
|    fps                  | 1094       |
|    iterations           | 204        |
|    time_elapsed         | 1526       |
|    total_timesteps      | 1671168    |
| train/                  |            |
|    approx_kl            | 0.04800093 |
|    clip_fraction        | 0.305      |
|    clip_range           | 0.2        |
|    entropy_loss         | -17.5      |
|    explained_variance   | 0.833      |
|    learning_rate        | 0.0003     |
|    loss                 | 17.4       |
|    n_updates            | 12250      |
|    policy_gradient_loss | -0.0652    |
|    std                  | 2.78       |
|    value_loss           | 60.3       |
----------------------------------------
----------------------------------------
| manipularl/             |            |
|    collision_rate       | 0.25       |
|    grasp_curriculum     | 0          |
|    grasp_failure_rate   | 0.719      |
|    insert_depth_mean    | 0          |
|    obstacle_range_hi    | 5          |
|    obstacle_range_lo    | 2          |
|    success_rate         | 0.69       |
| rollout/                |            |
|    ep_len_mean          | 94.2       |
|    ep_rew_mean          | 39.3       |
| time/                   |            |
|    fps                  | 1095       |
|    iterations           | 205        |
|    time_elapsed         | 1533       |
|    total_timesteps      | 1679360    |
| train/                  |            |
|    approx_kl            | 0.06631503 |
|    clip_fraction        | 0.367      |
|    clip_range           | 0.2        |
|    entropy_loss         | -17.5      |
|    explained_variance   | 0.865      |
|    learning_rate        | 0.0003     |
|    loss                 | 12.2       |
|    n_updates            | 12260      |
|    policy_gradient_loss | -0.0669    |
|    std                  | 2.78       |
|    value_loss           | 43.2       |
----------------------------------------
-----------------------------------------
| manipularl/             |             |
|    collision_rate       | 0.28        |
|    grasp_curriculum     | 0           |
|    grasp_failure_rate   | 0.748       |
|    insert_depth_mean    | 0           |
|    obstacle_range_hi    | 5           |
|    obstacle_range_lo    | 2           |
|    success_rate         | 0.67        |
| rollout/                |             |
|    ep_len_mean          | 97          |
|    ep_rew_mean          | 33.4        |
| time/                   |             |
|    fps                  | 1095        |
|    iterations           | 206         |
|    time_elapsed         | 1540        |
|    total_timesteps      | 1687552     |
| train/                  |             |
|    approx_kl            | 0.061115474 |
|    clip_fraction        | 0.343       |
|    clip_range           | 0.2         |
|    entropy_loss         | -17.5       |
|    explained_variance   | 0.847       |
|    learning_rate        | 0.0003      |
|    loss                 | 11.5        |
|    n_updates            | 12270       |
|    policy_gradient_loss | -0.0639     |
|    std                  | 2.79        |
|    value_loss           | 44.2        |
-----------------------------------------
-----------------------------------------
| manipularl/             |             |
|    collision_rate       | 0.21        |
|    grasp_curriculum     | 0           |
|    grasp_failure_rate   | 0.738       |
|    insert_depth_mean    | 0           |
|    obstacle_range_hi    | 5           |
|    obstacle_range_lo    | 2           |
|    success_rate         | 0.67        |
| rollout/                |             |
|    ep_len_mean          | 111         |
|    ep_rew_mean          | 35.6        |
| time/                   |             |
|    fps                  | 1095        |
|    iterations           | 207         |
|    time_elapsed         | 1548        |
|    total_timesteps      | 1695744     |
| train/                  |             |
|    approx_kl            | 0.059463363 |
|    clip_fraction        | 0.343       |
|    clip_range           | 0.2         |
|    entropy_loss         | -17.5       |
|    explained_variance   | 0.855       |
|    learning_rate        | 0.0003      |
|    loss                 | 12.3        |
|    n_updates            | 12280       |
|    policy_gradient_loss | -0.0624     |
|    std                  | 2.79        |
|    value_loss           | 48          |
-----------------------------------------
----------------------------------------
| manipularl/             |            |
|    collision_rate       | 0.23       |
|    grasp_curriculum     | 0          |
|    grasp_failure_rate   | 0.729      |
|    insert_depth_mean    | 0          |
|    obstacle_range_hi    | 5          |
|    obstacle_range_lo    | 2          |
|    success_rate         | 0.69       |
| rollout/                |            |
|    ep_len_mean          | 107        |
|    ep_rew_mean          | 30.3       |
| time/                   |            |
|    fps                  | 1094       |
|    iterations           | 208        |
|    time_elapsed         | 1556       |
|    total_timesteps      | 1703936    |
| train/                  |            |
|    approx_kl            | 0.06324782 |
|    clip_fraction        | 0.342      |
|    clip_range           | 0.2        |
|    entropy_loss         | -17.5      |
|    explained_variance   | 0.895      |
|    learning_rate        | 0.0003     |
|    loss                 | 12         |
|    n_updates            | 12290      |
|    policy_gradient_loss | -0.0656    |
|    std                  | 2.8        |
|    value_loss           | 37.2       |
----------------------------------------
-----------------------------------------
| manipularl/             |             |
|    collision_rate       | 0.3         |
|    grasp_curriculum     | 0           |
|    grasp_failure_rate   | 0.738       |
|    insert_depth_mean    | 0           |
|    obstacle_range_hi    | 5           |
|    obstacle_range_lo    | 2           |
|    success_rate         | 0.65        |
| rollout/                |             |
|    ep_len_mean          | 122         |
|    ep_rew_mean          | 10.9        |
| time/                   |             |
|    fps                  | 1095        |
|    iterations           | 209         |
|    time_elapsed         | 1563        |
|    total_timesteps      | 1712128     |
| train/                  |             |
|    approx_kl            | 0.056747362 |
|    clip_fraction        | 0.353       |
|    clip_range           | 0.2         |
|    entropy_loss         | -17.6       |
|    explained_variance   | 0.931       |
|    learning_rate        | 0.0003      |
|    loss                 | 9.17        |
|    n_updates            | 12300       |
|    policy_gradient_loss | -0.0516     |
|    std                  | 2.81        |
|    value_loss           | 39.8        |
-----------------------------------------
-----------------------------------------
| manipularl/             |             |
|    collision_rate       | 0.27        |
|    grasp_curriculum     | 0           |
|    grasp_failure_rate   | 0.746       |
|    insert_depth_mean    | 0           |
|    obstacle_range_hi    | 5           |
|    obstacle_range_lo    | 2           |
|    success_rate         | 0.66        |
| rollout/                |             |
|    ep_len_mean          | 132         |
|    ep_rew_mean          | 15.6        |
| time/                   |             |
|    fps                  | 1095        |
|    iterations           | 210         |
|    time_elapsed         | 1570        |
|    total_timesteps      | 1720320     |
| train/                  |             |
|    approx_kl            | 0.061880466 |
|    clip_fraction        | 0.343       |
|    clip_range           | 0.2         |
|    entropy_loss         | -17.6       |
|    explained_variance   | 0.94        |
|    learning_rate        | 0.0003      |
|    loss                 | 8.91        |
|    n_updates            | 12310       |
|    policy_gradient_loss | -0.055      |
|    std                  | 2.81        |
|    value_loss           | 38.3        |
-----------------------------------------
-----------------------------------------
| manipularl/             |             |
|    collision_rate       | 0.32        |
|    grasp_curriculum     | 0           |
|    grasp_failure_rate   | 0.746       |
|    insert_depth_mean    | 0           |
|    obstacle_range_hi    | 5           |
|    obstacle_range_lo    | 2           |
|    success_rate         | 0.63        |
| rollout/                |             |
|    ep_len_mean          | 140         |
|    ep_rew_mean          | 19.5        |
| time/                   |             |
|    fps                  | 1095        |
|    iterations           | 211         |
|    time_elapsed         | 1577        |
|    total_timesteps      | 1728512     |
| train/                  |             |
|    approx_kl            | 0.050317273 |
|    clip_fraction        | 0.339       |
|    clip_range           | 0.2         |
|    entropy_loss         | -17.5       |
|    explained_variance   | 0.884       |
|    learning_rate        | 0.0003      |
|    loss                 | 11          |
|    n_updates            | 12320       |
|    policy_gradient_loss | -0.0503     |
|    std                  | 2.81        |
|    value_loss           | 46.9        |
-----------------------------------------
-----------------------------------------
| manipularl/             |             |
|    collision_rate       | 0.39        |
|    grasp_curriculum     | 0           |
|    grasp_failure_rate   | 0.741       |
|    insert_depth_mean    | 0           |
|    obstacle_range_hi    | 5           |
|    obstacle_range_lo    | 2           |
|    success_rate         | 0.58        |
| rollout/                |             |
|    ep_len_mean          | 144         |
|    ep_rew_mean          | 19          |
| time/                   |             |
|    fps                  | 1096        |
|    iterations           | 212         |
|    time_elapsed         | 1584        |
|    total_timesteps      | 1736704     |
| train/                  |             |
|    approx_kl            | 0.059005935 |
|    clip_fraction        | 0.33        |
|    clip_range           | 0.2         |
|    entropy_loss         | -17.5       |
|    explained_variance   | 0.917       |
|    learning_rate        | 0.0003      |
|    loss                 | 8.88        |
|    n_updates            | 12330       |
|    policy_gradient_loss | -0.0608     |
|    std                  | 2.81        |
|    value_loss           | 34.9        |
-----------------------------------------
----------------------------------------
| manipularl/             |            |
|    collision_rate       | 0.37       |
|    grasp_curriculum     | 0          |
|    grasp_failure_rate   | 0.779      |
|    insert_depth_mean    | 0          |
|    obstacle_range_hi    | 5          |
|    obstacle_range_lo    | 2          |
|    success_rate         | 0.59       |
| rollout/                |            |
|    ep_len_mean          | 132        |
|    ep_rew_mean          | 9.49       |
| time/                   |            |
|    fps                  | 1096       |
|    iterations           | 213        |
|    time_elapsed         | 1590       |
|    total_timesteps      | 1744896    |
| train/                  |            |
|    approx_kl            | 0.04590909 |
|    clip_fraction        | 0.322      |
|    clip_range           | 0.2        |
|    entropy_loss         | -17.5      |
|    explained_variance   | 0.888      |
|    learning_rate        | 0.0003     |
|    loss                 | 13.5       |
|    n_updates            | 12340      |
|    policy_gradient_loss | -0.0567    |
|    std                  | 2.81       |
|    value_loss           | 52.9       |
----------------------------------------
Eval num_timesteps=1750000, episode_reward=40.20 +/- 53.40
Episode length: 94.25 +/- 108.89
----------------------------------------
| eval/                   |            |
|    mean_ep_length       | 94.2       |
|    mean_reward          | 40.2       |
| manipularl/             |            |
|    collision_rate       | 0.34       |
|    grasp_curriculum     | 0          |
|    grasp_failure_rate   | 0.819      |
|    insert_depth_mean    | 0          |
|    obstacle_range_hi    | 5          |
|    obstacle_range_lo    | 2          |
|    success_rate         | 0.63       |
| time/                   |            |
|    total_timesteps      | 1750000    |
| train/                  |            |
|    approx_kl            | 0.04758323 |
|    clip_fraction        | 0.317      |
|    clip_range           | 0.2        |
|    entropy_loss         | -17.5      |
|    explained_variance   | 0.95       |
|    learning_rate        | 0.0003     |
|    loss                 | 12         |
|    n_updates            | 12350      |
|    policy_gradient_loss | -0.0632    |
|    std                  | 2.82       |
|    value_loss           | 50.9       |
----------------------------------------
------------------------------------
| manipularl/           |          |
|    collision_rate     | 0.38     |
|    grasp_curriculum   | 0        |
|    grasp_failure_rate | 0.817    |
|    insert_depth_mean  | 0        |
|    obstacle_range_hi  | 5        |
|    obstacle_range_lo  | 2        |
|    success_rate       | 0.57     |
| rollout/              |          |
|    ep_len_mean        | 123      |
|    ep_rew_mean        | 9.73     |
| time/                 |          |
|    fps                | 1093     |
|    iterations         | 214      |
|    time_elapsed       | 1602     |
|    total_timesteps    | 1753088  |
------------------------------------
-----------------------------------------
| manipularl/             |             |
|    collision_rate       | 0.31        |
|    grasp_curriculum     | 0           |
|    grasp_failure_rate   | 0.768       |
|    insert_depth_mean    | 0           |
|    obstacle_range_hi    | 5           |
|    obstacle_range_lo    | 2           |
|    success_rate         | 0.61        |
| rollout/                |             |
|    ep_len_mean          | 130         |
|    ep_rew_mean          | 25.4        |
| time/                   |             |
|    fps                  | 1094        |
|    iterations           | 215         |
|    time_elapsed         | 1609        |
|    total_timesteps      | 1761280     |
| train/                  |             |
|    approx_kl            | 0.050340146 |
|    clip_fraction        | 0.326       |
|    clip_range           | 0.2         |
|    entropy_loss         | -17.6       |
|    explained_variance   | 0.858       |
|    learning_rate        | 0.0003      |
|    loss                 | 13.4        |
|    n_updates            | 12360       |
|    policy_gradient_loss | -0.0669     |
|    std                  | 2.83        |
|    value_loss           | 48          |
-----------------------------------------
-----------------------------------------
| manipularl/             |             |
|    collision_rate       | 0.29        |
|    grasp_curriculum     | 0           |
|    grasp_failure_rate   | 0.75        |
|    insert_depth_mean    | 0           |
|    obstacle_range_hi    | 5           |
|    obstacle_range_lo    | 2           |
|    success_rate         | 0.64        |
| rollout/                |             |
|    ep_len_mean          | 115         |
|    ep_rew_mean          | 31.8        |
| time/                   |             |
|    fps                  | 1094        |
|    iterations           | 216         |
|    time_elapsed         | 1616        |
|    total_timesteps      | 1769472     |
| train/                  |             |
|    approx_kl            | 0.058603115 |
|    clip_fraction        | 0.332       |
|    clip_range           | 0.2         |
|    entropy_loss         | -17.6       |
|    explained_variance   | 0.851       |
|    learning_rate        | 0.0003      |
|    loss                 | 10.3        |
|    n_updates            | 12370       |
|    policy_gradient_loss | -0.0677     |
|    std                  | 2.83        |
|    value_loss           | 44.2        |
-----------------------------------------
----------------------------------------
| manipularl/             |            |
|    collision_rate       | 0.33       |
|    grasp_curriculum     | 0          |
|    grasp_failure_rate   | 0.746      |
|    insert_depth_mean    | 0          |
|    obstacle_range_hi    | 5          |
|    obstacle_range_lo    | 2          |
|    success_rate         | 0.58       |
| rollout/                |            |
|    ep_len_mean          | 130        |
|    ep_rew_mean          | 17.1       |
| time/                   |            |
|    fps                  | 1095       |
|    iterations           | 217        |
|    time_elapsed         | 1622       |
|    total_timesteps      | 1777664    |
| train/                  |            |
|    approx_kl            | 0.07558621 |
|    clip_fraction        | 0.372      |
|    clip_range           | 0.2        |
|    entropy_loss         | -17.6      |
|    explained_variance   | 0.931      |
|    learning_rate        | 0.0003     |
|    loss                 | 8.02       |
|    n_updates            | 12380      |
|    policy_gradient_loss | -0.0669    |
|    std                  | 2.83       |
|    value_loss           | 32.4       |
----------------------------------------
-----------------------------------------
| manipularl/             |             |
|    collision_rate       | 0.35        |
|    grasp_curriculum     | 0           |
|    grasp_failure_rate   | 0.698       |
|    insert_depth_mean    | 0           |
|    obstacle_range_hi    | 5           |
|    obstacle_range_lo    | 2           |
|    success_rate         | 0.58        |
| rollout/                |             |
|    ep_len_mean          | 130         |
|    ep_rew_mean          | 9.63        |
| time/                   |             |
|    fps                  | 1096        |
|    iterations           | 218         |
|    time_elapsed         | 1629        |
|    total_timesteps      | 1785856     |
| train/                  |             |
|    approx_kl            | 0.047884785 |
|    clip_fraction        | 0.297       |
|    clip_range           | 0.2         |
|    entropy_loss         | -17.6       |
|    explained_variance   | 0.788       |
|    learning_rate        | 0.0003      |
|    loss                 | 13.5        |
|    n_updates            | 12390       |
|    policy_gradient_loss | -0.0545     |
|    std                  | 2.84        |
|    value_loss           | 54.7        |
-----------------------------------------
----------------------------------------
| manipularl/             |            |
|    collision_rate       | 0.36       |
|    grasp_curriculum     | 0          |
|    grasp_failure_rate   | 0.773      |
|    insert_depth_mean    | 0          |
|    obstacle_range_hi    | 5          |
|    obstacle_range_lo    | 2          |
|    success_rate         | 0.58       |
| rollout/                |            |
|    ep_len_mean          | 141        |
|    ep_rew_mean          | -15.1      |
| time/                   |            |
|    fps                  | 1096       |
|    iterations           | 219        |
|    time_elapsed         | 1636       |
|    total_timesteps      | 1794048    |
| train/                  |            |
|    approx_kl            | 0.05285512 |
|    clip_fraction        | 0.303      |
|    clip_range           | 0.2        |
|    entropy_loss         | -17.5      |
|    explained_variance   | 0.83       |
|    learning_rate        | 0.0003     |
|    loss                 | 12.4       |
|    n_updates            | 12400      |
|    policy_gradient_loss | -0.0415    |
|    std                  | 2.84       |
|    value_loss           | 56.3       |
----------------------------------------
----------------------------------------
| manipularl/             |            |
|    collision_rate       | 0.28       |
|    grasp_curriculum     | 0          |
|    grasp_failure_rate   | 0.729      |
|    insert_depth_mean    | 0          |
|    obstacle_range_hi    | 5          |
|    obstacle_range_lo    | 2          |
|    success_rate         | 0.69       |
| rollout/                |            |
|    ep_len_mean          | 113        |
|    ep_rew_mean          | 21.7       |
| time/                   |            |
|    fps                  | 1097       |
|    iterations           | 220        |
|    time_elapsed         | 1642       |
|    total_timesteps      | 1802240    |
| train/                  |            |
|    approx_kl            | 0.04769994 |
|    clip_fraction        | 0.375      |
|    clip_range           | 0.2        |
|    entropy_loss         | -17.5      |
|    explained_variance   | 0.922      |
|    learning_rate        | 0.0003     |
|    loss                 | 14.5       |
|    n_updates            | 12410      |
|    policy_gradient_loss | -0.0377    |
|    std                  | 2.84       |
|    value_loss           | 57.5       |
----------------------------------------
-----------------------------------------
| manipularl/             |             |
|    collision_rate       | 0.25        |
|    grasp_curriculum     | 0           |
|    grasp_failure_rate   | 0.729       |
|    insert_depth_mean    | 0           |
|    obstacle_range_hi    | 5           |
|    obstacle_range_lo    | 2           |
|    success_rate         | 0.65        |
| rollout/                |             |
|    ep_len_mean          | 113         |
|    ep_rew_mean          | 30.7        |
| time/                   |             |
|    fps                  | 1097        |
|    iterations           | 221         |
|    time_elapsed         | 1649        |
|    total_timesteps      | 1810432     |
| train/                  |             |
|    approx_kl            | 0.061217137 |
|    clip_fraction        | 0.374       |
|    clip_range           | 0.2         |
|    entropy_loss         | -17.6       |
|    explained_variance   | 0.822       |
|    learning_rate        | 0.0003      |
|    loss                 | 16.9        |
|    n_updates            | 12420       |
|    policy_gradient_loss | -0.064      |
|    std                  | 2.85        |
|    value_loss           | 57.5        |
-----------------------------------------
-----------------------------------------
| manipularl/             |             |
|    collision_rate       | 0.28        |
|    grasp_curriculum     | 0           |
|    grasp_failure_rate   | 0.737       |
|    insert_depth_mean    | 0           |
|    obstacle_range_hi    | 5           |
|    obstacle_range_lo    | 2           |
|    success_rate         | 0.62        |
| rollout/                |             |
|    ep_len_mean          | 122         |
|    ep_rew_mean          | 27.1        |
| time/                   |             |
|    fps                  | 1098        |
|    iterations           | 222         |
|    time_elapsed         | 1655        |
|    total_timesteps      | 1818624     |
| train/                  |             |
|    approx_kl            | 0.055526514 |
|    clip_fraction        | 0.326       |
|    clip_range           | 0.2         |
|    entropy_loss         | -17.6       |
|    explained_variance   | 0.892       |
|    learning_rate        | 0.0003      |
|    loss                 | 12.8        |
|    n_updates            | 12430       |
|    policy_gradient_loss | -0.0628     |
|    std                  | 2.85        |
|    value_loss           | 41.8        |
-----------------------------------------
-----------------------------------------
| manipularl/             |             |
|    collision_rate       | 0.29        |
|    grasp_curriculum     | 0           |
|    grasp_failure_rate   | 0.752       |
|    insert_depth_mean    | 0           |
|    obstacle_range_hi    | 5           |
|    obstacle_range_lo    | 2           |
|    success_rate         | 0.64        |
| rollout/                |             |
|    ep_len_mean          | 123         |
|    ep_rew_mean          | 22.6        |
| time/                   |             |
|    fps                  | 1098        |
|    iterations           | 223         |
|    time_elapsed         | 1662        |
|    total_timesteps      | 1826816     |
| train/                  |             |
|    approx_kl            | 0.053948976 |
|    clip_fraction        | 0.325       |
|    clip_range           | 0.2         |
|    entropy_loss         | -17.6       |
|    explained_variance   | 0.863       |
|    learning_rate        | 0.0003      |
|    loss                 | 15.2        |
|    n_updates            | 12440       |
|    policy_gradient_loss | -0.0628     |
|    std                  | 2.85        |
|    value_loss           | 53          |
-----------------------------------------
----------------------------------------
| manipularl/             |            |
|    collision_rate       | 0.23       |
|    grasp_curriculum     | 0          |
|    grasp_failure_rate   | 0.782      |
|    insert_depth_mean    | 0          |
|    obstacle_range_hi    | 5          |
|    obstacle_range_lo    | 2          |
|    success_rate         | 0.72       |
| rollout/                |            |
|    ep_len_mean          | 119        |
|    ep_rew_mean          | 15         |
| time/                   |            |
|    fps                  | 1099       |
|    iterations           | 224        |
|    time_elapsed         | 1668       |
|    total_timesteps      | 1835008    |
| train/                  |            |
|    approx_kl            | 0.06502649 |
|    clip_fraction        | 0.335      |
|    clip_range           | 0.2        |
|    entropy_loss         | -17.6      |
|    explained_variance   | 0.952      |
|    learning_rate        | 0.0003     |
|    loss                 | 9.07       |
|    n_updates            | 12450      |
|    policy_gradient_loss | -0.0642    |
|    std                  | 2.86       |
|    value_loss           | 37.4       |
----------------------------------------
-----------------------------------------
| manipularl/             |             |
|    collision_rate       | 0.28        |
|    grasp_curriculum     | 0           |
|    grasp_failure_rate   | 0.754       |
|    insert_depth_mean    | 0           |
|    obstacle_range_hi    | 5           |
|    obstacle_range_lo    | 2           |
|    success_rate         | 0.67        |
| rollout/                |             |
|    ep_len_mean          | 122         |
|    ep_rew_mean          | 21.9        |
| time/                   |             |
|    fps                  | 1100        |
|    iterations           | 225         |
|    time_elapsed         | 1675        |
|    total_timesteps      | 1843200     |
| train/                  |             |
|    approx_kl            | 0.048009954 |
|    clip_fraction        | 0.329       |
|    clip_range           | 0.2         |
|    entropy_loss         | -17.6       |
|    explained_variance   | 0.91        |
|    learning_rate        | 0.0003      |
|    loss                 | 13.7        |
|    n_updates            | 12460       |
|    policy_gradient_loss | -0.0487     |
|    std                  | 2.86        |
|    value_loss           | 52.2        |
-----------------------------------------
-----------------------------------------
| manipularl/             |             |
|    collision_rate       | 0.29        |
|    grasp_curriculum     | 0           |
|    grasp_failure_rate   | 0.771       |
|    insert_depth_mean    | 0           |
|    obstacle_range_hi    | 5           |
|    obstacle_range_lo    | 2           |
|    success_rate         | 0.63        |
| rollout/                |             |
|    ep_len_mean          | 144         |
|    ep_rew_mean          | 14.2        |
| time/                   |             |
|    fps                  | 1100        |
|    iterations           | 226         |
|    time_elapsed         | 1682        |
|    total_timesteps      | 1851392     |
| train/                  |             |
|    approx_kl            | 0.048230134 |
|    clip_fraction        | 0.285       |
|    clip_range           | 0.2         |
|    entropy_loss         | -17.6       |
|    explained_variance   | 0.891       |
|    learning_rate        | 0.0003      |
|    loss                 | 13.1        |
|    n_updates            | 12470       |
|    policy_gradient_loss | -0.055      |
|    std                  | 2.87        |
|    value_loss           | 50.9        |
-----------------------------------------
-----------------------------------------
| manipularl/             |             |
|    collision_rate       | 0.24        |
|    grasp_curriculum     | 0           |
|    grasp_failure_rate   | 0.774       |
|    insert_depth_mean    | 0           |
|    obstacle_range_hi    | 5           |
|    obstacle_range_lo    | 2           |
|    success_rate         | 0.7         |
| rollout/                |             |
|    ep_len_mean          | 133         |
|    ep_rew_mean          | 25.4        |
| time/                   |             |
|    fps                  | 1101        |
|    iterations           | 227         |
|    time_elapsed         | 1688        |
|    total_timesteps      | 1859584     |
| train/                  |             |
|    approx_kl            | 0.051233396 |
|    clip_fraction        | 0.298       |
|    clip_range           | 0.2         |
|    entropy_loss         | -17.6       |
|    explained_variance   | 0.885       |
|    learning_rate        | 0.0003      |
|    loss                 | 9.79        |
|    n_updates            | 12480       |
|    policy_gradient_loss | -0.059      |
|    std                  | 2.87        |
|    value_loss           | 43.9        |
-----------------------------------------
-----------------------------------------
| manipularl/             |             |
|    collision_rate       | 0.29        |
|    grasp_curriculum     | 0           |
|    grasp_failure_rate   | 0.771       |
|    insert_depth_mean    | 0           |
|    obstacle_range_hi    | 5           |
|    obstacle_range_lo    | 2           |
|    success_rate         | 0.67        |
| rollout/                |             |
|    ep_len_mean          | 130         |
|    ep_rew_mean          | 18.3        |
| time/                   |             |
|    fps                  | 1101        |
|    iterations           | 228         |
|    time_elapsed         | 1695        |
|    total_timesteps      | 1867776     |
| train/                  |             |
|    approx_kl            | 0.049657874 |
|    clip_fraction        | 0.304       |
|    clip_range           | 0.2         |
|    entropy_loss         | -17.6       |
|    explained_variance   | 0.861       |
|    learning_rate        | 0.0003      |
|    loss                 | 12.8        |
|    n_updates            | 12490       |
|    policy_gradient_loss | -0.06       |
|    std                  | 2.87        |
|    value_loss           | 52.8        |
-----------------------------------------
-----------------------------------------
| manipularl/             |             |
|    collision_rate       | 0.29        |
|    grasp_curriculum     | 0           |
|    grasp_failure_rate   | 0.774       |
|    insert_depth_mean    | 0           |
|    obstacle_range_hi    | 5           |
|    obstacle_range_lo    | 2           |
|    success_rate         | 0.66        |
| rollout/                |             |
|    ep_len_mean          | 129         |
|    ep_rew_mean          | 17.7        |
| time/                   |             |
|    fps                  | 1101        |
|    iterations           | 229         |
|    time_elapsed         | 1703        |
|    total_timesteps      | 1875968     |
| train/                  |             |
|    approx_kl            | 0.060508206 |
|    clip_fraction        | 0.309       |
|    clip_range           | 0.2         |
|    entropy_loss         | -17.6       |
|    explained_variance   | 0.934       |
|    learning_rate        | 0.0003      |
|    loss                 | 10.3        |
|    n_updates            | 12500       |
|    policy_gradient_loss | -0.0535     |
|    std                  | 2.88        |
|    value_loss           | 38.5        |
-----------------------------------------
---------------------------------------
| manipularl/             |           |
|    collision_rate       | 0.3       |
|    grasp_curriculum     | 0         |
|    grasp_failure_rate   | 0.783     |
|    insert_depth_mean    | 0         |
|    obstacle_range_hi    | 5         |
|    obstacle_range_lo    | 2         |
|    success_rate         | 0.66      |
| rollout/                |           |
|    ep_len_mean          | 138       |
|    ep_rew_mean          | 7.09      |
| time/                   |           |
|    fps                  | 1100      |
|    iterations           | 230       |
|    time_elapsed         | 1711      |
|    total_timesteps      | 1884160   |
| train/                  |           |
|    approx_kl            | 0.0605648 |
|    clip_fraction        | 0.374     |
|    clip_range           | 0.2       |
|    entropy_loss         | -17.6     |
|    explained_variance   | 0.928     |
|    learning_rate        | 0.0003    |
|    loss                 | 11.1      |
|    n_updates            | 12510     |
|    policy_gradient_loss | -0.0527   |
|    std                  | 2.88      |
|    value_loss           | 42.8      |
---------------------------------------
-----------------------------------------
| manipularl/             |             |
|    collision_rate       | 0.26        |
|    grasp_curriculum     | 0           |
|    grasp_failure_rate   | 0.753       |
|    insert_depth_mean    | 0           |
|    obstacle_range_hi    | 5           |
|    obstacle_range_lo    | 2           |
|    success_rate         | 0.69        |
| rollout/                |             |
|    ep_len_mean          | 122         |
|    ep_rew_mean          | 8.6         |
| time/                   |             |
|    fps                  | 1100        |
|    iterations           | 231         |
|    time_elapsed         | 1719        |
|    total_timesteps      | 1892352     |
| train/                  |             |
|    approx_kl            | 0.053924106 |
|    clip_fraction        | 0.335       |
|    clip_range           | 0.2         |
|    entropy_loss         | -17.6       |
|    explained_variance   | 0.952       |
|    learning_rate        | 0.0003      |
|    loss                 | 12.3        |
|    n_updates            | 12520       |
|    policy_gradient_loss | -0.0505     |
|    std                  | 2.89        |
|    value_loss           | 44.9        |
-----------------------------------------
-----------------------------------------
| manipularl/             |             |
|    collision_rate       | 0.32        |
|    grasp_curriculum     | 0           |
|    grasp_failure_rate   | 0.736       |
|    insert_depth_mean    | 0           |
|    obstacle_range_hi    | 5           |
|    obstacle_range_lo    | 2           |
|    success_rate         | 0.62        |
| rollout/                |             |
|    ep_len_mean          | 137         |
|    ep_rew_mean          | 12.1        |
| time/                   |             |
|    fps                  | 1100        |
|    iterations           | 232         |
|    time_elapsed         | 1726        |
|    total_timesteps      | 1900544     |
| train/                  |             |
|    approx_kl            | 0.058807507 |
|    clip_fraction        | 0.362       |
|    clip_range           | 0.2         |
|    entropy_loss         | -17.6       |
|    explained_variance   | 0.936       |
|    learning_rate        | 0.0003      |
|    loss                 | 11          |
|    n_updates            | 12530       |
|    policy_gradient_loss | -0.0617     |
|    std                  | 2.9         |
|    value_loss           | 45.3        |
-----------------------------------------
----------------------------------------
| manipularl/             |            |
|    collision_rate       | 0.33       |
|    grasp_curriculum     | 0          |
|    grasp_failure_rate   | 0.715      |
|    insert_depth_mean    | 0          |
|    obstacle_range_hi    | 5          |
|    obstacle_range_lo    | 2          |
|    success_rate         | 0.64       |
| rollout/                |            |
|    ep_len_mean          | 116        |
|    ep_rew_mean          | 21.5       |
| time/                   |            |
|    fps                  | 1100       |
|    iterations           | 233        |
|    time_elapsed         | 1733       |
|    total_timesteps      | 1908736    |
| train/                  |            |
|    approx_kl            | 0.05335672 |
|    clip_fraction        | 0.345      |
|    clip_range           | 0.2        |
|    entropy_loss         | -17.6      |
|    explained_variance   | 0.946      |
|    learning_rate        | 0.0003     |
|    loss                 | 13.4       |
|    n_updates            | 12540      |
|    policy_gradient_loss | -0.0629    |
|    std                  | 2.9        |
|    value_loss           | 49.6       |
----------------------------------------
----------------------------------------
| manipularl/             |            |
|    collision_rate       | 0.28       |
|    grasp_curriculum     | 0          |
|    grasp_failure_rate   | 0.707      |
|    insert_depth_mean    | 0          |
|    obstacle_range_hi    | 5          |
|    obstacle_range_lo    | 2          |
|    success_rate         | 0.67       |
| rollout/                |            |
|    ep_len_mean          | 111        |
|    ep_rew_mean          | 34.7       |
| time/                   |            |
|    fps                  | 1101       |
|    iterations           | 234        |
|    time_elapsed         | 1740       |
|    total_timesteps      | 1916928    |
| train/                  |            |
|    approx_kl            | 0.05551998 |
|    clip_fraction        | 0.33       |
|    clip_range           | 0.2        |
|    entropy_loss         | -17.6      |
|    explained_variance   | 0.865      |
|    learning_rate        | 0.0003     |
|    loss                 | 12.9       |
|    n_updates            | 12550      |
|    policy_gradient_loss | -0.0624    |
|    std                  | 2.9        |
|    value_loss           | 51         |
----------------------------------------
----------------------------------------
| manipularl/             |            |
|    collision_rate       | 0.25       |
|    grasp_curriculum     | 0          |
|    grasp_failure_rate   | 0.701      |
|    insert_depth_mean    | 0          |
|    obstacle_range_hi    | 5          |
|    obstacle_range_lo    | 2          |
|    success_rate         | 0.72       |
| rollout/                |            |
|    ep_len_mean          | 113        |
|    ep_rew_mean          | 36         |
| time/                   |            |
|    fps                  | 1101       |
|    iterations           | 235        |
|    time_elapsed         | 1748       |
|    total_timesteps      | 1925120    |
| train/                  |            |
|    approx_kl            | 0.05986037 |
|    clip_fraction        | 0.348      |
|    clip_range           | 0.2        |
|    entropy_loss         | -17.6      |
|    explained_variance   | 0.845      |
|    learning_rate        | 0.0003     |
|    loss                 | 13.1       |
|    n_updates            | 12560      |
|    policy_gradient_loss | -0.0617    |
|    std                  | 2.91       |
|    value_loss           | 46.2       |
----------------------------------------
----------------------------------------
| manipularl/             |            |
|    collision_rate       | 0.35       |
|    grasp_curriculum     | 0          |
|    grasp_failure_rate   | 0.725      |
|    insert_depth_mean    | 0          |
|    obstacle_range_hi    | 5          |
|    obstacle_range_lo    | 2          |
|    success_rate         | 0.62       |
| rollout/                |            |
|    ep_len_mean          | 115        |
|    ep_rew_mean          | 23.5       |
| time/                   |            |
|    fps                  | 1100       |
|    iterations           | 236        |
|    time_elapsed         | 1756       |
|    total_timesteps      | 1933312    |
| train/                  |            |
|    approx_kl            | 0.08430387 |
|    clip_fraction        | 0.383      |
|    clip_range           | 0.2        |
|    entropy_loss         | -17.6      |
|    explained_variance   | 0.923      |
|    learning_rate        | 0.0003     |
|    loss                 | 9.08       |
|    n_updates            | 12570      |
|    policy_gradient_loss | -0.0681    |
|    std                  | 2.92       |
|    value_loss           | 34.4       |
----------------------------------------
----------------------------------------
| manipularl/             |            |
|    collision_rate       | 0.31       |
|    grasp_curriculum     | 0          |
|    grasp_failure_rate   | 0.734      |
|    insert_depth_mean    | 0          |
|    obstacle_range_hi    | 5          |
|    obstacle_range_lo    | 2          |
|    success_rate         | 0.66       |
| rollout/                |            |
|    ep_len_mean          | 103        |
|    ep_rew_mean          | 31.5       |
| time/                   |            |
|    fps                  | 1100       |
|    iterations           | 237        |
|    time_elapsed         | 1764       |
|    total_timesteps      | 1941504    |
| train/                  |            |
|    approx_kl            | 0.07021357 |
|    clip_fraction        | 0.35       |
|    clip_range           | 0.2        |
|    entropy_loss         | -17.6      |
|    explained_variance   | 0.877      |
|    learning_rate        | 0.0003     |
|    loss                 | 11.9       |
|    n_updates            | 12580      |
|    policy_gradient_loss | -0.0637    |
|    std                  | 2.92       |
|    value_loss           | 44.8       |
----------------------------------------
-----------------------------------------
| manipularl/             |             |
|    collision_rate       | 0.37        |
|    grasp_curriculum     | 0           |
|    grasp_failure_rate   | 0.712       |
|    insert_depth_mean    | 0           |
|    obstacle_range_hi    | 5           |
|    obstacle_range_lo    | 2           |
|    success_rate         | 0.56        |
| rollout/                |             |
|    ep_len_mean          | 122         |
|    ep_rew_mean          | 27.5        |
| time/                   |             |
|    fps                  | 1100        |
|    iterations           | 238         |
|    time_elapsed         | 1771        |
|    total_timesteps      | 1949696     |
| train/                  |             |
|    approx_kl            | 0.061934844 |
|    clip_fraction        | 0.35        |
|    clip_range           | 0.2         |
|    entropy_loss         | -17.6       |
|    explained_variance   | 0.863       |
|    learning_rate        | 0.0003      |
|    loss                 | 15          |
|    n_updates            | 12590       |
|    policy_gradient_loss | -0.0642     |
|    std                  | 2.92        |
|    value_loss           | 49.4        |
-----------------------------------------
----------------------------------------
| manipularl/             |            |
|    collision_rate       | 0.33       |
|    grasp_curriculum     | 0          |
|    grasp_failure_rate   | 0.735      |
|    insert_depth_mean    | 0          |
|    obstacle_range_hi    | 5          |
|    obstacle_range_lo    | 2          |
|    success_rate         | 0.63       |
| rollout/                |            |
|    ep_len_mean          | 104        |
|    ep_rew_mean          | 30.8       |
| time/                   |            |
|    fps                  | 1100       |
|    iterations           | 239        |
|    time_elapsed         | 1778       |
|    total_timesteps      | 1957888    |
| train/                  |            |
|    approx_kl            | 0.05424225 |
|    clip_fraction        | 0.332      |
|    clip_range           | 0.2        |
|    entropy_loss         | -17.6      |
|    explained_variance   | 0.804      |
|    learning_rate        | 0.0003     |
|    loss                 | 12.2       |
|    n_updates            | 12600      |
|    policy_gradient_loss | -0.0616    |
|    std                  | 2.93       |
|    value_loss           | 44.8       |
----------------------------------------
-----------------------------------------
| manipularl/             |             |
|    collision_rate       | 0.33        |
|    grasp_curriculum     | 0           |
|    grasp_failure_rate   | 0.719       |
|    insert_depth_mean    | 0           |
|    obstacle_range_hi    | 5           |
|    obstacle_range_lo    | 2           |
|    success_rate         | 0.65        |
| rollout/                |             |
|    ep_len_mean          | 114         |
|    ep_rew_mean          | 25.2        |
| time/                   |             |
|    fps                  | 1101        |
|    iterations           | 240         |
|    time_elapsed         | 1785        |
|    total_timesteps      | 1966080     |
| train/                  |             |
|    approx_kl            | 0.050652903 |
|    clip_fraction        | 0.326       |
|    clip_range           | 0.2         |
|    entropy_loss         | -17.6       |
|    explained_variance   | 0.91        |
|    learning_rate        | 0.0003      |
|    loss                 | 16.4        |
|    n_updates            | 12610       |
|    policy_gradient_loss | -0.0628     |
|    std                  | 2.93        |
|    value_loss           | 56.4        |
-----------------------------------------
----------------------------------------
| manipularl/             |            |
|    collision_rate       | 0.31       |
|    grasp_curriculum     | 0          |
|    grasp_failure_rate   | 0.721      |
|    insert_depth_mean    | 0          |
|    obstacle_range_hi    | 5          |
|    obstacle_range_lo    | 2          |
|    success_rate         | 0.63       |
| rollout/                |            |
|    ep_len_mean          | 123        |
|    ep_rew_mean          | 25.8       |
| time/                   |            |
|    fps                  | 1101       |
|    iterations           | 241        |
|    time_elapsed         | 1792       |
|    total_timesteps      | 1974272    |
| train/                  |            |
|    approx_kl            | 0.07153086 |
|    clip_fraction        | 0.373      |
|    clip_range           | 0.2        |
|    entropy_loss         | -17.6      |
|    explained_variance   | 0.865      |
|    learning_rate        | 0.0003     |
|    loss                 | 9.1        |
|    n_updates            | 12620      |
|    policy_gradient_loss | -0.069     |
|    std                  | 2.93       |
|    value_loss           | 33.7       |
----------------------------------------
-----------------------------------------
| manipularl/             |             |
|    collision_rate       | 0.24        |
|    grasp_curriculum     | 0           |
|    grasp_failure_rate   | 0.74        |
|    insert_depth_mean    | 0           |
|    obstacle_range_hi    | 5           |
|    obstacle_range_lo    | 2           |
|    success_rate         | 0.74        |
| rollout/                |             |
|    ep_len_mean          | 97.1        |
|    ep_rew_mean          | 40.1        |
| time/                   |             |
|    fps                  | 1101        |
|    iterations           | 242         |
|    time_elapsed         | 1799        |
|    total_timesteps      | 1982464     |
| train/                  |             |
|    approx_kl            | 0.046361998 |
|    clip_fraction        | 0.334       |
|    clip_range           | 0.2         |
|    entropy_loss         | -17.6       |
|    explained_variance   | 0.823       |
|    learning_rate        | 0.0003      |
|    loss                 | 13.8        |
|    n_updates            | 12630       |
|    policy_gradient_loss | -0.0525     |
|    std                  | 2.94        |
|    value_loss           | 54.1        |
-----------------------------------------
----------------------------------------
| manipularl/             |            |
|    collision_rate       | 0.31       |
|    grasp_curriculum     | 0          |
|    grasp_failure_rate   | 0.744      |
|    insert_depth_mean    | 0          |
|    obstacle_range_hi    | 5          |
|    obstacle_range_lo    | 2          |
|    success_rate         | 0.63       |
| rollout/                |            |
|    ep_len_mean          | 100        |
|    ep_rew_mean          | 32.4       |
| time/                   |            |
|    fps                  | 1101       |
|    iterations           | 243        |
|    time_elapsed         | 1806       |
|    total_timesteps      | 1990656    |
| train/                  |            |
|    approx_kl            | 0.06081938 |
|    clip_fraction        | 0.335      |
|    clip_range           | 0.2        |
|    entropy_loss         | -17.6      |
|    explained_variance   | 0.82       |
|    learning_rate        | 0.0003     |
|    loss                 | 14.7       |
|    n_updates            | 12640      |
|    policy_gradient_loss | -0.0645    |
|    std                  | 2.95       |
|    value_loss           | 52.2       |
----------------------------------------
----------------------------------------
| manipularl/             |            |
|    collision_rate       | 0.28       |
|    grasp_curriculum     | 0          |
|    grasp_failure_rate   | 0.702      |
|    insert_depth_mean    | 0          |
|    obstacle_range_hi    | 5          |
|    obstacle_range_lo    | 2          |
|    success_rate         | 0.66       |
| rollout/                |            |
|    ep_len_mean          | 112        |
|    ep_rew_mean          | 27.5       |
| time/                   |            |
|    fps                  | 1102       |
|    iterations           | 244        |
|    time_elapsed         | 1813       |
|    total_timesteps      | 1998848    |
| train/                  |            |
|    approx_kl            | 0.07149138 |
|    clip_fraction        | 0.382      |
|    clip_range           | 0.2        |
|    entropy_loss         | -17.6      |
|    explained_variance   | 0.894      |
|    learning_rate        | 0.0003     |
|    loss                 | 9.41       |
|    n_updates            | 12650      |
|    policy_gradient_loss | -0.0672    |
|    std                  | 2.96       |
|    value_loss           | 34.1       |
----------------------------------------
Eval num_timesteps=2000000, episode_reward=13.16 +/- 122.95
Episode length: 127.95 +/- 119.49
----------------------------------------
| eval/                   |            |
|    mean_ep_length       | 128        |
|    mean_reward          | 13.2       |
| manipularl/             |            |
|    collision_rate       | 0.27       |
|    grasp_curriculum     | 0          |
|    grasp_failure_rate   | 0.694      |
|    insert_depth_mean    | 0          |
|    obstacle_range_hi    | 5          |
|    obstacle_range_lo    | 2          |
|    success_rate         | 0.68       |
| time/                   |            |
|    total_timesteps      | 2000000    |
| train/                  |            |
|    approx_kl            | 0.07555965 |
|    clip_fraction        | 0.366      |
|    clip_range           | 0.2        |
|    entropy_loss         | -17.6      |
|    explained_variance   | 0.934      |
|    learning_rate        | 0.0003     |
|    loss                 | 7.15       |
|    n_updates            | 12660      |
|    policy_gradient_loss | -0.0617    |
|    std                  | 2.96       |
|    value_loss           | 33.4       |
----------------------------------------
------------------------------------
| manipularl/           |          |
|    collision_rate     | 0.27     |
|    grasp_curriculum   | 0        |
|    grasp_failure_rate | 0.665    |
|    insert_depth_mean  | 0        |
|    obstacle_range_hi  | 5        |
|    obstacle_range_lo  | 2        |
|    success_rate       | 0.69     |
| rollout/              |          |
|    ep_len_mean        | 107      |
|    ep_rew_mean        | 31.1     |
| time/                 |          |
|    fps                | 1098     |
|    iterations         | 245      |
|    time_elapsed       | 1826     |
|    total_timesteps    | 2007040  |
------------------------------------
----------------------------------------
| manipularl/             |            |
|    collision_rate       | 0.22       |
|    grasp_curriculum     | 0          |
|    grasp_failure_rate   | 0.683      |
|    insert_depth_mean    | 0          |
|    obstacle_range_hi    | 5          |
|    obstacle_range_lo    | 2          |
|    success_rate         | 0.75       |
| rollout/                |            |
|    ep_len_mean          | 102        |
|    ep_rew_mean          | 40.3       |
| time/                   |            |
|    fps                  | 1098       |
|    iterations           | 246        |
|    time_elapsed         | 1833       |
|    total_timesteps      | 2015232    |
| train/                  |            |
|    approx_kl            | 0.07223587 |
|    clip_fraction        | 0.383      |
|    clip_range           | 0.2        |
|    entropy_loss         | -17.6      |
|    explained_variance   | 0.884      |
|    learning_rate        | 0.0003     |
|    loss                 | 10.5       |
|    n_updates            | 12670      |
|    policy_gradient_loss | -0.0575    |
|    std                  | 2.95       |
|    value_loss           | 37.3       |
----------------------------------------
-----------------------------------------
| manipularl/             |             |
|    collision_rate       | 0.19        |
|    grasp_curriculum     | 0           |
|    grasp_failure_rate   | 0.707       |
|    insert_depth_mean    | 0           |
|    obstacle_range_hi    | 5           |
|    obstacle_range_lo    | 2           |
|    success_rate         | 0.74        |
| rollout/                |             |
|    ep_len_mean          | 110         |
|    ep_rew_mean          | 39          |
| time/                   |             |
|    fps                  | 1099        |
|    iterations           | 247         |
|    time_elapsed         | 1840        |
|    total_timesteps      | 2023424     |
| train/                  |             |
|    approx_kl            | 0.058416046 |
|    clip_fraction        | 0.349       |
|    clip_range           | 0.2         |
|    entropy_loss         | -17.6       |
|    explained_variance   | 0.828       |
|    learning_rate        | 0.0003      |
|    loss                 | 14.1        |
|    n_updates            | 12680       |
|    policy_gradient_loss | -0.0622     |
|    std                  | 2.96        |
|    value_loss           | 49.7        |
-----------------------------------------
--------------------------------------
| manipularl/             |          |
|    collision_rate       | 0.23     |
|    grasp_curriculum     | 0        |
|    grasp_failure_rate   | 0.725    |
|    insert_depth_mean    | 0        |
|    obstacle_range_hi    | 5        |
|    obstacle_range_lo    | 2        |
|    success_rate         | 0.72     |
| rollout/                |          |
|    ep_len_mean          | 110      |
|    ep_rew_mean          | 34.6     |
| time/                   |          |
|    fps                  | 1099     |
|    iterations           | 248      |
|    time_elapsed         | 1847     |
|    total_timesteps      | 2031616  |
| train/                  |          |
|    approx_kl            | 0.059023 |
|    clip_fraction        | 0.332    |
|    clip_range           | 0.2      |
|    entropy_loss         | -17.6    |
|    explained_variance   | 0.866    |
|    learning_rate        | 0.0003   |
|    loss                 | 10.6     |
|    n_updates            | 12690    |
|    policy_gradient_loss | -0.0628  |
|    std                  | 2.96     |
|    value_loss           | 41.1     |
--------------------------------------
----------------------------------------
| manipularl/             |            |
|    collision_rate       | 0.19       |
|    grasp_curriculum     | 0          |
|    grasp_failure_rate   | 0.706      |
|    insert_depth_mean    | 0          |
|    obstacle_range_hi    | 5          |
|    obstacle_range_lo    | 2          |
|    success_rate         | 0.75       |
| rollout/                |            |
|    ep_len_mean          | 108        |
|    ep_rew_mean          | 37.5       |
| time/                   |            |
|    fps                  | 1099       |
|    iterations           | 249        |
|    time_elapsed         | 1854       |
|    total_timesteps      | 2039808    |
| train/                  |            |
|    approx_kl            | 0.06897014 |
|    clip_fraction        | 0.378      |
|    clip_range           | 0.2        |
|    entropy_loss         | -17.6      |
|    explained_variance   | 0.863      |
|    learning_rate        | 0.0003     |
|    loss                 | 12.8       |
|    n_updates            | 12700      |
|    policy_gradient_loss | -0.0666    |
|    std                  | 2.96       |
|    value_loss           | 44.4       |
----------------------------------------
-----------------------------------------
| manipularl/             |             |
|    collision_rate       | 0.24        |
|    grasp_curriculum     | 0           |
|    grasp_failure_rate   | 0.723       |
|    insert_depth_mean    | 0           |
|    obstacle_range_hi    | 5           |
|    obstacle_range_lo    | 2           |
|    success_rate         | 0.72        |
| rollout/                |             |
|    ep_len_mean          | 101         |
|    ep_rew_mean          | 36.4        |
| time/                   |             |
|    fps                  | 1100        |
|    iterations           | 250         |
|    time_elapsed         | 1861        |
|    total_timesteps      | 2048000     |
| train/                  |             |
|    approx_kl            | 0.061164014 |
|    clip_fraction        | 0.359       |
|    clip_range           | 0.2         |
|    entropy_loss         | -17.6       |
|    explained_variance   | 0.88        |
|    learning_rate        | 0.0003      |
|    loss                 | 12.6        |
|    n_updates            | 12710       |
|    policy_gradient_loss | -0.0674     |
|    std                  | 2.97        |
|    value_loss           | 49.4        |
-----------------------------------------
----------------------------------------
| manipularl/             |            |
|    collision_rate       | 0.21       |
|    grasp_curriculum     | 0          |
|    grasp_failure_rate   | 0.764      |
|    insert_depth_mean    | 0          |
|    obstacle_range_hi    | 5          |
|    obstacle_range_lo    | 2          |
|    success_rate         | 0.74       |
| rollout/                |            |
|    ep_len_mean          | 97.1       |
|    ep_rew_mean          | 41.2       |
| time/                   |            |
|    fps                  | 1100       |
|    iterations           | 251        |
|    time_elapsed         | 1868       |
|    total_timesteps      | 2056192    |
| train/                  |            |
|    approx_kl            | 0.06445169 |
|    clip_fraction        | 0.37       |
|    clip_range           | 0.2        |
|    entropy_loss         | -17.6      |
|    explained_variance   | 0.851      |
|    learning_rate        | 0.0003     |
|    loss                 | 16.7       |
|    n_updates            | 12720      |
|    policy_gradient_loss | -0.068     |
|    std                  | 2.98       |
|    value_loss           | 48.7       |
----------------------------------------
-----------------------------------------
| manipularl/             |             |
|    collision_rate       | 0.24        |
|    grasp_curriculum     | 0           |
|    grasp_failure_rate   | 0.705       |
|    insert_depth_mean    | 0           |
|    obstacle_range_hi    | 5           |
|    obstacle_range_lo    | 2           |
|    success_rate         | 0.69        |
| rollout/                |             |
|    ep_len_mean          | 125         |
|    ep_rew_mean          | 32.9        |
| time/                   |             |
|    fps                  | 1100        |
|    iterations           | 252         |
|    time_elapsed         | 1875        |
|    total_timesteps      | 2064384     |
| train/                  |             |
|    approx_kl            | 0.072274305 |
|    clip_fraction        | 0.349       |
|    clip_range           | 0.2         |
|    entropy_loss         | -17.7       |
|    explained_variance   | 0.856       |
|    learning_rate        | 0.0003      |
|    loss                 | 12.7        |
|    n_updates            | 12730       |
|    policy_gradient_loss | -0.0599     |
|    std                  | 2.98        |
|    value_loss           | 48.3        |
-----------------------------------------
-----------------------------------------
| manipularl/             |             |
|    collision_rate       | 0.25        |
|    grasp_curriculum     | 0           |
|    grasp_failure_rate   | 0.713       |
|    insert_depth_mean    | 0           |
|    obstacle_range_hi    | 5           |
|    obstacle_range_lo    | 2           |
|    success_rate         | 0.69        |
| rollout/                |             |
|    ep_len_mean          | 119         |
|    ep_rew_mean          | 29.6        |
| time/                   |             |
|    fps                  | 1100        |
|    iterations           | 253         |
|    time_elapsed         | 1882        |
|    total_timesteps      | 2072576     |
| train/                  |             |
|    approx_kl            | 0.076632366 |
|    clip_fraction        | 0.39        |
|    clip_range           | 0.2         |
|    entropy_loss         | -17.6       |
|    explained_variance   | 0.84        |
|    learning_rate        | 0.0003      |
|    loss                 | 14.8        |
|    n_updates            | 12740       |
|    policy_gradient_loss | -0.0655     |
|    std                  | 2.98        |
|    value_loss           | 46.1        |
-----------------------------------------
----------------------------------------
| manipularl/             |            |
|    collision_rate       | 0.31       |
|    grasp_curriculum     | 0          |
|    grasp_failure_rate   | 0.762      |
|    insert_depth_mean    | 0          |
|    obstacle_range_hi    | 5          |
|    obstacle_range_lo    | 2          |
|    success_rate         | 0.67       |
| rollout/                |            |
|    ep_len_mean          | 81.1       |
|    ep_rew_mean          | 39         |
| time/                   |            |
|    fps                  | 1101       |
|    iterations           | 254        |
|    time_elapsed         | 1889       |
|    total_timesteps      | 2080768    |
| train/                  |            |
|    approx_kl            | 0.06669209 |
|    clip_fraction        | 0.377      |
|    clip_range           | 0.2        |
|    entropy_loss         | -17.6      |
|    explained_variance   | 0.873      |
|    learning_rate        | 0.0003     |
|    loss                 | 11.5       |
|    n_updates            | 12750      |
|    policy_gradient_loss | -0.0622    |
|    std                  | 2.99       |
|    value_loss           | 42.5       |
----------------------------------------
----------------------------------------
| manipularl/             |            |
|    collision_rate       | 0.4        |
|    grasp_curriculum     | 0          |
|    grasp_failure_rate   | 0.75       |
|    insert_depth_mean    | 0          |
|    obstacle_range_hi    | 5          |
|    obstacle_range_lo    | 2          |
|    success_rate         | 0.58       |
| rollout/                |            |
|    ep_len_mean          | 109        |
|    ep_rew_mean          | 17.6       |
| time/                   |            |
|    fps                  | 1101       |
|    iterations           | 255        |
|    time_elapsed         | 1896       |
|    total_timesteps      | 2088960    |
| train/                  |            |
|    approx_kl            | 0.06917907 |
|    clip_fraction        | 0.372      |
|    clip_range           | 0.2        |
|    entropy_loss         | -17.6      |
|    explained_variance   | 0.822      |
|    learning_rate        | 0.0003     |
|    loss                 | 14.6       |
|    n_updates            | 12760      |
|    policy_gradient_loss | -0.0701    |
|    std                  | 3          |
|    value_loss           | 51.7       |
----------------------------------------
---------------------------------------
| manipularl/             |           |
|    collision_rate       | 0.3       |
|    grasp_curriculum     | 0         |
|    grasp_failure_rate   | 0.724     |
|    insert_depth_mean    | 0         |
|    obstacle_range_hi    | 5         |
|    obstacle_range_lo    | 2         |
|    success_rate         | 0.67      |
| rollout/                |           |
|    ep_len_mean          | 104       |
|    ep_rew_mean          | 23.6      |
| time/                   |           |
|    fps                  | 1101      |
|    iterations           | 256       |
|    time_elapsed         | 1903      |
|    total_timesteps      | 2097152   |
| train/                  |           |
|    approx_kl            | 0.0578758 |
|    clip_fraction        | 0.306     |
|    clip_range           | 0.2       |
|    entropy_loss         | -17.7     |
|    explained_variance   | 0.86      |
|    learning_rate        | 0.0003    |
|    loss                 | 12.9      |
|    n_updates            | 12770     |
|    policy_gradient_loss | -0.0498   |
|    std                  | 3         |
|    value_loss           | 48.9      |
---------------------------------------
-----------------------------------------
| manipularl/             |             |
|    collision_rate       | 0.21        |
|    grasp_curriculum     | 0           |
|    grasp_failure_rate   | 0.713       |
|    insert_depth_mean    | 0           |
|    obstacle_range_hi    | 5           |
|    obstacle_range_lo    | 2           |
|    success_rate         | 0.68        |
| rollout/                |             |
|    ep_len_mean          | 124         |
|    ep_rew_mean          | 33.1        |
| time/                   |             |
|    fps                  | 1102        |
|    iterations           | 257         |
|    time_elapsed         | 1910        |
|    total_timesteps      | 2105344     |
| train/                  |             |
|    approx_kl            | 0.069623455 |
|    clip_fraction        | 0.383       |
|    clip_range           | 0.2         |
|    entropy_loss         | -17.7       |
|    explained_variance   | 0.857       |
|    learning_rate        | 0.0003      |
|    loss                 | 13.6        |
|    n_updates            | 12780       |
|    policy_gradient_loss | -0.0632     |
|    std                  | 3           |
|    value_loss           | 42.9        |
-----------------------------------------
----------------------------------------
| manipularl/             |            |
|    collision_rate       | 0.22       |
|    grasp_curriculum     | 0          |
|    grasp_failure_rate   | 0.727      |
|    insert_depth_mean    | 0          |
|    obstacle_range_hi    | 5          |
|    obstacle_range_lo    | 2          |
|    success_rate         | 0.65       |
| rollout/                |            |
|    ep_len_mean          | 126        |
|    ep_rew_mean          | 33.2       |
| time/                   |            |
|    fps                  | 1102       |
|    iterations           | 258        |
|    time_elapsed         | 1916       |
|    total_timesteps      | 2113536    |
| train/                  |            |
|    approx_kl            | 0.12630512 |
|    clip_fraction        | 0.465      |
|    clip_range           | 0.2        |
|    entropy_loss         | -17.7      |
|    explained_variance   | 0.896      |
|    learning_rate        | 0.0003     |
|    loss                 | 6.86       |
|    n_updates            | 12790      |
|    policy_gradient_loss | -0.0562    |
|    std                  | 3.01       |
|    value_loss           | 23.3       |
----------------------------------------
---------------------------------------
| manipularl/             |           |
|    collision_rate       | 0.2       |
|    grasp_curriculum     | 0         |
|    grasp_failure_rate   | 0.705     |
|    insert_depth_mean    | 0         |
|    obstacle_range_hi    | 5         |
|    obstacle_range_lo    | 2         |
|    success_rate         | 0.68      |
| rollout/                |           |
|    ep_len_mean          | 126       |
|    ep_rew_mean          | 33.7      |
| time/                   |           |
|    fps                  | 1102      |
|    iterations           | 259       |
|    time_elapsed         | 1924      |
|    total_timesteps      | 2121728   |
| train/                  |           |
|    approx_kl            | 0.0865769 |
|    clip_fraction        | 0.459     |
|    clip_range           | 0.2       |
|    entropy_loss         | -17.7     |
|    explained_variance   | 0.863     |
|    learning_rate        | 0.0003    |
|    loss                 | 11.4      |
|    n_updates            | 12800     |
|    policy_gradient_loss | -0.0608   |
|    std                  | 3.02      |
|    value_loss           | 37.9      |
---------------------------------------
----------------------------------------
| manipularl/             |            |
|    collision_rate       | 0.28       |
|    grasp_curriculum     | 0          |
|    grasp_failure_rate   | 0.722      |
|    insert_depth_mean    | 0          |
|    obstacle_range_hi    | 5          |
|    obstacle_range_lo    | 2          |
|    success_rate         | 0.63       |
| rollout/                |            |
|    ep_len_mean          | 131        |
|    ep_rew_mean          | 20.3       |
| time/                   |            |
|    fps                  | 1103       |
|    iterations           | 260        |
|    time_elapsed         | 1931       |
|    total_timesteps      | 2129920    |
| train/                  |            |
|    approx_kl            | 0.07804626 |
|    clip_fraction        | 0.39       |
|    clip_range           | 0.2        |
|    entropy_loss         | -17.7      |
|    explained_variance   | 0.895      |
|    learning_rate        | 0.0003     |
|    loss                 | 8.96       |
|    n_updates            | 12810      |
|    policy_gradient_loss | -0.06      |
|    std                  | 3.02       |
|    value_loss           | 32.1       |
----------------------------------------
----------------------------------------
| manipularl/             |            |
|    collision_rate       | 0.31       |
|    grasp_curriculum     | 0          |
|    grasp_failure_rate   | 0.745      |
|    insert_depth_mean    | 0          |
|    obstacle_range_hi    | 5          |
|    obstacle_range_lo    | 2          |
|    success_rate         | 0.63       |
| rollout/                |            |
|    ep_len_mean          | 136        |
|    ep_rew_mean          | 22         |
| time/                   |            |
|    fps                  | 1103       |
|    iterations           | 261        |
|    time_elapsed         | 1937       |
|    total_timesteps      | 2138112    |
| train/                  |            |
|    approx_kl            | 0.06277647 |
|    clip_fraction        | 0.364      |
|    clip_range           | 0.2        |
|    entropy_loss         | -17.7      |
|    explained_variance   | 0.885      |
|    learning_rate        | 0.0003     |
|    loss                 | 6.38       |
|    n_updates            | 12820      |
|    policy_gradient_loss | -0.0611    |
|    std                  | 3.03       |
|    value_loss           | 32.6       |
----------------------------------------
----------------------------------------
| manipularl/             |            |
|    collision_rate       | 0.25       |
|    grasp_curriculum     | 0          |
|    grasp_failure_rate   | 0.748      |
|    insert_depth_mean    | 0          |
|    obstacle_range_hi    | 5          |
|    obstacle_range_lo    | 2          |
|    success_rate         | 0.7        |
| rollout/                |            |
|    ep_len_mean          | 117        |
|    ep_rew_mean          | 29.3       |
| time/                   |            |
|    fps                  | 1103       |
|    iterations           | 262        |
|    time_elapsed         | 1944       |
|    total_timesteps      | 2146304    |
| train/                  |            |
|    approx_kl            | 0.06562139 |
|    clip_fraction        | 0.379      |
|    clip_range           | 0.2        |
|    entropy_loss         | -17.7      |
|    explained_variance   | 0.888      |
|    learning_rate        | 0.0003     |
|    loss                 | 10         |
|    n_updates            | 12830      |
|    policy_gradient_loss | -0.0596    |
|    std                  | 3.04       |
|    value_loss           | 39.2       |
----------------------------------------
-----------------------------------------
| manipularl/             |             |
|    collision_rate       | 0.28        |
|    grasp_curriculum     | 0           |
|    grasp_failure_rate   | 0.756       |
|    insert_depth_mean    | 0           |
|    obstacle_range_hi    | 5           |
|    obstacle_range_lo    | 2           |
|    success_rate         | 0.67        |
| rollout/                |             |
|    ep_len_mean          | 116         |
|    ep_rew_mean          | 29.5        |
| time/                   |             |
|    fps                  | 1103        |
|    iterations           | 263         |
|    time_elapsed         | 1952        |
|    total_timesteps      | 2154496     |
| train/                  |             |
|    approx_kl            | 0.062968396 |
|    clip_fraction        | 0.356       |
|    clip_range           | 0.2         |
|    entropy_loss         | -17.7       |
|    explained_variance   | 0.873       |
|    learning_rate        | 0.0003      |
|    loss                 | 14.1        |
|    n_updates            | 12840       |
|    policy_gradient_loss | -0.0615     |
|    std                  | 3.04        |
|    value_loss           | 42.9        |
-----------------------------------------
-----------------------------------------
| manipularl/             |             |
|    collision_rate       | 0.23        |
|    grasp_curriculum     | 0           |
|    grasp_failure_rate   | 0.756       |
|    insert_depth_mean    | 0           |
|    obstacle_range_hi    | 5           |
|    obstacle_range_lo    | 2           |
|    success_rate         | 0.72        |
| rollout/                |             |
|    ep_len_mean          | 114         |
|    ep_rew_mean          | 28.1        |
| time/                   |             |
|    fps                  | 1103        |
|    iterations           | 264         |
|    time_elapsed         | 1960        |
|    total_timesteps      | 2162688     |
| train/                  |             |
|    approx_kl            | 0.066831015 |
|    clip_fraction        | 0.374       |
|    clip_range           | 0.2         |
|    entropy_loss         | -17.7       |
|    explained_variance   | 0.883       |
|    learning_rate        | 0.0003      |
|    loss                 | 8.79        |
|    n_updates            | 12850       |
|    policy_gradient_loss | -0.0575     |
|    std                  | 3.05        |
|    value_loss           | 36.6        |
-----------------------------------------
-----------------------------------------
| manipularl/             |             |
|    collision_rate       | 0.26        |
|    grasp_curriculum     | 0           |
|    grasp_failure_rate   | 0.736       |
|    insert_depth_mean    | 0           |
|    obstacle_range_hi    | 5           |
|    obstacle_range_lo    | 2           |
|    success_rate         | 0.72        |
| rollout/                |             |
|    ep_len_mean          | 94.3        |
|    ep_rew_mean          | 36.1        |
| time/                   |             |
|    fps                  | 1102        |
|    iterations           | 265         |
|    time_elapsed         | 1968        |
|    total_timesteps      | 2170880     |
| train/                  |             |
|    approx_kl            | 0.059275694 |
|    clip_fraction        | 0.342       |
|    clip_range           | 0.2         |
|    entropy_loss         | -17.7       |
|    explained_variance   | 0.857       |
|    learning_rate        | 0.0003      |
|    loss                 | 16.7        |
|    n_updates            | 12860       |
|    policy_gradient_loss | -0.0486     |
|    std                  | 3.05        |
|    value_loss           | 55.1        |
-----------------------------------------
-----------------------------------------
| manipularl/             |             |
|    collision_rate       | 0.26        |
|    grasp_curriculum     | 0           |
|    grasp_failure_rate   | 0.741       |
|    insert_depth_mean    | 0           |
|    obstacle_range_hi    | 5           |
|    obstacle_range_lo    | 2           |
|    success_rate         | 0.68        |
| rollout/                |             |
|    ep_len_mean          | 105         |
|    ep_rew_mean          | 36.8        |
| time/                   |             |
|    fps                  | 1101        |
|    iterations           | 266         |
|    time_elapsed         | 1977        |
|    total_timesteps      | 2179072     |
| train/                  |             |
|    approx_kl            | 0.055391997 |
|    clip_fraction        | 0.344       |
|    clip_range           | 0.2         |
|    entropy_loss         | -17.7       |
|    explained_variance   | 0.857       |
|    learning_rate        | 0.0003      |
|    loss                 | 13.6        |
|    n_updates            | 12870       |
|    policy_gradient_loss | -0.0649     |
|    std                  | 3.05        |
|    value_loss           | 47.4        |
-----------------------------------------
-----------------------------------------
| manipularl/             |             |
|    collision_rate       | 0.16        |
|    grasp_curriculum     | 0           |
|    grasp_failure_rate   | 0.729       |
|    insert_depth_mean    | 0           |
|    obstacle_range_hi    | 5           |
|    obstacle_range_lo    | 2           |
|    success_rate         | 0.78        |
| rollout/                |             |
|    ep_len_mean          | 99.2        |
|    ep_rew_mean          | 40.6        |
| time/                   |             |
|    fps                  | 1101        |
|    iterations           | 267         |
|    time_elapsed         | 1985        |
|    total_timesteps      | 2187264     |
| train/                  |             |
|    approx_kl            | 0.070443586 |
|    clip_fraction        | 0.367       |
|    clip_range           | 0.2         |
|    entropy_loss         | -17.7       |
|    explained_variance   | 0.838       |
|    learning_rate        | 0.0003      |
|    loss                 | 11.2        |
|    n_updates            | 12880       |
|    policy_gradient_loss | -0.0672     |
|    std                  | 3.05        |
|    value_loss           | 40          |
-----------------------------------------
----------------------------------------
| manipularl/             |            |
|    collision_rate       | 0.22       |
|    grasp_curriculum     | 0          |
|    grasp_failure_rate   | 0.732      |
|    insert_depth_mean    | 0          |
|    obstacle_range_hi    | 5          |
|    obstacle_range_lo    | 2          |
|    success_rate         | 0.73       |
| rollout/                |            |
|    ep_len_mean          | 99.8       |
|    ep_rew_mean          | 34.8       |
| time/                   |            |
|    fps                  | 1101       |
|    iterations           | 268        |
|    time_elapsed         | 1993       |
|    total_timesteps      | 2195456    |
| train/                  |            |
|    approx_kl            | 0.06545021 |
|    clip_fraction        | 0.355      |
|    clip_range           | 0.2        |
|    entropy_loss         | -17.7      |
|    explained_variance   | 0.879      |
|    learning_rate        | 0.0003     |
|    loss                 | 13.1       |
|    n_updates            | 12890      |
|    policy_gradient_loss | -0.0676    |
|    std                  | 3.06       |
|    value_loss           | 43.9       |
----------------------------------------
-----------------------------------------
| manipularl/             |             |
|    collision_rate       | 0.23        |
|    grasp_curriculum     | 0           |
|    grasp_failure_rate   | 0.766       |
|    insert_depth_mean    | 0           |
|    obstacle_range_hi    | 5           |
|    obstacle_range_lo    | 2           |
|    success_rate         | 0.72        |
| rollout/                |             |
|    ep_len_mean          | 116         |
|    ep_rew_mean          | 22.9        |
| time/                   |             |
|    fps                  | 1100        |
|    iterations           | 269         |
|    time_elapsed         | 2002        |
|    total_timesteps      | 2203648     |
| train/                  |             |
|    approx_kl            | 0.052844584 |
|    clip_fraction        | 0.323       |
|    clip_range           | 0.2         |
|    entropy_loss         | -17.7       |
|    explained_variance   | 0.89        |
|    learning_rate        | 0.0003      |
|    loss                 | 13.3        |
|    n_updates            | 12900       |
|    policy_gradient_loss | -0.0637     |
|    std                  | 3.07        |
|    value_loss           | 50.1        |
-----------------------------------------
-----------------------------------------
| manipularl/             |             |
|    collision_rate       | 0.18        |
|    grasp_curriculum     | 0           |
|    grasp_failure_rate   | 0.737       |
|    insert_depth_mean    | 0           |
|    obstacle_range_hi    | 5           |
|    obstacle_range_lo    | 2           |
|    success_rate         | 0.79        |
| rollout/                |             |
|    ep_len_mean          | 107         |
|    ep_rew_mean          | 32.7        |
| time/                   |             |
|    fps                  | 1100        |
|    iterations           | 270         |
|    time_elapsed         | 2010        |
|    total_timesteps      | 2211840     |
| train/                  |             |
|    approx_kl            | 0.060762763 |
|    clip_fraction        | 0.33        |
|    clip_range           | 0.2         |
|    entropy_loss         | -17.7       |
|    explained_variance   | 0.915       |
|    learning_rate        | 0.0003      |
|    loss                 | 10.2        |
|    n_updates            | 12910       |
|    policy_gradient_loss | -0.0653     |
|    std                  | 3.07        |
|    value_loss           | 40.5        |
-----------------------------------------
----------------------------------------
| manipularl/             |            |
|    collision_rate       | 0.26       |
|    grasp_curriculum     | 0          |
|    grasp_failure_rate   | 0.736      |
|    insert_depth_mean    | 0          |
|    obstacle_range_hi    | 5          |
|    obstacle_range_lo    | 2          |
|    success_rate         | 0.7        |
| rollout/                |            |
|    ep_len_mean          | 110        |
|    ep_rew_mean          | 24.6       |
| time/                   |            |
|    fps                  | 1100       |
|    iterations           | 271        |
|    time_elapsed         | 2018       |
|    total_timesteps      | 2220032    |
| train/                  |            |
|    approx_kl            | 0.06441461 |
|    clip_fraction        | 0.359      |
|    clip_range           | 0.2        |
|    entropy_loss         | -17.7      |
|    explained_variance   | 0.885      |
|    learning_rate        | 0.0003     |
|    loss                 | 10.5       |
|    n_updates            | 12920      |
|    policy_gradient_loss | -0.0644    |
|    std                  | 3.07       |
|    value_loss           | 46         |
----------------------------------------
----------------------------------------
| manipularl/             |            |
|    collision_rate       | 0.27       |
|    grasp_curriculum     | 0          |
|    grasp_failure_rate   | 0.741      |
|    insert_depth_mean    | 0          |
|    obstacle_range_hi    | 5          |
|    obstacle_range_lo    | 2          |
|    success_rate         | 0.67       |
| rollout/                |            |
|    ep_len_mean          | 122        |
|    ep_rew_mean          | 25.6       |
| time/                   |            |
|    fps                  | 1100       |
|    iterations           | 272        |
|    time_elapsed         | 2025       |
|    total_timesteps      | 2228224    |
| train/                  |            |
|    approx_kl            | 0.05156531 |
|    clip_fraction        | 0.355      |
|    clip_range           | 0.2        |
|    entropy_loss         | -17.7      |
|    explained_variance   | 0.887      |
|    learning_rate        | 0.0003     |
|    loss                 | 22.9       |
|    n_updates            | 12930      |
|    policy_gradient_loss | -0.0635    |
|    std                  | 3.07       |
|    value_loss           | 62.7       |
----------------------------------------
----------------------------------------
| manipularl/             |            |
|    collision_rate       | 0.24       |
|    grasp_curriculum     | 0          |
|    grasp_failure_rate   | 0.735      |
|    insert_depth_mean    | 0          |
|    obstacle_range_hi    | 5          |
|    obstacle_range_lo    | 2          |
|    success_rate         | 0.68       |
| rollout/                |            |
|    ep_len_mean          | 138        |
|    ep_rew_mean          | 26.2       |
| time/                   |            |
|    fps                  | 1100       |
|    iterations           | 273        |
|    time_elapsed         | 2032       |
|    total_timesteps      | 2236416    |
| train/                  |            |
|    approx_kl            | 0.07487992 |
|    clip_fraction        | 0.358      |
|    clip_range           | 0.2        |
|    entropy_loss         | -17.7      |
|    explained_variance   | 0.876      |
|    learning_rate        | 0.0003     |
|    loss                 | 8.27       |
|    n_updates            | 12940      |
|    policy_gradient_loss | -0.0656    |
|    std                  | 3.08       |
|    value_loss           | 31.2       |
----------------------------------------
-----------------------------------------
| manipularl/             |             |
|    collision_rate       | 0.24        |
|    grasp_curriculum     | 0           |
|    grasp_failure_rate   | 0.713       |
|    insert_depth_mean    | 0           |
|    obstacle_range_hi    | 5           |
|    obstacle_range_lo    | 2           |
|    success_rate         | 0.68        |
| rollout/                |             |
|    ep_len_mean          | 119         |
|    ep_rew_mean          | 28.2        |
| time/                   |             |
|    fps                  | 1100        |
|    iterations           | 274         |
|    time_elapsed         | 2040        |
|    total_timesteps      | 2244608     |
| train/                  |             |
|    approx_kl            | 0.056479365 |
|    clip_fraction        | 0.356       |
|    clip_range           | 0.2         |
|    entropy_loss         | -17.7       |
|    explained_variance   | 0.889       |
|    learning_rate        | 0.0003      |
|    loss                 | 14.4        |
|    n_updates            | 12950       |
|    policy_gradient_loss | -0.0578     |
|    std                  | 3.09        |
|    value_loss           | 43.7        |
-----------------------------------------
Eval num_timesteps=2250000, episode_reward=50.94 +/- 28.16
Episode length: 57.85 +/- 35.57
----------------------------------------
| eval/                   |            |
|    mean_ep_length       | 57.9       |
|    mean_reward          | 50.9       |
| manipularl/             |            |
|    collision_rate       | 0.26       |
|    grasp_curriculum     | 0          |
|    grasp_failure_rate   | 0.733      |
|    insert_depth_mean    | 0          |
|    obstacle_range_hi    | 5          |
|    obstacle_range_lo    | 2          |
|    success_rate         | 0.69       |
| time/                   |            |
|    total_timesteps      | 2250000    |
| train/                  |            |
|    approx_kl            | 0.07249525 |
|    clip_fraction        | 0.381      |
|    clip_range           | 0.2        |
|    entropy_loss         | -17.7      |
|    explained_variance   | 0.873      |
|    learning_rate        | 0.0003     |
|    loss                 | 13.6       |
|    n_updates            | 12960      |
|    policy_gradient_loss | -0.0661    |
|    std                  | 3.09       |
|    value_loss           | 51.3       |
----------------------------------------
New best mean reward!
------------------------------------
| manipularl/           |          |
|    collision_rate     | 0.25     |
|    grasp_curriculum   | 0        |
|    grasp_failure_rate | 0.736    |
|    insert_depth_mean  | 0        |
|    obstacle_range_hi  | 5        |
|    obstacle_range_lo  | 2        |
|    success_rate       | 0.72     |
| rollout/              |          |
|    ep_len_mean        | 114      |
|    ep_rew_mean        | 35.9     |
| time/                 |          |
|    fps                | 1098     |
|    iterations         | 275      |
|    time_elapsed       | 2050     |
|    total_timesteps    | 2252800  |
------------------------------------
----------------------------------------
| manipularl/             |            |
|    collision_rate       | 0.16       |
|    grasp_curriculum     | 0          |
|    grasp_failure_rate   | 0.727      |
|    insert_depth_mean    | 0          |
|    obstacle_range_hi    | 5          |
|    obstacle_range_lo    | 2          |
|    success_rate         | 0.77       |
| rollout/                |            |
|    ep_len_mean          | 117        |
|    ep_rew_mean          | 40.9       |
| time/                   |            |
|    fps                  | 1098       |
|    iterations           | 276        |
|    time_elapsed         | 2058       |
|    total_timesteps      | 2260992    |
| train/                  |            |
|    approx_kl            | 0.07789868 |
|    clip_fraction        | 0.382      |
|    clip_range           | 0.2        |
|    entropy_loss         | -17.7      |
|    explained_variance   | 0.88       |
|    learning_rate        | 0.0003     |
|    loss                 | 10         |
|    n_updates            | 12970      |
|    policy_gradient_loss | -0.065     |
|    std                  | 3.1        |
|    value_loss           | 34.3       |
----------------------------------------
-----------------------------------------
| manipularl/             |             |
|    collision_rate       | 0.2         |
|    grasp_curriculum     | 0           |
|    grasp_failure_rate   | 0.72        |
|    insert_depth_mean    | 0           |
|    obstacle_range_hi    | 5           |
|    obstacle_range_lo    | 2           |
|    success_rate         | 0.76        |
| rollout/                |             |
|    ep_len_mean          | 91.7        |
|    ep_rew_mean          | 43.6        |
| time/                   |             |
|    fps                  | 1098        |
|    iterations           | 277         |
|    time_elapsed         | 2065        |
|    total_timesteps      | 2269184     |
| train/                  |             |
|    approx_kl            | 0.063855946 |
|    clip_fraction        | 0.358       |
|    clip_range           | 0.2         |
|    entropy_loss         | -17.7       |
|    explained_variance   | 0.85        |
|    learning_rate        | 0.0003      |
|    loss                 | 14.3        |
|    n_updates            | 12980       |
|    policy_gradient_loss | -0.0665     |
|    std                  | 3.11        |
|    value_loss           | 51.6        |
-----------------------------------------
---------------------------------------
| manipularl/             |           |
|    collision_rate       | 0.22      |
|    grasp_curriculum     | 0         |
|    grasp_failure_rate   | 0.751     |
|    insert_depth_mean    | 0         |
|    obstacle_range_hi    | 5         |
|    obstacle_range_lo    | 2         |
|    success_rate         | 0.75      |
| rollout/                |           |
|    ep_len_mean          | 88.1      |
|    ep_rew_mean          | 30.9      |
| time/                   |           |
|    fps                  | 1098      |
|    iterations           | 278       |
|    time_elapsed         | 2073      |
|    total_timesteps      | 2277376   |
| train/                  |           |
|    approx_kl            | 0.0614174 |
|    clip_fraction        | 0.352     |
|    clip_range           | 0.2       |
|    entropy_loss         | -17.7     |
|    explained_variance   | 0.745     |
|    learning_rate        | 0.0003    |
|    loss                 | 15.2      |
|    n_updates            | 12990     |
|    policy_gradient_loss | -0.0635   |
|    std                  | 3.11      |
|    value_loss           | 51.9      |
---------------------------------------
-----------------------------------------
| manipularl/             |             |
|    collision_rate       | 0.18        |
|    grasp_curriculum     | 0           |
|    grasp_failure_rate   | 0.731       |
|    insert_depth_mean    | 0           |
|    obstacle_range_hi    | 5           |
|    obstacle_range_lo    | 2           |
|    success_rate         | 0.77        |
| rollout/                |             |
|    ep_len_mean          | 89.2        |
|    ep_rew_mean          | 40.7        |
| time/                   |             |
|    fps                  | 1098        |
|    iterations           | 279         |
|    time_elapsed         | 2080        |
|    total_timesteps      | 2285568     |
| train/                  |             |
|    approx_kl            | 0.054657705 |
|    clip_fraction        | 0.266       |
|    clip_range           | 0.2         |
|    entropy_loss         | -17.7       |
|    explained_variance   | 0.775       |
|    learning_rate        | 0.0003      |
|    loss                 | 16.1        |
|    n_updates            | 13000       |
|    policy_gradient_loss | -0.0364     |
|    std                  | 3.11        |
|    value_loss           | 63.5        |
-----------------------------------------
-----------------------------------------
| manipularl/             |             |
|    collision_rate       | 0.23        |
|    grasp_curriculum     | 0           |
|    grasp_failure_rate   | 0.763       |
|    insert_depth_mean    | 0           |
|    obstacle_range_hi    | 5           |
|    obstacle_range_lo    | 2           |
|    success_rate         | 0.72        |
| rollout/                |             |
|    ep_len_mean          | 104         |
|    ep_rew_mean          | 19.1        |
| time/                   |             |
|    fps                  | 1098        |
|    iterations           | 280         |
|    time_elapsed         | 2088        |
|    total_timesteps      | 2293760     |
| train/                  |             |
|    approx_kl            | 0.057071697 |
|    clip_fraction        | 0.342       |
|    clip_range           | 0.2         |
|    entropy_loss         | -17.7       |
|    explained_variance   | 0.868       |
|    learning_rate        | 0.0003      |
|    loss                 | 13.1        |
|    n_updates            | 13010       |
|    policy_gradient_loss | -0.057      |
|    std                  | 3.12        |
|    value_loss           | 46.9        |
-----------------------------------------
-----------------------------------------
| manipularl/             |             |
|    collision_rate       | 0.24        |
|    grasp_curriculum     | 0           |
|    grasp_failure_rate   | 0.777       |
|    insert_depth_mean    | 0           |
|    obstacle_range_hi    | 5           |
|    obstacle_range_lo    | 2           |
|    success_rate         | 0.74        |
| rollout/                |             |
|    ep_len_mean          | 104         |
|    ep_rew_mean          | 16.7        |
| time/                   |             |
|    fps                  | 1098        |
|    iterations           | 281         |
|    time_elapsed         | 2095        |
|    total_timesteps      | 2301952     |
| train/                  |             |
|    approx_kl            | 0.042437434 |
|    clip_fraction        | 0.289       |
|    clip_range           | 0.2         |
|    entropy_loss         | -17.7       |
|    explained_variance   | 0.899       |
|    learning_rate        | 0.0003      |
|    loss                 | 18.3        |
|    n_updates            | 13020       |
|    policy_gradient_loss | -0.0495     |
|    std                  | 3.13        |
|    value_loss           | 67.3        |
-----------------------------------------
----------------------------------------
| manipularl/             |            |
|    collision_rate       | 0.26       |
|    grasp_curriculum     | 0          |
|    grasp_failure_rate   | 0.768      |
|    insert_depth_mean    | 0          |
|    obstacle_range_hi    | 5          |
|    obstacle_range_lo    | 2          |
|    success_rate         | 0.68       |
| rollout/                |            |
|    ep_len_mean          | 107        |
|    ep_rew_mean          | 18.2       |
| time/                   |            |
|    fps                  | 1098       |
|    iterations           | 282        |
|    time_elapsed         | 2103       |
|    total_timesteps      | 2310144    |
| train/                  |            |
|    approx_kl            | 0.05027805 |
|    clip_fraction        | 0.294      |
|    clip_range           | 0.2        |
|    entropy_loss         | -17.7      |
|    explained_variance   | 0.931      |
|    learning_rate        | 0.0003     |
|    loss                 | 14.3       |
|    n_updates            | 13030      |
|    policy_gradient_loss | -0.0533    |
|    std                  | 3.14       |
|    value_loss           | 54         |
----------------------------------------
----------------------------------------
| manipularl/             |            |
|    collision_rate       | 0.16       |
|    grasp_curriculum     | 0          |
|    grasp_failure_rate   | 0.726      |
|    insert_depth_mean    | 0          |
|    obstacle_range_hi    | 5          |
|    obstacle_range_lo    | 2          |
|    success_rate         | 0.8        |
| rollout/                |            |
|    ep_len_mean          | 88.5       |
|    ep_rew_mean          | 35.7       |
| time/                   |            |
|    fps                  | 1098       |
|    iterations           | 283        |
|    time_elapsed         | 2110       |
|    total_timesteps      | 2318336    |
| train/                  |            |
|    approx_kl            | 0.05391915 |
|    clip_fraction        | 0.325      |
|    clip_range           | 0.2        |
|    entropy_loss         | -17.7      |
|    explained_variance   | 0.937      |
|    learning_rate        | 0.0003     |
|    loss                 | 14.9       |
|    n_updates            | 13040      |
|    policy_gradient_loss | -0.0584    |
|    std                  | 3.14       |
|    value_loss           | 51.3       |
----------------------------------------
-----------------------------------------
| manipularl/             |             |
|    collision_rate       | 0.26        |
|    grasp_curriculum     | 0           |
|    grasp_failure_rate   | 0.757       |
|    insert_depth_mean    | 0           |
|    obstacle_range_hi    | 5           |
|    obstacle_range_lo    | 2           |
|    success_rate         | 0.68        |
| rollout/                |             |
|    ep_len_mean          | 121         |
|    ep_rew_mean          | 14.7        |
| time/                   |             |
|    fps                  | 1098        |
|    iterations           | 284         |
|    time_elapsed         | 2117        |
|    total_timesteps      | 2326528     |
| train/                  |             |
|    approx_kl            | 0.060668148 |
|    clip_fraction        | 0.344       |
|    clip_range           | 0.2         |
|    entropy_loss         | -17.7       |
|    explained_variance   | 0.931       |
|    learning_rate        | 0.0003      |
|    loss                 | 13.8        |
|    n_updates            | 13050       |
|    policy_gradient_loss | -0.0605     |
|    std                  | 3.14        |
|    value_loss           | 51.4        |
-----------------------------------------
-----------------------------------------
| manipularl/             |             |
|    collision_rate       | 0.21        |
|    grasp_curriculum     | 0           |
|    grasp_failure_rate   | 0.747       |
|    insert_depth_mean    | 0           |
|    obstacle_range_hi    | 5           |
|    obstacle_range_lo    | 2           |
|    success_rate         | 0.74        |
| rollout/                |             |
|    ep_len_mean          | 105         |
|    ep_rew_mean          | 33.5        |
| time/                   |             |
|    fps                  | 1098        |
|    iterations           | 285         |
|    time_elapsed         | 2125        |
|    total_timesteps      | 2334720     |
| train/                  |             |
|    approx_kl            | 0.054379582 |
|    clip_fraction        | 0.332       |
|    clip_range           | 0.2         |
|    entropy_loss         | -17.7       |
|    explained_variance   | 0.917       |
|    learning_rate        | 0.0003      |
|    loss                 | 12.3        |
|    n_updates            | 13060       |
|    policy_gradient_loss | -0.0603     |
|    std                  | 3.14        |
|    value_loss           | 49.7        |
-----------------------------------------
----------------------------------------
| manipularl/             |            |
|    collision_rate       | 0.26       |
|    grasp_curriculum     | 0          |
|    grasp_failure_rate   | 0.738      |
|    insert_depth_mean    | 0          |
|    obstacle_range_hi    | 5          |
|    obstacle_range_lo    | 2          |
|    success_rate         | 0.68       |
| rollout/                |            |
|    ep_len_mean          | 130        |
|    ep_rew_mean          | 25.4       |
| time/                   |            |
|    fps                  | 1098       |
|    iterations           | 286        |
|    time_elapsed         | 2132       |
|    total_timesteps      | 2342912    |
| train/                  |            |
|    approx_kl            | 0.05902858 |
|    clip_fraction        | 0.323      |
|    clip_range           | 0.2        |
|    entropy_loss         | -17.7      |
|    explained_variance   | 0.798      |
|    learning_rate        | 0.0003     |
|    loss                 | 11.4       |
|    n_updates            | 13070      |
|    policy_gradient_loss | -0.0552    |
|    std                  | 3.15       |
|    value_loss           | 46.7       |
----------------------------------------
----------------------------------------
| manipularl/             |            |
|    collision_rate       | 0.3        |
|    grasp_curriculum     | 0          |
|    grasp_failure_rate   | 0.705      |
|    insert_depth_mean    | 0          |
|    obstacle_range_hi    | 5          |
|    obstacle_range_lo    | 2          |
|    success_rate         | 0.68       |
| rollout/                |            |
|    ep_len_mean          | 117        |
|    ep_rew_mean          | 30.4       |
| time/                   |            |
|    fps                  | 1098       |
|    iterations           | 287        |
|    time_elapsed         | 2139       |
|    total_timesteps      | 2351104    |
| train/                  |            |
|    approx_kl            | 0.08239273 |
|    clip_fraction        | 0.393      |
|    clip_range           | 0.2        |
|    entropy_loss         | -17.7      |
|    explained_variance   | 0.887      |
|    learning_rate        | 0.0003     |
|    loss                 | 7.12       |
|    n_updates            | 13080      |
|    policy_gradient_loss | -0.0665    |
|    std                  | 3.15       |
|    value_loss           | 31.9       |
----------------------------------------
----------------------------------------
| manipularl/             |            |
|    collision_rate       | 0.31       |
|    grasp_curriculum     | 0          |
|    grasp_failure_rate   | 0.704      |
|    insert_depth_mean    | 0          |
|    obstacle_range_hi    | 5          |
|    obstacle_range_lo    | 2          |
|    success_rate         | 0.66       |
| rollout/                |            |
|    ep_len_mean          | 109        |
|    ep_rew_mean          | 29.9       |
| time/                   |            |
|    fps                  | 1098       |
|    iterations           | 288        |
|    time_elapsed         | 2147       |
|    total_timesteps      | 2359296    |
| train/                  |            |
|    approx_kl            | 0.08082764 |
|    clip_fraction        | 0.436      |
|    clip_range           | 0.2        |
|    entropy_loss         | -17.7      |
|    explained_variance   | 0.846      |
|    learning_rate        | 0.0003     |
|    loss                 | 10.9       |
|    n_updates            | 13090      |
|    policy_gradient_loss | -0.0612    |
|    std                  | 3.15       |
|    value_loss           | 42.7       |
----------------------------------------
----------------------------------------
| manipularl/             |            |
|    collision_rate       | 0.28       |
|    grasp_curriculum     | 0          |
|    grasp_failure_rate   | 0.715      |
|    insert_depth_mean    | 0          |
|    obstacle_range_hi    | 5          |
|    obstacle_range_lo    | 2          |
|    success_rate         | 0.7        |
| rollout/                |            |
|    ep_len_mean          | 110        |
|    ep_rew_mean          | 33.8       |
| time/                   |            |
|    fps                  | 1098       |
|    iterations           | 289        |
|    time_elapsed         | 2154       |
|    total_timesteps      | 2367488    |
| train/                  |            |
|    approx_kl            | 0.07863566 |
|    clip_fraction        | 0.373      |
|    clip_range           | 0.2        |
|    entropy_loss         | -17.7      |
|    explained_variance   | 0.867      |
|    learning_rate        | 0.0003     |
|    loss                 | 9.85       |
|    n_updates            | 13100      |
|    policy_gradient_loss | -0.0606    |
|    std                  | 3.16       |
|    value_loss           | 37.8       |
----------------------------------------
----------------------------------------
| manipularl/             |            |
|    collision_rate       | 0.29       |
|    grasp_curriculum     | 0          |
|    grasp_failure_rate   | 0.72       |
|    insert_depth_mean    | 0          |
|    obstacle_range_hi    | 5          |
|    obstacle_range_lo    | 2          |
|    success_rate         | 0.71       |
| rollout/                |            |
|    ep_len_mean          | 106        |
|    ep_rew_mean          | 37.2       |
| time/                   |            |
|    fps                  | 1099       |
|    iterations           | 290        |
|    time_elapsed         | 2161       |
|    total_timesteps      | 2375680    |
| train/                  |            |
|    approx_kl            | 0.09543522 |
|    clip_fraction        | 0.396      |
|    clip_range           | 0.2        |
|    entropy_loss         | -17.7      |
|    explained_variance   | 0.897      |
|    learning_rate        | 0.0003     |
|    loss                 | 8.3        |
|    n_updates            | 13110      |
|    policy_gradient_loss | -0.0645    |
|    std                  | 3.17       |
|    value_loss           | 30         |
----------------------------------------
----------------------------------------
| manipularl/             |            |
|    collision_rate       | 0.24       |
|    grasp_curriculum     | 0          |
|    grasp_failure_rate   | 0.701      |
|    insert_depth_mean    | 0          |
|    obstacle_range_hi    | 5          |
|    obstacle_range_lo    | 2          |
|    success_rate         | 0.73       |
| rollout/                |            |
|    ep_len_mean          | 99.5       |
|    ep_rew_mean          | 29.3       |
| time/                   |            |
|    fps                  | 1099       |
|    iterations           | 291        |
|    time_elapsed         | 2168       |
|    total_timesteps      | 2383872    |
| train/                  |            |
|    approx_kl            | 0.07520581 |
|    clip_fraction        | 0.397      |
|    clip_range           | 0.2        |
|    entropy_loss         | -17.7      |
|    explained_variance   | 0.941      |
|    learning_rate        | 0.0003     |
|    loss                 | 10.9       |
|    n_updates            | 13120      |
|    policy_gradient_loss | -0.0598    |
|    std                  | 3.17       |
|    value_loss           | 38.5       |
----------------------------------------
----------------------------------------
| manipularl/             |            |
|    collision_rate       | 0.17       |
|    grasp_curriculum     | 0          |
|    grasp_failure_rate   | 0.72       |
|    insert_depth_mean    | 0          |
|    obstacle_range_hi    | 5          |
|    obstacle_range_lo    | 2          |
|    success_rate         | 0.79       |
| rollout/                |            |
|    ep_len_mean          | 105        |
|    ep_rew_mean          | 32.8       |
| time/                   |            |
|    fps                  | 1099       |
|    iterations           | 292        |
|    time_elapsed         | 2176       |
|    total_timesteps      | 2392064    |
| train/                  |            |
|    approx_kl            | 0.07349429 |
|    clip_fraction        | 0.369      |
|    clip_range           | 0.2        |
|    entropy_loss         | -17.7      |
|    explained_variance   | 0.911      |
|    learning_rate        | 0.0003     |
|    loss                 | 8.96       |
|    n_updates            | 13130      |
|    policy_gradient_loss | -0.0655    |
|    std                  | 3.18       |
|    value_loss           | 38.6       |
----------------------------------------
-----------------------------------------
| manipularl/             |             |
|    collision_rate       | 0.21        |
|    grasp_curriculum     | 0           |
|    grasp_failure_rate   | 0.734       |
|    insert_depth_mean    | 0           |
|    obstacle_range_hi    | 5           |
|    obstacle_range_lo    | 2           |
|    success_rate         | 0.77        |
| rollout/                |             |
|    ep_len_mean          | 102         |
|    ep_rew_mean          | 26          |
| time/                   |             |
|    fps                  | 1099        |
|    iterations           | 293         |
|    time_elapsed         | 2183        |
|    total_timesteps      | 2400256     |
| train/                  |             |
|    approx_kl            | 0.058242902 |
|    clip_fraction        | 0.342       |
|    clip_range           | 0.2         |
|    entropy_loss         | -17.7       |
|    explained_variance   | 0.93        |
|    learning_rate        | 0.0003      |
|    loss                 | 11.5        |
|    n_updates            | 13140       |
|    policy_gradient_loss | -0.0552     |
|    std                  | 3.18        |
|    value_loss           | 41          |
-----------------------------------------
----------------------------------------
| manipularl/             |            |
|    collision_rate       | 0.2        |
|    grasp_curriculum     | 0          |
|    grasp_failure_rate   | 0.74       |
|    insert_depth_mean    | 0          |
|    obstacle_range_hi    | 5          |
|    obstacle_range_lo    | 2          |
|    success_rate         | 0.77       |
| rollout/                |            |
|    ep_len_mean          | 101        |
|    ep_rew_mean          | 40.6       |
| time/                   |            |
|    fps                  | 1099       |
|    iterations           | 294        |
|    time_elapsed         | 2190       |
|    total_timesteps      | 2408448    |
| train/                  |            |
|    approx_kl            | 0.08570273 |
|    clip_fraction        | 0.392      |
|    clip_range           | 0.2        |
|    entropy_loss         | -17.7      |
|    explained_variance   | 0.947      |
|    learning_rate        | 0.0003     |
|    loss                 | 8.69       |
|    n_updates            | 13150      |
|    policy_gradient_loss | -0.0714    |
|    std                  | 3.18       |
|    value_loss           | 33.1       |
----------------------------------------
-----------------------------------------
| manipularl/             |             |
|    collision_rate       | 0.25        |
|    grasp_curriculum     | 0           |
|    grasp_failure_rate   | 0.741       |
|    insert_depth_mean    | 0           |
|    obstacle_range_hi    | 5           |
|    obstacle_range_lo    | 2           |
|    success_rate         | 0.73        |
| rollout/                |             |
|    ep_len_mean          | 123         |
|    ep_rew_mean          | 33.2        |
| time/                   |             |
|    fps                  | 1099        |
|    iterations           | 295         |
|    time_elapsed         | 2197        |
|    total_timesteps      | 2416640     |
| train/                  |             |
|    approx_kl            | 0.070738524 |
|    clip_fraction        | 0.407       |
|    clip_range           | 0.2         |
|    entropy_loss         | -17.7       |
|    explained_variance   | 0.902       |
|    learning_rate        | 0.0003      |
|    loss                 | 9.7         |
|    n_updates            | 13160       |
|    policy_gradient_loss | -0.0583     |
|    std                  | 3.19        |
|    value_loss           | 39.3        |
-----------------------------------------
----------------------------------------
| manipularl/             |            |
|    collision_rate       | 0.22       |
|    grasp_curriculum     | 0          |
|    grasp_failure_rate   | 0.748      |
|    insert_depth_mean    | 0          |
|    obstacle_range_hi    | 5          |
|    obstacle_range_lo    | 2          |
|    success_rate         | 0.76       |
| rollout/                |            |
|    ep_len_mean          | 115        |
|    ep_rew_mean          | 34.4       |
| time/                   |            |
|    fps                  | 1099       |
|    iterations           | 296        |
|    time_elapsed         | 2204       |
|    total_timesteps      | 2424832    |
| train/                  |            |
|    approx_kl            | 0.07790427 |
|    clip_fraction        | 0.401      |
|    clip_range           | 0.2        |
|    entropy_loss         | -17.7      |
|    explained_variance   | 0.882      |
|    learning_rate        | 0.0003     |
|    loss                 | 11.1       |
|    n_updates            | 13170      |
|    policy_gradient_loss | -0.07      |
|    std                  | 3.19       |
|    value_loss           | 38.1       |
----------------------------------------
-----------------------------------------
| manipularl/             |             |
|    collision_rate       | 0.24        |
|    grasp_curriculum     | 0           |
|    grasp_failure_rate   | 0.745       |
|    insert_depth_mean    | 0           |
|    obstacle_range_hi    | 5           |
|    obstacle_range_lo    | 2           |
|    success_rate         | 0.73        |
| rollout/                |             |
|    ep_len_mean          | 116         |
|    ep_rew_mean          | 30.6        |
| time/                   |             |
|    fps                  | 1099        |
|    iterations           | 297         |
|    time_elapsed         | 2212        |
|    total_timesteps      | 2433024     |
| train/                  |             |
|    approx_kl            | 0.057269633 |
|    clip_fraction        | 0.345       |
|    clip_range           | 0.2         |
|    entropy_loss         | -17.7       |
|    explained_variance   | 0.91        |
|    learning_rate        | 0.0003      |
|    loss                 | 11.8        |
|    n_updates            | 13180       |
|    policy_gradient_loss | -0.0558     |
|    std                  | 3.2         |
|    value_loss           | 44.9        |
-----------------------------------------
---------------------------------------
| manipularl/             |           |
|    collision_rate       | 0.34      |
|    grasp_curriculum     | 0         |
|    grasp_failure_rate   | 0.736     |
|    insert_depth_mean    | 0         |
|    obstacle_range_hi    | 5         |
|    obstacle_range_lo    | 2         |
|    success_rate         | 0.62      |
| rollout/                |           |
|    ep_len_mean          | 120       |
|    ep_rew_mean          | 27.7      |
| time/                   |           |
|    fps                  | 1099      |
|    iterations           | 298       |
|    time_elapsed         | 2219      |
|    total_timesteps      | 2441216   |
| train/                  |           |
|    approx_kl            | 0.0774184 |
|    clip_fraction        | 0.39      |
|    clip_range           | 0.2       |
|    entropy_loss         | -17.7     |
|    explained_variance   | 0.895     |
|    learning_rate        | 0.0003    |
|    loss                 | 11.6      |
|    n_updates            | 13190     |
|    policy_gradient_loss | -0.0668   |
|    std                  | 3.2       |
|    value_loss           | 39.7      |
---------------------------------------
----------------------------------------
| manipularl/             |            |
|    collision_rate       | 0.37       |
|    grasp_curriculum     | 0          |
|    grasp_failure_rate   | 0.725      |
|    insert_depth_mean    | 0          |
|    obstacle_range_hi    | 5          |
|    obstacle_range_lo    | 2          |
|    success_rate         | 0.61       |
| rollout/                |            |
|    ep_len_mean          | 123        |
|    ep_rew_mean          | 25.9       |
| time/                   |            |
|    fps                  | 1099       |
|    iterations           | 299        |
|    time_elapsed         | 2226       |
|    total_timesteps      | 2449408    |
| train/                  |            |
|    approx_kl            | 0.08648106 |
|    clip_fraction        | 0.404      |
|    clip_range           | 0.2        |
|    entropy_loss         | -17.7      |
|    explained_variance   | 0.895      |
|    learning_rate        | 0.0003     |
|    loss                 | 8.94       |
|    n_updates            | 13200      |
|    policy_gradient_loss | -0.0704    |
|    std                  | 3.21       |
|    value_loss           | 31.6       |
----------------------------------------
----------------------------------------
| manipularl/             |            |
|    collision_rate       | 0.31       |
|    grasp_curriculum     | 0          |
|    grasp_failure_rate   | 0.754      |
|    insert_depth_mean    | 0          |
|    obstacle_range_hi    | 5          |
|    obstacle_range_lo    | 2          |
|    success_rate         | 0.67       |
| rollout/                |            |
|    ep_len_mean          | 120        |
|    ep_rew_mean          | 25.9       |
| time/                   |            |
|    fps                  | 1100       |
|    iterations           | 300        |
|    time_elapsed         | 2234       |
|    total_timesteps      | 2457600    |
| train/                  |            |
|    approx_kl            | 0.06488177 |
|    clip_fraction        | 0.37       |
|    clip_range           | 0.2        |
|    entropy_loss         | -17.7      |
|    explained_variance   | 0.896      |
|    learning_rate        | 0.0003     |
|    loss                 | 12.9       |
|    n_updates            | 13210      |
|    policy_gradient_loss | -0.0622    |
|    std                  | 3.22       |
|    value_loss           | 43.3       |
----------------------------------------
-----------------------------------------
| manipularl/             |             |
|    collision_rate       | 0.29        |
|    grasp_curriculum     | 0           |
|    grasp_failure_rate   | 0.734       |
|    insert_depth_mean    | 0           |
|    obstacle_range_hi    | 5           |
|    obstacle_range_lo    | 2           |
|    success_rate         | 0.61        |
| rollout/                |             |
|    ep_len_mean          | 138         |
|    ep_rew_mean          | 24.7        |
| time/                   |             |
|    fps                  | 1100        |
|    iterations           | 301         |
|    time_elapsed         | 2241        |
|    total_timesteps      | 2465792     |
| train/                  |             |
|    approx_kl            | 0.071810044 |
|    clip_fraction        | 0.365       |
|    clip_range           | 0.2         |
|    entropy_loss         | -17.7       |
|    explained_variance   | 0.878       |
|    learning_rate        | 0.0003      |
|    loss                 | 12.2        |
|    n_updates            | 13220       |
|    policy_gradient_loss | -0.0591     |
|    std                  | 3.23        |
|    value_loss           | 39.3        |
-----------------------------------------
----------------------------------------
| manipularl/             |            |
|    collision_rate       | 0.3        |
|    grasp_curriculum     | 0          |
|    grasp_failure_rate   | 0.735      |
|    insert_depth_mean    | 0          |
|    obstacle_range_hi    | 5          |
|    obstacle_range_lo    | 2          |
|    success_rate         | 0.65       |
| rollout/                |            |
|    ep_len_mean          | 130        |
|    ep_rew_mean          | 22.8       |
| time/                   |            |
|    fps                  | 1100       |
|    iterations           | 302        |
|    time_elapsed         | 2248       |
|    total_timesteps      | 2473984    |
| train/                  |            |
|    approx_kl            | 0.07930339 |
|    clip_fraction        | 0.374      |
|    clip_range           | 0.2        |
|    entropy_loss         | -17.7      |
|    explained_variance   | 0.896      |
|    learning_rate        | 0.0003     |
|    loss                 | 10.7       |
|    n_updates            | 13230      |
|    policy_gradient_loss | -0.0585    |
|    std                  | 3.23       |
|    value_loss           | 32.7       |
----------------------------------------
----------------------------------------
| manipularl/             |            |
|    collision_rate       | 0.34       |
|    grasp_curriculum     | 0          |
|    grasp_failure_rate   | 0.729      |
|    insert_depth_mean    | 0          |
|    obstacle_range_hi    | 5          |
|    obstacle_range_lo    | 2          |
|    success_rate         | 0.62       |
| rollout/                |            |
|    ep_len_mean          | 116        |
|    ep_rew_mean          | 17.2       |
| time/                   |            |
|    fps                  | 1100       |
|    iterations           | 303        |
|    time_elapsed         | 2256       |
|    total_timesteps      | 2482176    |
| train/                  |            |
|    approx_kl            | 0.06269965 |
|    clip_fraction        | 0.379      |
|    clip_range           | 0.2        |
|    entropy_loss         | -17.7      |
|    explained_variance   | 0.88       |
|    learning_rate        | 0.0003     |
|    loss                 | 14.7       |
|    n_updates            | 13240      |
|    policy_gradient_loss | -0.0606    |
|    std                  | 3.24       |
|    value_loss           | 51.1       |
----------------------------------------
-----------------------------------------
| manipularl/             |             |
|    collision_rate       | 0.4         |
|    grasp_curriculum     | 0           |
|    grasp_failure_rate   | 0.694       |
|    insert_depth_mean    | 0           |
|    obstacle_range_hi    | 5           |
|    obstacle_range_lo    | 2           |
|    success_rate         | 0.57        |
| rollout/                |             |
|    ep_len_mean          | 127         |
|    ep_rew_mean          | -5          |
| time/                   |             |
|    fps                  | 1100        |
|    iterations           | 304         |
|    time_elapsed         | 2263        |
|    total_timesteps      | 2490368     |
| train/                  |             |
|    approx_kl            | 0.059704024 |
|    clip_fraction        | 0.313       |
|    clip_range           | 0.2         |
|    entropy_loss         | -17.7       |
|    explained_variance   | 0.898       |
|    learning_rate        | 0.0003      |
|    loss                 | 13.8        |
|    n_updates            | 13250       |
|    policy_gradient_loss | -0.0506     |
|    std                  | 3.24        |
|    value_loss           | 51.6        |
-----------------------------------------
----------------------------------------
| manipularl/             |            |
|    collision_rate       | 0.36       |
|    grasp_curriculum     | 0          |
|    grasp_failure_rate   | 0.69       |
|    insert_depth_mean    | 0          |
|    obstacle_range_hi    | 5          |
|    obstacle_range_lo    | 2          |
|    success_rate         | 0.59       |
| rollout/                |            |
|    ep_len_mean          | 128        |
|    ep_rew_mean          | 10.8       |
| time/                   |            |
|    fps                  | 1100       |
|    iterations           | 305        |
|    time_elapsed         | 2271       |
|    total_timesteps      | 2498560    |
| train/                  |            |
|    approx_kl            | 0.07663944 |
|    clip_fraction        | 0.399      |
|    clip_range           | 0.2        |
|    entropy_loss         | -17.7      |
|    explained_variance   | 0.912      |
|    learning_rate        | 0.0003     |
|    loss                 | 16.5       |
|    n_updates            | 13260      |
|    policy_gradient_loss | -0.0612    |
|    std                  | 3.24       |
|    value_loss           | 53         |
----------------------------------------
Eval num_timesteps=2500000, episode_reward=42.72 +/- 35.06
Episode length: 97.95 +/- 89.30
-----------------------------------------
| eval/                   |             |
|    mean_ep_length       | 98          |
|    mean_reward          | 42.7        |
| manipularl/             |             |
|    collision_rate       | 0.32        |
|    grasp_curriculum     | 0           |
|    grasp_failure_rate   | 0.692       |
|    insert_depth_mean    | 0           |
|    obstacle_range_hi    | 5           |
|    obstacle_range_lo    | 2           |
|    success_rate         | 0.62        |
| time/                   |             |
|    total_timesteps      | 2500000     |
| train/                  |             |
|    approx_kl            | 0.061799582 |
|    clip_fraction        | 0.35        |
|    clip_range           | 0.2         |
|    entropy_loss         | -17.7       |
|    explained_variance   | 0.908       |
|    learning_rate        | 0.0003      |
|    loss                 | 14.3        |
|    n_updates            | 13270       |
|    policy_gradient_loss | -0.0642     |
|    std                  | 3.25        |
|    value_loss           | 52.2        |
-----------------------------------------
------------------------------------
| manipularl/           |          |
|    collision_rate     | 0.24     |
|    grasp_curriculum   | 0        |
|    grasp_failure_rate | 0.721    |
|    insert_depth_mean  | 0        |
|    obstacle_range_hi  | 5        |
|    obstacle_range_lo  | 2        |
|    success_rate       | 0.67     |
| rollout/              |          |
|    ep_len_mean        | 137      |
|    ep_rew_mean        | 14.8     |
| time/                 |          |
|    fps                | 1096     |
|    iterations         | 306      |
|    time_elapsed       | 2286     |
|    total_timesteps    | 2506752  |
------------------------------------
[train] saved runs/phase3_ppo_v6_repulsetune/model.zip and runs/phase3_ppo_v6_repulsetune/vecnormalize.pkl
>>> 23:53:47 Run E rc=0 OK
pybullet build time: Nov 28 2023 23:45:17
/storage/Ground-Robo-Prepathon/submission/PART_2_MANIPULATOR_RL/evaluate.py:126: RuntimeWarning: Mean of empty slice
  insert_tilt_deg_mean=float(np.nanmean(arr["insert_tilt_deg"])),
[       in_dist] success=0.725 collision=0.250 steps=90 path_eff=0.20 depth=0.000 tilt=nan
[eval] wrote results/eval_phase3_v6_repulsetune.csv
>>> 23:54:59 Run E eval: 3,in_dist,200,0.725,0.25,90.455,0.2017950704074991,0.07716098531674073,0.7182023851385297,0.0,nan
>>> 23:54:59 DIAGNOSTIC phase3 Run E
>>> 23:55:32 diagnostic done, see runs/diagnose_phase3_v6.log
