>>> 11:00:22 TRAIN phase4 Task 1 v8-settle (GPU)
pybullet build time: Nov 28 2023 23:45:17
[train] phase=4 algo=ppo n_envs=8 steps=2,000,000 frame_stack=3 -> runs/phase4_task1_v8_settle
pybullet build time: Nov 28 2023 23:45:17
pybullet build time: Nov 28 2023 23:45:17
pybullet build time: Nov 28 2023 23:45:17
pybullet build time: Nov 28 2023 23:45:17
pybullet build time: Nov 28 2023 23:45:17
pybullet build time: Nov 28 2023 23:45:17
pybullet build time: Nov 28 2023 23:45:17
pybullet build time: Nov 28 2023 23:45:17
[train] warm-starting from runs/phase3_ppo_v7_terminal/model.zip
[train] xy_err_weight anneal 1.5 -> 1.0 over 70% of training
Logging to runs/phase4_task1_v8_settle/tb/PPO_1
--------------------------------------
| manipularl/             |          |
|    collision_rate       | 0.615    |
|    grasp_failure_rate   | 0.706    |
|    insert_depth_mean    | 0        |
|    insert_tilt_deg_mean | 0.00156  |
|    success_rate         | 0        |
|    xy_err_weight        | 1.5      |
| rollout/                |          |
|    ep_len_mean          | 221      |
|    ep_rew_mean          | -45.7    |
| time/                   |          |
|    fps                  | 380      |
|    iterations           | 1        |
|    time_elapsed         | 10       |
|    total_timesteps      | 4096     |
--------------------------------------
----------------------------------------
| manipularl/             |            |
|    collision_rate       | 0.676      |
|    grasp_failure_rate   | 0.736      |
|    insert_depth_mean    | 0          |
|    insert_tilt_deg_mean | 0.00508    |
|    success_rate         | 0          |
|    xy_err_weight        | 1.5        |
| rollout/                |            |
|    ep_len_mean          | 200        |
|    ep_rew_mean          | -40.3      |
| time/                   |            |
|    fps                  | 378        |
|    iterations           | 2          |
|    time_elapsed         | 21         |
|    total_timesteps      | 8192       |
| train/                  |            |
|    approx_kl            | 0.04444898 |
|    clip_fraction        | 0.326      |
|    clip_range           | 0.2        |
|    entropy_loss         | -17.3      |
|    explained_variance   | 0.122      |
|    learning_rate        | 0.0003     |
|    loss                 | 13.3       |
|    n_updates            | 13290      |
|    policy_gradient_loss | -0.023     |
|    std                  | 3.27       |
|    value_loss           | 67.7       |
----------------------------------------
-----------------------------------------
| manipularl/             |             |
|    collision_rate       | 0.654       |
|    grasp_failure_rate   | 0.745       |
|    insert_depth_mean    | 0           |
|    insert_tilt_deg_mean | 0.00974     |
|    success_rate         | 0           |
|    xy_err_weight        | 1.5         |
| rollout/                |             |
|    ep_len_mean          | 209         |
|    ep_rew_mean          | -38.8       |
| time/                   |             |
|    fps                  | 421         |
|    iterations           | 3           |
|    time_elapsed         | 29          |
|    total_timesteps      | 12288       |
| train/                  |             |
|    approx_kl            | 0.060636573 |
|    clip_fraction        | 0.405       |
|    clip_range           | 0.2         |
|    entropy_loss         | -17.3       |
|    explained_variance   | -0.759      |
|    learning_rate        | 0.0003      |
|    loss                 | 9.8         |
|    n_updates            | 13300       |
|    policy_gradient_loss | -0.00614    |
|    std                  | 3.27        |
|    value_loss           | 38.9        |
-----------------------------------------
----------------------------------------
| manipularl/             |            |
|    collision_rate       | 0.631      |
|    grasp_failure_rate   | 0.714      |
|    insert_depth_mean    | 0          |
|    insert_tilt_deg_mean | 0.00946    |
|    success_rate         | 0          |
|    xy_err_weight        | 1.49       |
| rollout/                |            |
|    ep_len_mean          | 226        |
|    ep_rew_mean          | -48.4      |
| time/                   |            |
|    fps                  | 451        |
|    iterations           | 4          |
|    time_elapsed         | 36         |
|    total_timesteps      | 16384      |
| train/                  |            |
|    approx_kl            | 0.06948894 |
|    clip_fraction        | 0.365      |
|    clip_range           | 0.2        |
|    entropy_loss         | -17.3      |
|    explained_variance   | -0.0123    |
|    learning_rate        | 0.0003     |
|    loss                 | 6.73       |
|    n_updates            | 13310      |
|    policy_gradient_loss | -0.0253    |
|    std                  | 3.27       |
|    value_loss           | 28         |
----------------------------------------
-----------------------------------------
| manipularl/             |             |
|    collision_rate       | 0.685       |
|    grasp_failure_rate   | 0.735       |
|    insert_depth_mean    | 0           |
|    insert_tilt_deg_mean | 0.00847     |
|    success_rate         | 0           |
|    xy_err_weight        | 1.49        |
| rollout/                |             |
|    ep_len_mean          | 201         |
|    ep_rew_mean          | -46.1       |
| time/                   |             |
|    fps                  | 467         |
|    iterations           | 5           |
|    time_elapsed         | 43          |
|    total_timesteps      | 20480       |
| train/                  |             |
|    approx_kl            | 0.091979206 |
|    clip_fraction        | 0.488       |
|    clip_range           | 0.2         |
|    entropy_loss         | -17.4       |
|    explained_variance   | 0.0239      |
|    learning_rate        | 0.0003      |
|    loss                 | 8.1         |
|    n_updates            | 13320       |
|    policy_gradient_loss | 0.00488     |
|    std                  | 3.27        |
|    value_loss           | 29.6        |
-----------------------------------------
----------------------------------------
| manipularl/             |            |
|    collision_rate       | 0.59       |
|    grasp_failure_rate   | 0.753      |
|    insert_depth_mean    | 1.06e-05   |
|    insert_tilt_deg_mean | 0.443      |
|    success_rate         | 0          |
|    xy_err_weight        | 1.49       |
| rollout/                |            |
|    ep_len_mean          | 225        |
|    ep_rew_mean          | -48.2      |
| time/                   |            |
|    fps                  | 481        |
|    iterations           | 6          |
|    time_elapsed         | 51         |
|    total_timesteps      | 24576      |
| train/                  |            |
|    approx_kl            | 0.04843998 |
|    clip_fraction        | 0.361      |
|    clip_range           | 0.2        |
|    entropy_loss         | -17.4      |
|    explained_variance   | 0.518      |
|    learning_rate        | 0.0003     |
|    loss                 | 5.97       |
|    n_updates            | 13330      |
|    policy_gradient_loss | -0.0274    |
|    std                  | 3.27       |
|    value_loss           | 21.4       |
----------------------------------------
-----------------------------------------
| manipularl/             |             |
|    collision_rate       | 0.62        |
|    grasp_failure_rate   | 0.766       |
|    insert_depth_mean    | 1.06e-05    |
|    insert_tilt_deg_mean | 1.75        |
|    success_rate         | 0           |
|    xy_err_weight        | 1.49        |
| rollout/                |             |
|    ep_len_mean          | 217         |
|    ep_rew_mean          | -45.8       |
| time/                   |             |
|    fps                  | 491         |
|    iterations           | 7           |
|    time_elapsed         | 58          |
|    total_timesteps      | 28672       |
| train/                  |             |
|    approx_kl            | 0.059518408 |
|    clip_fraction        | 0.298       |
|    clip_range           | 0.2         |
|    entropy_loss         | -17.4       |
|    explained_variance   | 0.733       |
|    learning_rate        | 0.0003      |
|    loss                 | 3.76        |
|    n_updates            | 13340       |
|    policy_gradient_loss | -0.0504     |
|    std                  | 3.28        |
|    value_loss           | 13.9        |
-----------------------------------------
-----------------------------------------
| manipularl/             |             |
|    collision_rate       | 0.58        |
|    grasp_failure_rate   | 0.785       |
|    insert_depth_mean    | 1.06e-05    |
|    insert_tilt_deg_mean | 3.48        |
|    success_rate         | 0           |
|    xy_err_weight        | 1.49        |
| rollout/                |             |
|    ep_len_mean          | 229         |
|    ep_rew_mean          | -46.1       |
| time/                   |             |
|    fps                  | 498         |
|    iterations           | 8           |
|    time_elapsed         | 65          |
|    total_timesteps      | 32768       |
| train/                  |             |
|    approx_kl            | 0.118693344 |
|    clip_fraction        | 0.411       |
|    clip_range           | 0.2         |
|    entropy_loss         | -17.4       |
|    explained_variance   | 0.777       |
|    learning_rate        | 0.0003      |
|    loss                 | 3.33        |
|    n_updates            | 13350       |
|    policy_gradient_loss | -0.0515     |
|    std                  | 3.29        |
|    value_loss           | 11.9        |
-----------------------------------------
----------------------------------------
| manipularl/             |            |
|    collision_rate       | 0.55       |
|    grasp_failure_rate   | 0.77       |
|    insert_depth_mean    | 0.000216   |
|    insert_tilt_deg_mean | 3.48       |
|    success_rate         | 0          |
|    xy_err_weight        | 1.49       |
| rollout/                |            |
|    ep_len_mean          | 238        |
|    ep_rew_mean          | -49.8      |
| time/                   |            |
|    fps                  | 504        |
|    iterations           | 9          |
|    time_elapsed         | 73         |
|    total_timesteps      | 36864      |
| train/                  |            |
|    approx_kl            | 0.08431178 |
|    clip_fraction        | 0.432      |
|    clip_range           | 0.2        |
|    entropy_loss         | -17.4      |
|    explained_variance   | 0.836      |
|    learning_rate        | 0.0003     |
|    loss                 | 4.95       |
|    n_updates            | 13360      |
|    policy_gradient_loss | -0.024     |
|    std                  | 3.29       |
|    value_loss           | 16         |
----------------------------------------
----------------------------------------
| manipularl/             |            |
|    collision_rate       | 0.57       |
|    grasp_failure_rate   | 0.784      |
|    insert_depth_mean    | 0.000982   |
|    insert_tilt_deg_mean | 3.48       |
|    success_rate         | 0          |
|    xy_err_weight        | 1.49       |
| rollout/                |            |
|    ep_len_mean          | 228        |
|    ep_rew_mean          | -48.8      |
| time/                   |            |
|    fps                  | 505        |
|    iterations           | 10         |
|    time_elapsed         | 81         |
|    total_timesteps      | 40960      |
| train/                  |            |
|    approx_kl            | 0.08034569 |
|    clip_fraction        | 0.394      |
|    clip_range           | 0.2        |
|    entropy_loss         | -17.4      |
|    explained_variance   | 0.873      |
|    learning_rate        | 0.0003     |
|    loss                 | 7.2        |
|    n_updates            | 13370      |
|    policy_gradient_loss | -0.0413    |
|    std                  | 3.3        |
|    value_loss           | 19.8       |
----------------------------------------
----------------------------------------
| manipularl/             |            |
|    collision_rate       | 0.61       |
|    grasp_failure_rate   | 0.786      |
|    insert_depth_mean    | 0.00337    |
|    insert_tilt_deg_mean | 3.04       |
|    success_rate         | 0          |
|    xy_err_weight        | 1.48       |
| rollout/                |            |
|    ep_len_mean          | 217        |
|    ep_rew_mean          | -49.3      |
| time/                   |            |
|    fps                  | 508        |
|    iterations           | 11         |
|    time_elapsed         | 88         |
|    total_timesteps      | 45056      |
| train/                  |            |
|    approx_kl            | 0.06182757 |
|    clip_fraction        | 0.336      |
|    clip_range           | 0.2        |
|    entropy_loss         | -17.4      |
|    explained_variance   | 0.791      |
|    learning_rate        | 0.0003     |
|    loss                 | 9.05       |
|    n_updates            | 13380      |
|    policy_gradient_loss | -0.0435    |
|    std                  | 3.3        |
|    value_loss           | 27.9       |
----------------------------------------
----------------------------------------
| manipularl/             |            |
|    collision_rate       | 0.7        |
|    grasp_failure_rate   | 0.771      |
|    insert_depth_mean    | 0.00457    |
|    insert_tilt_deg_mean | 0.872      |
|    success_rate         | 0          |
|    xy_err_weight        | 1.48       |
| rollout/                |            |
|    ep_len_mean          | 184        |
|    ep_rew_mean          | -49.9      |
| time/                   |            |
|    fps                  | 501        |
|    iterations           | 12         |
|    time_elapsed         | 98         |
|    total_timesteps      | 49152      |
| train/                  |            |
|    approx_kl            | 0.08084281 |
|    clip_fraction        | 0.296      |
|    clip_range           | 0.2        |
|    entropy_loss         | -17.4      |
|    explained_variance   | 0.694      |
|    learning_rate        | 0.0003     |
|    loss                 | 6.48       |
|    n_updates            | 13390      |
|    policy_gradient_loss | -0.0444    |
|    std                  | 3.3        |
|    value_loss           | 21.8       |
----------------------------------------
----------------------------------------
| manipularl/             |            |
|    collision_rate       | 0.78       |
|    grasp_failure_rate   | 0.808      |
|    insert_depth_mean    | 0.00497    |
|    insert_tilt_deg_mean | 1.81       |
|    success_rate         | 0          |
|    xy_err_weight        | 1.48       |
| rollout/                |            |
|    ep_len_mean          | 145        |
|    ep_rew_mean          | -38.3      |
| time/                   |            |
|    fps                  | 495        |
|    iterations           | 13         |
|    time_elapsed         | 107        |
|    total_timesteps      | 53248      |
| train/                  |            |
|    approx_kl            | 0.07680333 |
|    clip_fraction        | 0.37       |
|    clip_range           | 0.2        |
|    entropy_loss         | -17.4      |
|    explained_variance   | 0.746      |
|    learning_rate        | 0.0003     |
|    loss                 | 6.19       |
|    n_updates            | 13400      |
|    policy_gradient_loss | -0.0566    |
|    std                  | 3.31       |
|    value_loss           | 20.4       |
----------------------------------------
----------------------------------------
| manipularl/             |            |
|    collision_rate       | 0.81       |
|    grasp_failure_rate   | 0.788      |
|    insert_depth_mean    | 0.003      |
|    insert_tilt_deg_mean | 2.88       |
|    success_rate         | 0          |
|    xy_err_weight        | 1.48       |
| rollout/                |            |
|    ep_len_mean          | 138        |
|    ep_rew_mean          | -32.5      |
| time/                   |            |
|    fps                  | 498        |
|    iterations           | 14         |
|    time_elapsed         | 115        |
|    total_timesteps      | 57344      |
| train/                  |            |
|    approx_kl            | 0.09487492 |
|    clip_fraction        | 0.36       |
|    clip_range           | 0.2        |
|    entropy_loss         | -17.4      |
|    explained_variance   | 0.757      |
|    learning_rate        | 0.0003     |
|    loss                 | 7.55       |
|    n_updates            | 13410      |
|    policy_gradient_loss | -0.0649    |
|    std                  | 3.31       |
|    value_loss           | 22.9       |
----------------------------------------
-----------------------------------------
| manipularl/             |             |
|    collision_rate       | 0.77        |
|    grasp_failure_rate   | 0.783       |
|    insert_depth_mean    | 0.0012      |
|    insert_tilt_deg_mean | 2.88        |
|    success_rate         | 0           |
|    xy_err_weight        | 1.48        |
| rollout/                |             |
|    ep_len_mean          | 155         |
|    ep_rew_mean          | -34.5       |
| time/                   |             |
|    fps                  | 498         |
|    iterations           | 15          |
|    time_elapsed         | 123         |
|    total_timesteps      | 61440       |
| train/                  |             |
|    approx_kl            | 0.095788196 |
|    clip_fraction        | 0.371       |
|    clip_range           | 0.2         |
|    entropy_loss         | -17.4       |
|    explained_variance   | 0.722       |
|    learning_rate        | 0.0003      |
|    loss                 | 5.93        |
|    n_updates            | 13420       |
|    policy_gradient_loss | -0.0617     |
|    std                  | 3.32        |
|    value_loss           | 20          |
-----------------------------------------
-----------------------------------------
| manipularl/             |             |
|    collision_rate       | 0.71        |
|    grasp_failure_rate   | 0.765       |
|    insert_depth_mean    | 0.0006      |
|    insert_tilt_deg_mean | 2.88        |
|    success_rate         | 0           |
|    xy_err_weight        | 1.48        |
| rollout/                |             |
|    ep_len_mean          | 174         |
|    ep_rew_mean          | -38.2       |
| time/                   |             |
|    fps                  | 500         |
|    iterations           | 16          |
|    time_elapsed         | 130         |
|    total_timesteps      | 65536       |
| train/                  |             |
|    approx_kl            | 0.082667306 |
|    clip_fraction        | 0.398       |
|    clip_range           | 0.2         |
|    entropy_loss         | -17.4       |
|    explained_variance   | 0.764       |
|    learning_rate        | 0.0003      |
|    loss                 | 6.1         |
|    n_updates            | 13430       |
|    policy_gradient_loss | -0.0559     |
|    std                  | 3.32        |
|    value_loss           | 17.8        |
-----------------------------------------
----------------------------------------
| manipularl/             |            |
|    collision_rate       | 0.71       |
|    grasp_failure_rate   | 0.749      |
|    insert_depth_mean    | 3.08e-05   |
|    insert_tilt_deg_mean | 2.52       |
|    success_rate         | 0          |
|    xy_err_weight        | 1.48       |
| rollout/                |            |
|    ep_len_mean          | 177        |
|    ep_rew_mean          | -37.7      |
| time/                   |            |
|    fps                  | 501        |
|    iterations           | 17         |
|    time_elapsed         | 138        |
|    total_timesteps      | 69632      |
| train/                  |            |
|    approx_kl            | 0.11290605 |
|    clip_fraction        | 0.392      |
|    clip_range           | 0.2        |
|    entropy_loss         | -17.5      |
|    explained_variance   | 0.817      |
|    learning_rate        | 0.0003     |
|    loss                 | 4.46       |
|    n_updates            | 13440      |
|    policy_gradient_loss | -0.0609    |
|    std                  | 3.32       |
|    value_loss           | 14.1       |
----------------------------------------
----------------------------------------
| manipularl/             |            |
|    collision_rate       | 0.66       |
|    grasp_failure_rate   | 0.73       |
|    insert_depth_mean    | 0.000101   |
|    insert_tilt_deg_mean | 0.722      |
|    success_rate         | 0          |
|    xy_err_weight        | 1.47       |
| rollout/                |            |
|    ep_len_mean          | 196        |
|    ep_rew_mean          | -43.6      |
| time/                   |            |
|    fps                  | 503        |
|    iterations           | 18         |
|    time_elapsed         | 146        |
|    total_timesteps      | 73728      |
| train/                  |            |
|    approx_kl            | 0.10173172 |
|    clip_fraction        | 0.396      |
|    clip_range           | 0.2        |
|    entropy_loss         | -17.5      |
|    explained_variance   | 0.714      |
|    learning_rate        | 0.0003     |
|    loss                 | 5.42       |
|    n_updates            | 13450      |
|    policy_gradient_loss | -0.0659    |
|    std                  | 3.33       |
|    value_loss           | 17.1       |
----------------------------------------
-----------------------------------------
| manipularl/             |             |
|    collision_rate       | 0.62        |
|    grasp_failure_rate   | 0.725       |
|    insert_depth_mean    | 0.000115    |
|    insert_tilt_deg_mean | 0.362       |
|    success_rate         | 0           |
|    xy_err_weight        | 1.47        |
| rollout/                |             |
|    ep_len_mean          | 213         |
|    ep_rew_mean          | -49.5       |
| time/                   |             |
|    fps                  | 506         |
|    iterations           | 19          |
|    time_elapsed         | 153         |
|    total_timesteps      | 77824       |
| train/                  |             |
|    approx_kl            | 0.076027796 |
|    clip_fraction        | 0.349       |
|    clip_range           | 0.2         |
|    entropy_loss         | -17.5       |
|    explained_variance   | 0.706       |
|    learning_rate        | 0.0003      |
|    loss                 | 7.02        |
|    n_updates            | 13460       |
|    policy_gradient_loss | -0.0628     |
|    std                  | 3.33        |
|    value_loss           | 22.1        |
-----------------------------------------
-----------------------------------------
| manipularl/             |             |
|    collision_rate       | 0.68        |
|    grasp_failure_rate   | 0.719       |
|    insert_depth_mean    | 0.000126    |
|    insert_tilt_deg_mean | 0.00295     |
|    success_rate         | 0           |
|    xy_err_weight        | 1.47        |
| rollout/                |             |
|    ep_len_mean          | 192         |
|    ep_rew_mean          | -49.6       |
| time/                   |             |
|    fps                  | 507         |
|    iterations           | 20          |
|    time_elapsed         | 161         |
|    total_timesteps      | 81920       |
| train/                  |             |
|    approx_kl            | 0.060198188 |
|    clip_fraction        | 0.31        |
|    clip_range           | 0.2         |
|    entropy_loss         | -17.5       |
|    explained_variance   | 0.852       |
|    learning_rate        | 0.0003      |
|    loss                 | 4.88        |
|    n_updates            | 13470       |
|    policy_gradient_loss | -0.0562     |
|    std                  | 3.33        |
|    value_loss           | 18          |
-----------------------------------------
-----------------------------------------
| manipularl/             |             |
|    collision_rate       | 0.73        |
|    grasp_failure_rate   | 0.721       |
|    insert_depth_mean    | 0.000133    |
|    insert_tilt_deg_mean | 0.00314     |
|    success_rate         | 0           |
|    xy_err_weight        | 1.47        |
| rollout/                |             |
|    ep_len_mean          | 181         |
|    ep_rew_mean          | -50.4       |
| time/                   |             |
|    fps                  | 508         |
|    iterations           | 21          |
|    time_elapsed         | 169         |
|    total_timesteps      | 86016       |
| train/                  |             |
|    approx_kl            | 0.103514284 |
|    clip_fraction        | 0.393       |
|    clip_range           | 0.2         |
|    entropy_loss         | -17.5       |
|    explained_variance   | 0.723       |
|    learning_rate        | 0.0003      |
|    loss                 | 9.88        |
|    n_updates            | 13480       |
|    policy_gradient_loss | -0.0671     |
|    std                  | 3.34        |
|    value_loss           | 26.7        |
-----------------------------------------
----------------------------------------
| manipularl/             |            |
|    collision_rate       | 0.76       |
|    grasp_failure_rate   | 0.753      |
|    insert_depth_mean    | 6.77e-05   |
|    insert_tilt_deg_mean | 0.00326    |
|    success_rate         | 0          |
|    xy_err_weight        | 1.47       |
| rollout/                |            |
|    ep_len_mean          | 181        |
|    ep_rew_mean          | -47.4      |
| time/                   |            |
|    fps                  | 509        |
|    iterations           | 22         |
|    time_elapsed         | 176        |
|    total_timesteps      | 90112      |
| train/                  |            |
|    approx_kl            | 0.09598844 |
|    clip_fraction        | 0.381      |
|    clip_range           | 0.2        |
|    entropy_loss         | -17.5      |
|    explained_variance   | 0.721      |
|    learning_rate        | 0.0003     |
|    loss                 | 7.64       |
|    n_updates            | 13490      |
|    policy_gradient_loss | -0.0618    |
|    std                  | 3.35       |
|    value_loss           | 23.1       |
----------------------------------------
----------------------------------------
| manipularl/             |            |
|    collision_rate       | 0.79       |
|    grasp_failure_rate   | 0.76       |
|    insert_depth_mean    | 0.000133   |
|    insert_tilt_deg_mean | 0.00302    |
|    success_rate         | 0          |
|    xy_err_weight        | 1.47       |
| rollout/                |            |
|    ep_len_mean          | 167        |
|    ep_rew_mean          | -41.9      |
| time/                   |            |
|    fps                  | 508        |
|    iterations           | 23         |
|    time_elapsed         | 185        |
|    total_timesteps      | 94208      |
| train/                  |            |
|    approx_kl            | 0.10864145 |
|    clip_fraction        | 0.403      |
|    clip_range           | 0.2        |
|    entropy_loss         | -17.5      |
|    explained_variance   | 0.799      |
|    learning_rate        | 0.0003     |
|    loss                 | 5.18       |
|    n_updates            | 13500      |
|    policy_gradient_loss | -0.0662    |
|    std                  | 3.35       |
|    value_loss           | 16.9       |
----------------------------------------
----------------------------------------
| manipularl/             |            |
|    collision_rate       | 0.75       |
|    grasp_failure_rate   | 0.758      |
|    insert_depth_mean    | 0.000133   |
|    insert_tilt_deg_mean | 0.00294    |
|    success_rate         | 0          |
|    xy_err_weight        | 1.46       |
| rollout/                |            |
|    ep_len_mean          | 182        |
|    ep_rew_mean          | -42.1      |
| time/                   |            |
|    fps                  | 507        |
|    iterations           | 24         |
|    time_elapsed         | 193        |
|    total_timesteps      | 98304      |
| train/                  |            |
|    approx_kl            | 0.10761365 |
|    clip_fraction        | 0.409      |
|    clip_range           | 0.2        |
|    entropy_loss         | -17.5      |
|    explained_variance   | 0.831      |
|    learning_rate        | 0.0003     |
|    loss                 | 5.18       |
|    n_updates            | 13510      |
|    policy_gradient_loss | -0.0683    |
|    std                  | 3.36       |
|    value_loss           | 15.6       |
----------------------------------------
----------------------------------------
| manipularl/             |            |
|    collision_rate       | 0.73       |
|    grasp_failure_rate   | 0.756      |
|    insert_depth_mean    | 0.000122   |
|    insert_tilt_deg_mean | 0.00283    |
|    success_rate         | 0          |
|    xy_err_weight        | 1.46       |
| rollout/                |            |
|    ep_len_mean          | 190        |
|    ep_rew_mean          | -41.3      |
| time/                   |            |
|    fps                  | 503        |
|    iterations           | 25         |
|    time_elapsed         | 203        |
|    total_timesteps      | 102400     |
| train/                  |            |
|    approx_kl            | 0.12370835 |
|    clip_fraction        | 0.4        |
|    clip_range           | 0.2        |
|    entropy_loss         | -17.5      |
|    explained_variance   | 0.879      |
|    learning_rate        | 0.0003     |
|    loss                 | 3.43       |
|    n_updates            | 13520      |
|    policy_gradient_loss | -0.068     |
|    std                  | 3.36       |
|    value_loss           | 12         |
----------------------------------------
----------------------------------------
| manipularl/             |            |
|    collision_rate       | 0.71       |
|    grasp_failure_rate   | 0.745      |
|    insert_depth_mean    | 0.000115   |
|    insert_tilt_deg_mean | 0.00333    |
|    success_rate         | 0          |
|    xy_err_weight        | 1.46       |
| rollout/                |            |
|    ep_len_mean          | 194        |
|    ep_rew_mean          | -41        |
| time/                   |            |
|    fps                  | 498        |
|    iterations           | 26         |
|    time_elapsed         | 213        |
|    total_timesteps      | 106496     |
| train/                  |            |
|    approx_kl            | 0.08848913 |
|    clip_fraction        | 0.377      |
|    clip_range           | 0.2        |
|    entropy_loss         | -17.5      |
|    explained_variance   | 0.861      |
|    learning_rate        | 0.0003     |
|    loss                 | 4.25       |
|    n_updates            | 13530      |
|    policy_gradient_loss | -0.0608    |
|    std                  | 3.37       |
|    value_loss           | 14.1       |
----------------------------------------
----------------------------------------
| manipularl/             |            |
|    collision_rate       | 0.68       |
|    grasp_failure_rate   | 0.744      |
|    insert_depth_mean    | 7.97e-05   |
|    insert_tilt_deg_mean | 0.00372    |
|    success_rate         | 0          |
|    xy_err_weight        | 1.46       |
| rollout/                |            |
|    ep_len_mean          | 196        |
|    ep_rew_mean          | -41        |
| time/                   |            |
|    fps                  | 496        |
|    iterations           | 27         |
|    time_elapsed         | 222        |
|    total_timesteps      | 110592     |
| train/                  |            |
|    approx_kl            | 0.15256286 |
|    clip_fraction        | 0.43       |
|    clip_range           | 0.2        |
|    entropy_loss         | -17.5      |
|    explained_variance   | 0.857      |
|    learning_rate        | 0.0003     |
|    loss                 | 3.69       |
|    n_updates            | 13540      |
|    policy_gradient_loss | -0.0609    |
|    std                  | 3.37       |
|    value_loss           | 12.4       |
----------------------------------------
----------------------------------------
| manipularl/             |            |
|    collision_rate       | 0.7        |
|    grasp_failure_rate   | 0.763      |
|    insert_depth_mean    | 0          |
|    insert_tilt_deg_mean | 0.00404    |
|    success_rate         | 0          |
|    xy_err_weight        | 1.46       |
| rollout/                |            |
|    ep_len_mean          | 188        |
|    ep_rew_mean          | -39.7      |
| time/                   |            |
|    fps                  | 498        |
|    iterations           | 28         |
|    time_elapsed         | 229        |
|    total_timesteps      | 114688     |
| train/                  |            |
|    approx_kl            | 0.15475504 |
|    clip_fraction        | 0.488      |
|    clip_range           | 0.2        |
|    entropy_loss         | -17.5      |
|    explained_variance   | 0.887      |
|    learning_rate        | 0.0003     |
|    loss                 | 2.87       |
|    n_updates            | 13550      |
|    policy_gradient_loss | -0.0488    |
|    std                  | 3.38       |
|    value_loss           | 10         |
----------------------------------------
----------------------------------------
| manipularl/             |            |
|    collision_rate       | 0.77       |
|    grasp_failure_rate   | 0.777      |
|    insert_depth_mean    | 0          |
|    insert_tilt_deg_mean | 0.0043     |
|    success_rate         | 0          |
|    xy_err_weight        | 1.46       |
| rollout/                |            |
|    ep_len_mean          | 162        |
|    ep_rew_mean          | -35.2      |
| time/                   |            |
|    fps                  | 497        |
|    iterations           | 29         |
|    time_elapsed         | 238        |
|    total_timesteps      | 118784     |
| train/                  |            |
|    approx_kl            | 0.16118802 |
|    clip_fraction        | 0.493      |
|    clip_range           | 0.2        |
|    entropy_loss         | -17.5      |
|    explained_variance   | 0.873      |
|    learning_rate        | 0.0003     |
|    loss                 | 3.86       |
|    n_updates            | 13560      |
|    policy_gradient_loss | -0.0565    |
|    std                  | 3.39       |
|    value_loss           | 12.2       |
----------------------------------------
---------------------------------------
| manipularl/             |           |
|    collision_rate       | 0.74      |
|    grasp_failure_rate   | 0.802     |
|    insert_depth_mean    | 0         |
|    insert_tilt_deg_mean | 0.00372   |
|    success_rate         | 0         |
|    xy_err_weight        | 1.46      |
| rollout/                |           |
|    ep_len_mean          | 165       |
|    ep_rew_mean          | -33.3     |
| time/                   |           |
|    fps                  | 499       |
|    iterations           | 30        |
|    time_elapsed         | 245       |
|    total_timesteps      | 122880    |
| train/                  |           |
|    approx_kl            | 0.1073547 |
|    clip_fraction        | 0.442     |
|    clip_range           | 0.2       |
|    entropy_loss         | -17.5     |
|    explained_variance   | 0.818     |
|    learning_rate        | 0.0003    |
|    loss                 | 5.41      |
|    n_updates            | 13570     |
|    policy_gradient_loss | -0.065    |
|    std                  | 3.4       |
|    value_loss           | 16.8      |
---------------------------------------
----------------------------------------
| manipularl/             |            |
|    collision_rate       | 0.7        |
|    grasp_failure_rate   | 0.799      |
|    insert_depth_mean    | 0          |
|    insert_tilt_deg_mean | 0.00314    |
|    success_rate         | 0          |
|    xy_err_weight        | 1.45       |
| rollout/                |            |
|    ep_len_mean          | 182        |
|    ep_rew_mean          | -35.9      |
| time/                   |            |
|    fps                  | 501        |
|    iterations           | 31         |
|    time_elapsed         | 253        |
|    total_timesteps      | 126976     |
| train/                  |            |
|    approx_kl            | 0.14226152 |
|    clip_fraction        | 0.432      |
|    clip_range           | 0.2        |
|    entropy_loss         | -17.5      |
|    explained_variance   | 0.87       |
|    learning_rate        | 0.0003     |
|    loss                 | 3.3        |
|    n_updates            | 13580      |
|    policy_gradient_loss | -0.0633    |
|    std                  | 3.4        |
|    value_loss           | 10.9       |
----------------------------------------
---------------------------------------
| manipularl/             |           |
|    collision_rate       | 0.71      |
|    grasp_failure_rate   | 0.807     |
|    insert_depth_mean    | 0         |
|    insert_tilt_deg_mean | 0.00286   |
|    success_rate         | 0         |
|    xy_err_weight        | 1.45      |
| rollout/                |           |
|    ep_len_mean          | 177       |
|    ep_rew_mean          | -35.2     |
| time/                   |           |
|    fps                  | 503       |
|    iterations           | 32        |
|    time_elapsed         | 260       |
|    total_timesteps      | 131072    |
| train/                  |           |
|    approx_kl            | 0.1550006 |
|    clip_fraction        | 0.495     |
|    clip_range           | 0.2       |
|    entropy_loss         | -17.6     |
|    explained_variance   | 0.877     |
|    learning_rate        | 0.0003    |
|    loss                 | 3.92      |
|    n_updates            | 13590     |
|    policy_gradient_loss | -0.0491   |
|    std                  | 3.42      |
|    value_loss           | 13.4      |
---------------------------------------
-----------------------------------------
| manipularl/             |             |
|    collision_rate       | 0.68        |
|    grasp_failure_rate   | 0.773       |
|    insert_depth_mean    | 0           |
|    insert_tilt_deg_mean | 0.00275     |
|    success_rate         | 0           |
|    xy_err_weight        | 1.45        |
| rollout/                |             |
|    ep_len_mean          | 187         |
|    ep_rew_mean          | -40.6       |
| time/                   |             |
|    fps                  | 503         |
|    iterations           | 33          |
|    time_elapsed         | 268         |
|    total_timesteps      | 135168      |
| train/                  |             |
|    approx_kl            | 0.106976196 |
|    clip_fraction        | 0.423       |
|    clip_range           | 0.2         |
|    entropy_loss         | -17.6       |
|    explained_variance   | 0.814       |
|    learning_rate        | 0.0003      |
|    loss                 | 4.95        |
|    n_updates            | 13600       |
|    policy_gradient_loss | -0.0614     |
|    std                  | 3.44        |
|    value_loss           | 15.1        |
-----------------------------------------
----------------------------------------
| manipularl/             |            |
|    collision_rate       | 0.63       |
|    grasp_failure_rate   | 0.763      |
|    insert_depth_mean    | 0.000107   |
|    insert_tilt_deg_mean | 0.00254    |
|    success_rate         | 0          |
|    xy_err_weight        | 1.45       |
| rollout/                |            |
|    ep_len_mean          | 207        |
|    ep_rew_mean          | -46.4      |
| time/                   |            |
|    fps                  | 505        |
|    iterations           | 34         |
|    time_elapsed         | 275        |
|    total_timesteps      | 139264     |
| train/                  |            |
|    approx_kl            | 0.11936724 |
|    clip_fraction        | 0.41       |
|    clip_range           | 0.2        |
|    entropy_loss         | -17.6      |
|    explained_variance   | 0.875      |
|    learning_rate        | 0.0003     |
|    loss                 | 4.5        |
|    n_updates            | 13610      |
|    policy_gradient_loss | -0.0748    |
|    std                  | 3.45       |
|    value_loss           | 14.2       |
----------------------------------------
-----------------------------------------
| manipularl/             |             |
|    collision_rate       | 0.64        |
|    grasp_failure_rate   | 0.719       |
|    insert_depth_mean    | 0.00013     |
|    insert_tilt_deg_mean | 0.00256     |
|    success_rate         | 0           |
|    xy_err_weight        | 1.45        |
| rollout/                |             |
|    ep_len_mean          | 207         |
|    ep_rew_mean          | -51.5       |
| time/                   |             |
|    fps                  | 507         |
|    iterations           | 35          |
|    time_elapsed         | 282         |
|    total_timesteps      | 143360      |
| train/                  |             |
|    approx_kl            | 0.086446196 |
|    clip_fraction        | 0.37        |
|    clip_range           | 0.2         |
|    entropy_loss         | -17.6       |
|    explained_variance   | 0.816       |
|    learning_rate        | 0.0003      |
|    loss                 | 5.68        |
|    n_updates            | 13620       |
|    policy_gradient_loss | -0.0653     |
|    std                  | 3.45        |
|    value_loss           | 17          |
-----------------------------------------
----------------------------------------
| manipularl/             |            |
|    collision_rate       | 0.67       |
|    grasp_failure_rate   | 0.704      |
|    insert_depth_mean    | 0.000167   |
|    insert_tilt_deg_mean | 0.0028     |
|    success_rate         | 0          |
|    xy_err_weight        | 1.45       |
| rollout/                |            |
|    ep_len_mean          | 202        |
|    ep_rew_mean          | -55.1      |
| time/                   |            |
|    fps                  | 509        |
|    iterations           | 36         |
|    time_elapsed         | 289        |
|    total_timesteps      | 147456     |
| train/                  |            |
|    approx_kl            | 0.11120631 |
|    clip_fraction        | 0.434      |
|    clip_range           | 0.2        |
|    entropy_loss         | -17.6      |
|    explained_variance   | 0.789      |
|    learning_rate        | 0.0003     |
|    loss                 | 6.98       |
|    n_updates            | 13630      |
|    policy_gradient_loss | -0.0677    |
|    std                  | 3.45       |
|    value_loss           | 21.6       |
----------------------------------------
---------------------------------------
| manipularl/             |           |
|    collision_rate       | 0.68      |
|    grasp_failure_rate   | 0.695     |
|    insert_depth_mean    | 0.000167  |
|    insert_tilt_deg_mean | 0.00269   |
|    success_rate         | 0         |
|    xy_err_weight        | 1.45      |
| rollout/                |           |
|    ep_len_mean          | 202       |
|    ep_rew_mean          | -57.3     |
| time/                   |           |
|    fps                  | 510       |
|    iterations           | 37        |
|    time_elapsed         | 297       |
|    total_timesteps      | 151552    |
| train/                  |           |
|    approx_kl            | 0.0665165 |
|    clip_fraction        | 0.32      |
|    clip_range           | 0.2       |
|    entropy_loss         | -17.6     |
|    explained_variance   | 0.824     |
|    learning_rate        | 0.0003    |
|    loss                 | 8.26      |
|    n_updates            | 13640     |
|    policy_gradient_loss | -0.061    |
|    std                  | 3.46      |
|    value_loss           | 23.6      |
---------------------------------------
----------------------------------------
| manipularl/             |            |
|    collision_rate       | 0.71       |
|    grasp_failure_rate   | 0.703      |
|    insert_depth_mean    | 0.000167   |
|    insert_tilt_deg_mean | 0.0027     |
|    success_rate         | 0          |
|    xy_err_weight        | 1.44       |
| rollout/                |            |
|    ep_len_mean          | 191        |
|    ep_rew_mean          | -54.7      |
| time/                   |            |
|    fps                  | 511        |
|    iterations           | 38         |
|    time_elapsed         | 304        |
|    total_timesteps      | 155648     |
| train/                  |            |
|    approx_kl            | 0.09901735 |
|    clip_fraction        | 0.387      |
|    clip_range           | 0.2        |
|    entropy_loss         | -17.6      |
|    explained_variance   | 0.775      |
|    learning_rate        | 0.0003     |
|    loss                 | 6.89       |
|    n_updates            | 13650      |
|    policy_gradient_loss | -0.0714    |
|    std                  | 3.47       |
|    value_loss           | 22.3       |
----------------------------------------
-----------------------------------------
| manipularl/             |             |
|    collision_rate       | 0.71        |
|    grasp_failure_rate   | 0.736       |
|    insert_depth_mean    | 9e-05       |
|    insert_tilt_deg_mean | 0.00269     |
|    success_rate         | 0           |
|    xy_err_weight        | 1.44        |
| rollout/                |             |
|    ep_len_mean          | 187         |
|    ep_rew_mean          | -48.8       |
| time/                   |             |
|    fps                  | 512         |
|    iterations           | 39          |
|    time_elapsed         | 311         |
|    total_timesteps      | 159744      |
| train/                  |             |
|    approx_kl            | 0.086409554 |
|    clip_fraction        | 0.349       |
|    clip_range           | 0.2         |
|    entropy_loss         | -17.6       |
|    explained_variance   | 0.821       |
|    learning_rate        | 0.0003      |
|    loss                 | 4.73        |
|    n_updates            | 13660       |
|    policy_gradient_loss | -0.069      |
|    std                  | 3.47        |
|    value_loss           | 15.3        |
-----------------------------------------
---------------------------------------
| manipularl/             |           |
|    collision_rate       | 0.7       |
|    grasp_failure_rate   | 0.768     |
|    insert_depth_mean    | 8.45e-05  |
|    insert_tilt_deg_mean | 0.00243   |
|    success_rate         | 0         |
|    xy_err_weight        | 1.44      |
| rollout/                |           |
|    ep_len_mean          | 187       |
|    ep_rew_mean          | -44.4     |
| time/                   |           |
|    fps                  | 514       |
|    iterations           | 40        |
|    time_elapsed         | 318       |
|    total_timesteps      | 163840    |
| train/                  |           |
|    approx_kl            | 0.0977475 |
|    clip_fraction        | 0.4       |
|    clip_range           | 0.2       |
|    entropy_loss         | -17.6     |
|    explained_variance   | 0.853     |
|    learning_rate        | 0.0003    |
|    loss                 | 5.99      |
|    n_updates            | 13670     |
|    policy_gradient_loss | -0.0683   |
|    std                  | 3.48      |
|    value_loss           | 16.7      |
---------------------------------------
-----------------------------------------
| manipularl/             |             |
|    collision_rate       | 0.73        |
|    grasp_failure_rate   | 0.778       |
|    insert_depth_mean    | 8.45e-05    |
|    insert_tilt_deg_mean | 0.00256     |
|    success_rate         | 0           |
|    xy_err_weight        | 1.44        |
| rollout/                |             |
|    ep_len_mean          | 167         |
|    ep_rew_mean          | -40.4       |
| time/                   |             |
|    fps                  | 516         |
|    iterations           | 41          |
|    time_elapsed         | 325         |
|    total_timesteps      | 167936      |
| train/                  |             |
|    approx_kl            | 0.113734916 |
|    clip_fraction        | 0.402       |
|    clip_range           | 0.2         |
|    entropy_loss         | -17.7       |
|    explained_variance   | 0.83        |
|    learning_rate        | 0.0003      |
|    loss                 | 5.13        |
|    n_updates            | 13680       |
|    policy_gradient_loss | -0.0735     |
|    std                  | 3.5         |
|    value_loss           | 15.5        |
-----------------------------------------
----------------------------------------
| manipularl/             |            |
|    collision_rate       | 0.72       |
|    grasp_failure_rate   | 0.818      |
|    insert_depth_mean    | 8.45e-05   |
|    insert_tilt_deg_mean | 0.00233    |
|    success_rate         | 0          |
|    xy_err_weight        | 1.44       |
| rollout/                |            |
|    ep_len_mean          | 173        |
|    ep_rew_mean          | -36.1      |
| time/                   |            |
|    fps                  | 517        |
|    iterations           | 42         |
|    time_elapsed         | 332        |
|    total_timesteps      | 172032     |
| train/                  |            |
|    approx_kl            | 0.08527826 |
|    clip_fraction        | 0.383      |
|    clip_range           | 0.2        |
|    entropy_loss         | -17.7      |
|    explained_variance   | 0.743      |
|    learning_rate        | 0.0003     |
|    loss                 | 5.93       |
|    n_updates            | 13690      |
|    policy_gradient_loss | -0.0598    |
|    std                  | 3.51       |
|    value_loss           | 18.9       |
----------------------------------------
----------------------------------------
| manipularl/             |            |
|    collision_rate       | 0.73       |
|    grasp_failure_rate   | 0.831      |
|    insert_depth_mean    | 4.58e-05   |
|    insert_tilt_deg_mean | 0.00207    |
|    success_rate         | 0          |
|    xy_err_weight        | 1.44       |
| rollout/                |            |
|    ep_len_mean          | 163        |
|    ep_rew_mean          | -31.1      |
| time/                   |            |
|    fps                  | 519        |
|    iterations           | 43         |
|    time_elapsed         | 339        |
|    total_timesteps      | 176128     |
| train/                  |            |
|    approx_kl            | 0.12514347 |
|    clip_fraction        | 0.446      |
|    clip_range           | 0.2        |
|    entropy_loss         | -17.7      |
|    explained_variance   | 0.779      |
|    learning_rate        | 0.0003     |
|    loss                 | 3.64       |
|    n_updates            | 13700      |
|    policy_gradient_loss | -0.0707    |
|    std                  | 3.51       |
|    value_loss           | 13.2       |
----------------------------------------
----------------------------------------
| manipularl/             |            |
|    collision_rate       | 0.74       |
|    grasp_failure_rate   | 0.821      |
|    insert_depth_mean    | 4.21e-05   |
|    insert_tilt_deg_mean | 0.00195    |
|    success_rate         | 0          |
|    xy_err_weight        | 1.44       |
| rollout/                |            |
|    ep_len_mean          | 160        |
|    ep_rew_mean          | -32.7      |
| time/                   |            |
|    fps                  | 519        |
|    iterations           | 44         |
|    time_elapsed         | 346        |
|    total_timesteps      | 180224     |
| train/                  |            |
|    approx_kl            | 0.13196324 |
|    clip_fraction        | 0.431      |
|    clip_range           | 0.2        |
|    entropy_loss         | -17.7      |
|    explained_variance   | 0.897      |
|    learning_rate        | 0.0003     |
|    loss                 | 3.48       |
|    n_updates            | 13710      |
|    policy_gradient_loss | -0.0697    |
|    std                  | 3.52       |
|    value_loss           | 12.2       |
----------------------------------------
-----------------------------------------
| manipularl/             |             |
|    collision_rate       | 0.74        |
|    grasp_failure_rate   | 0.796       |
|    insert_depth_mean    | 4.21e-05    |
|    insert_tilt_deg_mean | 0.00181     |
|    success_rate         | 0           |
|    xy_err_weight        | 1.43        |
| rollout/                |             |
|    ep_len_mean          | 164         |
|    ep_rew_mean          | -31.3       |
| time/                   |             |
|    fps                  | 520         |
|    iterations           | 45          |
|    time_elapsed         | 353         |
|    total_timesteps      | 184320      |
| train/                  |             |
|    approx_kl            | 0.102631845 |
|    clip_fraction        | 0.386       |
|    clip_range           | 0.2         |
|    entropy_loss         | -17.7       |
|    explained_variance   | 0.887       |
|    learning_rate        | 0.0003      |
|    loss                 | 2.99        |
|    n_updates            | 13720       |
|    policy_gradient_loss | -0.0729     |
|    std                  | 3.53        |
|    value_loss           | 10.7        |
-----------------------------------------
-----------------------------------------
| manipularl/             |             |
|    collision_rate       | 0.76        |
|    grasp_failure_rate   | 0.761       |
|    insert_depth_mean    | 0.000293    |
|    insert_tilt_deg_mean | 0.00199     |
|    success_rate         | 0           |
|    xy_err_weight        | 1.43        |
| rollout/                |             |
|    ep_len_mean          | 157         |
|    ep_rew_mean          | -33.8       |
| time/                   |             |
|    fps                  | 522         |
|    iterations           | 46          |
|    time_elapsed         | 360         |
|    total_timesteps      | 188416      |
| train/                  |             |
|    approx_kl            | 0.121999405 |
|    clip_fraction        | 0.437       |
|    clip_range           | 0.2         |
|    entropy_loss         | -17.7       |
|    explained_variance   | 0.87        |
|    learning_rate        | 0.0003      |
|    loss                 | 2.72        |
|    n_updates            | 13730       |
|    policy_gradient_loss | -0.0759     |
|    std                  | 3.54        |
|    value_loss           | 9.55        |
-----------------------------------------
----------------------------------------
| manipularl/             |            |
|    collision_rate       | 0.72       |
|    grasp_failure_rate   | 0.744      |
|    insert_depth_mean    | 0.000278   |
|    insert_tilt_deg_mean | 0.00206    |
|    success_rate         | 0          |
|    xy_err_weight        | 1.43       |
| rollout/                |            |
|    ep_len_mean          | 173        |
|    ep_rew_mean          | -37        |
| time/                   |            |
|    fps                  | 524        |
|    iterations           | 47         |
|    time_elapsed         | 367        |
|    total_timesteps      | 192512     |
| train/                  |            |
|    approx_kl            | 0.14068717 |
|    clip_fraction        | 0.473      |
|    clip_range           | 0.2        |
|    entropy_loss         | -17.8      |
|    explained_variance   | 0.796      |
|    learning_rate        | 0.0003     |
|    loss                 | 4.91       |
|    n_updates            | 13740      |
|    policy_gradient_loss | -0.0701    |
|    std                  | 3.55       |
|    value_loss           | 17.2       |
----------------------------------------
----------------------------------------
| manipularl/             |            |
|    collision_rate       | 0.74       |
|    grasp_failure_rate   | 0.717      |
|    insert_depth_mean    | 0.000251   |
|    insert_tilt_deg_mean | 0.00246    |
|    success_rate         | 0          |
|    xy_err_weight        | 1.43       |
| rollout/                |            |
|    ep_len_mean          | 164        |
|    ep_rew_mean          | -35.4      |
| time/                   |            |
|    fps                  | 526        |
|    iterations           | 48         |
|    time_elapsed         | 373        |
|    total_timesteps      | 196608     |
| train/                  |            |
|    approx_kl            | 0.09829688 |
|    clip_fraction        | 0.38       |
|    clip_range           | 0.2        |
|    entropy_loss         | -17.8      |
|    explained_variance   | 0.896      |
|    learning_rate        | 0.0003     |
|    loss                 | 2.98       |
|    n_updates            | 13750      |
|    policy_gradient_loss | -0.0637    |
|    std                  | 3.56       |
|    value_loss           | 9.97       |
----------------------------------------
Eval num_timesteps=200000, episode_reward=-69.38 +/- 55.57
Episode length: 244.75 +/- 150.73
----------------------------------------
| eval/                   |            |
|    mean_ep_length       | 245        |
|    mean_reward          | -69.4      |
| manipularl/             |            |
|    collision_rate       | 0.74       |
|    grasp_failure_rate   | 0.715      |
|    insert_depth_mean    | 0.000251   |
|    insert_tilt_deg_mean | 0.00269    |
|    success_rate         | 0          |
|    xy_err_weight        | 1.43       |
| time/                   |            |
|    total_timesteps      | 200000     |
| train/                  |            |
|    approx_kl            | 0.15357077 |
|    clip_fraction        | 0.451      |
|    clip_range           | 0.2        |
|    entropy_loss         | -17.8      |
|    explained_variance   | 0.806      |
|    learning_rate        | 0.0003     |
|    loss                 | 4.04       |
|    n_updates            | 13760      |
|    policy_gradient_loss | -0.0787    |
|    std                  | 3.56       |
|    value_loss           | 13.6       |
----------------------------------------
New best mean reward!
--------------------------------------
| manipularl/             |          |
|    collision_rate       | 0.75     |
|    grasp_failure_rate   | 0.709    |
|    insert_depth_mean    | 0.00027  |
|    insert_tilt_deg_mean | 0.00276  |
|    success_rate         | 0        |
|    xy_err_weight        | 1.43     |
| rollout/                |          |
|    ep_len_mean          | 165      |
|    ep_rew_mean          | -37.3    |
| time/                   |          |
|    fps                  | 508      |
|    iterations           | 49       |
|    time_elapsed         | 394      |
|    total_timesteps      | 200704   |
--------------------------------------
-----------------------------------------
| manipularl/             |             |
|    collision_rate       | 0.72        |
|    grasp_failure_rate   | 0.689       |
|    insert_depth_mean    | 0.000127    |
|    insert_tilt_deg_mean | 0.00305     |
|    success_rate         | 0           |
|    xy_err_weight        | 1.43        |
| rollout/                |             |
|    ep_len_mean          | 182         |
|    ep_rew_mean          | -43.6       |
| time/                   |             |
|    fps                  | 512         |
|    iterations           | 50          |
|    time_elapsed         | 399         |
|    total_timesteps      | 204800      |
| train/                  |             |
|    approx_kl            | 0.091443956 |
|    clip_fraction        | 0.383       |
|    clip_range           | 0.2         |
|    entropy_loss         | -17.8       |
|    explained_variance   | 0.782       |
|    learning_rate        | 0.0003      |
|    loss                 | 7.2         |
|    n_updates            | 13770       |
|    policy_gradient_loss | -0.0688     |
|    std                  | 3.56        |
|    value_loss           | 20.5        |
-----------------------------------------
----------------------------------------
| manipularl/             |            |
|    collision_rate       | 0.74       |
|    grasp_failure_rate   | 0.676      |
|    insert_depth_mean    | 1.85e-05   |
|    insert_tilt_deg_mean | 0.00319    |
|    success_rate         | 0          |
|    xy_err_weight        | 1.43       |
| rollout/                |            |
|    ep_len_mean          | 179        |
|    ep_rew_mean          | -43.8      |
| time/                   |            |
|    fps                  | 514        |
|    iterations           | 51         |
|    time_elapsed         | 406        |
|    total_timesteps      | 208896     |
| train/                  |            |
|    approx_kl            | 0.07517394 |
|    clip_fraction        | 0.367      |
|    clip_range           | 0.2        |
|    entropy_loss         | -17.8      |
|    explained_variance   | 0.818      |
|    learning_rate        | 0.0003     |
|    loss                 | 6.6        |
|    n_updates            | 13780      |
|    policy_gradient_loss | -0.0645    |
|    std                  | 3.57       |
|    value_loss           | 18.8       |
----------------------------------------
----------------------------------------
| manipularl/             |            |
|    collision_rate       | 0.75       |
|    grasp_failure_rate   | 0.68       |
|    insert_depth_mean    | 1.85e-05   |
|    insert_tilt_deg_mean | 0.00357    |
|    success_rate         | 0          |
|    xy_err_weight        | 1.42       |
| rollout/                |            |
|    ep_len_mean          | 171        |
|    ep_rew_mean          | -41.9      |
| time/                   |            |
|    fps                  | 515        |
|    iterations           | 52         |
|    time_elapsed         | 412        |
|    total_timesteps      | 212992     |
| train/                  |            |
|    approx_kl            | 0.12826894 |
|    clip_fraction        | 0.414      |
|    clip_range           | 0.2        |
|    entropy_loss         | -17.8      |
|    explained_variance   | 0.882      |
|    learning_rate        | 0.0003     |
|    loss                 | 4.05       |
|    n_updates            | 13790      |
|    policy_gradient_loss | -0.0771    |
|    std                  | 3.58       |
|    value_loss           | 13.9       |
----------------------------------------
-----------------------------------------
| manipularl/             |             |
|    collision_rate       | 0.71        |
|    grasp_failure_rate   | 0.682       |
|    insert_depth_mean    | 1.85e-05    |
|    insert_tilt_deg_mean | 0.00475     |
|    success_rate         | 0           |
|    xy_err_weight        | 1.42        |
| rollout/                |             |
|    ep_len_mean          | 187         |
|    ep_rew_mean          | -45.1       |
| time/                   |             |
|    fps                  | 518         |
|    iterations           | 53          |
|    time_elapsed         | 418         |
|    total_timesteps      | 217088      |
| train/                  |             |
|    approx_kl            | 0.121027246 |
|    clip_fraction        | 0.43        |
|    clip_range           | 0.2         |
|    entropy_loss         | -17.8       |
|    explained_variance   | 0.812       |
|    learning_rate        | 0.0003      |
|    loss                 | 3.27        |
|    n_updates            | 13800       |
|    policy_gradient_loss | -0.0762     |
|    std                  | 3.59        |
|    value_loss           | 10.9        |
-----------------------------------------
----------------------------------------
| manipularl/             |            |
|    collision_rate       | 0.67       |
|    grasp_failure_rate   | 0.677      |
|    insert_depth_mean    | 0          |
|    insert_tilt_deg_mean | 0.0061     |
|    success_rate         | 0          |
|    xy_err_weight        | 1.42       |
| rollout/                |            |
|    ep_len_mean          | 196        |
|    ep_rew_mean          | -46.2      |
| time/                   |            |
|    fps                  | 521        |
|    iterations           | 54         |
|    time_elapsed         | 424        |
|    total_timesteps      | 221184     |
| train/                  |            |
|    approx_kl            | 0.08891288 |
|    clip_fraction        | 0.368      |
|    clip_range           | 0.2        |
|    entropy_loss         | -17.8      |
|    explained_variance   | 0.738      |
|    learning_rate        | 0.0003     |
|    loss                 | 3.16       |
|    n_updates            | 13810      |
|    policy_gradient_loss | -0.0724    |
|    std                  | 3.59       |
|    value_loss           | 11.6       |
----------------------------------------
----------------------------------------
| manipularl/             |            |
|    collision_rate       | 0.65       |
|    grasp_failure_rate   | 0.67       |
|    insert_depth_mean    | 0          |
|    insert_tilt_deg_mean | 0.00619    |
|    success_rate         | 0          |
|    xy_err_weight        | 1.42       |
| rollout/                |            |
|    ep_len_mean          | 201        |
|    ep_rew_mean          | -46        |
| time/                   |            |
|    fps                  | 524        |
|    iterations           | 55         |
|    time_elapsed         | 429        |
|    total_timesteps      | 225280     |
| train/                  |            |
|    approx_kl            | 0.12549274 |
|    clip_fraction        | 0.423      |
|    clip_range           | 0.2        |
|    entropy_loss         | -17.8      |
|    explained_variance   | 0.875      |
|    learning_rate        | 0.0003     |
|    loss                 | 3.1        |
|    n_updates            | 13820      |
|    policy_gradient_loss | -0.0696    |
|    std                  | 3.6        |
|    value_loss           | 10.6       |
----------------------------------------
----------------------------------------
| manipularl/             |            |
|    collision_rate       | 0.56       |
|    grasp_failure_rate   | 0.67       |
|    insert_depth_mean    | 0          |
|    insert_tilt_deg_mean | 0.00603    |
|    success_rate         | 0          |
|    xy_err_weight        | 1.42       |
| rollout/                |            |
|    ep_len_mean          | 226        |
|    ep_rew_mean          | -50.3      |
| time/                   |            |
|    fps                  | 527        |
|    iterations           | 56         |
|    time_elapsed         | 434        |
|    total_timesteps      | 229376     |
| train/                  |            |
|    approx_kl            | 0.13066131 |
|    clip_fraction        | 0.453      |
|    clip_range           | 0.2        |
|    entropy_loss         | -17.8      |
|    explained_variance   | 0.898      |
|    learning_rate        | 0.0003     |
|    loss                 | 3.02       |
|    n_updates            | 13830      |
|    policy_gradient_loss | -0.0634    |
|    std                  | 3.6        |
|    value_loss           | 9.49       |
----------------------------------------
----------------------------------------
| manipularl/             |            |
|    collision_rate       | 0.55       |
|    grasp_failure_rate   | 0.671      |
|    insert_depth_mean    | 6.07e-06   |
|    insert_tilt_deg_mean | 0.00814    |
|    success_rate         | 0          |
|    xy_err_weight        | 1.42       |
| rollout/                |            |
|    ep_len_mean          | 229        |
|    ep_rew_mean          | -52.6      |
| time/                   |            |
|    fps                  | 531        |
|    iterations           | 57         |
|    time_elapsed         | 439        |
|    total_timesteps      | 233472     |
| train/                  |            |
|    approx_kl            | 0.14480877 |
|    clip_fraction        | 0.488      |
|    clip_range           | 0.2        |
|    entropy_loss         | -17.8      |
|    explained_variance   | 0.882      |
|    learning_rate        | 0.0003     |
|    loss                 | 3.7        |
|    n_updates            | 13840      |
|    policy_gradient_loss | -0.0618    |
|    std                  | 3.62       |
|    value_loss           | 11.4       |
----------------------------------------
-----------------------------------------
| manipularl/             |             |
|    collision_rate       | 0.52        |
|    grasp_failure_rate   | 0.68        |
|    insert_depth_mean    | 5.06e-05    |
|    insert_tilt_deg_mean | 0.00816     |
|    success_rate         | 0           |
|    xy_err_weight        | 1.42        |
| rollout/                |             |
|    ep_len_mean          | 248         |
|    ep_rew_mean          | -56.2       |
| time/                   |             |
|    fps                  | 534         |
|    iterations           | 58          |
|    time_elapsed         | 444         |
|    total_timesteps      | 237568      |
| train/                  |             |
|    approx_kl            | 0.101624995 |
|    clip_fraction        | 0.364       |
|    clip_range           | 0.2         |
|    entropy_loss         | -17.9       |
|    explained_variance   | 0.923       |
|    learning_rate        | 0.0003      |
|    loss                 | 4.04        |
|    n_updates            | 13850       |
|    policy_gradient_loss | -0.0669     |
|    std                  | 3.63        |
|    value_loss           | 13.7        |
-----------------------------------------
----------------------------------------
| manipularl/             |            |
|    collision_rate       | 0.51       |
|    grasp_failure_rate   | 0.687      |
|    insert_depth_mean    | 5.06e-05   |
|    insert_tilt_deg_mean | 0.00747    |
|    success_rate         | 0          |
|    xy_err_weight        | 1.41       |
| rollout/                |            |
|    ep_len_mean          | 249        |
|    ep_rew_mean          | -58.4      |
| time/                   |            |
|    fps                  | 537        |
|    iterations           | 59         |
|    time_elapsed         | 449        |
|    total_timesteps      | 241664     |
| train/                  |            |
|    approx_kl            | 0.16401602 |
|    clip_fraction        | 0.442      |
|    clip_range           | 0.2        |
|    entropy_loss         | -17.9      |
|    explained_variance   | 0.915      |
|    learning_rate        | 0.0003     |
|    loss                 | 2.27       |
|    n_updates            | 13860      |
|    policy_gradient_loss | -0.0675    |
|    std                  | 3.64       |
|    value_loss           | 8.12       |
----------------------------------------
----------------------------------------
| manipularl/             |            |
|    collision_rate       | 0.51       |
|    grasp_failure_rate   | 0.707      |
|    insert_depth_mean    | 5.06e-05   |
|    insert_tilt_deg_mean | 0.00616    |
|    success_rate         | 0          |
|    xy_err_weight        | 1.41       |
| rollout/                |            |
|    ep_len_mean          | 251        |
|    ep_rew_mean          | -61.3      |
| time/                   |            |
|    fps                  | 540        |
|    iterations           | 60         |
|    time_elapsed         | 454        |
|    total_timesteps      | 245760     |
| train/                  |            |
|    approx_kl            | 0.14362666 |
|    clip_fraction        | 0.434      |
|    clip_range           | 0.2        |
|    entropy_loss         | -17.9      |
|    explained_variance   | 0.887      |
|    learning_rate        | 0.0003     |
|    loss                 | 5.88       |
|    n_updates            | 13870      |
|    policy_gradient_loss | -0.0626    |
|    std                  | 3.65       |
|    value_loss           | 16.2       |
----------------------------------------
-----------------------------------------
| manipularl/             |             |
|    collision_rate       | 0.49        |
|    grasp_failure_rate   | 0.725       |
|    insert_depth_mean    | 5.82e-05    |
|    insert_tilt_deg_mean | 0.00603     |
|    success_rate         | 0           |
|    xy_err_weight        | 1.41        |
| rollout/                |             |
|    ep_len_mean          | 257         |
|    ep_rew_mean          | -60.5       |
| time/                   |             |
|    fps                  | 543         |
|    iterations           | 61          |
|    time_elapsed         | 459         |
|    total_timesteps      | 249856      |
| train/                  |             |
|    approx_kl            | 0.098621786 |
|    clip_fraction        | 0.395       |
|    clip_range           | 0.2         |
|    entropy_loss         | -17.9       |
|    explained_variance   | 0.855       |
|    learning_rate        | 0.0003      |
|    loss                 | 5.47        |
|    n_updates            | 13880       |
|    policy_gradient_loss | -0.0655     |
|    std                  | 3.66        |
|    value_loss           | 15.5        |
-----------------------------------------
----------------------------------------
| manipularl/             |            |
|    collision_rate       | 0.55       |
|    grasp_failure_rate   | 0.735      |
|    insert_depth_mean    | 6.71e-05   |
|    insert_tilt_deg_mean | 0.00588    |
|    success_rate         | 0          |
|    xy_err_weight        | 1.41       |
| rollout/                |            |
|    ep_len_mean          | 238        |
|    ep_rew_mean          | -58.4      |
| time/                   |            |
|    fps                  | 546        |
|    iterations           | 62         |
|    time_elapsed         | 464        |
|    total_timesteps      | 253952     |
| train/                  |            |
|    approx_kl            | 0.11447898 |
|    clip_fraction        | 0.403      |
|    clip_range           | 0.2        |
|    entropy_loss         | -17.9      |
|    explained_variance   | 0.896      |
|    learning_rate        | 0.0003     |
|    loss                 | 3.5        |
|    n_updates            | 13890      |
|    policy_gradient_loss | -0.0735    |
|    std                  | 3.67       |
|    value_loss           | 11.1       |
----------------------------------------
----------------------------------------
| manipularl/             |            |
|    collision_rate       | 0.56       |
|    grasp_failure_rate   | 0.707      |
|    insert_depth_mean    | 6.54e-05   |
|    insert_tilt_deg_mean | 0.00377    |
|    success_rate         | 0          |
|    xy_err_weight        | 1.41       |
| rollout/                |            |
|    ep_len_mean          | 239        |
|    ep_rew_mean          | -59.4      |
| time/                   |            |
|    fps                  | 548        |
|    iterations           | 63         |
|    time_elapsed         | 470        |
|    total_timesteps      | 258048     |
| train/                  |            |
|    approx_kl            | 0.10486462 |
|    clip_fraction        | 0.394      |
|    clip_range           | 0.2        |
|    entropy_loss         | -17.9      |
|    explained_variance   | 0.872      |
|    learning_rate        | 0.0003     |
|    loss                 | 3.87       |
|    n_updates            | 13900      |
|    policy_gradient_loss | -0.0738    |
|    std                  | 3.68       |
|    value_loss           | 11.9       |
----------------------------------------
-----------------------------------------
| manipularl/             |             |
|    collision_rate       | 0.57        |
|    grasp_failure_rate   | 0.72        |
|    insert_depth_mean    | 2.09e-05    |
|    insert_tilt_deg_mean | 0.00346     |
|    success_rate         | 0           |
|    xy_err_weight        | 1.41        |
| rollout/                |             |
|    ep_len_mean          | 229         |
|    ep_rew_mean          | -57         |
| time/                   |             |
|    fps                  | 551         |
|    iterations           | 64          |
|    time_elapsed         | 475         |
|    total_timesteps      | 262144      |
| train/                  |             |
|    approx_kl            | 0.124940045 |
|    clip_fraction        | 0.439       |
|    clip_range           | 0.2         |
|    entropy_loss         | -18         |
|    explained_variance   | 0.859       |
|    learning_rate        | 0.0003      |
|    loss                 | 3.66        |
|    n_updates            | 13910       |
|    policy_gradient_loss | -0.0685     |
|    std                  | 3.69        |
|    value_loss           | 11.5        |
-----------------------------------------
----------------------------------------
| manipularl/             |            |
|    collision_rate       | 0.57       |
|    grasp_failure_rate   | 0.728      |
|    insert_depth_mean    | 2.09e-05   |
|    insert_tilt_deg_mean | 0.00253    |
|    success_rate         | 0          |
|    xy_err_weight        | 1.4        |
| rollout/                |            |
|    ep_len_mean          | 231        |
|    ep_rew_mean          | -52.9      |
| time/                   |            |
|    fps                  | 554        |
|    iterations           | 65         |
|    time_elapsed         | 480        |
|    total_timesteps      | 266240     |
| train/                  |            |
|    approx_kl            | 0.12925202 |
|    clip_fraction        | 0.432      |
|    clip_range           | 0.2        |
|    entropy_loss         | -18        |
|    explained_variance   | 0.844      |
|    learning_rate        | 0.0003     |
|    loss                 | 3.48       |
|    n_updates            | 13920      |
|    policy_gradient_loss | -0.0677    |
|    std                  | 3.71       |
|    value_loss           | 12         |
----------------------------------------
---------------------------------------
| manipularl/             |           |
|    collision_rate       | 0.61      |
|    grasp_failure_rate   | 0.736     |
|    insert_depth_mean    | 0.000125  |
|    insert_tilt_deg_mean | 0.00241   |
|    success_rate         | 0         |
|    xy_err_weight        | 1.4       |
| rollout/                |           |
|    ep_len_mean          | 218       |
|    ep_rew_mean          | -49       |
| time/                   |           |
|    fps                  | 556       |
|    iterations           | 66        |
|    time_elapsed         | 485       |
|    total_timesteps      | 270336    |
| train/                  |           |
|    approx_kl            | 0.1622136 |
|    clip_fraction        | 0.478     |
|    clip_range           | 0.2       |
|    entropy_loss         | -18       |
|    explained_variance   | 0.908     |
|    learning_rate        | 0.0003    |
|    loss                 | 2.35      |
|    n_updates            | 13930     |
|    policy_gradient_loss | -0.0746   |
|    std                  | 3.72      |
|    value_loss           | 8.4       |
---------------------------------------
----------------------------------------
| manipularl/             |            |
|    collision_rate       | 0.69       |
|    grasp_failure_rate   | 0.748      |
|    insert_depth_mean    | 0.000121   |
|    insert_tilt_deg_mean | 0.00264    |
|    success_rate         | 0          |
|    xy_err_weight        | 1.4        |
| rollout/                |            |
|    ep_len_mean          | 193        |
|    ep_rew_mean          | -43.7      |
| time/                   |            |
|    fps                  | 559        |
|    iterations           | 67         |
|    time_elapsed         | 490        |
|    total_timesteps      | 274432     |
| train/                  |            |
|    approx_kl            | 0.09631117 |
|    clip_fraction        | 0.396      |
|    clip_range           | 0.2        |
|    entropy_loss         | -18        |
|    explained_variance   | 0.844      |
|    learning_rate        | 0.0003     |
|    loss                 | 4.44       |
|    n_updates            | 13940      |
|    policy_gradient_loss | -0.0691    |
|    std                  | 3.73       |
|    value_loss           | 14.7       |
----------------------------------------
----------------------------------------
| manipularl/             |            |
|    collision_rate       | 0.71       |
|    grasp_failure_rate   | 0.732      |
|    insert_depth_mean    | 0.000121   |
|    insert_tilt_deg_mean | 0.00251    |
|    success_rate         | 0          |
|    xy_err_weight        | 1.4        |
| rollout/                |            |
|    ep_len_mean          | 188        |
|    ep_rew_mean          | -45.1      |
| time/                   |            |
|    fps                  | 561        |
|    iterations           | 68         |
|    time_elapsed         | 495        |
|    total_timesteps      | 278528     |
| train/                  |            |
|    approx_kl            | 0.07285981 |
|    clip_fraction        | 0.354      |
|    clip_range           | 0.2        |
|    entropy_loss         | -18        |
|    explained_variance   | 0.768      |
|    learning_rate        | 0.0003     |
|    loss                 | 7.71       |
|    n_updates            | 13950      |
|    policy_gradient_loss | -0.058     |
|    std                  | 3.74       |
|    value_loss           | 22.5       |
----------------------------------------
----------------------------------------
| manipularl/             |            |
|    collision_rate       | 0.72       |
|    grasp_failure_rate   | 0.732      |
|    insert_depth_mean    | 0.00031    |
|    insert_tilt_deg_mean | 0.00243    |
|    success_rate         | 0          |
|    xy_err_weight        | 1.4        |
| rollout/                |            |
|    ep_len_mean          | 192        |
|    ep_rew_mean          | -47.7      |
| time/                   |            |
|    fps                  | 564        |
|    iterations           | 69         |
|    time_elapsed         | 500        |
|    total_timesteps      | 282624     |
| train/                  |            |
|    approx_kl            | 0.08899109 |
|    clip_fraction        | 0.367      |
|    clip_range           | 0.2        |
|    entropy_loss         | -18.1      |
|    explained_variance   | 0.846      |
|    learning_rate        | 0.0003     |
|    loss                 | 5.06       |
|    n_updates            | 13960      |
|    policy_gradient_loss | -0.071     |
|    std                  | 3.74       |
|    value_loss           | 15.8       |
----------------------------------------
-----------------------------------------
| manipularl/             |             |
|    collision_rate       | 0.72        |
|    grasp_failure_rate   | 0.713       |
|    insert_depth_mean    | 0.00027     |
|    insert_tilt_deg_mean | 0.00268     |
|    success_rate         | 0           |
|    xy_err_weight        | 1.4         |
| rollout/                |             |
|    ep_len_mean          | 184         |
|    ep_rew_mean          | -50         |
| time/                   |             |
|    fps                  | 566         |
|    iterations           | 70          |
|    time_elapsed         | 505         |
|    total_timesteps      | 286720      |
| train/                  |             |
|    approx_kl            | 0.074605025 |
|    clip_fraction        | 0.332       |
|    clip_range           | 0.2         |
|    entropy_loss         | -18         |
|    explained_variance   | 0.882       |
|    learning_rate        | 0.0003      |
|    loss                 | 5.71        |
|    n_updates            | 13970       |
|    policy_gradient_loss | -0.0662     |
|    std                  | 3.74        |
|    value_loss           | 16.2        |
-----------------------------------------
----------------------------------------
| manipularl/             |            |
|    collision_rate       | 0.73       |
|    grasp_failure_rate   | 0.73       |
|    insert_depth_mean    | 0.000205   |
|    insert_tilt_deg_mean | 0.00266    |
|    success_rate         | 0          |
|    xy_err_weight        | 1.4        |
| rollout/                |            |
|    ep_len_mean          | 182        |
|    ep_rew_mean          | -47.2      |
| time/                   |            |
|    fps                  | 569        |
|    iterations           | 71         |
|    time_elapsed         | 511        |
|    total_timesteps      | 290816     |
| train/                  |            |
|    approx_kl            | 0.07531486 |
|    clip_fraction        | 0.32       |
|    clip_range           | 0.2        |
|    entropy_loss         | -18        |
|    explained_variance   | 0.857      |
|    learning_rate        | 0.0003     |
|    loss                 | 5.46       |
|    n_updates            | 13980      |
|    policy_gradient_loss | -0.0658    |
|    std                  | 3.75       |
|    value_loss           | 17.1       |
----------------------------------------
----------------------------------------
| manipularl/             |            |
|    collision_rate       | 0.71       |
|    grasp_failure_rate   | 0.744      |
|    insert_depth_mean    | 0.000218   |
|    insert_tilt_deg_mean | 0.00269    |
|    success_rate         | 0          |
|    xy_err_weight        | 1.39       |
| rollout/                |            |
|    ep_len_mean          | 189        |
|    ep_rew_mean          | -47.7      |
| time/                   |            |
|    fps                  | 571        |
|    iterations           | 72         |
|    time_elapsed         | 516        |
|    total_timesteps      | 294912     |
| train/                  |            |
|    approx_kl            | 0.12720911 |
|    clip_fraction        | 0.422      |
|    clip_range           | 0.2        |
|    entropy_loss         | -18        |
|    explained_variance   | 0.815      |
|    learning_rate        | 0.0003     |
|    loss                 | 4.71       |
|    n_updates            | 13990      |
|    policy_gradient_loss | -0.0749    |
|    std                  | 3.75       |
|    value_loss           | 15.7       |
----------------------------------------
-----------------------------------------
| manipularl/             |             |
|    collision_rate       | 0.74        |
|    grasp_failure_rate   | 0.753       |
|    insert_depth_mean    | 2.88e-05    |
|    insert_tilt_deg_mean | 0.00291     |
|    success_rate         | 0           |
|    xy_err_weight        | 1.39        |
| rollout/                |             |
|    ep_len_mean          | 173         |
|    ep_rew_mean          | -44.1       |
| time/                   |             |
|    fps                  | 573         |
|    iterations           | 73          |
|    time_elapsed         | 521         |
|    total_timesteps      | 299008      |
| train/                  |             |
|    approx_kl            | 0.074321404 |
|    clip_fraction        | 0.34        |
|    clip_range           | 0.2         |
|    entropy_loss         | -18.1       |
|    explained_variance   | 0.785       |
|    learning_rate        | 0.0003      |
|    loss                 | 5.74        |
|    n_updates            | 14000       |
|    policy_gradient_loss | -0.0629     |
|    std                  | 3.76        |
|    value_loss           | 19.1        |
-----------------------------------------
-----------------------------------------
| manipularl/             |             |
|    collision_rate       | 0.75        |
|    grasp_failure_rate   | 0.757       |
|    insert_depth_mean    | 2.88e-05    |
|    insert_tilt_deg_mean | 0.00294     |
|    success_rate         | 0           |
|    xy_err_weight        | 1.39        |
| rollout/                |             |
|    ep_len_mean          | 168         |
|    ep_rew_mean          | -41.4       |
| time/                   |             |
|    fps                  | 576         |
|    iterations           | 74          |
|    time_elapsed         | 526         |
|    total_timesteps      | 303104      |
| train/                  |             |
|    approx_kl            | 0.079774275 |
|    clip_fraction        | 0.346       |
|    clip_range           | 0.2         |
|    entropy_loss         | -18.1       |
|    explained_variance   | 0.825       |
|    learning_rate        | 0.0003      |
|    loss                 | 6.13        |
|    n_updates            | 14010       |
|    policy_gradient_loss | -0.0718     |
|    std                  | 3.76        |
|    value_loss           | 19.5        |
-----------------------------------------
-----------------------------------------
| manipularl/             |             |
|    collision_rate       | 0.72        |
|    grasp_failure_rate   | 0.765       |
|    insert_depth_mean    | 1.36e-05    |
|    insert_tilt_deg_mean | 0.00308     |
|    success_rate         | 0           |
|    xy_err_weight        | 1.39        |
| rollout/                |             |
|    ep_len_mean          | 175         |
|    ep_rew_mean          | -39.5       |
| time/                   |             |
|    fps                  | 578         |
|    iterations           | 75          |
|    time_elapsed         | 531         |
|    total_timesteps      | 307200      |
| train/                  |             |
|    approx_kl            | 0.119447656 |
|    clip_fraction        | 0.404       |
|    clip_range           | 0.2         |
|    entropy_loss         | -18.1       |
|    explained_variance   | 0.849       |
|    learning_rate        | 0.0003      |
|    loss                 | 4.49        |
|    n_updates            | 14020       |
|    policy_gradient_loss | -0.0751     |
|    std                  | 3.78        |
|    value_loss           | 15          |
-----------------------------------------
-----------------------------------------
| manipularl/             |             |
|    collision_rate       | 0.7         |
|    grasp_failure_rate   | 0.755       |
|    insert_depth_mean    | 0           |
|    insert_tilt_deg_mean | 0.00313     |
|    success_rate         | 0           |
|    xy_err_weight        | 1.39        |
| rollout/                |             |
|    ep_len_mean          | 183         |
|    ep_rew_mean          | -43         |
| time/                   |             |
|    fps                  | 580         |
|    iterations           | 76          |
|    time_elapsed         | 536         |
|    total_timesteps      | 311296      |
| train/                  |             |
|    approx_kl            | 0.081223086 |
|    clip_fraction        | 0.353       |
|    clip_range           | 0.2         |
|    entropy_loss         | -18.1       |
|    explained_variance   | 0.844       |
|    learning_rate        | 0.0003      |
|    loss                 | 4.03        |
|    n_updates            | 14030       |
|    policy_gradient_loss | -0.0703     |
|    std                  | 3.78        |
|    value_loss           | 13.4        |
-----------------------------------------
----------------------------------------
| manipularl/             |            |
|    collision_rate       | 0.74       |
|    grasp_failure_rate   | 0.79       |
|    insert_depth_mean    | 0          |
|    insert_tilt_deg_mean | 0.00338    |
|    success_rate         | 0          |
|    xy_err_weight        | 1.39       |
| rollout/                |            |
|    ep_len_mean          | 163        |
|    ep_rew_mean          | -33        |
| time/                   |            |
|    fps                  | 582        |
|    iterations           | 77         |
|    time_elapsed         | 541        |
|    total_timesteps      | 315392     |
| train/                  |            |
|    approx_kl            | 0.14076671 |
|    clip_fraction        | 0.419      |
|    clip_range           | 0.2        |
|    entropy_loss         | -18.1      |
|    explained_variance   | 0.848      |
|    learning_rate        | 0.0003     |
|    loss                 | 3.77       |
|    n_updates            | 14040      |
|    policy_gradient_loss | -0.0752    |
|    std                  | 3.78       |
|    value_loss           | 11.1       |
----------------------------------------
----------------------------------------
| manipularl/             |            |
|    collision_rate       | 0.7        |
|    grasp_failure_rate   | 0.788      |
|    insert_depth_mean    | 6.87e-05   |
|    insert_tilt_deg_mean | 0.00325    |
|    success_rate         | 0          |
|    xy_err_weight        | 1.39       |
| rollout/                |            |
|    ep_len_mean          | 178        |
|    ep_rew_mean          | -36.9      |
| time/                   |            |
|    fps                  | 584        |
|    iterations           | 78         |
|    time_elapsed         | 546        |
|    total_timesteps      | 319488     |
| train/                  |            |
|    approx_kl            | 0.13415264 |
|    clip_fraction        | 0.443      |
|    clip_range           | 0.2        |
|    entropy_loss         | -18.1      |
|    explained_variance   | 0.798      |
|    learning_rate        | 0.0003     |
|    loss                 | 3.81       |
|    n_updates            | 14050      |
|    policy_gradient_loss | -0.0733    |
|    std                  | 3.79       |
|    value_loss           | 12.5       |
----------------------------------------
----------------------------------------
| manipularl/             |            |
|    collision_rate       | 0.72       |
|    grasp_failure_rate   | 0.773      |
|    insert_depth_mean    | 0.000104   |
|    insert_tilt_deg_mean | 0.00307    |
|    success_rate         | 0          |
|    xy_err_weight        | 1.38       |
| rollout/                |            |
|    ep_len_mean          | 177        |
|    ep_rew_mean          | -41.3      |
| time/                   |            |
|    fps                  | 587        |
|    iterations           | 79         |
|    time_elapsed         | 551        |
|    total_timesteps      | 323584     |
| train/                  |            |
|    approx_kl            | 0.11527589 |
|    clip_fraction        | 0.411      |
|    clip_range           | 0.2        |
|    entropy_loss         | -18.1      |
|    explained_variance   | 0.853      |
|    learning_rate        | 0.0003     |
|    loss                 | 4.24       |
|    n_updates            | 14060      |
|    policy_gradient_loss | -0.0747    |
|    std                  | 3.8        |
|    value_loss           | 14.1       |
----------------------------------------
----------------------------------------
| manipularl/             |            |
|    collision_rate       | 0.73       |
|    grasp_failure_rate   | 0.789      |
|    insert_depth_mean    | 0.000185   |
|    insert_tilt_deg_mean | 0.00323    |
|    success_rate         | 0          |
|    xy_err_weight        | 1.38       |
| rollout/                |            |
|    ep_len_mean          | 175        |
|    ep_rew_mean          | -38.8      |
| time/                   |            |
|    fps                  | 589        |
|    iterations           | 80         |
|    time_elapsed         | 556        |
|    total_timesteps      | 327680     |
| train/                  |            |
|    approx_kl            | 0.08749126 |
|    clip_fraction        | 0.348      |
|    clip_range           | 0.2        |
|    entropy_loss         | -18.1      |
|    explained_variance   | 0.813      |
|    learning_rate        | 0.0003     |
|    loss                 | 4.6        |
|    n_updates            | 14070      |
|    policy_gradient_loss | -0.0692    |
|    std                  | 3.81       |
|    value_loss           | 16.7       |
----------------------------------------
----------------------------------------
| manipularl/             |            |
|    collision_rate       | 0.74       |
|    grasp_failure_rate   | 0.763      |
|    insert_depth_mean    | 0.000185   |
|    insert_tilt_deg_mean | 0.00328    |
|    success_rate         | 0          |
|    xy_err_weight        | 1.38       |
| rollout/                |            |
|    ep_len_mean          | 178        |
|    ep_rew_mean          | -42.2      |
| time/                   |            |
|    fps                  | 591        |
|    iterations           | 81         |
|    time_elapsed         | 561        |
|    total_timesteps      | 331776     |
| train/                  |            |
|    approx_kl            | 0.09943969 |
|    clip_fraction        | 0.379      |
|    clip_range           | 0.2        |
|    entropy_loss         | -18.2      |
|    explained_variance   | 0.859      |
|    learning_rate        | 0.0003     |
|    loss                 | 4.36       |
|    n_updates            | 14080      |
|    policy_gradient_loss | -0.0738    |
|    std                  | 3.82       |
|    value_loss           | 15.1       |
----------------------------------------
----------------------------------------
| manipularl/             |            |
|    collision_rate       | 0.76       |
|    grasp_failure_rate   | 0.754      |
|    insert_depth_mean    | 0.000198   |
|    insert_tilt_deg_mean | 0.00353    |
|    success_rate         | 0          |
|    xy_err_weight        | 1.38       |
| rollout/                |            |
|    ep_len_mean          | 175        |
|    ep_rew_mean          | -42.7      |
| time/                   |            |
|    fps                  | 593        |
|    iterations           | 82         |
|    time_elapsed         | 566        |
|    total_timesteps      | 335872     |
| train/                  |            |
|    approx_kl            | 0.09342812 |
|    clip_fraction        | 0.372      |
|    clip_range           | 0.2        |
|    entropy_loss         | -18.2      |
|    explained_variance   | 0.85       |
|    learning_rate        | 0.0003     |
|    loss                 | 5.46       |
|    n_updates            | 14090      |
|    policy_gradient_loss | -0.0744    |
|    std                  | 3.83       |
|    value_loss           | 16         |
----------------------------------------
----------------------------------------
| manipularl/             |            |
|    collision_rate       | 0.8        |
|    grasp_failure_rate   | 0.765      |
|    insert_depth_mean    | 0.000223   |
|    insert_tilt_deg_mean | 0.00359    |
|    success_rate         | 0          |
|    xy_err_weight        | 1.38       |
| rollout/                |            |
|    ep_len_mean          | 159        |
|    ep_rew_mean          | -37.1      |
| time/                   |            |
|    fps                  | 595        |
|    iterations           | 83         |
|    time_elapsed         | 571        |
|    total_timesteps      | 339968     |
| train/                  |            |
|    approx_kl            | 0.15038052 |
|    clip_fraction        | 0.441      |
|    clip_range           | 0.2        |
|    entropy_loss         | -18.2      |
|    explained_variance   | 0.897      |
|    learning_rate        | 0.0003     |
|    loss                 | 3.86       |
|    n_updates            | 14100      |
|    policy_gradient_loss | -0.0794    |
|    std                  | 3.84       |
|    value_loss           | 11.5       |
----------------------------------------
----------------------------------------
| manipularl/             |            |
|    collision_rate       | 0.76       |
|    grasp_failure_rate   | 0.768      |
|    insert_depth_mean    | 0.000143   |
|    insert_tilt_deg_mean | 0.00361    |
|    success_rate         | 0          |
|    xy_err_weight        | 1.38       |
| rollout/                |            |
|    ep_len_mean          | 166        |
|    ep_rew_mean          | -35.7      |
| time/                   |            |
|    fps                  | 597        |
|    iterations           | 84         |
|    time_elapsed         | 575        |
|    total_timesteps      | 344064     |
| train/                  |            |
|    approx_kl            | 0.10354174 |
|    clip_fraction        | 0.391      |
|    clip_range           | 0.2        |
|    entropy_loss         | -18.2      |
|    explained_variance   | 0.879      |
|    learning_rate        | 0.0003     |
|    loss                 | 4.85       |
|    n_updates            | 14110      |
|    policy_gradient_loss | -0.0687    |
|    std                  | 3.85       |
|    value_loss           | 14.5       |
----------------------------------------
----------------------------------------
| manipularl/             |            |
|    collision_rate       | 0.74       |
|    grasp_failure_rate   | 0.767      |
|    insert_depth_mean    | 0.00022    |
|    insert_tilt_deg_mean | 0.00364    |
|    success_rate         | 0          |
|    xy_err_weight        | 1.38       |
| rollout/                |            |
|    ep_len_mean          | 174        |
|    ep_rew_mean          | -37.4      |
| time/                   |            |
|    fps                  | 599        |
|    iterations           | 85         |
|    time_elapsed         | 581        |
|    total_timesteps      | 348160     |
| train/                  |            |
|    approx_kl            | 0.09082615 |
|    clip_fraction        | 0.366      |
|    clip_range           | 0.2        |
|    entropy_loss         | -18.2      |
|    explained_variance   | 0.87       |
|    learning_rate        | 0.0003     |
|    loss                 | 5.99       |
|    n_updates            | 14120      |
|    policy_gradient_loss | -0.0673    |
|    std                  | 3.86       |
|    value_loss           | 17         |
----------------------------------------
---------------------------------------
| manipularl/             |           |
|    collision_rate       | 0.7       |
|    grasp_failure_rate   | 0.768     |
|    insert_depth_mean    | 0.00022   |
|    insert_tilt_deg_mean | 0.00319   |
|    success_rate         | 0         |
|    xy_err_weight        | 1.37      |
| rollout/                |           |
|    ep_len_mean          | 182       |
|    ep_rew_mean          | -38.2     |
| time/                   |           |
|    fps                  | 601       |
|    iterations           | 86        |
|    time_elapsed         | 586       |
|    total_timesteps      | 352256    |
| train/                  |           |
|    approx_kl            | 0.0904844 |
|    clip_fraction        | 0.357     |
|    clip_range           | 0.2       |
|    entropy_loss         | -18.2     |
|    explained_variance   | 0.877     |
|    learning_rate        | 0.0003    |
|    loss                 | 3.65      |
|    n_updates            | 14130     |
|    policy_gradient_loss | -0.0688   |
|    std                  | 3.87      |
|    value_loss           | 13        |
---------------------------------------
----------------------------------------
| manipularl/             |            |
|    collision_rate       | 0.67       |
|    grasp_failure_rate   | 0.75       |
|    insert_depth_mean    | 0.000138   |
|    insert_tilt_deg_mean | 0.00314    |
|    success_rate         | 0          |
|    xy_err_weight        | 1.37       |
| rollout/                |            |
|    ep_len_mean          | 196        |
|    ep_rew_mean          | -41.6      |
| time/                   |            |
|    fps                  | 602        |
|    iterations           | 87         |
|    time_elapsed         | 591        |
|    total_timesteps      | 356352     |
| train/                  |            |
|    approx_kl            | 0.11024636 |
|    clip_fraction        | 0.402      |
|    clip_range           | 0.2        |
|    entropy_loss         | -18.2      |
|    explained_variance   | 0.886      |
|    learning_rate        | 0.0003     |
|    loss                 | 4.63       |
|    n_updates            | 14140      |
|    policy_gradient_loss | -0.072     |
|    std                  | 3.87       |
|    value_loss           | 13.2       |
----------------------------------------
----------------------------------------
| manipularl/             |            |
|    collision_rate       | 0.66       |
|    grasp_failure_rate   | 0.737      |
|    insert_depth_mean    | 7.69e-05   |
|    insert_tilt_deg_mean | 0.00305    |
|    success_rate         | 0          |
|    xy_err_weight        | 1.37       |
| rollout/                |            |
|    ep_len_mean          | 202        |
|    ep_rew_mean          | -44.4      |
| time/                   |            |
|    fps                  | 604        |
|    iterations           | 88         |
|    time_elapsed         | 596        |
|    total_timesteps      | 360448     |
| train/                  |            |
|    approx_kl            | 0.08676563 |
|    clip_fraction        | 0.357      |
|    clip_range           | 0.2        |
|    entropy_loss         | -18.2      |
|    explained_variance   | 0.877      |
|    learning_rate        | 0.0003     |
|    loss                 | 4.19       |
|    n_updates            | 14150      |
|    policy_gradient_loss | -0.0676    |
|    std                  | 3.88       |
|    value_loss           | 13.4       |
----------------------------------------
---------------------------------------
| manipularl/             |           |
|    collision_rate       | 0.62      |
|    grasp_failure_rate   | 0.736     |
|    insert_depth_mean    | 0.000184  |
|    insert_tilt_deg_mean | 0.00264   |
|    success_rate         | 0         |
|    xy_err_weight        | 1.37      |
| rollout/                |           |
|    ep_len_mean          | 213       |
|    ep_rew_mean          | -49.1     |
| time/                   |           |
|    fps                  | 606       |
|    iterations           | 89        |
|    time_elapsed         | 601       |
|    total_timesteps      | 364544    |
| train/                  |           |
|    approx_kl            | 0.0842206 |
|    clip_fraction        | 0.357     |
|    clip_range           | 0.2       |
|    entropy_loss         | -18.2     |
|    explained_variance   | 0.865     |
|    learning_rate        | 0.0003    |
|    loss                 | 4.38      |
|    n_updates            | 14160     |
|    policy_gradient_loss | -0.067    |
|    std                  | 3.89      |
|    value_loss           | 15        |
---------------------------------------
----------------------------------------
| manipularl/             |            |
|    collision_rate       | 0.62       |
|    grasp_failure_rate   | 0.745      |
|    insert_depth_mean    | 0.000134   |
|    insert_tilt_deg_mean | 0.00267    |
|    success_rate         | 0          |
|    xy_err_weight        | 1.37       |
| rollout/                |            |
|    ep_len_mean          | 208        |
|    ep_rew_mean          | -47.7      |
| time/                   |            |
|    fps                  | 607        |
|    iterations           | 90         |
|    time_elapsed         | 606        |
|    total_timesteps      | 368640     |
| train/                  |            |
|    approx_kl            | 0.13109462 |
|    clip_fraction        | 0.41       |
|    clip_range           | 0.2        |
|    entropy_loss         | -18.3      |
|    explained_variance   | 0.881      |
|    learning_rate        | 0.0003     |
|    loss                 | 4.51       |
|    n_updates            | 14170      |
|    policy_gradient_loss | -0.0708    |
|    std                  | 3.9        |
|    value_loss           | 14.7       |
----------------------------------------
-----------------------------------------
| manipularl/             |             |
|    collision_rate       | 0.61        |
|    grasp_failure_rate   | 0.743       |
|    insert_depth_mean    | 0.000134    |
|    insert_tilt_deg_mean | 0.00283     |
|    success_rate         | 0           |
|    xy_err_weight        | 1.37        |
| rollout/                |             |
|    ep_len_mean          | 214         |
|    ep_rew_mean          | -48.6       |
| time/                   |             |
|    fps                  | 609         |
|    iterations           | 91          |
|    time_elapsed         | 611         |
|    total_timesteps      | 372736      |
| train/                  |             |
|    approx_kl            | 0.095484525 |
|    clip_fraction        | 0.361       |
|    clip_range           | 0.2         |
|    entropy_loss         | -18.3       |
|    explained_variance   | 0.925       |
|    learning_rate        | 0.0003      |
|    loss                 | 3.51        |
|    n_updates            | 14180       |
|    policy_gradient_loss | -0.0649     |
|    std                  | 3.91        |
|    value_loss           | 10.6        |
-----------------------------------------
----------------------------------------
| manipularl/             |            |
|    collision_rate       | 0.63       |
|    grasp_failure_rate   | 0.739      |
|    insert_depth_mean    | 0.000134   |
|    insert_tilt_deg_mean | 0.00273    |
|    success_rate         | 0          |
|    xy_err_weight        | 1.37       |
| rollout/                |            |
|    ep_len_mean          | 211        |
|    ep_rew_mean          | -52.4      |
| time/                   |            |
|    fps                  | 611        |
|    iterations           | 92         |
|    time_elapsed         | 616        |
|    total_timesteps      | 376832     |
| train/                  |            |
|    approx_kl            | 0.11277788 |
|    clip_fraction        | 0.411      |
|    clip_range           | 0.2        |
|    entropy_loss         | -18.3      |
|    explained_variance   | 0.9        |
|    learning_rate        | 0.0003     |
|    loss                 | 4.93       |
|    n_updates            | 14190      |
|    policy_gradient_loss | -0.0737    |
|    std                  | 3.92       |
|    value_loss           | 14.2       |
----------------------------------------
----------------------------------------
| manipularl/             |            |
|    collision_rate       | 0.65       |
|    grasp_failure_rate   | 0.747      |
|    insert_depth_mean    | 0.000821   |
|    insert_tilt_deg_mean | 0.00282    |
|    success_rate         | 0          |
|    xy_err_weight        | 1.36       |
| rollout/                |            |
|    ep_len_mean          | 205        |
|    ep_rew_mean          | -51        |
| time/                   |            |
|    fps                  | 612        |
|    iterations           | 93         |
|    time_elapsed         | 621        |
|    total_timesteps      | 380928     |
| train/                  |            |
|    approx_kl            | 0.11462345 |
|    clip_fraction        | 0.388      |
|    clip_range           | 0.2        |
|    entropy_loss         | -18.3      |
|    explained_variance   | 0.859      |
|    learning_rate        | 0.0003     |
|    loss                 | 6.05       |
|    n_updates            | 14200      |
|    policy_gradient_loss | -0.0666    |
|    std                  | 3.92       |
|    value_loss           | 17.6       |
----------------------------------------
-----------------------------------------
| manipularl/             |             |
|    collision_rate       | 0.65        |
|    grasp_failure_rate   | 0.751       |
|    insert_depth_mean    | 0.000728    |
|    insert_tilt_deg_mean | 0.00312     |
|    success_rate         | 0           |
|    xy_err_weight        | 1.36        |
| rollout/                |             |
|    ep_len_mean          | 204         |
|    ep_rew_mean          | -51.8       |
| time/                   |             |
|    fps                  | 614         |
|    iterations           | 94          |
|    time_elapsed         | 626         |
|    total_timesteps      | 385024      |
| train/                  |             |
|    approx_kl            | 0.099671096 |
|    clip_fraction        | 0.381       |
|    clip_range           | 0.2         |
|    entropy_loss         | -18.3       |
|    explained_variance   | 0.816       |
|    learning_rate        | 0.0003      |
|    loss                 | 6.9         |
|    n_updates            | 14210       |
|    policy_gradient_loss | -0.0706     |
|    std                  | 3.93        |
|    value_loss           | 19.3        |
-----------------------------------------
----------------------------------------
| manipularl/             |            |
|    collision_rate       | 0.66       |
|    grasp_failure_rate   | 0.74       |
|    insert_depth_mean    | 0.000701   |
|    insert_tilt_deg_mean | 0.0032     |
|    success_rate         | 0          |
|    xy_err_weight        | 1.36       |
| rollout/                |            |
|    ep_len_mean          | 205        |
|    ep_rew_mean          | -51.8      |
| time/                   |            |
|    fps                  | 615        |
|    iterations           | 95         |
|    time_elapsed         | 631        |
|    total_timesteps      | 389120     |
| train/                  |            |
|    approx_kl            | 0.07423186 |
|    clip_fraction        | 0.33       |
|    clip_range           | 0.2        |
|    entropy_loss         | -18.3      |
|    explained_variance   | 0.878      |
|    learning_rate        | 0.0003     |
|    loss                 | 5.17       |
|    n_updates            | 14220      |
|    policy_gradient_loss | -0.0647    |
|    std                  | 3.94       |
|    value_loss           | 15.6       |
----------------------------------------
-----------------------------------------
| manipularl/             |             |
|    collision_rate       | 0.66        |
|    grasp_failure_rate   | 0.734       |
|    insert_depth_mean    | 0.000701    |
|    insert_tilt_deg_mean | 0.00306     |
|    success_rate         | 0           |
|    xy_err_weight        | 1.36        |
| rollout/                |             |
|    ep_len_mean          | 205         |
|    ep_rew_mean          | -52         |
| time/                   |             |
|    fps                  | 617         |
|    iterations           | 96          |
|    time_elapsed         | 637         |
|    total_timesteps      | 393216      |
| train/                  |             |
|    approx_kl            | 0.076595865 |
|    clip_fraction        | 0.328       |
|    clip_range           | 0.2         |
|    entropy_loss         | -18.3       |
|    explained_variance   | 0.838       |
|    learning_rate        | 0.0003      |
|    loss                 | 5.39        |
|    n_updates            | 14230       |
|    policy_gradient_loss | -0.0623     |
|    std                  | 3.94        |
|    value_loss           | 16.3        |
-----------------------------------------
----------------------------------------
| manipularl/             |            |
|    collision_rate       | 0.64       |
|    grasp_failure_rate   | 0.753      |
|    insert_depth_mean    | 0.00106    |
|    insert_tilt_deg_mean | 0.277      |
|    success_rate         | 0          |
|    xy_err_weight        | 1.36       |
| rollout/                |            |
|    ep_len_mean          | 210        |
|    ep_rew_mean          | -48.5      |
| time/                   |            |
|    fps                  | 617        |
|    iterations           | 97         |
|    time_elapsed         | 643        |
|    total_timesteps      | 397312     |
| train/                  |            |
|    approx_kl            | 0.09485395 |
|    clip_fraction        | 0.361      |
|    clip_range           | 0.2        |
|    entropy_loss         | -18.3      |
|    explained_variance   | 0.875      |
|    learning_rate        | 0.0003     |
|    loss                 | 3.56       |
|    n_updates            | 14240      |
|    policy_gradient_loss | -0.0698    |
|    std                  | 3.95       |
|    value_loss           | 12.7       |
----------------------------------------
Eval num_timesteps=400000, episode_reward=-34.44 +/- 48.03
Episode length: 153.75 +/- 160.86
----------------------------------------
| eval/                   |            |
|    mean_ep_length       | 154        |
|    mean_reward          | -34.4      |
| manipularl/             |            |
|    collision_rate       | 0.67       |
|    grasp_failure_rate   | 0.753      |
|    insert_depth_mean    | 0.00106    |
|    insert_tilt_deg_mean | 0.277      |
|    success_rate         | 0          |
|    xy_err_weight        | 1.36       |
| time/                   |            |
|    total_timesteps      | 400000     |
| train/                  |            |
|    approx_kl            | 0.16321243 |
|    clip_fraction        | 0.441      |
|    clip_range           | 0.2        |
|    entropy_loss         | -18.3      |
|    explained_variance   | 0.899      |
|    learning_rate        | 0.0003     |
|    loss                 | 1.76       |
|    n_updates            | 14250      |
|    policy_gradient_loss | -0.0724    |
|    std                  | 3.96       |
|    value_loss           | 8.4        |
----------------------------------------
New best mean reward!
--------------------------------------
| manipularl/             |          |
|    collision_rate       | 0.66     |
|    grasp_failure_rate   | 0.749    |
|    insert_depth_mean    | 0.00106  |
|    insert_tilt_deg_mean | 0.414    |
|    success_rate         | 0        |
|    xy_err_weight        | 1.36     |
| rollout/                |          |
|    ep_len_mean          | 214      |
|    ep_rew_mean          | -49.8    |
| time/                   |          |
|    fps                  | 607      |
|    iterations           | 98       |
|    time_elapsed         | 660      |
|    total_timesteps      | 401408   |
--------------------------------------
----------------------------------------
| manipularl/             |            |
|    collision_rate       | 0.7        |
|    grasp_failure_rate   | 0.763      |
|    insert_depth_mean    | 0.000466   |
|    insert_tilt_deg_mean | 0.414      |
|    success_rate         | 0          |
|    xy_err_weight        | 1.36       |
| rollout/                |            |
|    ep_len_mean          | 199        |
|    ep_rew_mean          | -45.6      |
| time/                   |            |
|    fps                  | 609        |
|    iterations           | 99         |
|    time_elapsed         | 665        |
|    total_timesteps      | 405504     |
| train/                  |            |
|    approx_kl            | 0.09006072 |
|    clip_fraction        | 0.376      |
|    clip_range           | 0.2        |
|    entropy_loss         | -18.3      |
|    explained_variance   | 0.786      |
|    learning_rate        | 0.0003     |
|    loss                 | 5.33       |
|    n_updates            | 14260      |
|    policy_gradient_loss | -0.069     |
|    std                  | 3.97       |
|    value_loss           | 17.1       |
----------------------------------------
----------------------------------------
| manipularl/             |            |
|    collision_rate       | 0.72       |
|    grasp_failure_rate   | 0.785      |
|    insert_depth_mean    | 0.000467   |
|    insert_tilt_deg_mean | 0.551      |
|    success_rate         | 0          |
|    xy_err_weight        | 1.35       |
| rollout/                |            |
|    ep_len_mean          | 191        |
|    ep_rew_mean          | -42        |
| time/                   |            |
|    fps                  | 611        |
|    iterations           | 100        |
|    time_elapsed         | 670        |
|    total_timesteps      | 409600     |
| train/                  |            |
|    approx_kl            | 0.09554289 |
|    clip_fraction        | 0.382      |
|    clip_range           | 0.2        |
|    entropy_loss         | -18.3      |
|    explained_variance   | 0.812      |
|    learning_rate        | 0.0003     |
|    loss                 | 5.39       |
|    n_updates            | 14270      |
|    policy_gradient_loss | -0.0727    |
|    std                  | 3.98       |
|    value_loss           | 15.6       |
----------------------------------------
----------------------------------------
| manipularl/             |            |
|    collision_rate       | 0.71       |
|    grasp_failure_rate   | 0.8        |
|    insert_depth_mean    | 0.000467   |
|    insert_tilt_deg_mean | 0.688      |
|    success_rate         | 0          |
|    xy_err_weight        | 1.35       |
| rollout/                |            |
|    ep_len_mean          | 193        |
|    ep_rew_mean          | -40.3      |
| time/                   |            |
|    fps                  | 612        |
|    iterations           | 101        |
|    time_elapsed         | 675        |
|    total_timesteps      | 413696     |
| train/                  |            |
|    approx_kl            | 0.10076296 |
|    clip_fraction        | 0.383      |
|    clip_range           | 0.2        |
|    entropy_loss         | -18.4      |
|    explained_variance   | 0.861      |
|    learning_rate        | 0.0003     |
|    loss                 | 4.93       |
|    n_updates            | 14280      |
|    policy_gradient_loss | -0.0673    |
|    std                  | 3.99       |
|    value_loss           | 14.2       |
----------------------------------------
----------------------------------------
| manipularl/             |            |
|    collision_rate       | 0.73       |
|    grasp_failure_rate   | 0.8        |
|    insert_depth_mean    | 8.38e-05   |
|    insert_tilt_deg_mean | 0.551      |
|    success_rate         | 0          |
|    xy_err_weight        | 1.35       |
| rollout/                |            |
|    ep_len_mean          | 177        |
|    ep_rew_mean          | -38.5      |
| time/                   |            |
|    fps                  | 614        |
|    iterations           | 102        |
|    time_elapsed         | 680        |
|    total_timesteps      | 417792     |
| train/                  |            |
|    approx_kl            | 0.11062983 |
|    clip_fraction        | 0.363      |
|    clip_range           | 0.2        |
|    entropy_loss         | -18.4      |
|    explained_variance   | 0.851      |
|    learning_rate        | 0.0003     |
|    loss                 | 5.06       |
|    n_updates            | 14290      |
|    policy_gradient_loss | -0.0664    |
|    std                  | 4          |
|    value_loss           | 15.7       |
----------------------------------------
---------------------------------------
| manipularl/             |           |
|    collision_rate       | 0.73      |
|    grasp_failure_rate   | 0.825     |
|    insert_depth_mean    | 6.59e-05  |
|    insert_tilt_deg_mean | 0.688     |
|    success_rate         | 0         |
|    xy_err_weight        | 1.35      |
| rollout/                |           |
|    ep_len_mean          | 172       |
|    ep_rew_mean          | -33.2     |
| time/                   |           |
|    fps                  | 615       |
|    iterations           | 103       |
|    time_elapsed         | 685       |
|    total_timesteps      | 421888    |
| train/                  |           |
|    approx_kl            | 0.1209939 |
|    clip_fraction        | 0.407     |
|    clip_range           | 0.2       |
|    entropy_loss         | -18.4     |
|    explained_variance   | 0.897     |
|    learning_rate        | 0.0003    |
|    loss                 | 3.77      |
|    n_updates            | 14300     |
|    policy_gradient_loss | -0.0689   |
|    std                  | 4.01      |
|    value_loss           | 12.9      |
---------------------------------------
----------------------------------------
| manipularl/             |            |
|    collision_rate       | 0.76       |
|    grasp_failure_rate   | 0.829      |
|    insert_depth_mean    | 0.000206   |
|    insert_tilt_deg_mean | 0.551      |
|    success_rate         | 0          |
|    xy_err_weight        | 1.35       |
| rollout/                |            |
|    ep_len_mean          | 159        |
|    ep_rew_mean          | -31        |
| time/                   |            |
|    fps                  | 616        |
|    iterations           | 104        |
|    time_elapsed         | 690        |
|    total_timesteps      | 425984     |
| train/                  |            |
|    approx_kl            | 0.07960403 |
|    clip_fraction        | 0.337      |
|    clip_range           | 0.2        |
|    entropy_loss         | -18.4      |
|    explained_variance   | 0.812      |
|    learning_rate        | 0.0003     |
|    loss                 | 5.44       |
|    n_updates            | 14310      |
|    policy_gradient_loss | -0.0612    |
|    std                  | 4.02       |
|    value_loss           | 17.7       |
----------------------------------------
-----------------------------------------
| manipularl/             |             |
|    collision_rate       | 0.75        |
|    grasp_failure_rate   | 0.834       |
|    insert_depth_mean    | 0.00034     |
|    insert_tilt_deg_mean | 0.414       |
|    success_rate         | 0           |
|    xy_err_weight        | 1.35        |
| rollout/                |             |
|    ep_len_mean          | 163         |
|    ep_rew_mean          | -31.4       |
| time/                   |             |
|    fps                  | 617         |
|    iterations           | 105         |
|    time_elapsed         | 696         |
|    total_timesteps      | 430080      |
| train/                  |             |
|    approx_kl            | 0.117722884 |
|    clip_fraction        | 0.399       |
|    clip_range           | 0.2         |
|    entropy_loss         | -18.4       |
|    explained_variance   | 0.869       |
|    learning_rate        | 0.0003      |
|    loss                 | 3.09        |
|    n_updates            | 14320       |
|    policy_gradient_loss | -0.0737     |
|    std                  | 4.02        |
|    value_loss           | 10.5        |
-----------------------------------------
----------------------------------------
| manipularl/             |            |
|    collision_rate       | 0.71       |
|    grasp_failure_rate   | 0.833      |
|    insert_depth_mean    | 0.000275   |
|    insert_tilt_deg_mean | 0.414      |
|    success_rate         | 0          |
|    xy_err_weight        | 1.34       |
| rollout/                |            |
|    ep_len_mean          | 177        |
|    ep_rew_mean          | -33.5      |
| time/                   |            |
|    fps                  | 619        |
|    iterations           | 106        |
|    time_elapsed         | 701        |
|    total_timesteps      | 434176     |
| train/                  |            |
|    approx_kl            | 0.11027089 |
|    clip_fraction        | 0.393      |
|    clip_range           | 0.2        |
|    entropy_loss         | -18.4      |
|    explained_variance   | 0.855      |
|    learning_rate        | 0.0003     |
|    loss                 | 2.83       |
|    n_updates            | 14330      |
|    policy_gradient_loss | -0.0695    |
|    std                  | 4.03       |
|    value_loss           | 9.99       |
----------------------------------------
---------------------------------------
| manipularl/             |           |
|    collision_rate       | 0.68      |
|    grasp_failure_rate   | 0.802     |
|    insert_depth_mean    | 0.00148   |
|    insert_tilt_deg_mean | 0.14      |
|    success_rate         | 0         |
|    xy_err_weight        | 1.34      |
| rollout/                |           |
|    ep_len_mean          | 185       |
|    ep_rew_mean          | -35.9     |
| time/                   |           |
|    fps                  | 620       |
|    iterations           | 107       |
|    time_elapsed         | 706       |
|    total_timesteps      | 438272    |
| train/                  |           |
|    approx_kl            | 0.1323789 |
|    clip_fraction        | 0.44      |
|    clip_range           | 0.2       |
|    entropy_loss         | -18.4     |
|    explained_variance   | 0.83      |
|    learning_rate        | 0.0003    |
|    loss                 | 4.22      |
|    n_updates            | 14340     |
|    policy_gradient_loss | -0.0725   |
|    std                  | 4.04      |
|    value_loss           | 12.8      |
---------------------------------------
----------------------------------------
| manipularl/             |            |
|    collision_rate       | 0.63       |
|    grasp_failure_rate   | 0.755      |
|    insert_depth_mean    | 0.00208    |
|    insert_tilt_deg_mean | 0.0033     |
|    success_rate         | 0          |
|    xy_err_weight        | 1.34       |
| rollout/                |            |
|    ep_len_mean          | 201        |
|    ep_rew_mean          | -46.4      |
| time/                   |            |
|    fps                  | 621        |
|    iterations           | 108        |
|    time_elapsed         | 712        |
|    total_timesteps      | 442368     |
| train/                  |            |
|    approx_kl            | 0.13092873 |
|    clip_fraction        | 0.374      |
|    clip_range           | 0.2        |
|    entropy_loss         | -18.4      |
|    explained_variance   | 0.876      |
|    learning_rate        | 0.0003     |
|    loss                 | 3.05       |
|    n_updates            | 14350      |
|    policy_gradient_loss | -0.0668    |
|    std                  | 4.05       |
|    value_loss           | 11         |
----------------------------------------
-----------------------------------------
| manipularl/             |             |
|    collision_rate       | 0.64        |
|    grasp_failure_rate   | 0.74        |
|    insert_depth_mean    | 0.00254     |
|    insert_tilt_deg_mean | 0.0034      |
|    success_rate         | 0           |
|    xy_err_weight        | 1.34        |
| rollout/                |             |
|    ep_len_mean          | 206         |
|    ep_rew_mean          | -48.9       |
| time/                   |             |
|    fps                  | 622         |
|    iterations           | 109         |
|    time_elapsed         | 717         |
|    total_timesteps      | 446464      |
| train/                  |             |
|    approx_kl            | 0.059349105 |
|    clip_fraction        | 0.302       |
|    clip_range           | 0.2         |
|    entropy_loss         | -18.4       |
|    explained_variance   | 0.74        |
|    learning_rate        | 0.0003      |
|    loss                 | 5.84        |
|    n_updates            | 14360       |
|    policy_gradient_loss | -0.0555     |
|    std                  | 4.05        |
|    value_loss           | 18.2        |
-----------------------------------------
----------------------------------------
| manipularl/             |            |
|    collision_rate       | 0.61       |
|    grasp_failure_rate   | 0.714      |
|    insert_depth_mean    | 0.003      |
|    insert_tilt_deg_mean | 0.00357    |
|    success_rate         | 0          |
|    xy_err_weight        | 1.34       |
| rollout/                |            |
|    ep_len_mean          | 215        |
|    ep_rew_mean          | -53.1      |
| time/                   |            |
|    fps                  | 623        |
|    iterations           | 110        |
|    time_elapsed         | 722        |
|    total_timesteps      | 450560     |
| train/                  |            |
|    approx_kl            | 0.07662997 |
|    clip_fraction        | 0.335      |
|    clip_range           | 0.2        |
|    entropy_loss         | -18.4      |
|    explained_variance   | 0.861      |
|    learning_rate        | 0.0003     |
|    loss                 | 3.52       |
|    n_updates            | 14370      |
|    policy_gradient_loss | -0.0674    |
|    std                  | 4.05       |
|    value_loss           | 11.5       |
----------------------------------------
----------------------------------------
| manipularl/             |            |
|    collision_rate       | 0.59       |
|    grasp_failure_rate   | 0.73       |
|    insert_depth_mean    | 0.00304    |
|    insert_tilt_deg_mean | 0.00349    |
|    success_rate         | 0          |
|    xy_err_weight        | 1.34       |
| rollout/                |            |
|    ep_len_mean          | 222        |
|    ep_rew_mean          | -52.3      |
| time/                   |            |
|    fps                  | 624        |
|    iterations           | 111        |
|    time_elapsed         | 727        |
|    total_timesteps      | 454656     |
| train/                  |            |
|    approx_kl            | 0.10876299 |
|    clip_fraction        | 0.394      |
|    clip_range           | 0.2        |
|    entropy_loss         | -18.5      |
|    explained_variance   | 0.886      |
|    learning_rate        | 0.0003     |
|    loss                 | 3.92       |
|    n_updates            | 14380      |
|    policy_gradient_loss | -0.066     |
|    std                  | 4.06       |
|    value_loss           | 12         |
----------------------------------------
----------------------------------------
| manipularl/             |            |
|    collision_rate       | 0.59       |
|    grasp_failure_rate   | 0.717      |
|    insert_depth_mean    | 0.00307    |
|    insert_tilt_deg_mean | 0.00352    |
|    success_rate         | 0          |
|    xy_err_weight        | 1.34       |
| rollout/                |            |
|    ep_len_mean          | 222        |
|    ep_rew_mean          | -57.4      |
| time/                   |            |
|    fps                  | 625        |
|    iterations           | 112        |
|    time_elapsed         | 732        |
|    total_timesteps      | 458752     |
| train/                  |            |
|    approx_kl            | 0.08499269 |
|    clip_fraction        | 0.344      |
|    clip_range           | 0.2        |
|    entropy_loss         | -18.5      |
|    explained_variance   | 0.892      |
|    learning_rate        | 0.0003     |
|    loss                 | 4.84       |
|    n_updates            | 14390      |
|    policy_gradient_loss | -0.0672    |
|    std                  | 4.07       |
|    value_loss           | 14.1       |
----------------------------------------
----------------------------------------
| manipularl/             |            |
|    collision_rate       | 0.59       |
|    grasp_failure_rate   | 0.726      |
|    insert_depth_mean    | 0.00317    |
|    insert_tilt_deg_mean | 0.00352    |
|    success_rate         | 0          |
|    xy_err_weight        | 1.33       |
| rollout/                |            |
|    ep_len_mean          | 225        |
|    ep_rew_mean          | -55.7      |
| time/                   |            |
|    fps                  | 627        |
|    iterations           | 113        |
|    time_elapsed         | 738        |
|    total_timesteps      | 462848     |
| train/                  |            |
|    approx_kl            | 0.09418917 |
|    clip_fraction        | 0.362      |
|    clip_range           | 0.2        |
|    entropy_loss         | -18.5      |
|    explained_variance   | 0.866      |
|    learning_rate        | 0.0003     |
|    loss                 | 4.51       |
|    n_updates            | 14400      |
|    policy_gradient_loss | -0.0648    |
|    std                  | 4.08       |
|    value_loss           | 14.5       |
----------------------------------------
----------------------------------------
| manipularl/             |            |
|    collision_rate       | 0.56       |
|    grasp_failure_rate   | 0.732      |
|    insert_depth_mean    | 0.00332    |
|    insert_tilt_deg_mean | 0.00369    |
|    success_rate         | 0          |
|    xy_err_weight        | 1.33       |
| rollout/                |            |
|    ep_len_mean          | 232        |
|    ep_rew_mean          | -51.7      |
| time/                   |            |
|    fps                  | 628        |
|    iterations           | 114        |
|    time_elapsed         | 743        |
|    total_timesteps      | 466944     |
| train/                  |            |
|    approx_kl            | 0.14690828 |
|    clip_fraction        | 0.439      |
|    clip_range           | 0.2        |
|    entropy_loss         | -18.5      |
|    explained_variance   | 0.893      |
|    learning_rate        | 0.0003     |
|    loss                 | 2.96       |
|    n_updates            | 14410      |
|    policy_gradient_loss | -0.0736    |
|    std                  | 4.09       |
|    value_loss           | 10.8       |
----------------------------------------
----------------------------------------
| manipularl/             |            |
|    collision_rate       | 0.55       |
|    grasp_failure_rate   | 0.722      |
|    insert_depth_mean    | 0.00272    |
|    insert_tilt_deg_mean | 0.00364    |
|    success_rate         | 0          |
|    xy_err_weight        | 1.33       |
| rollout/                |            |
|    ep_len_mean          | 233        |
|    ep_rew_mean          | -51.9      |
| time/                   |            |
|    fps                  | 629        |
|    iterations           | 115        |
|    time_elapsed         | 748        |
|    total_timesteps      | 471040     |
| train/                  |            |
|    approx_kl            | 0.16305077 |
|    clip_fraction        | 0.442      |
|    clip_range           | 0.2        |
|    entropy_loss         | -18.5      |
|    explained_variance   | 0.914      |
|    learning_rate        | 0.0003     |
|    loss                 | 3.15       |
|    n_updates            | 14420      |
|    policy_gradient_loss | -0.071     |
|    std                  | 4.1        |
|    value_loss           | 10.2       |
----------------------------------------
--------------------------------------
| manipularl/             |          |
|    collision_rate       | 0.62     |
|    grasp_failure_rate   | 0.715    |
|    insert_depth_mean    | 0.00209  |
|    insert_tilt_deg_mean | 0.639    |
|    success_rate         | 0        |
|    xy_err_weight        | 1.33     |
| rollout/                |          |
|    ep_len_mean          | 203      |
|    ep_rew_mean          | -43.9    |
| time/                   |          |
|    fps                  | 630      |
|    iterations           | 116      |
|    time_elapsed         | 753      |
|    total_timesteps      | 475136   |
| train/                  |          |
|    approx_kl            | 0.132213 |
|    clip_fraction        | 0.467    |
|    clip_range           | 0.2      |
|    entropy_loss         | -18.5    |
|    explained_variance   | 0.885    |
|    learning_rate        | 0.0003   |
|    loss                 | 3.7      |
|    n_updates            | 14430    |
|    policy_gradient_loss | -0.0634  |
|    std                  | 4.11     |
|    value_loss           | 12.1     |
--------------------------------------
----------------------------------------
| manipularl/             |            |
|    collision_rate       | 0.65       |
|    grasp_failure_rate   | 0.716      |
|    insert_depth_mean    | 0.00145    |
|    insert_tilt_deg_mean | 0.92       |
|    success_rate         | 0          |
|    xy_err_weight        | 1.33       |
| rollout/                |            |
|    ep_len_mean          | 200        |
|    ep_rew_mean          | -40.3      |
| time/                   |            |
|    fps                  | 631        |
|    iterations           | 117        |
|    time_elapsed         | 759        |
|    total_timesteps      | 479232     |
| train/                  |            |
|    approx_kl            | 0.09239401 |
|    clip_fraction        | 0.379      |
|    clip_range           | 0.2        |
|    entropy_loss         | -18.5      |
|    explained_variance   | 0.91       |
|    learning_rate        | 0.0003     |
|    loss                 | 2.59       |
|    n_updates            | 14440      |
|    policy_gradient_loss | -0.0664    |
|    std                  | 4.12       |
|    value_loss           | 9.91       |
----------------------------------------
---------------------------------------
| manipularl/             |           |
|    collision_rate       | 0.67      |
|    grasp_failure_rate   | 0.709     |
|    insert_depth_mean    | 0.000153  |
|    insert_tilt_deg_mean | 1.56      |
|    success_rate         | 0         |
|    xy_err_weight        | 1.33      |
| rollout/                |           |
|    ep_len_mean          | 194       |
|    ep_rew_mean          | -40.3     |
| time/                   |           |
|    fps                  | 631       |
|    iterations           | 118       |
|    time_elapsed         | 765       |
|    total_timesteps      | 483328    |
| train/                  |           |
|    approx_kl            | 0.1155847 |
|    clip_fraction        | 0.438     |
|    clip_range           | 0.2       |
|    entropy_loss         | -18.5     |
|    explained_variance   | 0.759     |
|    learning_rate        | 0.0003    |
|    loss                 | 3.61      |
|    n_updates            | 14450     |
|    policy_gradient_loss | -0.0724   |
|    std                  | 4.13      |
|    value_loss           | 12.6      |
---------------------------------------
----------------------------------------
| manipularl/             |            |
|    collision_rate       | 0.65       |
|    grasp_failure_rate   | 0.721      |
|    insert_depth_mean    | 7.16e-05   |
|    insert_tilt_deg_mean | 1.56       |
|    success_rate         | 0          |
|    xy_err_weight        | 1.33       |
| rollout/                |            |
|    ep_len_mean          | 199        |
|    ep_rew_mean          | -41.7      |
| time/                   |            |
|    fps                  | 631        |
|    iterations           | 119        |
|    time_elapsed         | 771        |
|    total_timesteps      | 487424     |
| train/                  |            |
|    approx_kl            | 0.12573172 |
|    clip_fraction        | 0.406      |
|    clip_range           | 0.2        |
|    entropy_loss         | -18.5      |
|    explained_variance   | 0.891      |
|    learning_rate        | 0.0003     |
|    loss                 | 2.35       |
|    n_updates            | 14460      |
|    policy_gradient_loss | -0.0742    |
|    std                  | 4.14       |
|    value_loss           | 9.17       |
----------------------------------------
----------------------------------------
| manipularl/             |            |
|    collision_rate       | 0.67       |
|    grasp_failure_rate   | 0.751      |
|    insert_depth_mean    | 7.16e-05   |
|    insert_tilt_deg_mean | 1.25       |
|    success_rate         | 0          |
|    xy_err_weight        | 1.32       |
| rollout/                |            |
|    ep_len_mean          | 194        |
|    ep_rew_mean          | -37.7      |
| time/                   |            |
|    fps                  | 632        |
|    iterations           | 120        |
|    time_elapsed         | 777        |
|    total_timesteps      | 491520     |
| train/                  |            |
|    approx_kl            | 0.09320312 |
|    clip_fraction        | 0.381      |
|    clip_range           | 0.2        |
|    entropy_loss         | -18.5      |
|    explained_variance   | 0.89       |
|    learning_rate        | 0.0003     |
|    loss                 | 3.62       |
|    n_updates            | 14470      |
|    policy_gradient_loss | -0.0708    |
|    std                  | 4.16       |
|    value_loss           | 11.4       |
----------------------------------------
----------------------------------------
| manipularl/             |            |
|    collision_rate       | 0.63       |
|    grasp_failure_rate   | 0.73       |
|    insert_depth_mean    | 0.000137   |
|    insert_tilt_deg_mean | 1.24       |
|    success_rate         | 0          |
|    xy_err_weight        | 1.32       |
| rollout/                |            |
|    ep_len_mean          | 206        |
|    ep_rew_mean          | -41        |
| time/                   |            |
|    fps                  | 632        |
|    iterations           | 121        |
|    time_elapsed         | 783        |
|    total_timesteps      | 495616     |
| train/                  |            |
|    approx_kl            | 0.14554325 |
|    clip_fraction        | 0.433      |
|    clip_range           | 0.2        |
|    entropy_loss         | -18.6      |
|    explained_variance   | 0.918      |
|    learning_rate        | 0.0003     |
|    loss                 | 2.1        |
|    n_updates            | 14480      |
|    policy_gradient_loss | -0.0718    |
|    std                  | 4.18       |
|    value_loss           | 7.2        |
----------------------------------------
----------------------------------------
| manipularl/             |            |
|    collision_rate       | 0.65       |
|    grasp_failure_rate   | 0.734      |
|    insert_depth_mean    | 0.000137   |
|    insert_tilt_deg_mean | 1.29       |
|    success_rate         | 0          |
|    xy_err_weight        | 1.32       |
| rollout/                |            |
|    ep_len_mean          | 197        |
|    ep_rew_mean          | -38.6      |
| time/                   |            |
|    fps                  | 632        |
|    iterations           | 122        |
|    time_elapsed         | 789        |
|    total_timesteps      | 499712     |
| train/                  |            |
|    approx_kl            | 0.12644887 |
|    clip_fraction        | 0.445      |
|    clip_range           | 0.2        |
|    entropy_loss         | -18.6      |
|    explained_variance   | 0.901      |
|    learning_rate        | 0.0003     |
|    loss                 | 2.09       |
|    n_updates            | 14490      |
|    policy_gradient_loss | -0.0627    |
|    std                  | 4.19       |
|    value_loss           | 8.74       |
----------------------------------------
----------------------------------------
| manipularl/             |            |
|    collision_rate       | 0.67       |
|    grasp_failure_rate   | 0.737      |
|    insert_depth_mean    | 0.000101   |
|    insert_tilt_deg_mean | 0.651      |
|    success_rate         | 0          |
|    xy_err_weight        | 1.32       |
| rollout/                |            |
|    ep_len_mean          | 196        |
|    ep_rew_mean          | -37.6      |
| time/                   |            |
|    fps                  | 632        |
|    iterations           | 123        |
|    time_elapsed         | 796        |
|    total_timesteps      | 503808     |
| train/                  |            |
|    approx_kl            | 0.15834987 |
|    clip_fraction        | 0.467      |
|    clip_range           | 0.2        |
|    entropy_loss         | -18.6      |
|    explained_variance   | 0.77       |
|    learning_rate        | 0.0003     |
|    loss                 | 3.84       |
|    n_updates            | 14500      |
|    policy_gradient_loss | -0.0578    |
|    std                  | 4.19       |
|    value_loss           | 12.5       |
----------------------------------------
-----------------------------------------
| manipularl/             |             |
|    collision_rate       | 0.71        |
|    grasp_failure_rate   | 0.738       |
|    insert_depth_mean    | 0.000139    |
|    insert_tilt_deg_mean | 0.651       |
|    success_rate         | 0           |
|    xy_err_weight        | 1.32        |
| rollout/                |             |
|    ep_len_mean          | 183         |
|    ep_rew_mean          | -36.4       |
| time/                   |             |
|    fps                  | 633         |
|    iterations           | 124         |
|    time_elapsed         | 801         |
|    total_timesteps      | 507904      |
| train/                  |             |
|    approx_kl            | 0.097005665 |
|    clip_fraction        | 0.427       |
|    clip_range           | 0.2         |
|    entropy_loss         | -18.6       |
|    explained_variance   | 0.771       |
|    learning_rate        | 0.0003      |
|    loss                 | 3.94        |
|    n_updates            | 14510       |
|    policy_gradient_loss | -0.0593     |
|    std                  | 4.19        |
|    value_loss           | 13.7        |
-----------------------------------------
----------------------------------------
| manipularl/             |            |
|    collision_rate       | 0.66       |
|    grasp_failure_rate   | 0.741      |
|    insert_depth_mean    | 0.000139   |
|    insert_tilt_deg_mean | 0.651      |
|    success_rate         | 0          |
|    xy_err_weight        | 1.32       |
| rollout/                |            |
|    ep_len_mean          | 201        |
|    ep_rew_mean          | -40.9      |
| time/                   |            |
|    fps                  | 634        |
|    iterations           | 125        |
|    time_elapsed         | 806        |
|    total_timesteps      | 512000     |
| train/                  |            |
|    approx_kl            | 0.08870219 |
|    clip_fraction        | 0.353      |
|    clip_range           | 0.2        |
|    entropy_loss         | -18.6      |
|    explained_variance   | 0.775      |
|    learning_rate        | 0.0003     |
|    loss                 | 5          |
|    n_updates            | 14520      |
|    policy_gradient_loss | -0.0694    |
|    std                  | 4.2        |
|    value_loss           | 15.4       |
----------------------------------------
----------------------------------------
| manipularl/             |            |
|    collision_rate       | 0.66       |
|    grasp_failure_rate   | 0.746      |
|    insert_depth_mean    | 0.000126   |
|    insert_tilt_deg_mean | 0.339      |
|    success_rate         | 0          |
|    xy_err_weight        | 1.32       |
| rollout/                |            |
|    ep_len_mean          | 202        |
|    ep_rew_mean          | -43.2      |
| time/                   |            |
|    fps                  | 635        |
|    iterations           | 126        |
|    time_elapsed         | 811        |
|    total_timesteps      | 516096     |
| train/                  |            |
|    approx_kl            | 0.14823052 |
|    clip_fraction        | 0.424      |
|    clip_range           | 0.2        |
|    entropy_loss         | -18.6      |
|    explained_variance   | 0.896      |
|    learning_rate        | 0.0003     |
|    loss                 | 2.19       |
|    n_updates            | 14530      |
|    policy_gradient_loss | -0.073     |
|    std                  | 4.22       |
|    value_loss           | 8.26       |
----------------------------------------
----------------------------------------
| manipularl/             |            |
|    collision_rate       | 0.62       |
|    grasp_failure_rate   | 0.761      |
|    insert_depth_mean    | 0.000726   |
|    insert_tilt_deg_mean | 0.11       |
|    success_rate         | 0          |
|    xy_err_weight        | 1.31       |
| rollout/                |            |
|    ep_len_mean          | 212        |
|    ep_rew_mean          | -43.4      |
| time/                   |            |
|    fps                  | 636        |
|    iterations           | 127        |
|    time_elapsed         | 817        |
|    total_timesteps      | 520192     |
| train/                  |            |
|    approx_kl            | 0.09811818 |
|    clip_fraction        | 0.411      |
|    clip_range           | 0.2        |
|    entropy_loss         | -18.6      |
|    explained_variance   | 0.876      |
|    learning_rate        | 0.0003     |
|    loss                 | 4.39       |
|    n_updates            | 14540      |
|    policy_gradient_loss | -0.0604    |
|    std                  | 4.22       |
|    value_loss           | 12.4       |
----------------------------------------
----------------------------------------
| manipularl/             |            |
|    collision_rate       | 0.58       |
|    grasp_failure_rate   | 0.758      |
|    insert_depth_mean    | 0.000726   |
|    insert_tilt_deg_mean | 0.00347    |
|    success_rate         | 0          |
|    xy_err_weight        | 1.31       |
| rollout/                |            |
|    ep_len_mean          | 220        |
|    ep_rew_mean          | -45.1      |
| time/                   |            |
|    fps                  | 637        |
|    iterations           | 128        |
|    time_elapsed         | 822        |
|    total_timesteps      | 524288     |
| train/                  |            |
|    approx_kl            | 0.11385735 |
|    clip_fraction        | 0.384      |
|    clip_range           | 0.2        |
|    entropy_loss         | -18.6      |
|    explained_variance   | 0.839      |
|    learning_rate        | 0.0003     |
|    loss                 | 2.75       |
|    n_updates            | 14550      |
|    policy_gradient_loss | -0.0583    |
|    std                  | 4.22       |
|    value_loss           | 9.72       |
----------------------------------------
-----------------------------------------
| manipularl/             |             |
|    collision_rate       | 0.57        |
|    grasp_failure_rate   | 0.755       |
|    insert_depth_mean    | 0.000726    |
|    insert_tilt_deg_mean | 0.00343     |
|    success_rate         | 0           |
|    xy_err_weight        | 1.31        |
| rollout/                |             |
|    ep_len_mean          | 225         |
|    ep_rew_mean          | -46.3       |
| time/                   |             |
|    fps                  | 638         |
|    iterations           | 129         |
|    time_elapsed         | 827         |
|    total_timesteps      | 528384      |
| train/                  |             |
|    approx_kl            | 0.118211016 |
|    clip_fraction        | 0.406       |
|    clip_range           | 0.2         |
|    entropy_loss         | -18.6       |
|    explained_variance   | 0.868       |
|    learning_rate        | 0.0003      |
|    loss                 | 5.03        |
|    n_updates            | 14560       |
|    policy_gradient_loss | -0.0745     |
|    std                  | 4.23        |
|    value_loss           | 14.5        |
-----------------------------------------
-----------------------------------------
| manipularl/             |             |
|    collision_rate       | 0.57        |
|    grasp_failure_rate   | 0.756       |
|    insert_depth_mean    | 0.00125     |
|    insert_tilt_deg_mean | 0.00353     |
|    success_rate         | 0           |
|    xy_err_weight        | 1.31        |
| rollout/                |             |
|    ep_len_mean          | 226         |
|    ep_rew_mean          | -46.7       |
| time/                   |             |
|    fps                  | 638         |
|    iterations           | 130         |
|    time_elapsed         | 834         |
|    total_timesteps      | 532480      |
| train/                  |             |
|    approx_kl            | 0.122512795 |
|    clip_fraction        | 0.417       |
|    clip_range           | 0.2         |
|    entropy_loss         | -18.6       |
|    explained_variance   | 0.852       |
|    learning_rate        | 0.0003      |
|    loss                 | 3.29        |
|    n_updates            | 14570       |
|    policy_gradient_loss | -0.0685     |
|    std                  | 4.24        |
|    value_loss           | 10.2        |
-----------------------------------------
----------------------------------------
| manipularl/             |            |
|    collision_rate       | 0.6        |
|    grasp_failure_rate   | 0.771      |
|    insert_depth_mean    | 0.00248    |
|    insert_tilt_deg_mean | 0.00526    |
|    success_rate         | 0          |
|    xy_err_weight        | 1.31       |
| rollout/                |            |
|    ep_len_mean          | 220        |
|    ep_rew_mean          | -45.5      |
| time/                   |            |
|    fps                  | 638        |
|    iterations           | 131        |
|    time_elapsed         | 840        |
|    total_timesteps      | 536576     |
| train/                  |            |
|    approx_kl            | 0.07205517 |
|    clip_fraction        | 0.347      |
|    clip_range           | 0.2        |
|    entropy_loss         | -18.7      |
|    explained_variance   | 0.855      |
|    learning_rate        | 0.0003     |
|    loss                 | 3.59       |
|    n_updates            | 14580      |
|    policy_gradient_loss | -0.0586    |
|    std                  | 4.24       |
|    value_loss           | 11.9       |
----------------------------------------
----------------------------------------
| manipularl/             |            |
|    collision_rate       | 0.65       |
|    grasp_failure_rate   | 0.779      |
|    insert_depth_mean    | 0.00183    |
|    insert_tilt_deg_mean | 0.00506    |
|    success_rate         | 0          |
|    xy_err_weight        | 1.31       |
| rollout/                |            |
|    ep_len_mean          | 202        |
|    ep_rew_mean          | -42.9      |
| time/                   |            |
|    fps                  | 638        |
|    iterations           | 132        |
|    time_elapsed         | 846        |
|    total_timesteps      | 540672     |
| train/                  |            |
|    approx_kl            | 0.09344431 |
|    clip_fraction        | 0.376      |
|    clip_range           | 0.2        |
|    entropy_loss         | -18.7      |
|    explained_variance   | 0.87       |
|    learning_rate        | 0.0003     |
|    loss                 | 2.99       |
|    n_updates            | 14590      |
|    policy_gradient_loss | -0.0685    |
|    std                  | 4.25       |
|    value_loss           | 10.4       |
----------------------------------------
----------------------------------------
| manipularl/             |            |
|    collision_rate       | 0.66       |
|    grasp_failure_rate   | 0.768      |
|    insert_depth_mean    | 0.00183    |
|    insert_tilt_deg_mean | 0.0051     |
|    success_rate         | 0          |
|    xy_err_weight        | 1.31       |
| rollout/                |            |
|    ep_len_mean          | 201        |
|    ep_rew_mean          | -42.2      |
| time/                   |            |
|    fps                  | 638        |
|    iterations           | 133        |
|    time_elapsed         | 852        |
|    total_timesteps      | 544768     |
| train/                  |            |
|    approx_kl            | 0.11274265 |
|    clip_fraction        | 0.403      |
|    clip_range           | 0.2        |
|    entropy_loss         | -18.7      |
|    explained_variance   | 0.844      |
|    learning_rate        | 0.0003     |
|    loss                 | 4.98       |
|    n_updates            | 14600      |
|    policy_gradient_loss | -0.0716    |
|    std                  | 4.27       |
|    value_loss           | 14         |
----------------------------------------
----------------------------------------
| manipularl/             |            |
|    collision_rate       | 0.67       |
|    grasp_failure_rate   | 0.772      |
|    insert_depth_mean    | 0.00127    |
|    insert_tilt_deg_mean | 0.00517    |
|    success_rate         | 0          |
|    xy_err_weight        | 1.3        |
| rollout/                |            |
|    ep_len_mean          | 195        |
|    ep_rew_mean          | -40.4      |
| time/                   |            |
|    fps                  | 638        |
|    iterations           | 134        |
|    time_elapsed         | 859        |
|    total_timesteps      | 548864     |
| train/                  |            |
|    approx_kl            | 0.11048256 |
|    clip_fraction        | 0.408      |
|    clip_range           | 0.2        |
|    entropy_loss         | -18.7      |
|    explained_variance   | 0.838      |
|    learning_rate        | 0.0003     |
|    loss                 | 3.53       |
|    n_updates            | 14610      |
|    policy_gradient_loss | -0.0697    |
|    std                  | 4.27       |
|    value_loss           | 11.9       |
----------------------------------------
----------------------------------------
| manipularl/             |            |
|    collision_rate       | 0.71       |
|    grasp_failure_rate   | 0.788      |
|    insert_depth_mean    | 0.000644   |
|    insert_tilt_deg_mean | 0.00354    |
|    success_rate         | 0          |
|    xy_err_weight        | 1.3        |
| rollout/                |            |
|    ep_len_mean          | 176        |
|    ep_rew_mean          | -35.2      |
| time/                   |            |
|    fps                  | 638        |
|    iterations           | 135        |
|    time_elapsed         | 865        |
|    total_timesteps      | 552960     |
| train/                  |            |
|    approx_kl            | 0.10582127 |
|    clip_fraction        | 0.39       |
|    clip_range           | 0.2        |
|    entropy_loss         | -18.7      |
|    explained_variance   | 0.845      |
|    learning_rate        | 0.0003     |
|    loss                 | 2.9        |
|    n_updates            | 14620      |
|    policy_gradient_loss | -0.0698    |
|    std                  | 4.28       |
|    value_loss           | 11         |
----------------------------------------
-----------------------------------------
| manipularl/             |             |
|    collision_rate       | 0.68        |
|    grasp_failure_rate   | 0.781       |
|    insert_depth_mean    | 0.00127     |
|    insert_tilt_deg_mean | 0.00339     |
|    success_rate         | 0           |
|    xy_err_weight        | 1.3         |
| rollout/                |             |
|    ep_len_mean          | 184         |
|    ep_rew_mean          | -38.7       |
| time/                   |             |
|    fps                  | 638         |
|    iterations           | 136         |
|    time_elapsed         | 871         |
|    total_timesteps      | 557056      |
| train/                  |             |
|    approx_kl            | 0.106995724 |
|    clip_fraction        | 0.415       |
|    clip_range           | 0.2         |
|    entropy_loss         | -18.7       |
|    explained_variance   | 0.855       |
|    learning_rate        | 0.0003      |
|    loss                 | 3.32        |
|    n_updates            | 14630       |
|    policy_gradient_loss | -0.064      |
|    std                  | 4.29        |
|    value_loss           | 12.3        |
-----------------------------------------
----------------------------------------
| manipularl/             |            |
|    collision_rate       | 0.67       |
|    grasp_failure_rate   | 0.789      |
|    insert_depth_mean    | 0.00187    |
|    insert_tilt_deg_mean | 0.00332    |
|    success_rate         | 0          |
|    xy_err_weight        | 1.3        |
| rollout/                |            |
|    ep_len_mean          | 182        |
|    ep_rew_mean          | -40.5      |
| time/                   |            |
|    fps                  | 639        |
|    iterations           | 137        |
|    time_elapsed         | 877        |
|    total_timesteps      | 561152     |
| train/                  |            |
|    approx_kl            | 0.09941605 |
|    clip_fraction        | 0.403      |
|    clip_range           | 0.2        |
|    entropy_loss         | -18.7      |
|    explained_variance   | 0.901      |
|    learning_rate        | 0.0003     |
|    loss                 | 2.78       |
|    n_updates            | 14640      |
|    policy_gradient_loss | -0.0663    |
|    std                  | 4.3        |
|    value_loss           | 10.2       |
----------------------------------------
----------------------------------------
| manipularl/             |            |
|    collision_rate       | 0.67       |
|    grasp_failure_rate   | 0.782      |
|    insert_depth_mean    | 0.00186    |
|    insert_tilt_deg_mean | 0.00302    |
|    success_rate         | 0          |
|    xy_err_weight        | 1.3        |
| rollout/                |            |
|    ep_len_mean          | 183        |
|    ep_rew_mean          | -40.7      |
| time/                   |            |
|    fps                  | 639        |
|    iterations           | 138        |
|    time_elapsed         | 883        |
|    total_timesteps      | 565248     |
| train/                  |            |
|    approx_kl            | 0.10645285 |
|    clip_fraction        | 0.418      |
|    clip_range           | 0.2        |
|    entropy_loss         | -18.7      |
|    explained_variance   | 0.854      |
|    learning_rate        | 0.0003     |
|    loss                 | 4.18       |
|    n_updates            | 14650      |
|    policy_gradient_loss | -0.0725    |
|    std                  | 4.31       |
|    value_loss           | 13.4       |
----------------------------------------
----------------------------------------
| manipularl/             |            |
|    collision_rate       | 0.71       |
|    grasp_failure_rate   | 0.76       |
|    insert_depth_mean    | 0.00141    |
|    insert_tilt_deg_mean | 0.00259    |
|    success_rate         | 0          |
|    xy_err_weight        | 1.3        |
| rollout/                |            |
|    ep_len_mean          | 174        |
|    ep_rew_mean          | -39.7      |
| time/                   |            |
|    fps                  | 639        |
|    iterations           | 139        |
|    time_elapsed         | 890        |
|    total_timesteps      | 569344     |
| train/                  |            |
|    approx_kl            | 0.10125001 |
|    clip_fraction        | 0.395      |
|    clip_range           | 0.2        |
|    entropy_loss         | -18.7      |
|    explained_variance   | 0.887      |
|    learning_rate        | 0.0003     |
|    loss                 | 4.66       |
|    n_updates            | 14660      |
|    policy_gradient_loss | -0.0679    |
|    std                  | 4.31       |
|    value_loss           | 14.5       |
----------------------------------------
----------------------------------------
| manipularl/             |            |
|    collision_rate       | 0.69       |
|    grasp_failure_rate   | 0.747      |
|    insert_depth_mean    | 0.00081    |
|    insert_tilt_deg_mean | 0.00245    |
|    success_rate         | 0          |
|    xy_err_weight        | 1.3        |
| rollout/                |            |
|    ep_len_mean          | 184        |
|    ep_rew_mean          | -41.8      |
| time/                   |            |
|    fps                  | 640        |
|    iterations           | 140        |
|    time_elapsed         | 895        |
|    total_timesteps      | 573440     |
| train/                  |            |
|    approx_kl            | 0.08183204 |
|    clip_fraction        | 0.376      |
|    clip_range           | 0.2        |
|    entropy_loss         | -18.7      |
|    explained_variance   | 0.651      |
|    learning_rate        | 0.0003     |
|    loss                 | 4.97       |
|    n_updates            | 14670      |
|    policy_gradient_loss | -0.0699    |
|    std                  | 4.32       |
|    value_loss           | 17.6       |
----------------------------------------
----------------------------------------
| manipularl/             |            |
|    collision_rate       | 0.74       |
|    grasp_failure_rate   | 0.784      |
|    insert_depth_mean    | 0.00021    |
|    insert_tilt_deg_mean | 0.00261    |
|    success_rate         | 0          |
|    xy_err_weight        | 1.29       |
| rollout/                |            |
|    ep_len_mean          | 165        |
|    ep_rew_mean          | -33.2      |
| time/                   |            |
|    fps                  | 641        |
|    iterations           | 141        |
|    time_elapsed         | 900        |
|    total_timesteps      | 577536     |
| train/                  |            |
|    approx_kl            | 0.17694893 |
|    clip_fraction        | 0.457      |
|    clip_range           | 0.2        |
|    entropy_loss         | -18.7      |
|    explained_variance   | 0.887      |
|    learning_rate        | 0.0003     |
|    loss                 | 2.13       |
|    n_updates            | 14680      |
|    policy_gradient_loss | -0.0651    |
|    std                  | 4.33       |
|    value_loss           | 6.8        |
----------------------------------------
----------------------------------------
| manipularl/             |            |
|    collision_rate       | 0.75       |
|    grasp_failure_rate   | 0.808      |
|    insert_depth_mean    | 0.00018    |
|    insert_tilt_deg_mean | 0.00282    |
|    success_rate         | 0          |
|    xy_err_weight        | 1.29       |
| rollout/                |            |
|    ep_len_mean          | 163        |
|    ep_rew_mean          | -29.5      |
| time/                   |            |
|    fps                  | 642        |
|    iterations           | 142        |
|    time_elapsed         | 905        |
|    total_timesteps      | 581632     |
| train/                  |            |
|    approx_kl            | 0.13138011 |
|    clip_fraction        | 0.449      |
|    clip_range           | 0.2        |
|    entropy_loss         | -18.8      |
|    explained_variance   | 0.798      |
|    learning_rate        | 0.0003     |
|    loss                 | 2.8        |
|    n_updates            | 14690      |
|    policy_gradient_loss | -0.0701    |
|    std                  | 4.34       |
|    value_loss           | 9.93       |
----------------------------------------
---------------------------------------
| manipularl/             |           |
|    collision_rate       | 0.7       |
|    grasp_failure_rate   | 0.838     |
|    insert_depth_mean    | 5.16e-05  |
|    insert_tilt_deg_mean | 0.0027    |
|    success_rate         | 0         |
|    xy_err_weight        | 1.29      |
| rollout/                |           |
|    ep_len_mean          | 177       |
|    ep_rew_mean          | -29.3     |
| time/                   |           |
|    fps                  | 642       |
|    iterations           | 143       |
|    time_elapsed         | 911       |
|    total_timesteps      | 585728    |
| train/                  |           |
|    approx_kl            | 0.1410904 |
|    clip_fraction        | 0.434     |
|    clip_range           | 0.2       |
|    entropy_loss         | -18.8     |
|    explained_variance   | 0.869     |
|    learning_rate        | 0.0003    |
|    loss                 | 2.53      |
|    n_updates            | 14700     |
|    policy_gradient_loss | -0.0804   |
|    std                  | 4.35      |
|    value_loss           | 9.25      |
---------------------------------------
-----------------------------------------
| manipularl/             |             |
|    collision_rate       | 0.75        |
|    grasp_failure_rate   | 0.808       |
|    insert_depth_mean    | 2.27e-05    |
|    insert_tilt_deg_mean | 0.00284     |
|    success_rate         | 0           |
|    xy_err_weight        | 1.29        |
| rollout/                |             |
|    ep_len_mean          | 161         |
|    ep_rew_mean          | -27.7       |
| time/                   |             |
|    fps                  | 643         |
|    iterations           | 144         |
|    time_elapsed         | 916         |
|    total_timesteps      | 589824      |
| train/                  |             |
|    approx_kl            | 0.106100306 |
|    clip_fraction        | 0.397       |
|    clip_range           | 0.2         |
|    entropy_loss         | -18.8       |
|    explained_variance   | 0.859       |
|    learning_rate        | 0.0003      |
|    loss                 | 3.12        |
|    n_updates            | 14710       |
|    policy_gradient_loss | -0.0712     |
|    std                  | 4.37        |
|    value_loss           | 9.92        |
-----------------------------------------
-----------------------------------------
| manipularl/             |             |
|    collision_rate       | 0.74        |
|    grasp_failure_rate   | 0.766       |
|    insert_depth_mean    | 0.00122     |
|    insert_tilt_deg_mean | 0.00289     |
|    success_rate         | 0           |
|    xy_err_weight        | 1.29        |
| rollout/                |             |
|    ep_len_mean          | 173         |
|    ep_rew_mean          | -32.8       |
| time/                   |             |
|    fps                  | 644         |
|    iterations           | 145         |
|    time_elapsed         | 921         |
|    total_timesteps      | 593920      |
| train/                  |             |
|    approx_kl            | 0.111357406 |
|    clip_fraction        | 0.386       |
|    clip_range           | 0.2         |
|    entropy_loss         | -18.8       |
|    explained_variance   | 0.878       |
|    learning_rate        | 0.0003      |
|    loss                 | 4.34        |
|    n_updates            | 14720       |
|    policy_gradient_loss | -0.0734     |
|    std                  | 4.38        |
|    value_loss           | 12.1        |
-----------------------------------------
-----------------------------------------
| manipularl/             |             |
|    collision_rate       | 0.76        |
|    grasp_failure_rate   | 0.744       |
|    insert_depth_mean    | 0.00129     |
|    insert_tilt_deg_mean | 0.00298     |
|    success_rate         | 0           |
|    xy_err_weight        | 1.29        |
| rollout/                |             |
|    ep_len_mean          | 159         |
|    ep_rew_mean          | -30.9       |
| time/                   |             |
|    fps                  | 645         |
|    iterations           | 146         |
|    time_elapsed         | 926         |
|    total_timesteps      | 598016      |
| train/                  |             |
|    approx_kl            | 0.091986895 |
|    clip_fraction        | 0.365       |
|    clip_range           | 0.2         |
|    entropy_loss         | -18.8       |
|    explained_variance   | 0.797       |
|    learning_rate        | 0.0003      |
|    loss                 | 4.51        |
|    n_updates            | 14730       |
|    policy_gradient_loss | -0.0725     |
|    std                  | 4.38        |
|    value_loss           | 14.9        |
-----------------------------------------
Eval num_timesteps=600000, episode_reward=-33.12 +/- 30.42
Episode length: 168.50 +/- 146.02
-----------------------------------------
| eval/                   |             |
|    mean_ep_length       | 168         |
|    mean_reward          | -33.1       |
| manipularl/             |             |
|    collision_rate       | 0.75        |
|    grasp_failure_rate   | 0.735       |
|    insert_depth_mean    | 0.00248     |
|    insert_tilt_deg_mean | 0.00314     |
|    success_rate         | 0           |
|    xy_err_weight        | 1.29        |
| time/                   |             |
|    total_timesteps      | 600000      |
| train/                  |             |
|    approx_kl            | 0.102937266 |
|    clip_fraction        | 0.373       |
|    clip_range           | 0.2         |
|    entropy_loss         | -18.8       |
|    explained_variance   | 0.876       |
|    learning_rate        | 0.0003      |
|    loss                 | 3.51        |
|    n_updates            | 14740       |
|    policy_gradient_loss | -0.0684     |
|    std                  | 4.39        |
|    value_loss           | 12          |
-----------------------------------------
New best mean reward!
--------------------------------------
| manipularl/             |          |
|    collision_rate       | 0.77     |
|    grasp_failure_rate   | 0.734    |
|    insert_depth_mean    | 0.00248  |
|    insert_tilt_deg_mean | 0.00326  |
|    success_rate         | 0        |
|    xy_err_weight        | 1.28     |
| rollout/                |          |
|    ep_len_mean          | 163      |
|    ep_rew_mean          | -35.5    |
| time/                   |          |
|    fps                  | 638      |
|    iterations           | 147      |
|    time_elapsed         | 943      |
|    total_timesteps      | 602112   |
--------------------------------------
----------------------------------------
| manipularl/             |            |
|    collision_rate       | 0.76       |
|    grasp_failure_rate   | 0.785      |
|    insert_depth_mean    | 0.00248    |
|    insert_tilt_deg_mean | 0.0033     |
|    success_rate         | 0          |
|    xy_err_weight        | 1.28       |
| rollout/                |            |
|    ep_len_mean          | 160        |
|    ep_rew_mean          | -35.3      |
| time/                   |            |
|    fps                  | 639        |
|    iterations           | 148        |
|    time_elapsed         | 947        |
|    total_timesteps      | 606208     |
| train/                  |            |
|    approx_kl            | 0.10126746 |
|    clip_fraction        | 0.39       |
|    clip_range           | 0.2        |
|    entropy_loss         | -18.8      |
|    explained_variance   | 0.834      |
|    learning_rate        | 0.0003     |
|    loss                 | 3.76       |
|    n_updates            | 14750      |
|    policy_gradient_loss | -0.0648    |
|    std                  | 4.39       |
|    value_loss           | 11.8       |
----------------------------------------
-----------------------------------------
| manipularl/             |             |
|    collision_rate       | 0.77        |
|    grasp_failure_rate   | 0.771       |
|    insert_depth_mean    | 0.0012      |
|    insert_tilt_deg_mean | 0.00331     |
|    success_rate         | 0           |
|    xy_err_weight        | 1.28        |
| rollout/                |             |
|    ep_len_mean          | 155         |
|    ep_rew_mean          | -34.6       |
| time/                   |             |
|    fps                  | 640         |
|    iterations           | 149         |
|    time_elapsed         | 953         |
|    total_timesteps      | 610304      |
| train/                  |             |
|    approx_kl            | 0.086752266 |
|    clip_fraction        | 0.368       |
|    clip_range           | 0.2         |
|    entropy_loss         | -18.8       |
|    explained_variance   | 0.79        |
|    learning_rate        | 0.0003      |
|    loss                 | 4.58        |
|    n_updates            | 14760       |
|    policy_gradient_loss | -0.068      |
|    std                  | 4.4         |
|    value_loss           | 14.3        |
-----------------------------------------
----------------------------------------
| manipularl/             |            |
|    collision_rate       | 0.77       |
|    grasp_failure_rate   | 0.765      |
|    insert_depth_mean    | 0.0018     |
|    insert_tilt_deg_mean | 0.00344    |
|    success_rate         | 0          |
|    xy_err_weight        | 1.28       |
| rollout/                |            |
|    ep_len_mean          | 158        |
|    ep_rew_mean          | -37.4      |
| time/                   |            |
|    fps                  | 640        |
|    iterations           | 150        |
|    time_elapsed         | 959        |
|    total_timesteps      | 614400     |
| train/                  |            |
|    approx_kl            | 0.11134382 |
|    clip_fraction        | 0.396      |
|    clip_range           | 0.2        |
|    entropy_loss         | -18.8      |
|    explained_variance   | 0.804      |
|    learning_rate        | 0.0003     |
|    loss                 | 3.73       |
|    n_updates            | 14770      |
|    policy_gradient_loss | -0.0746    |
|    std                  | 4.41       |
|    value_loss           | 12.3       |
----------------------------------------
----------------------------------------
| manipularl/             |            |
|    collision_rate       | 0.72       |
|    grasp_failure_rate   | 0.757      |
|    insert_depth_mean    | 0.00183    |
|    insert_tilt_deg_mean | 0.00362    |
|    success_rate         | 0          |
|    xy_err_weight        | 1.28       |
| rollout/                |            |
|    ep_len_mean          | 175        |
|    ep_rew_mean          | -38.1      |
| time/                   |            |
|    fps                  | 640        |
|    iterations           | 151        |
|    time_elapsed         | 965        |
|    total_timesteps      | 618496     |
| train/                  |            |
|    approx_kl            | 0.08365053 |
|    clip_fraction        | 0.36       |
|    clip_range           | 0.2        |
|    entropy_loss         | -18.8      |
|    explained_variance   | 0.737      |
|    learning_rate        | 0.0003     |
|    loss                 | 3.35       |
|    n_updates            | 14780      |
|    policy_gradient_loss | -0.0693    |
|    std                  | 4.43       |
|    value_loss           | 11.1       |
----------------------------------------
----------------------------------------
| manipularl/             |            |
|    collision_rate       | 0.69       |
|    grasp_failure_rate   | 0.763      |
|    insert_depth_mean    | 0.00183    |
|    insert_tilt_deg_mean | 0.00357    |
|    success_rate         | 0          |
|    xy_err_weight        | 1.28       |
| rollout/                |            |
|    ep_len_mean          | 180        |
|    ep_rew_mean          | -37        |
| time/                   |            |
|    fps                  | 640        |
|    iterations           | 152        |
|    time_elapsed         | 971        |
|    total_timesteps      | 622592     |
| train/                  |            |
|    approx_kl            | 0.12956975 |
|    clip_fraction        | 0.405      |
|    clip_range           | 0.2        |
|    entropy_loss         | -18.8      |
|    explained_variance   | 0.903      |
|    learning_rate        | 0.0003     |
|    loss                 | 1.76       |
|    n_updates            | 14790      |
|    policy_gradient_loss | -0.0736    |
|    std                  | 4.44       |
|    value_loss           | 7.4        |
----------------------------------------
----------------------------------------
| manipularl/             |            |
|    collision_rate       | 0.66       |
|    grasp_failure_rate   | 0.756      |
|    insert_depth_mean    | 0.00183    |
|    insert_tilt_deg_mean | 0.00353    |
|    success_rate         | 0          |
|    xy_err_weight        | 1.28       |
| rollout/                |            |
|    ep_len_mean          | 189        |
|    ep_rew_mean          | -40        |
| time/                   |            |
|    fps                  | 641        |
|    iterations           | 153        |
|    time_elapsed         | 977        |
|    total_timesteps      | 626688     |
| train/                  |            |
|    approx_kl            | 0.09864504 |
|    clip_fraction        | 0.399      |
|    clip_range           | 0.2        |
|    entropy_loss         | -18.8      |
|    explained_variance   | 0.836      |
|    learning_rate        | 0.0003     |
|    loss                 | 2.46       |
|    n_updates            | 14800      |
|    policy_gradient_loss | -0.061     |
|    std                  | 4.46       |
|    value_loss           | 8.48       |
----------------------------------------
----------------------------------------
| manipularl/             |            |
|    collision_rate       | 0.66       |
|    grasp_failure_rate   | 0.787      |
|    insert_depth_mean    | 0.002      |
|    insert_tilt_deg_mean | 0.00338    |
|    success_rate         | 0          |
|    xy_err_weight        | 1.27       |
| rollout/                |            |
|    ep_len_mean          | 188        |
|    ep_rew_mean          | -39.9      |
| time/                   |            |
|    fps                  | 642        |
|    iterations           | 154        |
|    time_elapsed         | 982        |
|    total_timesteps      | 630784     |
| train/                  |            |
|    approx_kl            | 0.06938398 |
|    clip_fraction        | 0.347      |
|    clip_range           | 0.2        |
|    entropy_loss         | -18.9      |
|    explained_variance   | 0.802      |
|    learning_rate        | 0.0003     |
|    loss                 | 3.77       |
|    n_updates            | 14810      |
|    policy_gradient_loss | -0.053     |
|    std                  | 4.46       |
|    value_loss           | 12.3       |
----------------------------------------
----------------------------------------
| manipularl/             |            |
|    collision_rate       | 0.59       |
|    grasp_failure_rate   | 0.777      |
|    insert_depth_mean    | 0.002      |
|    insert_tilt_deg_mean | 0.0036     |
|    success_rate         | 0          |
|    xy_err_weight        | 1.27       |
| rollout/                |            |
|    ep_len_mean          | 208        |
|    ep_rew_mean          | -43.5      |
| time/                   |            |
|    fps                  | 642        |
|    iterations           | 155        |
|    time_elapsed         | 987        |
|    total_timesteps      | 634880     |
| train/                  |            |
|    approx_kl            | 0.10558064 |
|    clip_fraction        | 0.402      |
|    clip_range           | 0.2        |
|    entropy_loss         | -18.9      |
|    explained_variance   | 0.813      |
|    learning_rate        | 0.0003     |
|    loss                 | 2.85       |
|    n_updates            | 14820      |
|    policy_gradient_loss | -0.0674    |
|    std                  | 4.46       |
|    value_loss           | 10.2       |
----------------------------------------
----------------------------------------
| manipularl/             |            |
|    collision_rate       | 0.63       |
|    grasp_failure_rate   | 0.768      |
|    insert_depth_mean    | 0.000769   |
|    insert_tilt_deg_mean | 0.00317    |
|    success_rate         | 0          |
|    xy_err_weight        | 1.27       |
| rollout/                |            |
|    ep_len_mean          | 199        |
|    ep_rew_mean          | -44.9      |
| time/                   |            |
|    fps                  | 643        |
|    iterations           | 156        |
|    time_elapsed         | 992        |
|    total_timesteps      | 638976     |
| train/                  |            |
|    approx_kl            | 0.09355827 |
|    clip_fraction        | 0.399      |
|    clip_range           | 0.2        |
|    entropy_loss         | -18.9      |
|    explained_variance   | 0.815      |
|    learning_rate        | 0.0003     |
|    loss                 | 2.28       |
|    n_updates            | 14830      |
|    policy_gradient_loss | -0.0586    |
|    std                  | 4.47       |
|    value_loss           | 7.4        |
----------------------------------------
----------------------------------------
| manipularl/             |            |
|    collision_rate       | 0.63       |
|    grasp_failure_rate   | 0.764      |
|    insert_depth_mean    | 0.000769   |
|    insert_tilt_deg_mean | 0.00332    |
|    success_rate         | 0          |
|    xy_err_weight        | 1.27       |
| rollout/                |            |
|    ep_len_mean          | 204        |
|    ep_rew_mean          | -44.4      |
| time/                   |            |
|    fps                  | 644        |
|    iterations           | 157        |
|    time_elapsed         | 997        |
|    total_timesteps      | 643072     |
| train/                  |            |
|    approx_kl            | 0.10751446 |
|    clip_fraction        | 0.412      |
|    clip_range           | 0.2        |
|    entropy_loss         | -18.9      |
|    explained_variance   | 0.876      |
|    learning_rate        | 0.0003     |
|    loss                 | 2.34       |
|    n_updates            | 14840      |
|    policy_gradient_loss | -0.0722    |
|    std                  | 4.48       |
|    value_loss           | 7.46       |
----------------------------------------
-----------------------------------------
| manipularl/             |             |
|    collision_rate       | 0.64        |
|    grasp_failure_rate   | 0.769       |
|    insert_depth_mean    | 0.000777    |
|    insert_tilt_deg_mean | 0.00352     |
|    success_rate         | 0           |
|    xy_err_weight        | 1.27        |
| rollout/                |             |
|    ep_len_mean          | 212         |
|    ep_rew_mean          | -45.8       |
| time/                   |             |
|    fps                  | 644         |
|    iterations           | 158         |
|    time_elapsed         | 1003        |
|    total_timesteps      | 647168      |
| train/                  |             |
|    approx_kl            | 0.112870045 |
|    clip_fraction        | 0.389       |
|    clip_range           | 0.2         |
|    entropy_loss         | -18.9       |
|    explained_variance   | 0.863       |
|    learning_rate        | 0.0003      |
|    loss                 | 2.01        |
|    n_updates            | 14850       |
|    policy_gradient_loss | -0.0695     |
|    std                  | 4.49        |
|    value_loss           | 7.48        |
-----------------------------------------
----------------------------------------
| manipularl/             |            |
|    collision_rate       | 0.62       |
|    grasp_failure_rate   | 0.769      |
|    insert_depth_mean    | 7.5e-06    |
|    insert_tilt_deg_mean | 0.004      |
|    success_rate         | 0          |
|    xy_err_weight        | 1.27       |
| rollout/                |            |
|    ep_len_mean          | 214        |
|    ep_rew_mean          | -45.2      |
| time/                   |            |
|    fps                  | 645        |
|    iterations           | 159        |
|    time_elapsed         | 1009       |
|    total_timesteps      | 651264     |
| train/                  |            |
|    approx_kl            | 0.08932789 |
|    clip_fraction        | 0.366      |
|    clip_range           | 0.2        |
|    entropy_loss         | -18.9      |
|    explained_variance   | 0.821      |
|    learning_rate        | 0.0003     |
|    loss                 | 3.89       |
|    n_updates            | 14860      |
|    policy_gradient_loss | -0.0697    |
|    std                  | 4.51       |
|    value_loss           | 11.4       |
----------------------------------------
----------------------------------------
| manipularl/             |            |
|    collision_rate       | 0.72       |
|    grasp_failure_rate   | 0.808      |
|    insert_depth_mean    | 7.5e-06    |
|    insert_tilt_deg_mean | 0.00415    |
|    success_rate         | 0          |
|    xy_err_weight        | 1.27       |
| rollout/                |            |
|    ep_len_mean          | 185        |
|    ep_rew_mean          | -37.2      |
| time/                   |            |
|    fps                  | 645        |
|    iterations           | 160        |
|    time_elapsed         | 1015       |
|    total_timesteps      | 655360     |
| train/                  |            |
|    approx_kl            | 0.12791538 |
|    clip_fraction        | 0.396      |
|    clip_range           | 0.2        |
|    entropy_loss         | -18.9      |
|    explained_variance   | 0.879      |
|    learning_rate        | 0.0003     |
|    loss                 | 2.32       |
|    n_updates            | 14870      |
|    policy_gradient_loss | -0.0688    |
|    std                  | 4.52       |
|    value_loss           | 7.86       |
----------------------------------------
----------------------------------------
| manipularl/             |            |
|    collision_rate       | 0.72       |
|    grasp_failure_rate   | 0.822      |
|    insert_depth_mean    | 7.5e-06    |
|    insert_tilt_deg_mean | 0.00442    |
|    success_rate         | 0          |
|    xy_err_weight        | 1.26       |
| rollout/                |            |
|    ep_len_mean          | 187        |
|    ep_rew_mean          | -37.4      |
| time/                   |            |
|    fps                  | 645        |
|    iterations           | 161        |
|    time_elapsed         | 1021       |
|    total_timesteps      | 659456     |
| train/                  |            |
|    approx_kl            | 0.07716058 |
|    clip_fraction        | 0.361      |
|    clip_range           | 0.2        |
|    entropy_loss         | -18.9      |
|    explained_variance   | 0.83       |
|    learning_rate        | 0.0003     |
|    loss                 | 2.92       |
|    n_updates            | 14880      |
|    policy_gradient_loss | -0.0691    |
|    std                  | 4.52       |
|    value_loss           | 9.94       |
----------------------------------------
----------------------------------------
| manipularl/             |            |
|    collision_rate       | 0.72       |
|    grasp_failure_rate   | 0.792      |
|    insert_depth_mean    | 7.5e-06    |
|    insert_tilt_deg_mean | 0.00443    |
|    success_rate         | 0          |
|    xy_err_weight        | 1.26       |
| rollout/                |            |
|    ep_len_mean          | 186        |
|    ep_rew_mean          | -38.9      |
| time/                   |            |
|    fps                  | 645        |
|    iterations           | 162        |
|    time_elapsed         | 1027       |
|    total_timesteps      | 663552     |
| train/                  |            |
|    approx_kl            | 0.08462818 |
|    clip_fraction        | 0.354      |
|    clip_range           | 0.2        |
|    entropy_loss         | -18.9      |
|    explained_variance   | 0.834      |
|    learning_rate        | 0.0003     |
|    loss                 | 3.41       |
|    n_updates            | 14890      |
|    policy_gradient_loss | -0.0718    |
|    std                  | 4.54       |
|    value_loss           | 11.7       |
----------------------------------------
-----------------------------------------
| manipularl/             |             |
|    collision_rate       | 0.68        |
|    grasp_failure_rate   | 0.767       |
|    insert_depth_mean    | 0.000203    |
|    insert_tilt_deg_mean | 0.00419     |
|    success_rate         | 0           |
|    xy_err_weight        | 1.26        |
| rollout/                |             |
|    ep_len_mean          | 190         |
|    ep_rew_mean          | -39.4       |
| time/                   |             |
|    fps                  | 645         |
|    iterations           | 163         |
|    time_elapsed         | 1033        |
|    total_timesteps      | 667648      |
| train/                  |             |
|    approx_kl            | 0.114757724 |
|    clip_fraction        | 0.391       |
|    clip_range           | 0.2         |
|    entropy_loss         | -18.9       |
|    explained_variance   | 0.902       |
|    learning_rate        | 0.0003      |
|    loss                 | 2.31        |
|    n_updates            | 14900       |
|    policy_gradient_loss | -0.0759     |
|    std                  | 4.54        |
|    value_loss           | 7.78        |
-----------------------------------------
-----------------------------------------
| manipularl/             |             |
|    collision_rate       | 0.68        |
|    grasp_failure_rate   | 0.739       |
|    insert_depth_mean    | 0.000203    |
|    insert_tilt_deg_mean | 0.00391     |
|    success_rate         | 0           |
|    xy_err_weight        | 1.26        |
| rollout/                |             |
|    ep_len_mean          | 196         |
|    ep_rew_mean          | -39.9       |
| time/                   |             |
|    fps                  | 646         |
|    iterations           | 164         |
|    time_elapsed         | 1039        |
|    total_timesteps      | 671744      |
| train/                  |             |
|    approx_kl            | 0.107134596 |
|    clip_fraction        | 0.405       |
|    clip_range           | 0.2         |
|    entropy_loss         | -18.9       |
|    explained_variance   | 0.871       |
|    learning_rate        | 0.0003      |
|    loss                 | 2.61        |
|    n_updates            | 14910       |
|    policy_gradient_loss | -0.066      |
|    std                  | 4.55        |
|    value_loss           | 9.77        |
-----------------------------------------
----------------------------------------
| manipularl/             |            |
|    collision_rate       | 0.62       |
|    grasp_failure_rate   | 0.724      |
|    insert_depth_mean    | 0.000211   |
|    insert_tilt_deg_mean | 0.00364    |
|    success_rate         | 0          |
|    xy_err_weight        | 1.26       |
| rollout/                |            |
|    ep_len_mean          | 217        |
|    ep_rew_mean          | -41.9      |
| time/                   |            |
|    fps                  | 646        |
|    iterations           | 165        |
|    time_elapsed         | 1045       |
|    total_timesteps      | 675840     |
| train/                  |            |
|    approx_kl            | 0.08196382 |
|    clip_fraction        | 0.365      |
|    clip_range           | 0.2        |
|    entropy_loss         | -18.9      |
|    explained_variance   | 0.77       |
|    learning_rate        | 0.0003     |
|    loss                 | 3.29       |
|    n_updates            | 14920      |
|    policy_gradient_loss | -0.0562    |
|    std                  | 4.55       |
|    value_loss           | 10.8       |
----------------------------------------
--------------------------------------
| manipularl/             |          |
|    collision_rate       | 0.64     |
|    grasp_failure_rate   | 0.748    |
|    insert_depth_mean    | 0.000211 |
|    insert_tilt_deg_mean | 0.00368  |
|    success_rate         | 0        |
|    xy_err_weight        | 1.26     |
| rollout/                |          |
|    ep_len_mean          | 206      |
|    ep_rew_mean          | -36.3    |
| time/                   |          |
|    fps                  | 646      |
|    iterations           | 166      |
|    time_elapsed         | 1051     |
|    total_timesteps      | 679936   |
| train/                  |          |
|    approx_kl            | 0.125828 |
|    clip_fraction        | 0.427    |
|    clip_range           | 0.2      |
|    entropy_loss         | -18.9    |
|    explained_variance   | 0.911    |
|    learning_rate        | 0.0003   |
|    loss                 | 2.09     |
|    n_updates            | 14930    |
|    policy_gradient_loss | -0.0699  |
|    std                  | 4.56     |
|    value_loss           | 7.1      |
--------------------------------------
----------------------------------------
| manipularl/             |            |
|    collision_rate       | 0.67       |
|    grasp_failure_rate   | 0.772      |
|    insert_depth_mean    | 0.000211   |
|    insert_tilt_deg_mean | 0.00339    |
|    success_rate         | 0          |
|    xy_err_weight        | 1.26       |
| rollout/                |            |
|    ep_len_mean          | 200        |
|    ep_rew_mean          | -32.2      |
| time/                   |            |
|    fps                  | 646        |
|    iterations           | 167        |
|    time_elapsed         | 1057       |
|    total_timesteps      | 684032     |
| train/                  |            |
|    approx_kl            | 0.12709484 |
|    clip_fraction        | 0.401      |
|    clip_range           | 0.2        |
|    entropy_loss         | -19        |
|    explained_variance   | 0.886      |
|    learning_rate        | 0.0003     |
|    loss                 | 1.81       |
|    n_updates            | 14940      |
|    policy_gradient_loss | -0.0633    |
|    std                  | 4.57       |
|    value_loss           | 6.8        |
----------------------------------------
----------------------------------------
| manipularl/             |            |
|    collision_rate       | 0.68       |
|    grasp_failure_rate   | 0.769      |
|    insert_depth_mean    | 8.07e-06   |
|    insert_tilt_deg_mean | 0.00316    |
|    success_rate         | 0          |
|    xy_err_weight        | 1.25       |
| rollout/                |            |
|    ep_len_mean          | 206        |
|    ep_rew_mean          | -33.9      |
| time/                   |            |
|    fps                  | 647        |
|    iterations           | 168        |
|    time_elapsed         | 1063       |
|    total_timesteps      | 688128     |
| train/                  |            |
|    approx_kl            | 0.09159243 |
|    clip_fraction        | 0.43       |
|    clip_range           | 0.2        |
|    entropy_loss         | -19        |
|    explained_variance   | 0.696      |
|    learning_rate        | 0.0003     |
|    loss                 | 3.29       |
|    n_updates            | 14950      |
|    policy_gradient_loss | -0.0613    |
|    std                  | 4.57       |
|    value_loss           | 11.1       |
----------------------------------------
---------------------------------------
| manipularl/             |           |
|    collision_rate       | 0.67      |
|    grasp_failure_rate   | 0.8       |
|    insert_depth_mean    | 8.07e-06  |
|    insert_tilt_deg_mean | 0.00315   |
|    success_rate         | 0         |
|    xy_err_weight        | 1.25      |
| rollout/                |           |
|    ep_len_mean          | 212       |
|    ep_rew_mean          | -34.8     |
| time/                   |           |
|    fps                  | 647       |
|    iterations           | 169       |
|    time_elapsed         | 1068      |
|    total_timesteps      | 692224    |
| train/                  |           |
|    approx_kl            | 0.1069742 |
|    clip_fraction        | 0.406     |
|    clip_range           | 0.2       |
|    entropy_loss         | -19       |
|    explained_variance   | 0.841     |
|    learning_rate        | 0.0003    |
|    loss                 | 2.04      |
|    n_updates            | 14960     |
|    policy_gradient_loss | -0.0654   |
|    std                  | 4.58      |
|    value_loss           | 7.86      |
---------------------------------------
----------------------------------------
| manipularl/             |            |
|    collision_rate       | 0.69       |
|    grasp_failure_rate   | 0.814      |
|    insert_depth_mean    | 0.0006     |
|    insert_tilt_deg_mean | 0.00305    |
|    success_rate         | 0          |
|    xy_err_weight        | 1.25       |
| rollout/                |            |
|    ep_len_mean          | 203        |
|    ep_rew_mean          | -35.8      |
| time/                   |            |
|    fps                  | 648        |
|    iterations           | 170        |
|    time_elapsed         | 1073       |
|    total_timesteps      | 696320     |
| train/                  |            |
|    approx_kl            | 0.08886918 |
|    clip_fraction        | 0.372      |
|    clip_range           | 0.2        |
|    entropy_loss         | -19        |
|    explained_variance   | 0.786      |
|    learning_rate        | 0.0003     |
|    loss                 | 3          |
|    n_updates            | 14970      |
|    policy_gradient_loss | -0.0646    |
|    std                  | 4.6        |
|    value_loss           | 9.68       |
----------------------------------------
----------------------------------------
| manipularl/             |            |
|    collision_rate       | 0.7        |
|    grasp_failure_rate   | 0.815      |
|    insert_depth_mean    | 0.0012     |
|    insert_tilt_deg_mean | 0.00264    |
|    success_rate         | 0          |
|    xy_err_weight        | 1.25       |
| rollout/                |            |
|    ep_len_mean          | 200        |
|    ep_rew_mean          | -37.3      |
| time/                   |            |
|    fps                  | 649        |
|    iterations           | 171        |
|    time_elapsed         | 1078       |
|    total_timesteps      | 700416     |
| train/                  |            |
|    approx_kl            | 0.13763261 |
|    clip_fraction        | 0.412      |
|    clip_range           | 0.2        |
|    entropy_loss         | -19        |
|    explained_variance   | 0.899      |
|    learning_rate        | 0.0003     |
|    loss                 | 1.32       |
|    n_updates            | 14980      |
|    policy_gradient_loss | -0.0738    |
|    std                  | 4.6        |
|    value_loss           | 5.23       |
----------------------------------------
----------------------------------------
| manipularl/             |            |
|    collision_rate       | 0.73       |
|    grasp_failure_rate   | 0.84       |
|    insert_depth_mean    | 0.003      |
|    insert_tilt_deg_mean | 0.00261    |
|    success_rate         | 0          |
|    xy_err_weight        | 1.25       |
| rollout/                |            |
|    ep_len_mean          | 197        |
|    ep_rew_mean          | -37.7      |
| time/                   |            |
|    fps                  | 649        |
|    iterations           | 172        |
|    time_elapsed         | 1083       |
|    total_timesteps      | 704512     |
| train/                  |            |
|    approx_kl            | 0.14094159 |
|    clip_fraction        | 0.456      |
|    clip_range           | 0.2        |
|    entropy_loss         | -19        |
|    explained_variance   | 0.844      |
|    learning_rate        | 0.0003     |
|    loss                 | 1.65       |
|    n_updates            | 14990      |
|    policy_gradient_loss | -0.0774    |
|    std                  | 4.6        |
|    value_loss           | 6.54       |
----------------------------------------
----------------------------------------
| manipularl/             |            |
|    collision_rate       | 0.74       |
|    grasp_failure_rate   | 0.847      |
|    insert_depth_mean    | 0.00305    |
|    insert_tilt_deg_mean | 0.00256    |
|    success_rate         | 0          |
|    xy_err_weight        | 1.25       |
| rollout/                |            |
|    ep_len_mean          | 189        |
|    ep_rew_mean          | -36.4      |
| time/                   |            |
|    fps                  | 650        |
|    iterations           | 173        |
|    time_elapsed         | 1089       |
|    total_timesteps      | 708608     |
| train/                  |            |
|    approx_kl            | 0.11419528 |
|    clip_fraction        | 0.41       |
|    clip_range           | 0.2        |
|    entropy_loss         | -19        |
|    explained_variance   | 0.696      |
|    learning_rate        | 0.0003     |
|    loss                 | 3.25       |
|    n_updates            | 15000      |
|    policy_gradient_loss | -0.0662    |
|    std                  | 4.61       |
|    value_loss           | 9.87       |
----------------------------------------
----------------------------------------
| manipularl/             |            |
|    collision_rate       | 0.75       |
|    grasp_failure_rate   | 0.838      |
|    insert_depth_mean    | 0.00305    |
|    insert_tilt_deg_mean | 0.00256    |
|    success_rate         | 0          |
|    xy_err_weight        | 1.25       |
| rollout/                |            |
|    ep_len_mean          | 189        |
|    ep_rew_mean          | -37.4      |
| time/                   |            |
|    fps                  | 651        |
|    iterations           | 174        |
|    time_elapsed         | 1094       |
|    total_timesteps      | 712704     |
| train/                  |            |
|    approx_kl            | 0.11951078 |
|    clip_fraction        | 0.397      |
|    clip_range           | 0.2        |
|    entropy_loss         | -19        |
|    explained_variance   | 0.885      |
|    learning_rate        | 0.0003     |
|    loss                 | 1.2        |
|    n_updates            | 15010      |
|    policy_gradient_loss | -0.0677    |
|    std                  | 4.63       |
|    value_loss           | 5.63       |
----------------------------------------
---------------------------------------
| manipularl/             |           |
|    collision_rate       | 0.75      |
|    grasp_failure_rate   | 0.83      |
|    insert_depth_mean    | 0.00305   |
|    insert_tilt_deg_mean | 0.00287   |
|    success_rate         | 0         |
|    xy_err_weight        | 1.24      |
| rollout/                |           |
|    ep_len_mean          | 197       |
|    ep_rew_mean          | -40.9     |
| time/                   |           |
|    fps                  | 651       |
|    iterations           | 175       |
|    time_elapsed         | 1100      |
|    total_timesteps      | 716800    |
| train/                  |           |
|    approx_kl            | 0.1025995 |
|    clip_fraction        | 0.418     |
|    clip_range           | 0.2       |
|    entropy_loss         | -19       |
|    explained_variance   | 0.788     |
|    learning_rate        | 0.0003    |
|    loss                 | 2.79      |
|    n_updates            | 15020     |
|    policy_gradient_loss | -0.0721   |
|    std                  | 4.63      |
|    value_loss           | 9.88      |
---------------------------------------
----------------------------------------
| manipularl/             |            |
|    collision_rate       | 0.75       |
|    grasp_failure_rate   | 0.81       |
|    insert_depth_mean    | 0.00368    |
|    insert_tilt_deg_mean | 0.00367    |
|    success_rate         | 0          |
|    xy_err_weight        | 1.24       |
| rollout/                |            |
|    ep_len_mean          | 207        |
|    ep_rew_mean          | -44.6      |
| time/                   |            |
|    fps                  | 651        |
|    iterations           | 176        |
|    time_elapsed         | 1106       |
|    total_timesteps      | 720896     |
| train/                  |            |
|    approx_kl            | 0.10899851 |
|    clip_fraction        | 0.424      |
|    clip_range           | 0.2        |
|    entropy_loss         | -19        |
|    explained_variance   | 0.891      |
|    learning_rate        | 0.0003     |
|    loss                 | 1.45       |
|    n_updates            | 15030      |
|    policy_gradient_loss | -0.067     |
|    std                  | 4.64       |
|    value_loss           | 5.85       |
----------------------------------------
----------------------------------------
| manipularl/             |            |
|    collision_rate       | 0.71       |
|    grasp_failure_rate   | 0.81       |
|    insert_depth_mean    | 0.00188    |
|    insert_tilt_deg_mean | 0.0037     |
|    success_rate         | 0          |
|    xy_err_weight        | 1.24       |
| rollout/                |            |
|    ep_len_mean          | 211        |
|    ep_rew_mean          | -43.3      |
| time/                   |            |
|    fps                  | 651        |
|    iterations           | 177        |
|    time_elapsed         | 1112       |
|    total_timesteps      | 724992     |
| train/                  |            |
|    approx_kl            | 0.06938048 |
|    clip_fraction        | 0.371      |
|    clip_range           | 0.2        |
|    entropy_loss         | -19        |
|    explained_variance   | 0.831      |
|    learning_rate        | 0.0003     |
|    loss                 | 4.2        |
|    n_updates            | 15040      |
|    policy_gradient_loss | -0.0582    |
|    std                  | 4.65       |
|    value_loss           | 12.3       |
----------------------------------------
----------------------------------------
| manipularl/             |            |
|    collision_rate       | 0.7        |
|    grasp_failure_rate   | 0.803      |
|    insert_depth_mean    | 0.00246    |
|    insert_tilt_deg_mean | 0.00407    |
|    success_rate         | 0          |
|    xy_err_weight        | 1.24       |
| rollout/                |            |
|    ep_len_mean          | 215        |
|    ep_rew_mean          | -43.2      |
| time/                   |            |
|    fps                  | 651        |
|    iterations           | 178        |
|    time_elapsed         | 1118       |
|    total_timesteps      | 729088     |
| train/                  |            |
|    approx_kl            | 0.09839052 |
|    clip_fraction        | 0.376      |
|    clip_range           | 0.2        |
|    entropy_loss         | -19        |
|    explained_variance   | 0.862      |
|    learning_rate        | 0.0003     |
|    loss                 | 2          |
|    n_updates            | 15050      |
|    policy_gradient_loss | -0.0706    |
|    std                  | 4.66       |
|    value_loss           | 7.63       |
----------------------------------------
----------------------------------------
| manipularl/             |            |
|    collision_rate       | 0.7        |
|    grasp_failure_rate   | 0.81       |
|    insert_depth_mean    | 0.00187    |
|    insert_tilt_deg_mean | 0.00419    |
|    success_rate         | 0          |
|    xy_err_weight        | 1.24       |
| rollout/                |            |
|    ep_len_mean          | 205        |
|    ep_rew_mean          | -39.6      |
| time/                   |            |
|    fps                  | 651        |
|    iterations           | 179        |
|    time_elapsed         | 1124       |
|    total_timesteps      | 733184     |
| train/                  |            |
|    approx_kl            | 0.10392218 |
|    clip_fraction        | 0.403      |
|    clip_range           | 0.2        |
|    entropy_loss         | -19        |
|    explained_variance   | 0.874      |
|    learning_rate        | 0.0003     |
|    loss                 | 2.57       |
|    n_updates            | 15060      |
|    policy_gradient_loss | -0.0697    |
|    std                  | 4.67       |
|    value_loss           | 9.24       |
----------------------------------------
----------------------------------------
| manipularl/             |            |
|    collision_rate       | 0.7        |
|    grasp_failure_rate   | 0.801      |
|    insert_depth_mean    | 0.00187    |
|    insert_tilt_deg_mean | 0.00383    |
|    success_rate         | 0          |
|    xy_err_weight        | 1.24       |
| rollout/                |            |
|    ep_len_mean          | 188        |
|    ep_rew_mean          | -36.9      |
| time/                   |            |
|    fps                  | 652        |
|    iterations           | 180        |
|    time_elapsed         | 1130       |
|    total_timesteps      | 737280     |
| train/                  |            |
|    approx_kl            | 0.08658581 |
|    clip_fraction        | 0.366      |
|    clip_range           | 0.2        |
|    entropy_loss         | -19        |
|    explained_variance   | 0.801      |
|    learning_rate        | 0.0003     |
|    loss                 | 4.29       |
|    n_updates            | 15070      |
|    policy_gradient_loss | -0.0699    |
|    std                  | 4.68       |
|    value_loss           | 13.4       |
----------------------------------------
----------------------------------------
| manipularl/             |            |
|    collision_rate       | 0.67       |
|    grasp_failure_rate   | 0.8        |
|    insert_depth_mean    | 0.000633   |
|    insert_tilt_deg_mean | 0.00354    |
|    success_rate         | 0          |
|    xy_err_weight        | 1.24       |
| rollout/                |            |
|    ep_len_mean          | 190        |
|    ep_rew_mean          | -35.8      |
| time/                   |            |
|    fps                  | 652        |
|    iterations           | 181        |
|    time_elapsed         | 1136       |
|    total_timesteps      | 741376     |
| train/                  |            |
|    approx_kl            | 0.07749441 |
|    clip_fraction        | 0.339      |
|    clip_range           | 0.2        |
|    entropy_loss         | -19        |
|    explained_variance   | 0.894      |
|    learning_rate        | 0.0003     |
|    loss                 | 2.45       |
|    n_updates            | 15080      |
|    policy_gradient_loss | -0.0666    |
|    std                  | 4.7        |
|    value_loss           | 9.39       |
----------------------------------------
----------------------------------------
| manipularl/             |            |
|    collision_rate       | 0.7        |
|    grasp_failure_rate   | 0.774      |
|    insert_depth_mean    | 2.3e-05    |
|    insert_tilt_deg_mean | 0.00343    |
|    success_rate         | 0          |
|    xy_err_weight        | 1.23       |
| rollout/                |            |
|    ep_len_mean          | 184        |
|    ep_rew_mean          | -38.8      |
| time/                   |            |
|    fps                  | 652        |
|    iterations           | 182        |
|    time_elapsed         | 1142       |
|    total_timesteps      | 745472     |
| train/                  |            |
|    approx_kl            | 0.10002284 |
|    clip_fraction        | 0.389      |
|    clip_range           | 0.2        |
|    entropy_loss         | -19.1      |
|    explained_variance   | 0.83       |
|    learning_rate        | 0.0003     |
|    loss                 | 3.22       |
|    n_updates            | 15090      |
|    policy_gradient_loss | -0.0674    |
|    std                  | 4.7        |
|    value_loss           | 9.45       |
----------------------------------------
-----------------------------------------
| manipularl/             |             |
|    collision_rate       | 0.72        |
|    grasp_failure_rate   | 0.787       |
|    insert_depth_mean    | 2.3e-05     |
|    insert_tilt_deg_mean | 0.00327     |
|    success_rate         | 0           |
|    xy_err_weight        | 1.23        |
| rollout/                |             |
|    ep_len_mean          | 178         |
|    ep_rew_mean          | -35.6       |
| time/                   |             |
|    fps                  | 652         |
|    iterations           | 183         |
|    time_elapsed         | 1148        |
|    total_timesteps      | 749568      |
| train/                  |             |
|    approx_kl            | 0.093733534 |
|    clip_fraction        | 0.36        |
|    clip_range           | 0.2         |
|    entropy_loss         | -19.1       |
|    explained_variance   | 0.886       |
|    learning_rate        | 0.0003      |
|    loss                 | 4.29        |
|    n_updates            | 15100       |
|    policy_gradient_loss | -0.0674     |
|    std                  | 4.71        |
|    value_loss           | 10.8        |
-----------------------------------------
-----------------------------------------
| manipularl/             |             |
|    collision_rate       | 0.72        |
|    grasp_failure_rate   | 0.776       |
|    insert_depth_mean    | 3.66e-05    |
|    insert_tilt_deg_mean | 0.00319     |
|    success_rate         | 0           |
|    xy_err_weight        | 1.23        |
| rollout/                |             |
|    ep_len_mean          | 181         |
|    ep_rew_mean          | -37.3       |
| time/                   |             |
|    fps                  | 653         |
|    iterations           | 184         |
|    time_elapsed         | 1153        |
|    total_timesteps      | 753664      |
| train/                  |             |
|    approx_kl            | 0.111096516 |
|    clip_fraction        | 0.392       |
|    clip_range           | 0.2         |
|    entropy_loss         | -19.1       |
|    explained_variance   | 0.838       |
|    learning_rate        | 0.0003      |
|    loss                 | 2.98        |
|    n_updates            | 15110       |
|    policy_gradient_loss | -0.0726     |
|    std                  | 4.72        |
|    value_loss           | 9.94        |
-----------------------------------------
----------------------------------------
| manipularl/             |            |
|    collision_rate       | 0.71       |
|    grasp_failure_rate   | 0.799      |
|    insert_depth_mean    | 3.66e-05   |
|    insert_tilt_deg_mean | 0.336      |
|    success_rate         | 0          |
|    xy_err_weight        | 1.23       |
| rollout/                |            |
|    ep_len_mean          | 188        |
|    ep_rew_mean          | -33        |
| time/                   |            |
|    fps                  | 653        |
|    iterations           | 185        |
|    time_elapsed         | 1159       |
|    total_timesteps      | 757760     |
| train/                  |            |
|    approx_kl            | 0.14115268 |
|    clip_fraction        | 0.418      |
|    clip_range           | 0.2        |
|    entropy_loss         | -19.1      |
|    explained_variance   | 0.888      |
|    learning_rate        | 0.0003     |
|    loss                 | 2.19       |
|    n_updates            | 15120      |
|    policy_gradient_loss | -0.0718    |
|    std                  | 4.72       |
|    value_loss           | 7.35       |
----------------------------------------
-----------------------------------------
| manipularl/             |             |
|    collision_rate       | 0.67        |
|    grasp_failure_rate   | 0.817       |
|    insert_depth_mean    | 0.000637    |
|    insert_tilt_deg_mean | 1.33        |
|    success_rate         | 0           |
|    xy_err_weight        | 1.23        |
| rollout/                |             |
|    ep_len_mean          | 192         |
|    ep_rew_mean          | -31.3       |
| time/                   |             |
|    fps                  | 654         |
|    iterations           | 186         |
|    time_elapsed         | 1164        |
|    total_timesteps      | 761856      |
| train/                  |             |
|    approx_kl            | 0.119788915 |
|    clip_fraction        | 0.402       |
|    clip_range           | 0.2         |
|    entropy_loss         | -19.1       |
|    explained_variance   | 0.9         |
|    learning_rate        | 0.0003      |
|    loss                 | 2.3         |
|    n_updates            | 15130       |
|    policy_gradient_loss | -0.0644     |
|    std                  | 4.72        |
|    value_loss           | 7.87        |
-----------------------------------------
----------------------------------------
| manipularl/             |            |
|    collision_rate       | 0.65       |
|    grasp_failure_rate   | 0.85       |
|    insert_depth_mean    | 0.00242    |
|    insert_tilt_deg_mean | 1.67       |
|    success_rate         | 0          |
|    xy_err_weight        | 1.23       |
| rollout/                |            |
|    ep_len_mean          | 200        |
|    ep_rew_mean          | -28.4      |
| time/                   |            |
|    fps                  | 654        |
|    iterations           | 187        |
|    time_elapsed         | 1169       |
|    total_timesteps      | 765952     |
| train/                  |            |
|    approx_kl            | 0.14286879 |
|    clip_fraction        | 0.43       |
|    clip_range           | 0.2        |
|    entropy_loss         | -19.1      |
|    explained_variance   | 0.904      |
|    learning_rate        | 0.0003     |
|    loss                 | 1.4        |
|    n_updates            | 15140      |
|    policy_gradient_loss | -0.0739    |
|    std                  | 4.71       |
|    value_loss           | 5.19       |
----------------------------------------
----------------------------------------
| manipularl/             |            |
|    collision_rate       | 0.64       |
|    grasp_failure_rate   | 0.861      |
|    insert_depth_mean    | 0.00302    |
|    insert_tilt_deg_mean | 1.67       |
|    success_rate         | 0          |
|    xy_err_weight        | 1.22       |
| rollout/                |            |
|    ep_len_mean          | 203        |
|    ep_rew_mean          | -31.8      |
| time/                   |            |
|    fps                  | 655        |
|    iterations           | 188        |
|    time_elapsed         | 1174       |
|    total_timesteps      | 770048     |
| train/                  |            |
|    approx_kl            | 0.14375219 |
|    clip_fraction        | 0.445      |
|    clip_range           | 0.2        |
|    entropy_loss         | -19.1      |
|    explained_variance   | 0.844      |
|    learning_rate        | 0.0003     |
|    loss                 | 1.71       |
|    n_updates            | 15150      |
|    policy_gradient_loss | -0.0594    |
|    std                  | 4.72       |
|    value_loss           | 6.24       |
----------------------------------------
-----------------------------------------
| manipularl/             |             |
|    collision_rate       | 0.67        |
|    grasp_failure_rate   | 0.857       |
|    insert_depth_mean    | 0.003       |
|    insert_tilt_deg_mean | 2           |
|    success_rate         | 0           |
|    xy_err_weight        | 1.22        |
| rollout/                |             |
|    ep_len_mean          | 195         |
|    ep_rew_mean          | -32.5       |
| time/                   |             |
|    fps                  | 655         |
|    iterations           | 189         |
|    time_elapsed         | 1180        |
|    total_timesteps      | 774144      |
| train/                  |             |
|    approx_kl            | 0.093637325 |
|    clip_fraction        | 0.394       |
|    clip_range           | 0.2         |
|    entropy_loss         | -19.1       |
|    explained_variance   | 0.818       |
|    learning_rate        | 0.0003      |
|    loss                 | 2.66        |
|    n_updates            | 15160       |
|    policy_gradient_loss | -0.0655     |
|    std                  | 4.74        |
|    value_loss           | 8.73        |
-----------------------------------------
----------------------------------------
| manipularl/             |            |
|    collision_rate       | 0.68       |
|    grasp_failure_rate   | 0.849      |
|    insert_depth_mean    | 0.00361    |
|    insert_tilt_deg_mean | 1.67       |
|    success_rate         | 0          |
|    xy_err_weight        | 1.22       |
| rollout/                |            |
|    ep_len_mean          | 192        |
|    ep_rew_mean          | -32.2      |
| time/                   |            |
|    fps                  | 655        |
|    iterations           | 190        |
|    time_elapsed         | 1186       |
|    total_timesteps      | 778240     |
| train/                  |            |
|    approx_kl            | 0.09841485 |
|    clip_fraction        | 0.379      |
|    clip_range           | 0.2        |
|    entropy_loss         | -19.1      |
|    explained_variance   | 0.82       |
|    learning_rate        | 0.0003     |
|    loss                 | 3.3        |
|    n_updates            | 15170      |
|    policy_gradient_loss | -0.0708    |
|    std                  | 4.75       |
|    value_loss           | 9.97       |
----------------------------------------
-----------------------------------------
| manipularl/             |             |
|    collision_rate       | 0.68        |
|    grasp_failure_rate   | 0.845       |
|    insert_depth_mean    | 0.00361     |
|    insert_tilt_deg_mean | 1.33        |
|    success_rate         | 0           |
|    xy_err_weight        | 1.22        |
| rollout/                |             |
|    ep_len_mean          | 188         |
|    ep_rew_mean          | -32.6       |
| time/                   |             |
|    fps                  | 655         |
|    iterations           | 191         |
|    time_elapsed         | 1192        |
|    total_timesteps      | 782336      |
| train/                  |             |
|    approx_kl            | 0.104742765 |
|    clip_fraction        | 0.387       |
|    clip_range           | 0.2         |
|    entropy_loss         | -19.1       |
|    explained_variance   | 0.839       |
|    learning_rate        | 0.0003      |
|    loss                 | 1.64        |
|    n_updates            | 15180       |
|    policy_gradient_loss | -0.0739     |
|    std                  | 4.75        |
|    value_loss           | 6.05        |
-----------------------------------------
-----------------------------------------
| manipularl/             |             |
|    collision_rate       | 0.72        |
|    grasp_failure_rate   | 0.829       |
|    insert_depth_mean    | 0.00182     |
|    insert_tilt_deg_mean | 1           |
|    success_rate         | 0           |
|    xy_err_weight        | 1.22        |
| rollout/                |             |
|    ep_len_mean          | 181         |
|    ep_rew_mean          | -33.6       |
| time/                   |             |
|    fps                  | 655         |
|    iterations           | 192         |
|    time_elapsed         | 1199        |
|    total_timesteps      | 786432      |
| train/                  |             |
|    approx_kl            | 0.090762764 |
|    clip_fraction        | 0.377       |
|    clip_range           | 0.2         |
|    entropy_loss         | -19.1       |
|    explained_variance   | 0.86        |
|    learning_rate        | 0.0003      |
|    loss                 | 2.53        |
|    n_updates            | 15190       |
|    policy_gradient_loss | -0.0674     |
|    std                  | 4.75        |
|    value_loss           | 8.06        |
-----------------------------------------
----------------------------------------
| manipularl/             |            |
|    collision_rate       | 0.67       |
|    grasp_failure_rate   | 0.808      |
|    insert_depth_mean    | 0.00182    |
|    insert_tilt_deg_mean | 1          |
|    success_rate         | 0          |
|    xy_err_weight        | 1.22       |
| rollout/                |            |
|    ep_len_mean          | 201        |
|    ep_rew_mean          | -36.2      |
| time/                   |            |
|    fps                  | 655        |
|    iterations           | 193        |
|    time_elapsed         | 1205       |
|    total_timesteps      | 790528     |
| train/                  |            |
|    approx_kl            | 0.09389195 |
|    clip_fraction        | 0.395      |
|    clip_range           | 0.2        |
|    entropy_loss         | -19.1      |
|    explained_variance   | 0.855      |
|    learning_rate        | 0.0003     |
|    loss                 | 4.1        |
|    n_updates            | 15200      |
|    policy_gradient_loss | -0.0679    |
|    std                  | 4.76       |
|    value_loss           | 12         |
----------------------------------------
----------------------------------------
| manipularl/             |            |
|    collision_rate       | 0.7        |
|    grasp_failure_rate   | 0.836      |
|    insert_depth_mean    | 0.00122    |
|    insert_tilt_deg_mean | 0.669      |
|    success_rate         | 0          |
|    xy_err_weight        | 1.22       |
| rollout/                |            |
|    ep_len_mean          | 190        |
|    ep_rew_mean          | -33.6      |
| time/                   |            |
|    fps                  | 656        |
|    iterations           | 194        |
|    time_elapsed         | 1210       |
|    total_timesteps      | 794624     |
| train/                  |            |
|    approx_kl            | 0.09013482 |
|    clip_fraction        | 0.355      |
|    clip_range           | 0.2        |
|    entropy_loss         | -19.1      |
|    explained_variance   | 0.889      |
|    learning_rate        | 0.0003     |
|    loss                 | 1.87       |
|    n_updates            | 15210      |
|    policy_gradient_loss | -0.0687    |
|    std                  | 4.78       |
|    value_loss           | 7.16       |
----------------------------------------
-----------------------------------------
| manipularl/             |             |
|    collision_rate       | 0.7         |
|    grasp_failure_rate   | 0.807       |
|    insert_depth_mean    | 0.000617    |
|    insert_tilt_deg_mean | 0.0033      |
|    success_rate         | 0           |
|    xy_err_weight        | 1.21        |
| rollout/                |             |
|    ep_len_mean          | 198         |
|    ep_rew_mean          | -35.2       |
| time/                   |             |
|    fps                  | 656         |
|    iterations           | 195         |
|    time_elapsed         | 1215        |
|    total_timesteps      | 798720      |
| train/                  |             |
|    approx_kl            | 0.089887306 |
|    clip_fraction        | 0.375       |
|    clip_range           | 0.2         |
|    entropy_loss         | -19.1       |
|    explained_variance   | 0.856       |
|    learning_rate        | 0.0003      |
|    loss                 | 2.88        |
|    n_updates            | 15220       |
|    policy_gradient_loss | -0.0635     |
|    std                  | 4.79        |
|    value_loss           | 8.87        |
-----------------------------------------
Eval num_timesteps=800000, episode_reward=-34.98 +/- 37.34
Episode length: 244.40 +/- 166.10
---------------------------------------
| eval/                   |           |
|    mean_ep_length       | 244       |
|    mean_reward          | -35       |
| manipularl/             |           |
|    collision_rate       | 0.71      |
|    grasp_failure_rate   | 0.808     |
|    insert_depth_mean    | 0.000617  |
|    insert_tilt_deg_mean | 0.00328   |
|    success_rate         | 0         |
|    xy_err_weight        | 1.21      |
| time/                   |           |
|    total_timesteps      | 800000    |
| train/                  |           |
|    approx_kl            | 0.1075142 |
|    clip_fraction        | 0.392     |
|    clip_range           | 0.2       |
|    entropy_loss         | -19.1     |
|    explained_variance   | 0.851     |
|    learning_rate        | 0.0003    |
|    loss                 | 2.2       |
|    n_updates            | 15230     |
|    policy_gradient_loss | -0.0718   |
|    std                  | 4.79      |
|    value_loss           | 7.49      |
---------------------------------------
--------------------------------------
| manipularl/             |          |
|    collision_rate       | 0.68     |
|    grasp_failure_rate   | 0.822    |
|    insert_depth_mean    | 1.65e-05 |
|    insert_tilt_deg_mean | 0.00314  |
|    success_rate         | 0        |
|    xy_err_weight        | 1.21     |
| rollout/                |          |
|    ep_len_mean          | 207      |
|    ep_rew_mean          | -34.3    |
| time/                   |          |
|    fps                  | 648      |
|    iterations           | 196      |
|    time_elapsed         | 1237     |
|    total_timesteps      | 802816   |
--------------------------------------
----------------------------------------
| manipularl/             |            |
|    collision_rate       | 0.7        |
|    grasp_failure_rate   | 0.816      |
|    insert_depth_mean    | 2.7e-06    |
|    insert_tilt_deg_mean | 0.00304    |
|    success_rate         | 0          |
|    xy_err_weight        | 1.21       |
| rollout/                |            |
|    ep_len_mean          | 210        |
|    ep_rew_mean          | -34.6      |
| time/                   |            |
|    fps                  | 650        |
|    iterations           | 197        |
|    time_elapsed         | 1241       |
|    total_timesteps      | 806912     |
| train/                  |            |
|    approx_kl            | 0.13324705 |
|    clip_fraction        | 0.409      |
|    clip_range           | 0.2        |
|    entropy_loss         | -19.1      |
|    explained_variance   | 0.921      |
|    learning_rate        | 0.0003     |
|    loss                 | 0.866      |
|    n_updates            | 15240      |
|    policy_gradient_loss | -0.072     |
|    std                  | 4.79       |
|    value_loss           | 4.1        |
----------------------------------------
----------------------------------------
| manipularl/             |            |
|    collision_rate       | 0.71       |
|    grasp_failure_rate   | 0.807      |
|    insert_depth_mean    | 0          |
|    insert_tilt_deg_mean | 0.00291    |
|    success_rate         | 0          |
|    xy_err_weight        | 1.21       |
| rollout/                |            |
|    ep_len_mean          | 201        |
|    ep_rew_mean          | -32.7      |
| time/                   |            |
|    fps                  | 650        |
|    iterations           | 198        |
|    time_elapsed         | 1245       |
|    total_timesteps      | 811008     |
| train/                  |            |
|    approx_kl            | 0.13245475 |
|    clip_fraction        | 0.458      |
|    clip_range           | 0.2        |
|    entropy_loss         | -19.1      |
|    explained_variance   | 0.791      |
|    learning_rate        | 0.0003     |
|    loss                 | 3.23       |
|    n_updates            | 15250      |
|    policy_gradient_loss | -0.0495    |
|    std                  | 4.81       |
|    value_loss           | 10.1       |
----------------------------------------
----------------------------------------
| manipularl/             |            |
|    collision_rate       | 0.67       |
|    grasp_failure_rate   | 0.778      |
|    insert_depth_mean    | 0          |
|    insert_tilt_deg_mean | 0.00295    |
|    success_rate         | 0          |
|    xy_err_weight        | 1.21       |
| rollout/                |            |
|    ep_len_mean          | 216        |
|    ep_rew_mean          | -35.7      |
| time/                   |            |
|    fps                  | 651        |
|    iterations           | 199        |
|    time_elapsed         | 1251       |
|    total_timesteps      | 815104     |
| train/                  |            |
|    approx_kl            | 0.09613904 |
|    clip_fraction        | 0.392      |
|    clip_range           | 0.2        |
|    entropy_loss         | -19.1      |
|    explained_variance   | 0.808      |
|    learning_rate        | 0.0003     |
|    loss                 | 2.12       |
|    n_updates            | 15260      |
|    policy_gradient_loss | -0.068     |
|    std                  | 4.83       |
|    value_loss           | 7.5        |
----------------------------------------
----------------------------------------
| manipularl/             |            |
|    collision_rate       | 0.68       |
|    grasp_failure_rate   | 0.797      |
|    insert_depth_mean    | 0          |
|    insert_tilt_deg_mean | 0.00283    |
|    success_rate         | 0          |
|    xy_err_weight        | 1.21       |
| rollout/                |            |
|    ep_len_mean          | 213        |
|    ep_rew_mean          | -36.7      |
| time/                   |            |
|    fps                  | 651        |
|    iterations           | 200        |
|    time_elapsed         | 1257       |
|    total_timesteps      | 819200     |
| train/                  |            |
|    approx_kl            | 0.10882558 |
|    clip_fraction        | 0.394      |
|    clip_range           | 0.2        |
|    entropy_loss         | -19.1      |
|    explained_variance   | 0.878      |
|    learning_rate        | 0.0003     |
|    loss                 | 1.9        |
|    n_updates            | 15270      |
|    policy_gradient_loss | -0.0695    |
|    std                  | 4.83       |
|    value_loss           | 5.91       |
----------------------------------------
----------------------------------------
| manipularl/             |            |
|    collision_rate       | 0.67       |
|    grasp_failure_rate   | 0.775      |
|    insert_depth_mean    | 0          |
|    insert_tilt_deg_mean | 0.0028     |
|    success_rate         | 0          |
|    xy_err_weight        | 1.21       |
| rollout/                |            |
|    ep_len_mean          | 219        |
|    ep_rew_mean          | -37.3      |
| time/                   |            |
|    fps                  | 651        |
|    iterations           | 201        |
|    time_elapsed         | 1263       |
|    total_timesteps      | 823296     |
| train/                  |            |
|    approx_kl            | 0.09926613 |
|    clip_fraction        | 0.409      |
|    clip_range           | 0.2        |
|    entropy_loss         | -19.2      |
|    explained_variance   | 0.837      |
|    learning_rate        | 0.0003     |
|    loss                 | 2.65       |
|    n_updates            | 15280      |
|    policy_gradient_loss | -0.0688    |
|    std                  | 4.84       |
|    value_loss           | 8.75       |
----------------------------------------
----------------------------------------
| manipularl/             |            |
|    collision_rate       | 0.65       |
|    grasp_failure_rate   | 0.786      |
|    insert_depth_mean    | 2.82e-06   |
|    insert_tilt_deg_mean | 0.0027     |
|    success_rate         | 0          |
|    xy_err_weight        | 1.2        |
| rollout/                |            |
|    ep_len_mean          | 213        |
|    ep_rew_mean          | -34.9      |
| time/                   |            |
|    fps                  | 652        |
|    iterations           | 202        |
|    time_elapsed         | 1268       |
|    total_timesteps      | 827392     |
| train/                  |            |
|    approx_kl            | 0.10745361 |
|    clip_fraction        | 0.395      |
|    clip_range           | 0.2        |
|    entropy_loss         | -19.2      |
|    explained_variance   | 0.865      |
|    learning_rate        | 0.0003     |
|    loss                 | 1.81       |
|    n_updates            | 15290      |
|    policy_gradient_loss | -0.0736    |
|    std                  | 4.85       |
|    value_loss           | 6.77       |
----------------------------------------
----------------------------------------
| manipularl/             |            |
|    collision_rate       | 0.65       |
|    grasp_failure_rate   | 0.817      |
|    insert_depth_mean    | 2.82e-06   |
|    insert_tilt_deg_mean | 0.00258    |
|    success_rate         | 0          |
|    xy_err_weight        | 1.2        |
| rollout/                |            |
|    ep_len_mean          | 214        |
|    ep_rew_mean          | -35.7      |
| time/                   |            |
|    fps                  | 652        |
|    iterations           | 203        |
|    time_elapsed         | 1273       |
|    total_timesteps      | 831488     |
| train/                  |            |
|    approx_kl            | 0.11805444 |
|    clip_fraction        | 0.389      |
|    clip_range           | 0.2        |
|    entropy_loss         | -19.2      |
|    explained_variance   | 0.841      |
|    learning_rate        | 0.0003     |
|    loss                 | 2.44       |
|    n_updates            | 15300      |
|    policy_gradient_loss | -0.0679    |
|    std                  | 4.86       |
|    value_loss           | 8.55       |
----------------------------------------
----------------------------------------
| manipularl/             |            |
|    collision_rate       | 0.66       |
|    grasp_failure_rate   | 0.837      |
|    insert_depth_mean    | 2.82e-06   |
|    insert_tilt_deg_mean | 0.00256    |
|    success_rate         | 0          |
|    xy_err_weight        | 1.2        |
| rollout/                |            |
|    ep_len_mean          | 210        |
|    ep_rew_mean          | -34.3      |
| time/                   |            |
|    fps                  | 653        |
|    iterations           | 204        |
|    time_elapsed         | 1278       |
|    total_timesteps      | 835584     |
| train/                  |            |
|    approx_kl            | 0.09155093 |
|    clip_fraction        | 0.376      |
|    clip_range           | 0.2        |
|    entropy_loss         | -19.2      |
|    explained_variance   | 0.893      |
|    learning_rate        | 0.0003     |
|    loss                 | 2.34       |
|    n_updates            | 15310      |
|    policy_gradient_loss | -0.0712    |
|    std                  | 4.86       |
|    value_loss           | 7.95       |
----------------------------------------
----------------------------------------
| manipularl/             |            |
|    collision_rate       | 0.62       |
|    grasp_failure_rate   | 0.816      |
|    insert_depth_mean    | 2.82e-06   |
|    insert_tilt_deg_mean | 0.00254    |
|    success_rate         | 0          |
|    xy_err_weight        | 1.2        |
| rollout/                |            |
|    ep_len_mean          | 225        |
|    ep_rew_mean          | -36.8      |
| time/                   |            |
|    fps                  | 653        |
|    iterations           | 205        |
|    time_elapsed         | 1284       |
|    total_timesteps      | 839680     |
| train/                  |            |
|    approx_kl            | 0.13303941 |
|    clip_fraction        | 0.437      |
|    clip_range           | 0.2        |
|    entropy_loss         | -19.2      |
|    explained_variance   | 0.908      |
|    learning_rate        | 0.0003     |
|    loss                 | 1.39       |
|    n_updates            | 15320      |
|    policy_gradient_loss | -0.0749    |
|    std                  | 4.86       |
|    value_loss           | 5.53       |
----------------------------------------
----------------------------------------
| manipularl/             |            |
|    collision_rate       | 0.66       |
|    grasp_failure_rate   | 0.83       |
|    insert_depth_mean    | 2.82e-06   |
|    insert_tilt_deg_mean | 0.00239    |
|    success_rate         | 0          |
|    xy_err_weight        | 1.2        |
| rollout/                |            |
|    ep_len_mean          | 221        |
|    ep_rew_mean          | -35        |
| time/                   |            |
|    fps                  | 654        |
|    iterations           | 206        |
|    time_elapsed         | 1289       |
|    total_timesteps      | 843776     |
| train/                  |            |
|    approx_kl            | 0.09434506 |
|    clip_fraction        | 0.374      |
|    clip_range           | 0.2        |
|    entropy_loss         | -19.2      |
|    explained_variance   | 0.79       |
|    learning_rate        | 0.0003     |
|    loss                 | 2.19       |
|    n_updates            | 15330      |
|    policy_gradient_loss | -0.0664    |
|    std                  | 4.87       |
|    value_loss           | 7.02       |
----------------------------------------
---------------------------------------
| manipularl/             |           |
|    collision_rate       | 0.65      |
|    grasp_failure_rate   | 0.817     |
|    insert_depth_mean    | 0         |
|    insert_tilt_deg_mean | 0.00221   |
|    success_rate         | 0         |
|    xy_err_weight        | 1.2       |
| rollout/                |           |
|    ep_len_mean          | 226       |
|    ep_rew_mean          | -37.3     |
| time/                   |           |
|    fps                  | 653       |
|    iterations           | 207       |
|    time_elapsed         | 1296      |
|    total_timesteps      | 847872    |
| train/                  |           |
|    approx_kl            | 0.1022584 |
|    clip_fraction        | 0.414     |
|    clip_range           | 0.2       |
|    entropy_loss         | -19.2     |
|    explained_variance   | 0.864     |
|    learning_rate        | 0.0003    |
|    loss                 | 2.06      |
|    n_updates            | 15340     |
|    policy_gradient_loss | -0.0636   |
|    std                  | 4.88      |
|    value_loss           | 7         |
---------------------------------------
----------------------------------------
| manipularl/             |            |
|    collision_rate       | 0.62       |
|    grasp_failure_rate   | 0.803      |
|    insert_depth_mean    | 0          |
|    insert_tilt_deg_mean | 0.00235    |
|    success_rate         | 0          |
|    xy_err_weight        | 1.2        |
| rollout/                |            |
|    ep_len_mean          | 226        |
|    ep_rew_mean          | -36.2      |
| time/                   |            |
|    fps                  | 653        |
|    iterations           | 208        |
|    time_elapsed         | 1302       |
|    total_timesteps      | 851968     |
| train/                  |            |
|    approx_kl            | 0.11397961 |
|    clip_fraction        | 0.418      |
|    clip_range           | 0.2        |
|    entropy_loss         | -19.2      |
|    explained_variance   | 0.781      |
|    learning_rate        | 0.0003     |
|    loss                 | 2.07       |
|    n_updates            | 15350      |
|    policy_gradient_loss | -0.0627    |
|    std                  | 4.89       |
|    value_loss           | 6.39       |
----------------------------------------
----------------------------------------
| manipularl/             |            |
|    collision_rate       | 0.62       |
|    grasp_failure_rate   | 0.787      |
|    insert_depth_mean    | 0          |
|    insert_tilt_deg_mean | 0.00253    |
|    success_rate         | 0          |
|    xy_err_weight        | 1.19       |
| rollout/                |            |
|    ep_len_mean          | 224        |
|    ep_rew_mean          | -32.1      |
| time/                   |            |
|    fps                  | 654        |
|    iterations           | 209        |
|    time_elapsed         | 1308       |
|    total_timesteps      | 856064     |
| train/                  |            |
|    approx_kl            | 0.11711167 |
|    clip_fraction        | 0.459      |
|    clip_range           | 0.2        |
|    entropy_loss         | -19.2      |
|    explained_variance   | 0.827      |
|    learning_rate        | 0.0003     |
|    loss                 | 1.22       |
|    n_updates            | 15360      |
|    policy_gradient_loss | -0.0584    |
|    std                  | 4.9        |
|    value_loss           | 4.8        |
----------------------------------------
----------------------------------------
| manipularl/             |            |
|    collision_rate       | 0.62       |
|    grasp_failure_rate   | 0.788      |
|    insert_depth_mean    | 0          |
|    insert_tilt_deg_mean | 0.573      |
|    success_rate         | 0          |
|    xy_err_weight        | 1.19       |
| rollout/                |            |
|    ep_len_mean          | 219        |
|    ep_rew_mean          | -29.7      |
| time/                   |            |
|    fps                  | 654        |
|    iterations           | 210        |
|    time_elapsed         | 1314       |
|    total_timesteps      | 860160     |
| train/                  |            |
|    approx_kl            | 0.13993427 |
|    clip_fraction        | 0.438      |
|    clip_range           | 0.2        |
|    entropy_loss         | -19.2      |
|    explained_variance   | 0.887      |
|    learning_rate        | 0.0003     |
|    loss                 | 1.48       |
|    n_updates            | 15370      |
|    policy_gradient_loss | -0.0713    |
|    std                  | 4.9        |
|    value_loss           | 4.71       |
----------------------------------------
----------------------------------------
| manipularl/             |            |
|    collision_rate       | 0.62       |
|    grasp_failure_rate   | 0.815      |
|    insert_depth_mean    | 0          |
|    insert_tilt_deg_mean | 1.71       |
|    success_rate         | 0          |
|    xy_err_weight        | 1.19       |
| rollout/                |            |
|    ep_len_mean          | 201        |
|    ep_rew_mean          | -28.4      |
| time/                   |            |
|    fps                  | 654        |
|    iterations           | 211        |
|    time_elapsed         | 1320       |
|    total_timesteps      | 864256     |
| train/                  |            |
|    approx_kl            | 0.12059173 |
|    clip_fraction        | 0.425      |
|    clip_range           | 0.2        |
|    entropy_loss         | -19.2      |
|    explained_variance   | 0.871      |
|    learning_rate        | 0.0003     |
|    loss                 | 1.78       |
|    n_updates            | 15380      |
|    policy_gradient_loss | -0.0751    |
|    std                  | 4.9        |
|    value_loss           | 5.99       |
----------------------------------------
-----------------------------------------
| manipularl/             |             |
|    collision_rate       | 0.69        |
|    grasp_failure_rate   | 0.831       |
|    insert_depth_mean    | 0           |
|    insert_tilt_deg_mean | 2.85        |
|    success_rate         | 0           |
|    xy_err_weight        | 1.19        |
| rollout/                |             |
|    ep_len_mean          | 181         |
|    ep_rew_mean          | -26         |
| time/                   |             |
|    fps                  | 654         |
|    iterations           | 212         |
|    time_elapsed         | 1326        |
|    total_timesteps      | 868352      |
| train/                  |             |
|    approx_kl            | 0.107425615 |
|    clip_fraction        | 0.402       |
|    clip_range           | 0.2         |
|    entropy_loss         | -19.2       |
|    explained_variance   | 0.813       |
|    learning_rate        | 0.0003      |
|    loss                 | 2.14        |
|    n_updates            | 15390       |
|    policy_gradient_loss | -0.0742     |
|    std                  | 4.91        |
|    value_loss           | 7.85        |
-----------------------------------------
----------------------------------------
| manipularl/             |            |
|    collision_rate       | 0.77       |
|    grasp_failure_rate   | 0.846      |
|    insert_depth_mean    | 8.62e-06   |
|    insert_tilt_deg_mean | 3.43       |
|    success_rate         | 0          |
|    xy_err_weight        | 1.19       |
| rollout/                |            |
|    ep_len_mean          | 155        |
|    ep_rew_mean          | -25.5      |
| time/                   |            |
|    fps                  | 654        |
|    iterations           | 213        |
|    time_elapsed         | 1332       |
|    total_timesteps      | 872448     |
| train/                  |            |
|    approx_kl            | 0.12997317 |
|    clip_fraction        | 0.433      |
|    clip_range           | 0.2        |
|    entropy_loss         | -19.2      |
|    explained_variance   | 0.875      |
|    learning_rate        | 0.0003     |
|    loss                 | 1.54       |
|    n_updates            | 15400      |
|    policy_gradient_loss | -0.072     |
|    std                  | 4.92       |
|    value_loss           | 5.27       |
----------------------------------------
-----------------------------------------
| manipularl/             |             |
|    collision_rate       | 0.77        |
|    grasp_failure_rate   | 0.853       |
|    insert_depth_mean    | 8.62e-06    |
|    insert_tilt_deg_mean | 3.43        |
|    success_rate         | 0           |
|    xy_err_weight        | 1.19        |
| rollout/                |             |
|    ep_len_mean          | 149         |
|    ep_rew_mean          | -25.6       |
| time/                   |             |
|    fps                  | 654         |
|    iterations           | 214         |
|    time_elapsed         | 1338        |
|    total_timesteps      | 876544      |
| train/                  |             |
|    approx_kl            | 0.086229935 |
|    clip_fraction        | 0.369       |
|    clip_range           | 0.2         |
|    entropy_loss         | -19.2       |
|    explained_variance   | 0.69        |
|    learning_rate        | 0.0003      |
|    loss                 | 2.55        |
|    n_updates            | 15410       |
|    policy_gradient_loss | -0.0683     |
|    std                  | 4.93        |
|    value_loss           | 8.21        |
-----------------------------------------
---------------------------------------
| manipularl/             |           |
|    collision_rate       | 0.73      |
|    grasp_failure_rate   | 0.833     |
|    insert_depth_mean    | 8.62e-06  |
|    insert_tilt_deg_mean | 2.29      |
|    success_rate         | 0         |
|    xy_err_weight        | 1.19      |
| rollout/                |           |
|    ep_len_mean          | 166       |
|    ep_rew_mean          | -26.4     |
| time/                   |           |
|    fps                  | 654       |
|    iterations           | 215       |
|    time_elapsed         | 1344      |
|    total_timesteps      | 880640    |
| train/                  |           |
|    approx_kl            | 0.0974666 |
|    clip_fraction        | 0.384     |
|    clip_range           | 0.2       |
|    entropy_loss         | -19.2     |
|    explained_variance   | 0.832     |
|    learning_rate        | 0.0003    |
|    loss                 | 1.2       |
|    n_updates            | 15420     |
|    policy_gradient_loss | -0.0664   |
|    std                  | 4.93      |
|    value_loss           | 4.33      |
---------------------------------------
---------------------------------------
| manipularl/             |           |
|    collision_rate       | 0.73      |
|    grasp_failure_rate   | 0.851     |
|    insert_depth_mean    | 8.62e-06  |
|    insert_tilt_deg_mean | 1.71      |
|    success_rate         | 0         |
|    xy_err_weight        | 1.18      |
| rollout/                |           |
|    ep_len_mean          | 164       |
|    ep_rew_mean          | -25.9     |
| time/                   |           |
|    fps                  | 655       |
|    iterations           | 216       |
|    time_elapsed         | 1350      |
|    total_timesteps      | 884736    |
| train/                  |           |
|    approx_kl            | 0.1336354 |
|    clip_fraction        | 0.429     |
|    clip_range           | 0.2       |
|    entropy_loss         | -19.2     |
|    explained_variance   | 0.888     |
|    learning_rate        | 0.0003    |
|    loss                 | 0.989     |
|    n_updates            | 15430     |
|    policy_gradient_loss | -0.0751   |
|    std                  | 4.94      |
|    value_loss           | 4         |
---------------------------------------
----------------------------------------
| manipularl/             |            |
|    collision_rate       | 0.69       |
|    grasp_failure_rate   | 0.839      |
|    insert_depth_mean    | 0          |
|    insert_tilt_deg_mean | 1.15       |
|    success_rate         | 0          |
|    xy_err_weight        | 1.18       |
| rollout/                |            |
|    ep_len_mean          | 177        |
|    ep_rew_mean          | -25.4      |
| time/                   |            |
|    fps                  | 655        |
|    iterations           | 217        |
|    time_elapsed         | 1356       |
|    total_timesteps      | 888832     |
| train/                  |            |
|    approx_kl            | 0.13252984 |
|    clip_fraction        | 0.432      |
|    clip_range           | 0.2        |
|    entropy_loss         | -19.2      |
|    explained_variance   | 0.854      |
|    learning_rate        | 0.0003     |
|    loss                 | 1.2        |
|    n_updates            | 15440      |
|    policy_gradient_loss | -0.0725    |
|    std                  | 4.96       |
|    value_loss           | 4.45       |
----------------------------------------
----------------------------------------
| manipularl/             |            |
|    collision_rate       | 0.68       |
|    grasp_failure_rate   | 0.818      |
|    insert_depth_mean    | 9.19e-05   |
|    insert_tilt_deg_mean | 1.15       |
|    success_rate         | 0          |
|    xy_err_weight        | 1.18       |
| rollout/                |            |
|    ep_len_mean          | 187        |
|    ep_rew_mean          | -29        |
| time/                   |            |
|    fps                  | 655        |
|    iterations           | 218        |
|    time_elapsed         | 1362       |
|    total_timesteps      | 892928     |
| train/                  |            |
|    approx_kl            | 0.13061678 |
|    clip_fraction        | 0.417      |
|    clip_range           | 0.2        |
|    entropy_loss         | -19.2      |
|    explained_variance   | 0.903      |
|    learning_rate        | 0.0003     |
|    loss                 | 1.18       |
|    n_updates            | 15450      |
|    policy_gradient_loss | -0.0789    |
|    std                  | 4.97       |
|    value_loss           | 4.81       |
----------------------------------------
-----------------------------------------
| manipularl/             |             |
|    collision_rate       | 0.67        |
|    grasp_failure_rate   | 0.806       |
|    insert_depth_mean    | 9.19e-05    |
|    insert_tilt_deg_mean | 0.575       |
|    success_rate         | 0           |
|    xy_err_weight        | 1.18        |
| rollout/                |             |
|    ep_len_mean          | 201         |
|    ep_rew_mean          | -31.4       |
| time/                   |             |
|    fps                  | 655         |
|    iterations           | 219         |
|    time_elapsed         | 1368        |
|    total_timesteps      | 897024      |
| train/                  |             |
|    approx_kl            | 0.114188716 |
|    clip_fraction        | 0.427       |
|    clip_range           | 0.2         |
|    entropy_loss         | -19.2       |
|    explained_variance   | 0.86        |
|    learning_rate        | 0.0003      |
|    loss                 | 1.88        |
|    n_updates            | 15460       |
|    policy_gradient_loss | -0.066      |
|    std                  | 4.98        |
|    value_loss           | 7.12        |
-----------------------------------------
-----------------------------------------
| manipularl/             |             |
|    collision_rate       | 0.72        |
|    grasp_failure_rate   | 0.816       |
|    insert_depth_mean    | 9.19e-05    |
|    insert_tilt_deg_mean | 0.575       |
|    success_rate         | 0           |
|    xy_err_weight        | 1.18        |
| rollout/                |             |
|    ep_len_mean          | 194         |
|    ep_rew_mean          | -31         |
| time/                   |             |
|    fps                  | 655         |
|    iterations           | 220         |
|    time_elapsed         | 1374        |
|    total_timesteps      | 901120      |
| train/                  |             |
|    approx_kl            | 0.110084295 |
|    clip_fraction        | 0.411       |
|    clip_range           | 0.2         |
|    entropy_loss         | -19.2       |
|    explained_variance   | 0.87        |
|    learning_rate        | 0.0003      |
|    loss                 | 1.86        |
|    n_updates            | 15470       |
|    policy_gradient_loss | -0.0667     |
|    std                  | 4.99        |
|    value_loss           | 6.55        |
-----------------------------------------
----------------------------------------
| manipularl/             |            |
|    collision_rate       | 0.75       |
|    grasp_failure_rate   | 0.809      |
|    insert_depth_mean    | 9.19e-05   |
|    insert_tilt_deg_mean | 1.35       |
|    success_rate         | 0          |
|    xy_err_weight        | 1.18       |
| rollout/                |            |
|    ep_len_mean          | 176        |
|    ep_rew_mean          | -27.9      |
| time/                   |            |
|    fps                  | 655        |
|    iterations           | 221        |
|    time_elapsed         | 1380       |
|    total_timesteps      | 905216     |
| train/                  |            |
|    approx_kl            | 0.11786502 |
|    clip_fraction        | 0.406      |
|    clip_range           | 0.2        |
|    entropy_loss         | -19.2      |
|    explained_variance   | 0.832      |
|    learning_rate        | 0.0003     |
|    loss                 | 2.73       |
|    n_updates            | 15480      |
|    policy_gradient_loss | -0.0732    |
|    std                  | 4.99       |
|    value_loss           | 8.45       |
----------------------------------------
----------------------------------------
| manipularl/             |            |
|    collision_rate       | 0.8        |
|    grasp_failure_rate   | 0.851      |
|    insert_depth_mean    | 0          |
|    insert_tilt_deg_mean | 2.7        |
|    success_rate         | 0          |
|    xy_err_weight        | 1.18       |
| rollout/                |            |
|    ep_len_mean          | 148        |
|    ep_rew_mean          | -21.3      |
| time/                   |            |
|    fps                  | 656        |
|    iterations           | 222        |
|    time_elapsed         | 1386       |
|    total_timesteps      | 909312     |
| train/                  |            |
|    approx_kl            | 0.13274188 |
|    clip_fraction        | 0.407      |
|    clip_range           | 0.2        |
|    entropy_loss         | -19.2      |
|    explained_variance   | 0.812      |
|    learning_rate        | 0.0003     |
|    loss                 | 2.82       |
|    n_updates            | 15490      |
|    policy_gradient_loss | -0.0724    |
|    std                  | 5          |
|    value_loss           | 9.07       |
----------------------------------------
----------------------------------------
| manipularl/             |            |
|    collision_rate       | 0.82       |
|    grasp_failure_rate   | 0.841      |
|    insert_depth_mean    | 0          |
|    insert_tilt_deg_mean | 4.05       |
|    success_rate         | 0          |
|    xy_err_weight        | 1.17       |
| rollout/                |            |
|    ep_len_mean          | 130        |
|    ep_rew_mean          | -18.5      |
| time/                   |            |
|    fps                  | 656        |
|    iterations           | 223        |
|    time_elapsed         | 1391       |
|    total_timesteps      | 913408     |
| train/                  |            |
|    approx_kl            | 0.10570392 |
|    clip_fraction        | 0.397      |
|    clip_range           | 0.2        |
|    entropy_loss         | -19.3      |
|    explained_variance   | 0.83       |
|    learning_rate        | 0.0003     |
|    loss                 | 2.25       |
|    n_updates            | 15500      |
|    policy_gradient_loss | -0.0745    |
|    std                  | 5.01       |
|    value_loss           | 7.67       |
----------------------------------------
----------------------------------------
| manipularl/             |            |
|    collision_rate       | 0.79       |
|    grasp_failure_rate   | 0.824      |
|    insert_depth_mean    | 0          |
|    insert_tilt_deg_mean | 4.05       |
|    success_rate         | 0          |
|    xy_err_weight        | 1.17       |
| rollout/                |            |
|    ep_len_mean          | 140        |
|    ep_rew_mean          | -22.7      |
| time/                   |            |
|    fps                  | 656        |
|    iterations           | 224        |
|    time_elapsed         | 1397       |
|    total_timesteps      | 917504     |
| train/                  |            |
|    approx_kl            | 0.08674275 |
|    clip_fraction        | 0.354      |
|    clip_range           | 0.2        |
|    entropy_loss         | -19.3      |
|    explained_variance   | 0.826      |
|    learning_rate        | 0.0003     |
|    loss                 | 2.25       |
|    n_updates            | 15510      |
|    policy_gradient_loss | -0.0725    |
|    std                  | 5.02       |
|    value_loss           | 7.38       |
----------------------------------------
----------------------------------------
| manipularl/             |            |
|    collision_rate       | 0.75       |
|    grasp_failure_rate   | 0.815      |
|    insert_depth_mean    | 0          |
|    insert_tilt_deg_mean | 2.7        |
|    success_rate         | 0          |
|    xy_err_weight        | 1.17       |
| rollout/                |            |
|    ep_len_mean          | 160        |
|    ep_rew_mean          | -27        |
| time/                   |            |
|    fps                  | 656        |
|    iterations           | 225        |
|    time_elapsed         | 1403       |
|    total_timesteps      | 921600     |
| train/                  |            |
|    approx_kl            | 0.09206548 |
|    clip_fraction        | 0.365      |
|    clip_range           | 0.2        |
|    entropy_loss         | -19.3      |
|    explained_variance   | 0.909      |
|    learning_rate        | 0.0003     |
|    loss                 | 2          |
|    n_updates            | 15520      |
|    policy_gradient_loss | -0.063     |
|    std                  | 5.02       |
|    value_loss           | 6.16       |
----------------------------------------
----------------------------------------
| manipularl/             |            |
|    collision_rate       | 0.72       |
|    grasp_failure_rate   | 0.805      |
|    insert_depth_mean    | 0          |
|    insert_tilt_deg_mean | 2.7        |
|    success_rate         | 0          |
|    xy_err_weight        | 1.17       |
| rollout/                |            |
|    ep_len_mean          | 170        |
|    ep_rew_mean          | -33.1      |
| time/                   |            |
|    fps                  | 657        |
|    iterations           | 226        |
|    time_elapsed         | 1408       |
|    total_timesteps      | 925696     |
| train/                  |            |
|    approx_kl            | 0.07306186 |
|    clip_fraction        | 0.345      |
|    clip_range           | 0.2        |
|    entropy_loss         | -19.3      |
|    explained_variance   | 0.837      |
|    learning_rate        | 0.0003     |
|    loss                 | 1.92       |
|    n_updates            | 15530      |
|    policy_gradient_loss | -0.0529    |
|    std                  | 5.03       |
|    value_loss           | 6.28       |
----------------------------------------
----------------------------------------
| manipularl/             |            |
|    collision_rate       | 0.69       |
|    grasp_failure_rate   | 0.806      |
|    insert_depth_mean    | 0          |
|    insert_tilt_deg_mean | 2.03       |
|    success_rate         | 0          |
|    xy_err_weight        | 1.17       |
| rollout/                |            |
|    ep_len_mean          | 184        |
|    ep_rew_mean          | -35.5      |
| time/                   |            |
|    fps                  | 657        |
|    iterations           | 227        |
|    time_elapsed         | 1413       |
|    total_timesteps      | 929792     |
| train/                  |            |
|    approx_kl            | 0.07843554 |
|    clip_fraction        | 0.338      |
|    clip_range           | 0.2        |
|    entropy_loss         | -19.3      |
|    explained_variance   | 0.813      |
|    learning_rate        | 0.0003     |
|    loss                 | 2.64       |
|    n_updates            | 15540      |
|    policy_gradient_loss | -0.0606    |
|    std                  | 5.04       |
|    value_loss           | 8.62       |
----------------------------------------
-----------------------------------------
| manipularl/             |             |
|    collision_rate       | 0.64        |
|    grasp_failure_rate   | 0.818       |
|    insert_depth_mean    | 0           |
|    insert_tilt_deg_mean | 0.00367     |
|    success_rate         | 0           |
|    xy_err_weight        | 1.17        |
| rollout/                |             |
|    ep_len_mean          | 201         |
|    ep_rew_mean          | -38         |
| time/                   |             |
|    fps                  | 658         |
|    iterations           | 228         |
|    time_elapsed         | 1419        |
|    total_timesteps      | 933888      |
| train/                  |             |
|    approx_kl            | 0.097710356 |
|    clip_fraction        | 0.362       |
|    clip_range           | 0.2         |
|    entropy_loss         | -19.3       |
|    explained_variance   | 0.846       |
|    learning_rate        | 0.0003      |
|    loss                 | 1.05        |
|    n_updates            | 15550       |
|    policy_gradient_loss | -0.0708     |
|    std                  | 5.06        |
|    value_loss           | 4.52        |
-----------------------------------------
----------------------------------------
| manipularl/             |            |
|    collision_rate       | 0.64       |
|    grasp_failure_rate   | 0.852      |
|    insert_depth_mean    | 0          |
|    insert_tilt_deg_mean | 0.677      |
|    success_rate         | 0          |
|    xy_err_weight        | 1.17       |
| rollout/                |            |
|    ep_len_mean          | 200        |
|    ep_rew_mean          | -36.8      |
| time/                   |            |
|    fps                  | 658        |
|    iterations           | 229        |
|    time_elapsed         | 1424       |
|    total_timesteps      | 937984     |
| train/                  |            |
|    approx_kl            | 0.08784424 |
|    clip_fraction        | 0.348      |
|    clip_range           | 0.2        |
|    entropy_loss         | -19.3      |
|    explained_variance   | 0.63       |
|    learning_rate        | 0.0003     |
|    loss                 | 1.7        |
|    n_updates            | 15560      |
|    policy_gradient_loss | -0.0649    |
|    std                  | 5.06       |
|    value_loss           | 6.51       |
----------------------------------------
-----------------------------------------
| manipularl/             |             |
|    collision_rate       | 0.63        |
|    grasp_failure_rate   | 0.867       |
|    insert_depth_mean    | 3.03e-05    |
|    insert_tilt_deg_mean | 0.677       |
|    success_rate         | 0           |
|    xy_err_weight        | 1.16        |
| rollout/                |             |
|    ep_len_mean          | 209         |
|    ep_rew_mean          | -37.5       |
| time/                   |             |
|    fps                  | 658         |
|    iterations           | 230         |
|    time_elapsed         | 1429        |
|    total_timesteps      | 942080      |
| train/                  |             |
|    approx_kl            | 0.075013846 |
|    clip_fraction        | 0.346       |
|    clip_range           | 0.2         |
|    entropy_loss         | -19.3       |
|    explained_variance   | 0.75        |
|    learning_rate        | 0.0003      |
|    loss                 | 1.96        |
|    n_updates            | 15570       |
|    policy_gradient_loss | -0.0655     |
|    std                  | 5.07        |
|    value_loss           | 7.16        |
-----------------------------------------
----------------------------------------
| manipularl/             |            |
|    collision_rate       | 0.6        |
|    grasp_failure_rate   | 0.871      |
|    insert_depth_mean    | 3.03e-05   |
|    insert_tilt_deg_mean | 0.677      |
|    success_rate         | 0          |
|    xy_err_weight        | 1.16       |
| rollout/                |            |
|    ep_len_mean          | 224        |
|    ep_rew_mean          | -36        |
| time/                   |            |
|    fps                  | 659        |
|    iterations           | 231        |
|    time_elapsed         | 1435       |
|    total_timesteps      | 946176     |
| train/                  |            |
|    approx_kl            | 0.08000262 |
|    clip_fraction        | 0.343      |
|    clip_range           | 0.2        |
|    entropy_loss         | -19.3      |
|    explained_variance   | 0.871      |
|    learning_rate        | 0.0003     |
|    loss                 | 1.95       |
|    n_updates            | 15580      |
|    policy_gradient_loss | -0.0693    |
|    std                  | 5.08       |
|    value_loss           | 6.98       |
----------------------------------------
----------------------------------------
| manipularl/             |            |
|    collision_rate       | 0.61       |
|    grasp_failure_rate   | 0.862      |
|    insert_depth_mean    | 3.32e-05   |
|    insert_tilt_deg_mean | 0.677      |
|    success_rate         | 0          |
|    xy_err_weight        | 1.16       |
| rollout/                |            |
|    ep_len_mean          | 215        |
|    ep_rew_mean          | -34.3      |
| time/                   |            |
|    fps                  | 658        |
|    iterations           | 232        |
|    time_elapsed         | 1442       |
|    total_timesteps      | 950272     |
| train/                  |            |
|    approx_kl            | 0.14343873 |
|    clip_fraction        | 0.438      |
|    clip_range           | 0.2        |
|    entropy_loss         | -19.3      |
|    explained_variance   | 0.883      |
|    learning_rate        | 0.0003     |
|    loss                 | 1.25       |
|    n_updates            | 15590      |
|    policy_gradient_loss | -0.0746    |
|    std                  | 5.08       |
|    value_loss           | 4.92       |
----------------------------------------
----------------------------------------
| manipularl/             |            |
|    collision_rate       | 0.61       |
|    grasp_failure_rate   | 0.857      |
|    insert_depth_mean    | 3.32e-05   |
|    insert_tilt_deg_mean | 0.677      |
|    success_rate         | 0          |
|    xy_err_weight        | 1.16       |
| rollout/                |            |
|    ep_len_mean          | 212        |
|    ep_rew_mean          | -34.8      |
| time/                   |            |
|    fps                  | 659        |
|    iterations           | 233        |
|    time_elapsed         | 1448       |
|    total_timesteps      | 954368     |
| train/                  |            |
|    approx_kl            | 0.09341809 |
|    clip_fraction        | 0.385      |
|    clip_range           | 0.2        |
|    entropy_loss         | -19.3      |
|    explained_variance   | 0.859      |
|    learning_rate        | 0.0003     |
|    loss                 | 2.09       |
|    n_updates            | 15600      |
|    policy_gradient_loss | -0.0639    |
|    std                  | 5.1        |
|    value_loss           | 6.85       |
----------------------------------------
---------------------------------------
| manipularl/             |           |
|    collision_rate       | 0.68      |
|    grasp_failure_rate   | 0.866     |
|    insert_depth_mean    | 4.3e-06   |
|    insert_tilt_deg_mean | 0.00263   |
|    success_rate         | 0         |
|    xy_err_weight        | 1.16      |
| rollout/                |           |
|    ep_len_mean          | 187       |
|    ep_rew_mean          | -28.9     |
| time/                   |           |
|    fps                  | 659       |
|    iterations           | 234       |
|    time_elapsed         | 1453      |
|    total_timesteps      | 958464    |
| train/                  |           |
|    approx_kl            | 0.1417843 |
|    clip_fraction        | 0.4       |
|    clip_range           | 0.2       |
|    entropy_loss         | -19.3     |
|    explained_variance   | 0.865     |
|    learning_rate        | 0.0003    |
|    loss                 | 0.932     |
|    n_updates            | 15610     |
|    policy_gradient_loss | -0.0659   |
|    std                  | 5.1       |
|    value_loss           | 4.04      |
---------------------------------------
----------------------------------------
| manipularl/             |            |
|    collision_rate       | 0.81       |
|    grasp_failure_rate   | 0.924      |
|    insert_depth_mean    | 1.47e-06   |
|    insert_tilt_deg_mean | 0.00311    |
|    success_rate         | 0          |
|    xy_err_weight        | 1.16       |
| rollout/                |            |
|    ep_len_mean          | 126        |
|    ep_rew_mean          | -16.3      |
| time/                   |            |
|    fps                  | 659        |
|    iterations           | 235        |
|    time_elapsed         | 1459       |
|    total_timesteps      | 962560     |
| train/                  |            |
|    approx_kl            | 0.10434799 |
|    clip_fraction        | 0.395      |
|    clip_range           | 0.2        |
|    entropy_loss         | -19.3      |
|    explained_variance   | 0.828      |
|    learning_rate        | 0.0003     |
|    loss                 | 1.3        |
|    n_updates            | 15620      |
|    policy_gradient_loss | -0.0633    |
|    std                  | 5.11       |
|    value_loss           | 5.2        |
----------------------------------------
----------------------------------------
| manipularl/             |            |
|    collision_rate       | 0.83       |
|    grasp_failure_rate   | 0.926      |
|    insert_depth_mean    | 1.47e-06   |
|    insert_tilt_deg_mean | 0.00366    |
|    success_rate         | 0          |
|    xy_err_weight        | 1.15       |
| rollout/                |            |
|    ep_len_mean          | 117        |
|    ep_rew_mean          | -14.7      |
| time/                   |            |
|    fps                  | 659        |
|    iterations           | 236        |
|    time_elapsed         | 1465       |
|    total_timesteps      | 966656     |
| train/                  |            |
|    approx_kl            | 0.10262731 |
|    clip_fraction        | 0.394      |
|    clip_range           | 0.2        |
|    entropy_loss         | -19.3      |
|    explained_variance   | 0.787      |
|    learning_rate        | 0.0003     |
|    loss                 | 1.93       |
|    n_updates            | 15630      |
|    policy_gradient_loss | -0.066     |
|    std                  | 5.11       |
|    value_loss           | 7.28       |
----------------------------------------
-----------------------------------------
| manipularl/             |             |
|    collision_rate       | 0.83        |
|    grasp_failure_rate   | 0.914       |
|    insert_depth_mean    | 0           |
|    insert_tilt_deg_mean | 0.00411     |
|    success_rate         | 0           |
|    xy_err_weight        | 1.15        |
| rollout/                |             |
|    ep_len_mean          | 120         |
|    ep_rew_mean          | -14         |
| time/                   |             |
|    fps                  | 659         |
|    iterations           | 237         |
|    time_elapsed         | 1471        |
|    total_timesteps      | 970752      |
| train/                  |             |
|    approx_kl            | 0.099303596 |
|    clip_fraction        | 0.381       |
|    clip_range           | 0.2         |
|    entropy_loss         | -19.3       |
|    explained_variance   | 0.747       |
|    learning_rate        | 0.0003      |
|    loss                 | 1.63        |
|    n_updates            | 15640       |
|    policy_gradient_loss | -0.0714     |
|    std                  | 5.11        |
|    value_loss           | 6.9         |
-----------------------------------------
-----------------------------------------
| manipularl/             |             |
|    collision_rate       | 0.77        |
|    grasp_failure_rate   | 0.903       |
|    insert_depth_mean    | 0           |
|    insert_tilt_deg_mean | 0.00451     |
|    success_rate         | 0           |
|    xy_err_weight        | 1.15        |
| rollout/                |             |
|    ep_len_mean          | 142         |
|    ep_rew_mean          | -17.1       |
| time/                   |             |
|    fps                  | 660         |
|    iterations           | 238         |
|    time_elapsed         | 1476        |
|    total_timesteps      | 974848      |
| train/                  |             |
|    approx_kl            | 0.103729695 |
|    clip_fraction        | 0.398       |
|    clip_range           | 0.2         |
|    entropy_loss         | -19.3       |
|    explained_variance   | 0.779       |
|    learning_rate        | 0.0003      |
|    loss                 | 1.89        |
|    n_updates            | 15650       |
|    policy_gradient_loss | -0.0744     |
|    std                  | 5.12        |
|    value_loss           | 7.38        |
-----------------------------------------
----------------------------------------
| manipularl/             |            |
|    collision_rate       | 0.74       |
|    grasp_failure_rate   | 0.888      |
|    insert_depth_mean    | 0          |
|    insert_tilt_deg_mean | 0.00438    |
|    success_rate         | 0          |
|    xy_err_weight        | 1.15       |
| rollout/                |            |
|    ep_len_mean          | 151        |
|    ep_rew_mean          | -16.8      |
| time/                   |            |
|    fps                  | 660        |
|    iterations           | 239        |
|    time_elapsed         | 1482       |
|    total_timesteps      | 978944     |
| train/                  |            |
|    approx_kl            | 0.12867032 |
|    clip_fraction        | 0.407      |
|    clip_range           | 0.2        |
|    entropy_loss         | -19.3      |
|    explained_variance   | 0.873      |
|    learning_rate        | 0.0003     |
|    loss                 | 1.15       |
|    n_updates            | 15660      |
|    policy_gradient_loss | -0.0723    |
|    std                  | 5.13       |
|    value_loss           | 4.9        |
----------------------------------------
----------------------------------------
| manipularl/             |            |
|    collision_rate       | 0.73       |
|    grasp_failure_rate   | 0.876      |
|    insert_depth_mean    | 0          |
|    insert_tilt_deg_mean | 0.00394    |
|    success_rate         | 0          |
|    xy_err_weight        | 1.15       |
| rollout/                |            |
|    ep_len_mean          | 160        |
|    ep_rew_mean          | -18.4      |
| time/                   |            |
|    fps                  | 660        |
|    iterations           | 240        |
|    time_elapsed         | 1488       |
|    total_timesteps      | 983040     |
| train/                  |            |
|    approx_kl            | 0.11096408 |
|    clip_fraction        | 0.4        |
|    clip_range           | 0.2        |
|    entropy_loss         | -19.3      |
|    explained_variance   | 0.829      |
|    learning_rate        | 0.0003     |
|    loss                 | 1.27       |
|    n_updates            | 15670      |
|    policy_gradient_loss | -0.0717    |
|    std                  | 5.15       |
|    value_loss           | 5.57       |
----------------------------------------
----------------------------------------
| manipularl/             |            |
|    collision_rate       | 0.71       |
|    grasp_failure_rate   | 0.865      |
|    insert_depth_mean    | 6.74e-05   |
|    insert_tilt_deg_mean | 0.00382    |
|    success_rate         | 0          |
|    xy_err_weight        | 1.15       |
| rollout/                |            |
|    ep_len_mean          | 169        |
|    ep_rew_mean          | -19.5      |
| time/                   |            |
|    fps                  | 660        |
|    iterations           | 241        |
|    time_elapsed         | 1493       |
|    total_timesteps      | 987136     |
| train/                  |            |
|    approx_kl            | 0.10430538 |
|    clip_fraction        | 0.405      |
|    clip_range           | 0.2        |
|    entropy_loss         | -19.3      |
|    explained_variance   | 0.815      |
|    learning_rate        | 0.0003     |
|    loss                 | 1.22       |
|    n_updates            | 15680      |
|    policy_gradient_loss | -0.0691    |
|    std                  | 5.15       |
|    value_loss           | 5.23       |
----------------------------------------
----------------------------------------
| manipularl/             |            |
|    collision_rate       | 0.75       |
|    grasp_failure_rate   | 0.863      |
|    insert_depth_mean    | 0.000153   |
|    insert_tilt_deg_mean | 0.00353    |
|    success_rate         | 0          |
|    xy_err_weight        | 1.15       |
| rollout/                |            |
|    ep_len_mean          | 152        |
|    ep_rew_mean          | -18.2      |
| time/                   |            |
|    fps                  | 661        |
|    iterations           | 242        |
|    time_elapsed         | 1499       |
|    total_timesteps      | 991232     |
| train/                  |            |
|    approx_kl            | 0.07572575 |
|    clip_fraction        | 0.328      |
|    clip_range           | 0.2        |
|    entropy_loss         | -19.3      |
|    explained_variance   | 0.762      |
|    learning_rate        | 0.0003     |
|    loss                 | 1.42       |
|    n_updates            | 15690      |
|    policy_gradient_loss | -0.0623    |
|    std                  | 5.16       |
|    value_loss           | 6.16       |
----------------------------------------
----------------------------------------
| manipularl/             |            |
|    collision_rate       | 0.74       |
|    grasp_failure_rate   | 0.873      |
|    insert_depth_mean    | 0.000201   |
|    insert_tilt_deg_mean | 0.00331    |
|    success_rate         | 0          |
|    xy_err_weight        | 1.14       |
| rollout/                |            |
|    ep_len_mean          | 161        |
|    ep_rew_mean          | -20.2      |
| time/                   |            |
|    fps                  | 661        |
|    iterations           | 243        |
|    time_elapsed         | 1504       |
|    total_timesteps      | 995328     |
| train/                  |            |
|    approx_kl            | 0.10992734 |
|    clip_fraction        | 0.412      |
|    clip_range           | 0.2        |
|    entropy_loss         | -19.3      |
|    explained_variance   | 0.832      |
|    learning_rate        | 0.0003     |
|    loss                 | 1.99       |
|    n_updates            | 15700      |
|    policy_gradient_loss | -0.0739    |
|    std                  | 5.17       |
|    value_loss           | 7.21       |
----------------------------------------
----------------------------------------
| manipularl/             |            |
|    collision_rate       | 0.75       |
|    grasp_failure_rate   | 0.879      |
|    insert_depth_mean    | 0.000133   |
|    insert_tilt_deg_mean | 0.00327    |
|    success_rate         | 0          |
|    xy_err_weight        | 1.14       |
| rollout/                |            |
|    ep_len_mean          | 144        |
|    ep_rew_mean          | -19.3      |
| time/                   |            |
|    fps                  | 662        |
|    iterations           | 244        |
|    time_elapsed         | 1509       |
|    total_timesteps      | 999424     |
| train/                  |            |
|    approx_kl            | 0.11245663 |
|    clip_fraction        | 0.404      |
|    clip_range           | 0.2        |
|    entropy_loss         | -19.4      |
|    explained_variance   | 0.856      |
|    learning_rate        | 0.0003     |
|    loss                 | 1.37       |
|    n_updates            | 15710      |
|    policy_gradient_loss | -0.0683    |
|    std                  | 5.19       |
|    value_loss           | 4.84       |
----------------------------------------
Eval num_timesteps=1000000, episode_reward=-21.34 +/- 21.35
Episode length: 181.35 +/- 168.64
----------------------------------------
| eval/                   |            |
|    mean_ep_length       | 181        |
|    mean_reward          | -21.3      |
| manipularl/             |            |
|    collision_rate       | 0.75       |
|    grasp_failure_rate   | 0.882      |
|    insert_depth_mean    | 0.000133   |
|    insert_tilt_deg_mean | 0.0032     |
|    success_rate         | 0          |
|    xy_err_weight        | 1.14       |
| time/                   |            |
|    total_timesteps      | 1000000    |
| train/                  |            |
|    approx_kl            | 0.08211682 |
|    clip_fraction        | 0.359      |
|    clip_range           | 0.2        |
|    entropy_loss         | -19.4      |
|    explained_variance   | 0.713      |
|    learning_rate        | 0.0003     |
|    loss                 | 1.79       |
|    n_updates            | 15720      |
|    policy_gradient_loss | -0.0699    |
|    std                  | 5.2        |
|    value_loss           | 7.03       |
----------------------------------------
New best mean reward!
--------------------------------------
| manipularl/             |          |
|    collision_rate       | 0.76     |
|    grasp_failure_rate   | 0.897    |
|    insert_depth_mean    | 4.78e-05 |
|    insert_tilt_deg_mean | 0.00316  |
|    success_rate         | 0        |
|    xy_err_weight        | 1.14     |
| rollout/                |          |
|    ep_len_mean          | 148      |
|    ep_rew_mean          | -21.4    |
| time/                   |          |
|    fps                  | 657      |
|    iterations           | 245      |
|    time_elapsed         | 1525     |
|    total_timesteps      | 1003520  |
--------------------------------------
----------------------------------------
| manipularl/             |            |
|    collision_rate       | 0.79       |
|    grasp_failure_rate   | 0.914      |
|    insert_depth_mean    | 0          |
|    insert_tilt_deg_mean | 0.00318    |
|    success_rate         | 0          |
|    xy_err_weight        | 1.14       |
| rollout/                |            |
|    ep_len_mean          | 135        |
|    ep_rew_mean          | -18.8      |
| time/                   |            |
|    fps                  | 658        |
|    iterations           | 246        |
|    time_elapsed         | 1530       |
|    total_timesteps      | 1007616    |
| train/                  |            |
|    approx_kl            | 0.13585663 |
|    clip_fraction        | 0.437      |
|    clip_range           | 0.2        |
|    entropy_loss         | -19.4      |
|    explained_variance   | 0.768      |
|    learning_rate        | 0.0003     |
|    loss                 | 1.38       |
|    n_updates            | 15730      |
|    policy_gradient_loss | -0.0764    |
|    std                  | 5.22       |
|    value_loss           | 5.73       |
----------------------------------------
----------------------------------------
| manipularl/             |            |
|    collision_rate       | 0.79       |
|    grasp_failure_rate   | 0.894      |
|    insert_depth_mean    | 0          |
|    insert_tilt_deg_mean | 0.00337    |
|    success_rate         | 0          |
|    xy_err_weight        | 1.14       |
| rollout/                |            |
|    ep_len_mean          | 139        |
|    ep_rew_mean          | -18.4      |
| time/                   |            |
|    fps                  | 658        |
|    iterations           | 247        |
|    time_elapsed         | 1535       |
|    total_timesteps      | 1011712    |
| train/                  |            |
|    approx_kl            | 0.12066096 |
|    clip_fraction        | 0.403      |
|    clip_range           | 0.2        |
|    entropy_loss         | -19.4      |
|    explained_variance   | 0.807      |
|    learning_rate        | 0.0003     |
|    loss                 | 1.47       |
|    n_updates            | 15740      |
|    policy_gradient_loss | -0.0717    |
|    std                  | 5.22       |
|    value_loss           | 6          |
----------------------------------------
---------------------------------------
| manipularl/             |           |
|    collision_rate       | 0.83      |
|    grasp_failure_rate   | 0.878     |
|    insert_depth_mean    | 0         |
|    insert_tilt_deg_mean | 0.00325   |
|    success_rate         | 0         |
|    xy_err_weight        | 1.14      |
| rollout/                |           |
|    ep_len_mean          | 136       |
|    ep_rew_mean          | -18.5     |
| time/                   |           |
|    fps                  | 659       |
|    iterations           | 248       |
|    time_elapsed         | 1540      |
|    total_timesteps      | 1015808   |
| train/                  |           |
|    approx_kl            | 0.1236204 |
|    clip_fraction        | 0.426     |
|    clip_range           | 0.2       |
|    entropy_loss         | -19.4     |
|    explained_variance   | 0.837     |
|    learning_rate        | 0.0003    |
|    loss                 | 1.6       |
|    n_updates            | 15750     |
|    policy_gradient_loss | -0.0768   |
|    std                  | 5.23      |
|    value_loss           | 5.82      |
---------------------------------------
----------------------------------------
| manipularl/             |            |
|    collision_rate       | 0.79       |
|    grasp_failure_rate   | 0.847      |
|    insert_depth_mean    | 2.02e-05   |
|    insert_tilt_deg_mean | 0.00313    |
|    success_rate         | 0          |
|    xy_err_weight        | 1.14       |
| rollout/                |            |
|    ep_len_mean          | 148        |
|    ep_rew_mean          | -19.9      |
| time/                   |            |
|    fps                  | 659        |
|    iterations           | 249        |
|    time_elapsed         | 1546       |
|    total_timesteps      | 1019904    |
| train/                  |            |
|    approx_kl            | 0.12104851 |
|    clip_fraction        | 0.405      |
|    clip_range           | 0.2        |
|    entropy_loss         | -19.4      |
|    explained_variance   | 0.817      |
|    learning_rate        | 0.0003     |
|    loss                 | 1.53       |
|    n_updates            | 15760      |
|    policy_gradient_loss | -0.0761    |
|    std                  | 5.23       |
|    value_loss           | 5.67       |
----------------------------------------
---------------------------------------
| manipularl/             |           |
|    collision_rate       | 0.75      |
|    grasp_failure_rate   | 0.839     |
|    insert_depth_mean    | 2.45e-05  |
|    insert_tilt_deg_mean | 0.00318   |
|    success_rate         | 0         |
|    xy_err_weight        | 1.13      |
| rollout/                |           |
|    ep_len_mean          | 160       |
|    ep_rew_mean          | -21.7     |
| time/                   |           |
|    fps                  | 659       |
|    iterations           | 250       |
|    time_elapsed         | 1552      |
|    total_timesteps      | 1024000   |
| train/                  |           |
|    approx_kl            | 0.1036483 |
|    clip_fraction        | 0.403     |
|    clip_range           | 0.2       |
|    entropy_loss         | -19.3     |
|    explained_variance   | 0.764     |
|    learning_rate        | 0.0003    |
|    loss                 | 2.01      |
|    n_updates            | 15770     |
|    policy_gradient_loss | -0.0739   |
|    std                  | 5.24      |
|    value_loss           | 6.88      |
---------------------------------------
----------------------------------------
| manipularl/             |            |
|    collision_rate       | 0.75       |
|    grasp_failure_rate   | 0.831      |
|    insert_depth_mean    | 7.69e-05   |
|    insert_tilt_deg_mean | 0.00329    |
|    success_rate         | 0          |
|    xy_err_weight        | 1.13       |
| rollout/                |            |
|    ep_len_mean          | 164        |
|    ep_rew_mean          | -23.4      |
| time/                   |            |
|    fps                  | 659        |
|    iterations           | 251        |
|    time_elapsed         | 1558       |
|    total_timesteps      | 1028096    |
| train/                  |            |
|    approx_kl            | 0.10983716 |
|    clip_fraction        | 0.368      |
|    clip_range           | 0.2        |
|    entropy_loss         | -19.4      |
|    explained_variance   | 0.81       |
|    learning_rate        | 0.0003     |
|    loss                 | 1.27       |
|    n_updates            | 15780      |
|    policy_gradient_loss | -0.0665    |
|    std                  | 5.26       |
|    value_loss           | 5.27       |
----------------------------------------
----------------------------------------
| manipularl/             |            |
|    collision_rate       | 0.68       |
|    grasp_failure_rate   | 0.824      |
|    insert_depth_mean    | 7.69e-05   |
|    insert_tilt_deg_mean | 0.00302    |
|    success_rate         | 0          |
|    xy_err_weight        | 1.13       |
| rollout/                |            |
|    ep_len_mean          | 186        |
|    ep_rew_mean          | -24.6      |
| time/                   |            |
|    fps                  | 660        |
|    iterations           | 252        |
|    time_elapsed         | 1563       |
|    total_timesteps      | 1032192    |
| train/                  |            |
|    approx_kl            | 0.10805408 |
|    clip_fraction        | 0.398      |
|    clip_range           | 0.2        |
|    entropy_loss         | -19.4      |
|    explained_variance   | 0.778      |
|    learning_rate        | 0.0003     |
|    loss                 | 1.34       |
|    n_updates            | 15790      |
|    policy_gradient_loss | -0.0729    |
|    std                  | 5.27       |
|    value_loss           | 4.84       |
----------------------------------------
----------------------------------------
| manipularl/             |            |
|    collision_rate       | 0.68       |
|    grasp_failure_rate   | 0.852      |
|    insert_depth_mean    | 5.67e-05   |
|    insert_tilt_deg_mean | 0.00308    |
|    success_rate         | 0          |
|    xy_err_weight        | 1.13       |
| rollout/                |            |
|    ep_len_mean          | 181        |
|    ep_rew_mean          | -24.1      |
| time/                   |            |
|    fps                  | 660        |
|    iterations           | 253        |
|    time_elapsed         | 1569       |
|    total_timesteps      | 1036288    |
| train/                  |            |
|    approx_kl            | 0.13978136 |
|    clip_fraction        | 0.446      |
|    clip_range           | 0.2        |
|    entropy_loss         | -19.4      |
|    explained_variance   | 0.843      |
|    learning_rate        | 0.0003     |
|    loss                 | 1.08       |
|    n_updates            | 15800      |
|    policy_gradient_loss | -0.0742    |
|    std                  | 5.27       |
|    value_loss           | 4.66       |
----------------------------------------
-----------------------------------------
| manipularl/             |             |
|    collision_rate       | 0.69        |
|    grasp_failure_rate   | 0.88        |
|    insert_depth_mean    | 0.00125     |
|    insert_tilt_deg_mean | 0.00285     |
|    success_rate         | 0           |
|    xy_err_weight        | 1.13        |
| rollout/                |             |
|    ep_len_mean          | 174         |
|    ep_rew_mean          | -21.4       |
| time/                   |             |
|    fps                  | 660         |
|    iterations           | 254         |
|    time_elapsed         | 1575        |
|    total_timesteps      | 1040384     |
| train/                  |             |
|    approx_kl            | 0.103783086 |
|    clip_fraction        | 0.39        |
|    clip_range           | 0.2         |
|    entropy_loss         | -19.4       |
|    explained_variance   | 0.85        |
|    learning_rate        | 0.0003      |
|    loss                 | 0.915       |
|    n_updates            | 15810       |
|    policy_gradient_loss | -0.0628     |
|    std                  | 5.27        |
|    value_loss           | 3.97        |
-----------------------------------------
----------------------------------------
| manipularl/             |            |
|    collision_rate       | 0.7        |
|    grasp_failure_rate   | 0.881      |
|    insert_depth_mean    | 0.0018     |
|    insert_tilt_deg_mean | 0.00286    |
|    success_rate         | 0          |
|    xy_err_weight        | 1.13       |
| rollout/                |            |
|    ep_len_mean          | 174        |
|    ep_rew_mean          | -21.8      |
| time/                   |            |
|    fps                  | 660        |
|    iterations           | 255        |
|    time_elapsed         | 1581       |
|    total_timesteps      | 1044480    |
| train/                  |            |
|    approx_kl            | 0.16043209 |
|    clip_fraction        | 0.466      |
|    clip_range           | 0.2        |
|    entropy_loss         | -19.4      |
|    explained_variance   | 0.835      |
|    learning_rate        | 0.0003     |
|    loss                 | 0.749      |
|    n_updates            | 15820      |
|    policy_gradient_loss | -0.0784    |
|    std                  | 5.28       |
|    value_loss           | 3.46       |
----------------------------------------
-----------------------------------------
| manipularl/             |             |
|    collision_rate       | 0.73        |
|    grasp_failure_rate   | 0.909       |
|    insert_depth_mean    | 0.0036      |
|    insert_tilt_deg_mean | 0.00288     |
|    success_rate         | 0           |
|    xy_err_weight        | 1.13        |
| rollout/                |             |
|    ep_len_mean          | 162         |
|    ep_rew_mean          | -22.1       |
| time/                   |             |
|    fps                  | 660         |
|    iterations           | 256         |
|    time_elapsed         | 1587        |
|    total_timesteps      | 1048576     |
| train/                  |             |
|    approx_kl            | 0.087825805 |
|    clip_fraction        | 0.356       |
|    clip_range           | 0.2         |
|    entropy_loss         | -19.4       |
|    explained_variance   | 0.85        |
|    learning_rate        | 0.0003      |
|    loss                 | 1.2         |
|    n_updates            | 15830       |
|    policy_gradient_loss | -0.0686     |
|    std                  | 5.29        |
|    value_loss           | 5.1         |
-----------------------------------------
----------------------------------------
| manipularl/             |            |
|    collision_rate       | 0.74       |
|    grasp_failure_rate   | 0.906      |
|    insert_depth_mean    | 0.0042     |
|    insert_tilt_deg_mean | 0.00293    |
|    success_rate         | 0          |
|    xy_err_weight        | 1.12       |
| rollout/                |            |
|    ep_len_mean          | 165        |
|    ep_rew_mean          | -24.4      |
| time/                   |            |
|    fps                  | 660        |
|    iterations           | 257        |
|    time_elapsed         | 1593       |
|    total_timesteps      | 1052672    |
| train/                  |            |
|    approx_kl            | 0.09986436 |
|    clip_fraction        | 0.388      |
|    clip_range           | 0.2        |
|    entropy_loss         | -19.4      |
|    explained_variance   | 0.838      |
|    learning_rate        | 0.0003     |
|    loss                 | 1.28       |
|    n_updates            | 15840      |
|    policy_gradient_loss | -0.0714    |
|    std                  | 5.31       |
|    value_loss           | 4.84       |
----------------------------------------
----------------------------------------
| manipularl/             |            |
|    collision_rate       | 0.76       |
|    grasp_failure_rate   | 0.89       |
|    insert_depth_mean    | 0.0042     |
|    insert_tilt_deg_mean | 0.00366    |
|    success_rate         | 0          |
|    xy_err_weight        | 1.12       |
| rollout/                |            |
|    ep_len_mean          | 163        |
|    ep_rew_mean          | -25.5      |
| time/                   |            |
|    fps                  | 660        |
|    iterations           | 258        |
|    time_elapsed         | 1599       |
|    total_timesteps      | 1056768    |
| train/                  |            |
|    approx_kl            | 0.11525272 |
|    clip_fraction        | 0.395      |
|    clip_range           | 0.2        |
|    entropy_loss         | -19.4      |
|    explained_variance   | 0.825      |
|    learning_rate        | 0.0003     |
|    loss                 | 1.49       |
|    n_updates            | 15850      |
|    policy_gradient_loss | -0.0614    |
|    std                  | 5.31       |
|    value_loss           | 5.95       |
----------------------------------------
----------------------------------------
| manipularl/             |            |
|    collision_rate       | 0.77       |
|    grasp_failure_rate   | 0.901      |
|    insert_depth_mean    | 0.0042     |
|    insert_tilt_deg_mean | 0.00375    |
|    success_rate         | 0          |
|    xy_err_weight        | 1.12       |
| rollout/                |            |
|    ep_len_mean          | 161        |
|    ep_rew_mean          | -26.4      |
| time/                   |            |
|    fps                  | 660        |
|    iterations           | 259        |
|    time_elapsed         | 1605       |
|    total_timesteps      | 1060864    |
| train/                  |            |
|    approx_kl            | 0.12830746 |
|    clip_fraction        | 0.448      |
|    clip_range           | 0.2        |
|    entropy_loss         | -19.4      |
|    explained_variance   | 0.755      |
|    learning_rate        | 0.0003     |
|    loss                 | 1.62       |
|    n_updates            | 15860      |
|    policy_gradient_loss | -0.0663    |
|    std                  | 5.31       |
|    value_loss           | 6.47       |
----------------------------------------
----------------------------------------
| manipularl/             |            |
|    collision_rate       | 0.78       |
|    grasp_failure_rate   | 0.911      |
|    insert_depth_mean    | 0.0042     |
|    insert_tilt_deg_mean | 0.00415    |
|    success_rate         | 0          |
|    xy_err_weight        | 1.12       |
| rollout/                |            |
|    ep_len_mean          | 157        |
|    ep_rew_mean          | -22.8      |
| time/                   |            |
|    fps                  | 661        |
|    iterations           | 260        |
|    time_elapsed         | 1610       |
|    total_timesteps      | 1064960    |
| train/                  |            |
|    approx_kl            | 0.09658929 |
|    clip_fraction        | 0.401      |
|    clip_range           | 0.2        |
|    entropy_loss         | -19.4      |
|    explained_variance   | 0.78       |
|    learning_rate        | 0.0003     |
|    loss                 | 1.39       |
|    n_updates            | 15870      |
|    policy_gradient_loss | -0.0702    |
|    std                  | 5.31       |
|    value_loss           | 5.63       |
----------------------------------------
----------------------------------------
| manipularl/             |            |
|    collision_rate       | 0.84       |
|    grasp_failure_rate   | 0.907      |
|    insert_depth_mean    | 0.0024     |
|    insert_tilt_deg_mean | 0.0251     |
|    success_rate         | 0          |
|    xy_err_weight        | 1.12       |
| rollout/                |            |
|    ep_len_mean          | 141        |
|    ep_rew_mean          | -20.8      |
| time/                   |            |
|    fps                  | 661        |
|    iterations           | 261        |
|    time_elapsed         | 1615       |
|    total_timesteps      | 1069056    |
| train/                  |            |
|    approx_kl            | 0.12167161 |
|    clip_fraction        | 0.434      |
|    clip_range           | 0.2        |
|    entropy_loss         | -19.4      |
|    explained_variance   | 0.829      |
|    learning_rate        | 0.0003     |
|    loss                 | 1.11       |
|    n_updates            | 15880      |
|    policy_gradient_loss | -0.073     |
|    std                  | 5.33       |
|    value_loss           | 4.6        |
----------------------------------------
----------------------------------------
| manipularl/             |            |
|    collision_rate       | 0.81       |
|    grasp_failure_rate   | 0.903      |
|    insert_depth_mean    | 0.0024     |
|    insert_tilt_deg_mean | 0.052      |
|    success_rate         | 0          |
|    xy_err_weight        | 1.12       |
| rollout/                |            |
|    ep_len_mean          | 152        |
|    ep_rew_mean          | -19.9      |
| time/                   |            |
|    fps                  | 661        |
|    iterations           | 262        |
|    time_elapsed         | 1621       |
|    total_timesteps      | 1073152    |
| train/                  |            |
|    approx_kl            | 0.12098208 |
|    clip_fraction        | 0.412      |
|    clip_range           | 0.2        |
|    entropy_loss         | -19.4      |
|    explained_variance   | 0.813      |
|    learning_rate        | 0.0003     |
|    loss                 | 1.65       |
|    n_updates            | 15890      |
|    policy_gradient_loss | -0.0761    |
|    std                  | 5.34       |
|    value_loss           | 6.48       |
----------------------------------------
-----------------------------------------
| manipularl/             |             |
|    collision_rate       | 0.8         |
|    grasp_failure_rate   | 0.896       |
|    insert_depth_mean    | 0.0018      |
|    insert_tilt_deg_mean | 0.0519      |
|    success_rate         | 0           |
|    xy_err_weight        | 1.12        |
| rollout/                |             |
|    ep_len_mean          | 148         |
|    ep_rew_mean          | -19         |
| time/                   |             |
|    fps                  | 661         |
|    iterations           | 263         |
|    time_elapsed         | 1627        |
|    total_timesteps      | 1077248     |
| train/                  |             |
|    approx_kl            | 0.123245776 |
|    clip_fraction        | 0.411       |
|    clip_range           | 0.2         |
|    entropy_loss         | -19.4       |
|    explained_variance   | 0.811       |
|    learning_rate        | 0.0003      |
|    loss                 | 1.19        |
|    n_updates            | 15900       |
|    policy_gradient_loss | -0.0726     |
|    std                  | 5.35        |
|    value_loss           | 4.86        |
-----------------------------------------
-----------------------------------------
| manipularl/             |             |
|    collision_rate       | 0.79        |
|    grasp_failure_rate   | 0.871       |
|    insert_depth_mean    | 0.0006      |
|    insert_tilt_deg_mean | 0.0728      |
|    success_rate         | 0           |
|    xy_err_weight        | 1.11        |
| rollout/                |             |
|    ep_len_mean          | 155         |
|    ep_rew_mean          | -19.6       |
| time/                   |             |
|    fps                  | 662         |
|    iterations           | 264         |
|    time_elapsed         | 1633        |
|    total_timesteps      | 1081344     |
| train/                  |             |
|    approx_kl            | 0.100260474 |
|    clip_fraction        | 0.38        |
|    clip_range           | 0.2         |
|    entropy_loss         | -19.4       |
|    explained_variance   | 0.765       |
|    learning_rate        | 0.0003      |
|    loss                 | 1.63        |
|    n_updates            | 15910       |
|    policy_gradient_loss | -0.074      |
|    std                  | 5.36        |
|    value_loss           | 5.88        |
-----------------------------------------
-----------------------------------------
| manipularl/             |             |
|    collision_rate       | 0.74        |
|    grasp_failure_rate   | 0.845       |
|    insert_depth_mean    | 0.000617    |
|    insert_tilt_deg_mean | 0.121       |
|    success_rate         | 0           |
|    xy_err_weight        | 1.11        |
| rollout/                |             |
|    ep_len_mean          | 169         |
|    ep_rew_mean          | -20.3       |
| time/                   |             |
|    fps                  | 662         |
|    iterations           | 265         |
|    time_elapsed         | 1639        |
|    total_timesteps      | 1085440     |
| train/                  |             |
|    approx_kl            | 0.100706905 |
|    clip_fraction        | 0.358       |
|    clip_range           | 0.2         |
|    entropy_loss         | -19.4       |
|    explained_variance   | 0.81        |
|    learning_rate        | 0.0003      |
|    loss                 | 1.33        |
|    n_updates            | 15920       |
|    policy_gradient_loss | -0.069      |
|    std                  | 5.37        |
|    value_loss           | 5.79        |
-----------------------------------------
----------------------------------------
| manipularl/             |            |
|    collision_rate       | 0.69       |
|    grasp_failure_rate   | 0.849      |
|    insert_depth_mean    | 0.000641   |
|    insert_tilt_deg_mean | 0.0728     |
|    success_rate         | 0          |
|    xy_err_weight        | 1.11       |
| rollout/                |            |
|    ep_len_mean          | 183        |
|    ep_rew_mean          | -20.6      |
| time/                   |            |
|    fps                  | 662        |
|    iterations           | 266        |
|    time_elapsed         | 1644       |
|    total_timesteps      | 1089536    |
| train/                  |            |
|    approx_kl            | 0.10299136 |
|    clip_fraction        | 0.391      |
|    clip_range           | 0.2        |
|    entropy_loss         | -19.4      |
|    explained_variance   | 0.834      |
|    learning_rate        | 0.0003     |
|    loss                 | 1.89       |
|    n_updates            | 15930      |
|    policy_gradient_loss | -0.0685    |
|    std                  | 5.38       |
|    value_loss           | 6.59       |
----------------------------------------
----------------------------------------
| manipularl/             |            |
|    collision_rate       | 0.69       |
|    grasp_failure_rate   | 0.848      |
|    insert_depth_mean    | 0.000641   |
|    insert_tilt_deg_mean | 0.0726     |
|    success_rate         | 0          |
|    xy_err_weight        | 1.11       |
| rollout/                |            |
|    ep_len_mean          | 188        |
|    ep_rew_mean          | -22.1      |
| time/                   |            |
|    fps                  | 662        |
|    iterations           | 267        |
|    time_elapsed         | 1650       |
|    total_timesteps      | 1093632    |
| train/                  |            |
|    approx_kl            | 0.14384991 |
|    clip_fraction        | 0.419      |
|    clip_range           | 0.2        |
|    entropy_loss         | -19.4      |
|    explained_variance   | 0.887      |
|    learning_rate        | 0.0003     |
|    loss                 | 0.758      |
|    n_updates            | 15940      |
|    policy_gradient_loss | -0.0738    |
|    std                  | 5.39       |
|    value_loss           | 3.58       |
----------------------------------------
----------------------------------------
| manipularl/             |            |
|    collision_rate       | 0.67       |
|    grasp_failure_rate   | 0.837      |
|    insert_depth_mean    | 0.000641   |
|    insert_tilt_deg_mean | 0.0729     |
|    success_rate         | 0          |
|    xy_err_weight        | 1.11       |
| rollout/                |            |
|    ep_len_mean          | 191        |
|    ep_rew_mean          | -21.7      |
| time/                   |            |
|    fps                  | 662        |
|    iterations           | 268        |
|    time_elapsed         | 1656       |
|    total_timesteps      | 1097728    |
| train/                  |            |
|    approx_kl            | 0.09937117 |
|    clip_fraction        | 0.381      |
|    clip_range           | 0.2        |
|    entropy_loss         | -19.4      |
|    explained_variance   | 0.863      |
|    learning_rate        | 0.0003     |
|    loss                 | 1.04       |
|    n_updates            | 15950      |
|    policy_gradient_loss | -0.0719    |
|    std                  | 5.39       |
|    value_loss           | 3.98       |
----------------------------------------
----------------------------------------
| manipularl/             |            |
|    collision_rate       | 0.66       |
|    grasp_failure_rate   | 0.848      |
|    insert_depth_mean    | 0.00124    |
|    insert_tilt_deg_mean | 0.0517     |
|    success_rate         | 0          |
|    xy_err_weight        | 1.11       |
| rollout/                |            |
|    ep_len_mean          | 190        |
|    ep_rew_mean          | -21.4      |
| time/                   |            |
|    fps                  | 662        |
|    iterations           | 269        |
|    time_elapsed         | 1662       |
|    total_timesteps      | 1101824    |
| train/                  |            |
|    approx_kl            | 0.09430328 |
|    clip_fraction        | 0.374      |
|    clip_range           | 0.2        |
|    entropy_loss         | -19.5      |
|    explained_variance   | 0.794      |
|    learning_rate        | 0.0003     |
|    loss                 | 1.66       |
|    n_updates            | 15960      |
|    policy_gradient_loss | -0.0691    |
|    std                  | 5.4        |
|    value_loss           | 6.16       |
----------------------------------------
----------------------------------------
| manipularl/             |            |
|    collision_rate       | 0.66       |
|    grasp_failure_rate   | 0.871      |
|    insert_depth_mean    | 0.000624   |
|    insert_tilt_deg_mean | 0.00315    |
|    success_rate         | 0          |
|    xy_err_weight        | 1.11       |
| rollout/                |            |
|    ep_len_mean          | 188        |
|    ep_rew_mean          | -21.1      |
| time/                   |            |
|    fps                  | 663        |
|    iterations           | 270        |
|    time_elapsed         | 1667       |
|    total_timesteps      | 1105920    |
| train/                  |            |
|    approx_kl            | 0.10397495 |
|    clip_fraction        | 0.367      |
|    clip_range           | 0.2        |
|    entropy_loss         | -19.5      |
|    explained_variance   | 0.872      |
|    learning_rate        | 0.0003     |
|    loss                 | 1.08       |
|    n_updates            | 15970      |
|    policy_gradient_loss | -0.071     |
|    std                  | 5.42       |
|    value_loss           | 4.3        |
----------------------------------------
---------------------------------------
| manipularl/             |           |
|    collision_rate       | 0.71      |
|    grasp_failure_rate   | 0.856     |
|    insert_depth_mean    | 0.0006    |
|    insert_tilt_deg_mean | 0.00301   |
|    success_rate         | 0         |
|    xy_err_weight        | 1.1       |
| rollout/                |           |
|    ep_len_mean          | 174       |
|    ep_rew_mean          | -22.4     |
| time/                   |           |
|    fps                  | 663       |
|    iterations           | 271       |
|    time_elapsed         | 1673      |
|    total_timesteps      | 1110016   |
| train/                  |           |
|    approx_kl            | 0.0966938 |
|    clip_fraction        | 0.351     |
|    clip_range           | 0.2       |
|    entropy_loss         | -19.5     |
|    explained_variance   | 0.839     |
|    learning_rate        | 0.0003    |
|    loss                 | 1.16      |
|    n_updates            | 15980     |
|    policy_gradient_loss | -0.0671   |
|    std                  | 5.43      |
|    value_loss           | 5.12      |
---------------------------------------
----------------------------------------
| manipularl/             |            |
|    collision_rate       | 0.72       |
|    grasp_failure_rate   | 0.861      |
|    insert_depth_mean    | 0.0006     |
|    insert_tilt_deg_mean | 0.0029     |
|    success_rate         | 0          |
|    xy_err_weight        | 1.1        |
| rollout/                |            |
|    ep_len_mean          | 179        |
|    ep_rew_mean          | -23.5      |
| time/                   |            |
|    fps                  | 663        |
|    iterations           | 272        |
|    time_elapsed         | 1678       |
|    total_timesteps      | 1114112    |
| train/                  |            |
|    approx_kl            | 0.09933108 |
|    clip_fraction        | 0.4        |
|    clip_range           | 0.2        |
|    entropy_loss         | -19.5      |
|    explained_variance   | 0.722      |
|    learning_rate        | 0.0003     |
|    loss                 | 1.4        |
|    n_updates            | 15990      |
|    policy_gradient_loss | -0.0709    |
|    std                  | 5.44       |
|    value_loss           | 5.88       |
----------------------------------------
----------------------------------------
| manipularl/             |            |
|    collision_rate       | 0.71       |
|    grasp_failure_rate   | 0.854      |
|    insert_depth_mean    | 0          |
|    insert_tilt_deg_mean | 0.00276    |
|    success_rate         | 0          |
|    xy_err_weight        | 1.1        |
| rollout/                |            |
|    ep_len_mean          | 187        |
|    ep_rew_mean          | -24.3      |
| time/                   |            |
|    fps                  | 663        |
|    iterations           | 273        |
|    time_elapsed         | 1684       |
|    total_timesteps      | 1118208    |
| train/                  |            |
|    approx_kl            | 0.13655049 |
|    clip_fraction        | 0.421      |
|    clip_range           | 0.2        |
|    entropy_loss         | -19.5      |
|    explained_variance   | 0.841      |
|    learning_rate        | 0.0003     |
|    loss                 | 0.892      |
|    n_updates            | 16000      |
|    policy_gradient_loss | -0.0766    |
|    std                  | 5.45       |
|    value_loss           | 4.05       |
----------------------------------------
-----------------------------------------
| manipularl/             |             |
|    collision_rate       | 0.72        |
|    grasp_failure_rate   | 0.857       |
|    insert_depth_mean    | 0           |
|    insert_tilt_deg_mean | 0.00252     |
|    success_rate         | 0           |
|    xy_err_weight        | 1.1         |
| rollout/                |             |
|    ep_len_mean          | 185         |
|    ep_rew_mean          | -26.4       |
| time/                   |             |
|    fps                  | 663         |
|    iterations           | 274         |
|    time_elapsed         | 1690        |
|    total_timesteps      | 1122304     |
| train/                  |             |
|    approx_kl            | 0.115279734 |
|    clip_fraction        | 0.393       |
|    clip_range           | 0.2         |
|    entropy_loss         | -19.5       |
|    explained_variance   | 0.806       |
|    learning_rate        | 0.0003      |
|    loss                 | 1.38        |
|    n_updates            | 16010       |
|    policy_gradient_loss | -0.0745     |
|    std                  | 5.46        |
|    value_loss           | 5.28        |
-----------------------------------------
----------------------------------------
| manipularl/             |            |
|    collision_rate       | 0.72       |
|    grasp_failure_rate   | 0.859      |
|    insert_depth_mean    | 0          |
|    insert_tilt_deg_mean | 0.00823    |
|    success_rate         | 0          |
|    xy_err_weight        | 1.1        |
| rollout/                |            |
|    ep_len_mean          | 185        |
|    ep_rew_mean          | -25.2      |
| time/                   |            |
|    fps                  | 663        |
|    iterations           | 275        |
|    time_elapsed         | 1696       |
|    total_timesteps      | 1126400    |
| train/                  |            |
|    approx_kl            | 0.11406548 |
|    clip_fraction        | 0.399      |
|    clip_range           | 0.2        |
|    entropy_loss         | -19.5      |
|    explained_variance   | 0.696      |
|    learning_rate        | 0.0003     |
|    loss                 | 1.44       |
|    n_updates            | 16020      |
|    policy_gradient_loss | -0.0713    |
|    std                  | 5.47       |
|    value_loss           | 4.97       |
----------------------------------------
----------------------------------------
| manipularl/             |            |
|    collision_rate       | 0.7        |
|    grasp_failure_rate   | 0.849      |
|    insert_depth_mean    | 0          |
|    insert_tilt_deg_mean | 0.442      |
|    success_rate         | 0          |
|    xy_err_weight        | 1.1        |
| rollout/                |            |
|    ep_len_mean          | 194        |
|    ep_rew_mean          | -26.2      |
| time/                   |            |
|    fps                  | 664        |
|    iterations           | 276        |
|    time_elapsed         | 1702       |
|    total_timesteps      | 1130496    |
| train/                  |            |
|    approx_kl            | 0.15515065 |
|    clip_fraction        | 0.458      |
|    clip_range           | 0.2        |
|    entropy_loss         | -19.5      |
|    explained_variance   | 0.876      |
|    learning_rate        | 0.0003     |
|    loss                 | 0.722      |
|    n_updates            | 16030      |
|    policy_gradient_loss | -0.0829    |
|    std                  | 5.48       |
|    value_loss           | 3.36       |
----------------------------------------
----------------------------------------
| manipularl/             |            |
|    collision_rate       | 0.71       |
|    grasp_failure_rate   | 0.848      |
|    insert_depth_mean    | 0          |
|    insert_tilt_deg_mean | 0.442      |
|    success_rate         | 0          |
|    xy_err_weight        | 1.09       |
| rollout/                |            |
|    ep_len_mean          | 185        |
|    ep_rew_mean          | -25.8      |
| time/                   |            |
|    fps                  | 664        |
|    iterations           | 277        |
|    time_elapsed         | 1707       |
|    total_timesteps      | 1134592    |
| train/                  |            |
|    approx_kl            | 0.07777854 |
|    clip_fraction        | 0.353      |
|    clip_range           | 0.2        |
|    entropy_loss         | -19.5      |
|    explained_variance   | 0.858      |
|    learning_rate        | 0.0003     |
|    loss                 | 1.17       |
|    n_updates            | 16040      |
|    policy_gradient_loss | -0.0654    |
|    std                  | 5.49       |
|    value_loss           | 4.74       |
----------------------------------------
----------------------------------------
| manipularl/             |            |
|    collision_rate       | 0.69       |
|    grasp_failure_rate   | 0.871      |
|    insert_depth_mean    | 0          |
|    insert_tilt_deg_mean | 0.878      |
|    success_rate         | 0          |
|    xy_err_weight        | 1.09       |
| rollout/                |            |
|    ep_len_mean          | 192        |
|    ep_rew_mean          | -26        |
| time/                   |            |
|    fps                  | 664        |
|    iterations           | 278        |
|    time_elapsed         | 1712       |
|    total_timesteps      | 1138688    |
| train/                  |            |
|    approx_kl            | 0.09821771 |
|    clip_fraction        | 0.368      |
|    clip_range           | 0.2        |
|    entropy_loss         | -19.5      |
|    explained_variance   | 0.764      |
|    learning_rate        | 0.0003     |
|    loss                 | 1.4        |
|    n_updates            | 16050      |
|    policy_gradient_loss | -0.0738    |
|    std                  | 5.5        |
|    value_loss           | 5.03       |
----------------------------------------
----------------------------------------
| manipularl/             |            |
|    collision_rate       | 0.68       |
|    grasp_failure_rate   | 0.864      |
|    insert_depth_mean    | 0          |
|    insert_tilt_deg_mean | 0.878      |
|    success_rate         | 0          |
|    xy_err_weight        | 1.09       |
| rollout/                |            |
|    ep_len_mean          | 190        |
|    ep_rew_mean          | -22.5      |
| time/                   |            |
|    fps                  | 665        |
|    iterations           | 279        |
|    time_elapsed         | 1717       |
|    total_timesteps      | 1142784    |
| train/                  |            |
|    approx_kl            | 0.14849135 |
|    clip_fraction        | 0.426      |
|    clip_range           | 0.2        |
|    entropy_loss         | -19.5      |
|    explained_variance   | 0.899      |
|    learning_rate        | 0.0003     |
|    loss                 | 0.5        |
|    n_updates            | 16060      |
|    policy_gradient_loss | -0.0722    |
|    std                  | 5.51       |
|    value_loss           | 2.76       |
----------------------------------------
----------------------------------------
| manipularl/             |            |
|    collision_rate       | 0.66       |
|    grasp_failure_rate   | 0.845      |
|    insert_depth_mean    | 0          |
|    insert_tilt_deg_mean | 1.31       |
|    success_rate         | 0          |
|    xy_err_weight        | 1.09       |
| rollout/                |            |
|    ep_len_mean          | 201        |
|    ep_rew_mean          | -25.4      |
| time/                   |            |
|    fps                  | 665        |
|    iterations           | 280        |
|    time_elapsed         | 1722       |
|    total_timesteps      | 1146880    |
| train/                  |            |
|    approx_kl            | 0.11164816 |
|    clip_fraction        | 0.412      |
|    clip_range           | 0.2        |
|    entropy_loss         | -19.5      |
|    explained_variance   | 0.814      |
|    learning_rate        | 0.0003     |
|    loss                 | 1.06       |
|    n_updates            | 16070      |
|    policy_gradient_loss | -0.0654    |
|    std                  | 5.51       |
|    value_loss           | 4.59       |
----------------------------------------
----------------------------------------
| manipularl/             |            |
|    collision_rate       | 0.65       |
|    grasp_failure_rate   | 0.861      |
|    insert_depth_mean    | 0          |
|    insert_tilt_deg_mean | 0.872      |
|    success_rate         | 0          |
|    xy_err_weight        | 1.09       |
| rollout/                |            |
|    ep_len_mean          | 201        |
|    ep_rew_mean          | -24.4      |
| time/                   |            |
|    fps                  | 665        |
|    iterations           | 281        |
|    time_elapsed         | 1728       |
|    total_timesteps      | 1150976    |
| train/                  |            |
|    approx_kl            | 0.10219324 |
|    clip_fraction        | 0.381      |
|    clip_range           | 0.2        |
|    entropy_loss         | -19.5      |
|    explained_variance   | 0.802      |
|    learning_rate        | 0.0003     |
|    loss                 | 1.25       |
|    n_updates            | 16080      |
|    policy_gradient_loss | -0.0731    |
|    std                  | 5.52       |
|    value_loss           | 4.93       |
----------------------------------------
----------------------------------------
| manipularl/             |            |
|    collision_rate       | 0.65       |
|    grasp_failure_rate   | 0.856      |
|    insert_depth_mean    | 0          |
|    insert_tilt_deg_mean | 1.74       |
|    success_rate         | 0          |
|    xy_err_weight        | 1.09       |
| rollout/                |            |
|    ep_len_mean          | 200        |
|    ep_rew_mean          | -25        |
| time/                   |            |
|    fps                  | 666        |
|    iterations           | 282        |
|    time_elapsed         | 1734       |
|    total_timesteps      | 1155072    |
| train/                  |            |
|    approx_kl            | 0.08571772 |
|    clip_fraction        | 0.348      |
|    clip_range           | 0.2        |
|    entropy_loss         | -19.5      |
|    explained_variance   | 0.88       |
|    learning_rate        | 0.0003     |
|    loss                 | 1.24       |
|    n_updates            | 16090      |
|    policy_gradient_loss | -0.065     |
|    std                  | 5.53       |
|    value_loss           | 5.44       |
----------------------------------------
----------------------------------------
| manipularl/             |            |
|    collision_rate       | 0.64       |
|    grasp_failure_rate   | 0.86       |
|    insert_depth_mean    | 0          |
|    insert_tilt_deg_mean | 2.18       |
|    success_rate         | 0          |
|    xy_err_weight        | 1.09       |
| rollout/                |            |
|    ep_len_mean          | 197        |
|    ep_rew_mean          | -26.4      |
| time/                   |            |
|    fps                  | 666        |
|    iterations           | 283        |
|    time_elapsed         | 1739       |
|    total_timesteps      | 1159168    |
| train/                  |            |
|    approx_kl            | 0.12170377 |
|    clip_fraction        | 0.391      |
|    clip_range           | 0.2        |
|    entropy_loss         | -19.5      |
|    explained_variance   | 0.87       |
|    learning_rate        | 0.0003     |
|    loss                 | 1.46       |
|    n_updates            | 16100      |
|    policy_gradient_loss | -0.0664    |
|    std                  | 5.54       |
|    value_loss           | 5.41       |
----------------------------------------
----------------------------------------
| manipularl/             |            |
|    collision_rate       | 0.63       |
|    grasp_failure_rate   | 0.866      |
|    insert_depth_mean    | 0          |
|    insert_tilt_deg_mean | 1.74       |
|    success_rate         | 0          |
|    xy_err_weight        | 1.08       |
| rollout/                |            |
|    ep_len_mean          | 199        |
|    ep_rew_mean          | -29.9      |
| time/                   |            |
|    fps                  | 666        |
|    iterations           | 284        |
|    time_elapsed         | 1746       |
|    total_timesteps      | 1163264    |
| train/                  |            |
|    approx_kl            | 0.13992311 |
|    clip_fraction        | 0.42       |
|    clip_range           | 0.2        |
|    entropy_loss         | -19.5      |
|    explained_variance   | 0.909      |
|    learning_rate        | 0.0003     |
|    loss                 | 0.87       |
|    n_updates            | 16110      |
|    policy_gradient_loss | -0.06      |
|    std                  | 5.54       |
|    value_loss           | 3.08       |
----------------------------------------
----------------------------------------
| manipularl/             |            |
|    collision_rate       | 0.68       |
|    grasp_failure_rate   | 0.878      |
|    insert_depth_mean    | 5.19e-05   |
|    insert_tilt_deg_mean | 1.74       |
|    success_rate         | 0          |
|    xy_err_weight        | 1.08       |
| rollout/                |            |
|    ep_len_mean          | 177        |
|    ep_rew_mean          | -27.5      |
| time/                   |            |
|    fps                  | 666        |
|    iterations           | 285        |
|    time_elapsed         | 1752       |
|    total_timesteps      | 1167360    |
| train/                  |            |
|    approx_kl            | 0.08755545 |
|    clip_fraction        | 0.361      |
|    clip_range           | 0.2        |
|    entropy_loss         | -19.5      |
|    explained_variance   | 0.852      |
|    learning_rate        | 0.0003     |
|    loss                 | 1.47       |
|    n_updates            | 16120      |
|    policy_gradient_loss | -0.0634    |
|    std                  | 5.55       |
|    value_loss           | 5.91       |
----------------------------------------
----------------------------------------
| manipularl/             |            |
|    collision_rate       | 0.66       |
|    grasp_failure_rate   | 0.886      |
|    insert_depth_mean    | 5.19e-05   |
|    insert_tilt_deg_mean | 0.874      |
|    success_rate         | 0          |
|    xy_err_weight        | 1.08       |
| rollout/                |            |
|    ep_len_mean          | 187        |
|    ep_rew_mean          | -27.8      |
| time/                   |            |
|    fps                  | 666        |
|    iterations           | 286        |
|    time_elapsed         | 1758       |
|    total_timesteps      | 1171456    |
| train/                  |            |
|    approx_kl            | 0.15319426 |
|    clip_fraction        | 0.457      |
|    clip_range           | 0.2        |
|    entropy_loss         | -19.5      |
|    explained_variance   | 0.822      |
|    learning_rate        | 0.0003     |
|    loss                 | 1.18       |
|    n_updates            | 16130      |
|    policy_gradient_loss | -0.0698    |
|    std                  | 5.56       |
|    value_loss           | 4.47       |
----------------------------------------
----------------------------------------
| manipularl/             |            |
|    collision_rate       | 0.72       |
|    grasp_failure_rate   | 0.885      |
|    insert_depth_mean    | 0.000155   |
|    insert_tilt_deg_mean | 0.00327    |
|    success_rate         | 0          |
|    xy_err_weight        | 1.08       |
| rollout/                |            |
|    ep_len_mean          | 171        |
|    ep_rew_mean          | -27        |
| time/                   |            |
|    fps                  | 666        |
|    iterations           | 287        |
|    time_elapsed         | 1764       |
|    total_timesteps      | 1175552    |
| train/                  |            |
|    approx_kl            | 0.09062174 |
|    clip_fraction        | 0.348      |
|    clip_range           | 0.2        |
|    entropy_loss         | -19.5      |
|    explained_variance   | 0.859      |
|    learning_rate        | 0.0003     |
|    loss                 | 1.02       |
|    n_updates            | 16140      |
|    policy_gradient_loss | -0.0709    |
|    std                  | 5.56       |
|    value_loss           | 5.22       |
----------------------------------------
----------------------------------------
| manipularl/             |            |
|    collision_rate       | 0.74       |
|    grasp_failure_rate   | 0.886      |
|    insert_depth_mean    | 0.000155   |
|    insert_tilt_deg_mean | 0.00358    |
|    success_rate         | 0          |
|    xy_err_weight        | 1.08       |
| rollout/                |            |
|    ep_len_mean          | 164        |
|    ep_rew_mean          | -22        |
| time/                   |            |
|    fps                  | 666        |
|    iterations           | 288        |
|    time_elapsed         | 1770       |
|    total_timesteps      | 1179648    |
| train/                  |            |
|    approx_kl            | 0.09713141 |
|    clip_fraction        | 0.38       |
|    clip_range           | 0.2        |
|    entropy_loss         | -19.5      |
|    explained_variance   | 0.807      |
|    learning_rate        | 0.0003     |
|    loss                 | 1.44       |
|    n_updates            | 16150      |
|    policy_gradient_loss | -0.0745    |
|    std                  | 5.57       |
|    value_loss           | 5.41       |
----------------------------------------
----------------------------------------
| manipularl/             |            |
|    collision_rate       | 0.71       |
|    grasp_failure_rate   | 0.89       |
|    insert_depth_mean    | 0.000103   |
|    insert_tilt_deg_mean | 0.00359    |
|    success_rate         | 0          |
|    xy_err_weight        | 1.08       |
| rollout/                |            |
|    ep_len_mean          | 170        |
|    ep_rew_mean          | -21.1      |
| time/                   |            |
|    fps                  | 666        |
|    iterations           | 289        |
|    time_elapsed         | 1776       |
|    total_timesteps      | 1183744    |
| train/                  |            |
|    approx_kl            | 0.11957607 |
|    clip_fraction        | 0.424      |
|    clip_range           | 0.2        |
|    entropy_loss         | -19.5      |
|    explained_variance   | 0.834      |
|    learning_rate        | 0.0003     |
|    loss                 | 0.866      |
|    n_updates            | 16160      |
|    policy_gradient_loss | -0.0749    |
|    std                  | 5.57       |
|    value_loss           | 3.65       |
----------------------------------------
-----------------------------------------
| manipularl/             |             |
|    collision_rate       | 0.69        |
|    grasp_failure_rate   | 0.893       |
|    insert_depth_mean    | 0.000103    |
|    insert_tilt_deg_mean | 0.00334     |
|    success_rate         | 0           |
|    xy_err_weight        | 1.08        |
| rollout/                |             |
|    ep_len_mean          | 175         |
|    ep_rew_mean          | -21.4       |
| time/                   |             |
|    fps                  | 666         |
|    iterations           | 290         |
|    time_elapsed         | 1782        |
|    total_timesteps      | 1187840     |
| train/                  |             |
|    approx_kl            | 0.123699516 |
|    clip_fraction        | 0.414       |
|    clip_range           | 0.2         |
|    entropy_loss         | -19.5       |
|    explained_variance   | 0.818       |
|    learning_rate        | 0.0003      |
|    loss                 | 0.404       |
|    n_updates            | 16170       |
|    policy_gradient_loss | -0.0658     |
|    std                  | 5.58        |
|    value_loss           | 2.34        |
-----------------------------------------
-----------------------------------------
| manipularl/             |             |
|    collision_rate       | 0.68        |
|    grasp_failure_rate   | 0.913       |
|    insert_depth_mean    | 0           |
|    insert_tilt_deg_mean | 0.00318     |
|    success_rate         | 0           |
|    xy_err_weight        | 1.07        |
| rollout/                |             |
|    ep_len_mean          | 177         |
|    ep_rew_mean          | -18.6       |
| time/                   |             |
|    fps                  | 666         |
|    iterations           | 291         |
|    time_elapsed         | 1787        |
|    total_timesteps      | 1191936     |
| train/                  |             |
|    approx_kl            | 0.095604286 |
|    clip_fraction        | 0.378       |
|    clip_range           | 0.2         |
|    entropy_loss         | -19.5       |
|    explained_variance   | 0.853       |
|    learning_rate        | 0.0003      |
|    loss                 | 0.7         |
|    n_updates            | 16180       |
|    policy_gradient_loss | -0.0557     |
|    std                  | 5.59        |
|    value_loss           | 3.16        |
-----------------------------------------
-----------------------------------------
| manipularl/             |             |
|    collision_rate       | 0.67        |
|    grasp_failure_rate   | 0.908       |
|    insert_depth_mean    | 0           |
|    insert_tilt_deg_mean | 0.437       |
|    success_rate         | 0           |
|    xy_err_weight        | 1.07        |
| rollout/                |             |
|    ep_len_mean          | 181         |
|    ep_rew_mean          | -17         |
| time/                   |             |
|    fps                  | 667         |
|    iterations           | 292         |
|    time_elapsed         | 1792        |
|    total_timesteps      | 1196032     |
| train/                  |             |
|    approx_kl            | 0.104889855 |
|    clip_fraction        | 0.405       |
|    clip_range           | 0.2         |
|    entropy_loss         | -19.5       |
|    explained_variance   | 0.707       |
|    learning_rate        | 0.0003      |
|    loss                 | 0.826       |
|    n_updates            | 16190       |
|    policy_gradient_loss | -0.0631     |
|    std                  | 5.6         |
|    value_loss           | 4.03        |
-----------------------------------------
Eval num_timesteps=1200000, episode_reward=-22.57 +/- 20.51
Episode length: 190.75 +/- 168.32
----------------------------------------
| eval/                   |            |
|    mean_ep_length       | 191        |
|    mean_reward          | -22.6      |
| manipularl/             |            |
|    collision_rate       | 0.66       |
|    grasp_failure_rate   | 0.901      |
|    insert_depth_mean    | 0          |
|    insert_tilt_deg_mean | 0.437      |
|    success_rate         | 0          |
|    xy_err_weight        | 1.07       |
| time/                   |            |
|    total_timesteps      | 1200000    |
| train/                  |            |
|    approx_kl            | 0.11646242 |
|    clip_fraction        | 0.387      |
|    clip_range           | 0.2        |
|    entropy_loss         | -19.5      |
|    explained_variance   | 0.79       |
|    learning_rate        | 0.0003     |
|    loss                 | 0.511      |
|    n_updates            | 16200      |
|    policy_gradient_loss | -0.0663    |
|    std                  | 5.61       |
|    value_loss           | 2.79       |
----------------------------------------
--------------------------------------
| manipularl/             |          |
|    collision_rate       | 0.66     |
|    grasp_failure_rate   | 0.901    |
|    insert_depth_mean    | 0        |
|    insert_tilt_deg_mean | 0.437    |
|    success_rate         | 0        |
|    xy_err_weight        | 1.07     |
| rollout/                |          |
|    ep_len_mean          | 190      |
|    ep_rew_mean          | -18.6    |
| time/                   |          |
|    fps                  | 663      |
|    iterations           | 293      |
|    time_elapsed         | 1809     |
|    total_timesteps      | 1200128  |
--------------------------------------
-----------------------------------------
| manipularl/             |             |
|    collision_rate       | 0.66        |
|    grasp_failure_rate   | 0.894       |
|    insert_depth_mean    | 5.29e-05    |
|    insert_tilt_deg_mean | 0.437       |
|    success_rate         | 0           |
|    xy_err_weight        | 1.07        |
| rollout/                |             |
|    ep_len_mean          | 184         |
|    ep_rew_mean          | -17.8       |
| time/                   |             |
|    fps                  | 663         |
|    iterations           | 294         |
|    time_elapsed         | 1816        |
|    total_timesteps      | 1204224     |
| train/                  |             |
|    approx_kl            | 0.104739815 |
|    clip_fraction        | 0.367       |
|    clip_range           | 0.2         |
|    entropy_loss         | -19.5       |
|    explained_variance   | 0.829       |
|    learning_rate        | 0.0003      |
|    loss                 | 0.799       |
|    n_updates            | 16210       |
|    policy_gradient_loss | -0.0689     |
|    std                  | 5.63        |
|    value_loss           | 4.08        |
-----------------------------------------
---------------------------------------
| manipularl/             |           |
|    collision_rate       | 0.65      |
|    grasp_failure_rate   | 0.883     |
|    insert_depth_mean    | 5.29e-05  |
|    insert_tilt_deg_mean | 0.437     |
|    success_rate         | 0         |
|    xy_err_weight        | 1.07      |
| rollout/                |           |
|    ep_len_mean          | 184       |
|    ep_rew_mean          | -18.1     |
| time/                   |           |
|    fps                  | 663       |
|    iterations           | 295       |
|    time_elapsed         | 1822      |
|    total_timesteps      | 1208320   |
| train/                  |           |
|    approx_kl            | 0.1232429 |
|    clip_fraction        | 0.408     |
|    clip_range           | 0.2       |
|    entropy_loss         | -19.5     |
|    explained_variance   | 0.731     |
|    learning_rate        | 0.0003    |
|    loss                 | 0.457     |
|    n_updates            | 16220     |
|    policy_gradient_loss | -0.0691   |
|    std                  | 5.63      |
|    value_loss           | 2.67      |
---------------------------------------
----------------------------------------
| manipularl/             |            |
|    collision_rate       | 0.68       |
|    grasp_failure_rate   | 0.884      |
|    insert_depth_mean    | 5.29e-05   |
|    insert_tilt_deg_mean | 0.438      |
|    success_rate         | 0          |
|    xy_err_weight        | 1.07       |
| rollout/                |            |
|    ep_len_mean          | 183        |
|    ep_rew_mean          | -18.1      |
| time/                   |            |
|    fps                  | 663        |
|    iterations           | 296        |
|    time_elapsed         | 1827       |
|    total_timesteps      | 1212416    |
| train/                  |            |
|    approx_kl            | 0.12779355 |
|    clip_fraction        | 0.42       |
|    clip_range           | 0.2        |
|    entropy_loss         | -19.5      |
|    explained_variance   | 0.797      |
|    learning_rate        | 0.0003     |
|    loss                 | 0.475      |
|    n_updates            | 16230      |
|    policy_gradient_loss | -0.0631    |
|    std                  | 5.64       |
|    value_loss           | 2.74       |
----------------------------------------
----------------------------------------
| manipularl/             |            |
|    collision_rate       | 0.62       |
|    grasp_failure_rate   | 0.885      |
|    insert_depth_mean    | 5.29e-05   |
|    insert_tilt_deg_mean | 0.0035     |
|    success_rate         | 0          |
|    xy_err_weight        | 1.07       |
| rollout/                |            |
|    ep_len_mean          | 207        |
|    ep_rew_mean          | -20.9      |
| time/                   |            |
|    fps                  | 663        |
|    iterations           | 297        |
|    time_elapsed         | 1832       |
|    total_timesteps      | 1216512    |
| train/                  |            |
|    approx_kl            | 0.15010783 |
|    clip_fraction        | 0.47       |
|    clip_range           | 0.2        |
|    entropy_loss         | -19.5      |
|    explained_variance   | 0.647      |
|    learning_rate        | 0.0003     |
|    loss                 | 0.917      |
|    n_updates            | 16240      |
|    policy_gradient_loss | -0.078     |
|    std                  | 5.66       |
|    value_loss           | 4.08       |
----------------------------------------
---------------------------------------
| manipularl/             |           |
|    collision_rate       | 0.58      |
|    grasp_failure_rate   | 0.879     |
|    insert_depth_mean    | 0.000107  |
|    insert_tilt_deg_mean | 0.00375   |
|    success_rate         | 0         |
|    xy_err_weight        | 1.06      |
| rollout/                |           |
|    ep_len_mean          | 215       |
|    ep_rew_mean          | -22.6     |
| time/                   |           |
|    fps                  | 664       |
|    iterations           | 298       |
|    time_elapsed         | 1837      |
|    total_timesteps      | 1220608   |
| train/                  |           |
|    approx_kl            | 0.0698871 |
|    clip_fraction        | 0.333     |
|    clip_range           | 0.2       |
|    entropy_loss         | -19.5     |
|    explained_variance   | 0.775     |
|    learning_rate        | 0.0003    |
|    loss                 | 1.21      |
|    n_updates            | 16250     |
|    policy_gradient_loss | -0.0577   |
|    std                  | 5.67      |
|    value_loss           | 5.71      |
---------------------------------------
---------------------------------------
| manipularl/             |           |
|    collision_rate       | 0.55      |
|    grasp_failure_rate   | 0.867     |
|    insert_depth_mean    | 0.000709  |
|    insert_tilt_deg_mean | 0.00382   |
|    success_rate         | 0         |
|    xy_err_weight        | 1.06      |
| rollout/                |           |
|    ep_len_mean          | 232       |
|    ep_rew_mean          | -23.5     |
| time/                   |           |
|    fps                  | 664       |
|    iterations           | 299       |
|    time_elapsed         | 1842      |
|    total_timesteps      | 1224704   |
| train/                  |           |
|    approx_kl            | 0.0853724 |
|    clip_fraction        | 0.338     |
|    clip_range           | 0.2       |
|    entropy_loss         | -19.5     |
|    explained_variance   | 0.861     |
|    learning_rate        | 0.0003    |
|    loss                 | 0.747     |
|    n_updates            | 16260     |
|    policy_gradient_loss | -0.0683   |
|    std                  | 5.69      |
|    value_loss           | 4.11      |
---------------------------------------
----------------------------------------
| manipularl/             |            |
|    collision_rate       | 0.57       |
|    grasp_failure_rate   | 0.888      |
|    insert_depth_mean    | 0.000656   |
|    insert_tilt_deg_mean | 0.00345    |
|    success_rate         | 0          |
|    xy_err_weight        | 1.06       |
| rollout/                |            |
|    ep_len_mean          | 229        |
|    ep_rew_mean          | -24.3      |
| time/                   |            |
|    fps                  | 665        |
|    iterations           | 300        |
|    time_elapsed         | 1847       |
|    total_timesteps      | 1228800    |
| train/                  |            |
|    approx_kl            | 0.13228834 |
|    clip_fraction        | 0.406      |
|    clip_range           | 0.2        |
|    entropy_loss         | -19.5      |
|    explained_variance   | 0.717      |
|    learning_rate        | 0.0003     |
|    loss                 | 0.505      |
|    n_updates            | 16270      |
|    policy_gradient_loss | -0.0643    |
|    std                  | 5.7        |
|    value_loss           | 2.7        |
----------------------------------------
----------------------------------------
| manipularl/             |            |
|    collision_rate       | 0.56       |
|    grasp_failure_rate   | 0.903      |
|    insert_depth_mean    | 0.000656   |
|    insert_tilt_deg_mean | 0.00308    |
|    success_rate         | 0          |
|    xy_err_weight        | 1.06       |
| rollout/                |            |
|    ep_len_mean          | 224        |
|    ep_rew_mean          | -23.6      |
| time/                   |            |
|    fps                  | 665        |
|    iterations           | 301        |
|    time_elapsed         | 1852       |
|    total_timesteps      | 1232896    |
| train/                  |            |
|    approx_kl            | 0.12579507 |
|    clip_fraction        | 0.421      |
|    clip_range           | 0.2        |
|    entropy_loss         | -19.6      |
|    explained_variance   | 0.807      |
|    learning_rate        | 0.0003     |
|    loss                 | 0.517      |
|    n_updates            | 16280      |
|    policy_gradient_loss | -0.066     |
|    std                  | 5.71       |
|    value_loss           | 2.72       |
----------------------------------------
----------------------------------------
| manipularl/             |            |
|    collision_rate       | 0.64       |
|    grasp_failure_rate   | 0.908      |
|    insert_depth_mean    | 0.00124    |
|    insert_tilt_deg_mean | 0.00315    |
|    success_rate         | 0          |
|    xy_err_weight        | 1.06       |
| rollout/                |            |
|    ep_len_mean          | 187        |
|    ep_rew_mean          | -19.7      |
| time/                   |            |
|    fps                  | 665        |
|    iterations           | 302        |
|    time_elapsed         | 1857       |
|    total_timesteps      | 1236992    |
| train/                  |            |
|    approx_kl            | 0.13332544 |
|    clip_fraction        | 0.416      |
|    clip_range           | 0.2        |
|    entropy_loss         | -19.6      |
|    explained_variance   | 0.912      |
|    learning_rate        | 0.0003     |
|    loss                 | 0.287      |
|    n_updates            | 16290      |
|    policy_gradient_loss | -0.0678    |
|    std                  | 5.72       |
|    value_loss           | 1.93       |
----------------------------------------
----------------------------------------
| manipularl/             |            |
|    collision_rate       | 0.71       |
|    grasp_failure_rate   | 0.918      |
|    insert_depth_mean    | 0.00184    |
|    insert_tilt_deg_mean | 0.00306    |
|    success_rate         | 0          |
|    xy_err_weight        | 1.06       |
| rollout/                |            |
|    ep_len_mean          | 170        |
|    ep_rew_mean          | -17.9      |
| time/                   |            |
|    fps                  | 666        |
|    iterations           | 303        |
|    time_elapsed         | 1862       |
|    total_timesteps      | 1241088    |
| train/                  |            |
|    approx_kl            | 0.10846621 |
|    clip_fraction        | 0.409      |
|    clip_range           | 0.2        |
|    entropy_loss         | -19.6      |
|    explained_variance   | 0.808      |
|    learning_rate        | 0.0003     |
|    loss                 | 0.66       |
|    n_updates            | 16300      |
|    policy_gradient_loss | -0.0648    |
|    std                  | 5.74       |
|    value_loss           | 3.84       |
----------------------------------------
----------------------------------------
| manipularl/             |            |
|    collision_rate       | 0.71       |
|    grasp_failure_rate   | 0.911      |
|    insert_depth_mean    | 0.00244    |
|    insert_tilt_deg_mean | 0.00352    |
|    success_rate         | 0          |
|    xy_err_weight        | 1.06       |
| rollout/                |            |
|    ep_len_mean          | 172        |
|    ep_rew_mean          | -18.5      |
| time/                   |            |
|    fps                  | 666        |
|    iterations           | 304        |
|    time_elapsed         | 1868       |
|    total_timesteps      | 1245184    |
| train/                  |            |
|    approx_kl            | 0.10414848 |
|    clip_fraction        | 0.419      |
|    clip_range           | 0.2        |
|    entropy_loss         | -19.6      |
|    explained_variance   | 0.782      |
|    learning_rate        | 0.0003     |
|    loss                 | 1.39       |
|    n_updates            | 16310      |
|    policy_gradient_loss | -0.066     |
|    std                  | 5.74       |
|    value_loss           | 5.59       |
----------------------------------------
-----------------------------------------
| manipularl/             |             |
|    collision_rate       | 0.75        |
|    grasp_failure_rate   | 0.901       |
|    insert_depth_mean    | 0.00304     |
|    insert_tilt_deg_mean | 0.00366     |
|    success_rate         | 0           |
|    xy_err_weight        | 1.05        |
| rollout/                |             |
|    ep_len_mean          | 166         |
|    ep_rew_mean          | -20.1       |
| time/                   |             |
|    fps                  | 666         |
|    iterations           | 305         |
|    time_elapsed         | 1873        |
|    total_timesteps      | 1249280     |
| train/                  |             |
|    approx_kl            | 0.099468276 |
|    clip_fraction        | 0.39        |
|    clip_range           | 0.2         |
|    entropy_loss         | -19.6       |
|    explained_variance   | 0.858       |
|    learning_rate        | 0.0003      |
|    loss                 | 1.27        |
|    n_updates            | 16320       |
|    policy_gradient_loss | -0.0708     |
|    std                  | 5.74        |
|    value_loss           | 5.79        |
-----------------------------------------
----------------------------------------
| manipularl/             |            |
|    collision_rate       | 0.74       |
|    grasp_failure_rate   | 0.902      |
|    insert_depth_mean    | 0.003      |
|    insert_tilt_deg_mean | 0.375      |
|    success_rate         | 0          |
|    xy_err_weight        | 1.05       |
| rollout/                |            |
|    ep_len_mean          | 168        |
|    ep_rew_mean          | -20.1      |
| time/                   |            |
|    fps                  | 666        |
|    iterations           | 306        |
|    time_elapsed         | 1879       |
|    total_timesteps      | 1253376    |
| train/                  |            |
|    approx_kl            | 0.09603121 |
|    clip_fraction        | 0.367      |
|    clip_range           | 0.2        |
|    entropy_loss         | -19.6      |
|    explained_variance   | 0.766      |
|    learning_rate        | 0.0003     |
|    loss                 | 1.28       |
|    n_updates            | 16330      |
|    policy_gradient_loss | -0.0668    |
|    std                  | 5.75       |
|    value_loss           | 5.27       |
----------------------------------------
----------------------------------------
| manipularl/             |            |
|    collision_rate       | 0.69       |
|    grasp_failure_rate   | 0.896      |
|    insert_depth_mean    | 0.0024     |
|    insert_tilt_deg_mean | 0.375      |
|    success_rate         | 0          |
|    xy_err_weight        | 1.05       |
| rollout/                |            |
|    ep_len_mean          | 181        |
|    ep_rew_mean          | -22.9      |
| time/                   |            |
|    fps                  | 666        |
|    iterations           | 307        |
|    time_elapsed         | 1886       |
|    total_timesteps      | 1257472    |
| train/                  |            |
|    approx_kl            | 0.10520126 |
|    clip_fraction        | 0.395      |
|    clip_range           | 0.2        |
|    entropy_loss         | -19.6      |
|    explained_variance   | 0.859      |
|    learning_rate        | 0.0003     |
|    loss                 | 0.974      |
|    n_updates            | 16340      |
|    policy_gradient_loss | -0.0653    |
|    std                  | 5.75       |
|    value_loss           | 3.99       |
----------------------------------------
----------------------------------------
| manipularl/             |            |
|    collision_rate       | 0.72       |
|    grasp_failure_rate   | 0.888      |
|    insert_depth_mean    | 0.00128    |
|    insert_tilt_deg_mean | 0.375      |
|    success_rate         | 0          |
|    xy_err_weight        | 1.05       |
| rollout/                |            |
|    ep_len_mean          | 177        |
|    ep_rew_mean          | -24.8      |
| time/                   |            |
|    fps                  | 666        |
|    iterations           | 308        |
|    time_elapsed         | 1891       |
|    total_timesteps      | 1261568    |
| train/                  |            |
|    approx_kl            | 0.08197914 |
|    clip_fraction        | 0.367      |
|    clip_range           | 0.2        |
|    entropy_loss         | -19.6      |
|    explained_variance   | 0.761      |
|    learning_rate        | 0.0003     |
|    loss                 | 1.49       |
|    n_updates            | 16350      |
|    policy_gradient_loss | -0.0565    |
|    std                  | 5.75       |
|    value_loss           | 6.09       |
----------------------------------------
----------------------------------------
| manipularl/             |            |
|    collision_rate       | 0.71       |
|    grasp_failure_rate   | 0.898      |
|    insert_depth_mean    | 0.00128    |
|    insert_tilt_deg_mean | 0.747      |
|    success_rate         | 0          |
|    xy_err_weight        | 1.05       |
| rollout/                |            |
|    ep_len_mean          | 177        |
|    ep_rew_mean          | -23.2      |
| time/                   |            |
|    fps                  | 666        |
|    iterations           | 309        |
|    time_elapsed         | 1897       |
|    total_timesteps      | 1265664    |
| train/                  |            |
|    approx_kl            | 0.08885837 |
|    clip_fraction        | 0.413      |
|    clip_range           | 0.2        |
|    entropy_loss         | -19.6      |
|    explained_variance   | 0.722      |
|    learning_rate        | 0.0003     |
|    loss                 | 1.23       |
|    n_updates            | 16360      |
|    policy_gradient_loss | -0.0622    |
|    std                  | 5.77       |
|    value_loss           | 5.2        |
----------------------------------------
----------------------------------------
| manipularl/             |            |
|    collision_rate       | 0.68       |
|    grasp_failure_rate   | 0.881      |
|    insert_depth_mean    | 0.000678   |
|    insert_tilt_deg_mean | 1.12       |
|    success_rate         | 0          |
|    xy_err_weight        | 1.05       |
| rollout/                |            |
|    ep_len_mean          | 189        |
|    ep_rew_mean          | -24.4      |
| time/                   |            |
|    fps                  | 667        |
|    iterations           | 310        |
|    time_elapsed         | 1903       |
|    total_timesteps      | 1269760    |
| train/                  |            |
|    approx_kl            | 0.12549183 |
|    clip_fraction        | 0.405      |
|    clip_range           | 0.2        |
|    entropy_loss         | -19.6      |
|    explained_variance   | 0.809      |
|    learning_rate        | 0.0003     |
|    loss                 | 0.592      |
|    n_updates            | 16370      |
|    policy_gradient_loss | -0.0688    |
|    std                  | 5.79       |
|    value_loss           | 2.9        |
----------------------------------------
----------------------------------------
| manipularl/             |            |
|    collision_rate       | 0.67       |
|    grasp_failure_rate   | 0.873      |
|    insert_depth_mean    | 7.7e-05    |
|    insert_tilt_deg_mean | 1.49       |
|    success_rate         | 0          |
|    xy_err_weight        | 1.05       |
| rollout/                |            |
|    ep_len_mean          | 196        |
|    ep_rew_mean          | -26.6      |
| time/                   |            |
|    fps                  | 667        |
|    iterations           | 311        |
|    time_elapsed         | 1909       |
|    total_timesteps      | 1273856    |
| train/                  |            |
|    approx_kl            | 0.12002677 |
|    clip_fraction        | 0.413      |
|    clip_range           | 0.2        |
|    entropy_loss         | -19.6      |
|    explained_variance   | 0.835      |
|    learning_rate        | 0.0003     |
|    loss                 | 0.698      |
|    n_updates            | 16380      |
|    policy_gradient_loss | -0.0709    |
|    std                  | 5.8        |
|    value_loss           | 3.51       |
----------------------------------------
----------------------------------------
| manipularl/             |            |
|    collision_rate       | 0.68       |
|    grasp_failure_rate   | 0.874      |
|    insert_depth_mean    | 7.7e-05    |
|    insert_tilt_deg_mean | 1.86       |
|    success_rate         | 0          |
|    xy_err_weight        | 1.04       |
| rollout/                |            |
|    ep_len_mean          | 196        |
|    ep_rew_mean          | -26.3      |
| time/                   |            |
|    fps                  | 667        |
|    iterations           | 312        |
|    time_elapsed         | 1915       |
|    total_timesteps      | 1277952    |
| train/                  |            |
|    approx_kl            | 0.12555565 |
|    clip_fraction        | 0.417      |
|    clip_range           | 0.2        |
|    entropy_loss         | -19.6      |
|    explained_variance   | 0.853      |
|    learning_rate        | 0.0003     |
|    loss                 | 0.486      |
|    n_updates            | 16390      |
|    policy_gradient_loss | -0.0716    |
|    std                  | 5.82       |
|    value_loss           | 3          |
----------------------------------------
----------------------------------------
| manipularl/             |            |
|    collision_rate       | 0.72       |
|    grasp_failure_rate   | 0.888      |
|    insert_depth_mean    | 0          |
|    insert_tilt_deg_mean | 2.23       |
|    success_rate         | 0          |
|    xy_err_weight        | 1.04       |
| rollout/                |            |
|    ep_len_mean          | 178        |
|    ep_rew_mean          | -23.5      |
| time/                   |            |
|    fps                  | 667        |
|    iterations           | 313        |
|    time_elapsed         | 1921       |
|    total_timesteps      | 1282048    |
| train/                  |            |
|    approx_kl            | 0.11354034 |
|    clip_fraction        | 0.389      |
|    clip_range           | 0.2        |
|    entropy_loss         | -19.6      |
|    explained_variance   | 0.823      |
|    learning_rate        | 0.0003     |
|    loss                 | 0.983      |
|    n_updates            | 16400      |
|    policy_gradient_loss | -0.0736    |
|    std                  | 5.82       |
|    value_loss           | 4.03       |
----------------------------------------
----------------------------------------
| manipularl/             |            |
|    collision_rate       | 0.74       |
|    grasp_failure_rate   | 0.879      |
|    insert_depth_mean    | 0          |
|    insert_tilt_deg_mean | 1.49       |
|    success_rate         | 0          |
|    xy_err_weight        | 1.04       |
| rollout/                |            |
|    ep_len_mean          | 177        |
|    ep_rew_mean          | -21.5      |
| time/                   |            |
|    fps                  | 667        |
|    iterations           | 314        |
|    time_elapsed         | 1927       |
|    total_timesteps      | 1286144    |
| train/                  |            |
|    approx_kl            | 0.12464821 |
|    clip_fraction        | 0.423      |
|    clip_range           | 0.2        |
|    entropy_loss         | -19.6      |
|    explained_variance   | 0.807      |
|    learning_rate        | 0.0003     |
|    loss                 | 1.07       |
|    n_updates            | 16410      |
|    policy_gradient_loss | -0.0766    |
|    std                  | 5.83       |
|    value_loss           | 5.08       |
----------------------------------------
-----------------------------------------
| manipularl/             |             |
|    collision_rate       | 0.78        |
|    grasp_failure_rate   | 0.885       |
|    insert_depth_mean    | 0.000601    |
|    insert_tilt_deg_mean | 0.747       |
|    success_rate         | 0           |
|    xy_err_weight        | 1.04        |
| rollout/                |             |
|    ep_len_mean          | 163         |
|    ep_rew_mean          | -18.5       |
| time/                   |             |
|    fps                  | 667         |
|    iterations           | 315         |
|    time_elapsed         | 1932        |
|    total_timesteps      | 1290240     |
| train/                  |             |
|    approx_kl            | 0.114102155 |
|    clip_fraction        | 0.4         |
|    clip_range           | 0.2         |
|    entropy_loss         | -19.6       |
|    explained_variance   | 0.866       |
|    learning_rate        | 0.0003      |
|    loss                 | 1.34        |
|    n_updates            | 16420       |
|    policy_gradient_loss | -0.0748     |
|    std                  | 5.85        |
|    value_loss           | 5.12        |
-----------------------------------------
---------------------------------------
| manipularl/             |           |
|    collision_rate       | 0.81      |
|    grasp_failure_rate   | 0.871     |
|    insert_depth_mean    | 0.000601  |
|    insert_tilt_deg_mean | 0.00285   |
|    success_rate         | 0         |
|    xy_err_weight        | 1.04      |
| rollout/                |           |
|    ep_len_mean          | 159       |
|    ep_rew_mean          | -18.1     |
| time/                   |           |
|    fps                  | 667       |
|    iterations           | 316       |
|    time_elapsed         | 1937      |
|    total_timesteps      | 1294336   |
| train/                  |           |
|    approx_kl            | 0.1268138 |
|    clip_fraction        | 0.43      |
|    clip_range           | 0.2       |
|    entropy_loss         | -19.6     |
|    explained_variance   | 0.877     |
|    learning_rate        | 0.0003    |
|    loss                 | 0.957     |
|    n_updates            | 16430     |
|    policy_gradient_loss | -0.0775   |
|    std                  | 5.86      |
|    value_loss           | 3.7       |
---------------------------------------
----------------------------------------
| manipularl/             |            |
|    collision_rate       | 0.77       |
|    grasp_failure_rate   | 0.867      |
|    insert_depth_mean    | 0.000601   |
|    insert_tilt_deg_mean | 0.00287    |
|    success_rate         | 0          |
|    xy_err_weight        | 1.04       |
| rollout/                |            |
|    ep_len_mean          | 161        |
|    ep_rew_mean          | -18.6      |
| time/                   |            |
|    fps                  | 668        |
|    iterations           | 317        |
|    time_elapsed         | 1942       |
|    total_timesteps      | 1298432    |
| train/                  |            |
|    approx_kl            | 0.15881012 |
|    clip_fraction        | 0.455      |
|    clip_range           | 0.2        |
|    entropy_loss         | -19.6      |
|    explained_variance   | 0.805      |
|    learning_rate        | 0.0003     |
|    loss                 | 1.17       |
|    n_updates            | 16440      |
|    policy_gradient_loss | -0.0787    |
|    std                  | 5.88       |
|    value_loss           | 4.63       |
----------------------------------------
---------------------------------------
| manipularl/             |           |
|    collision_rate       | 0.76      |
|    grasp_failure_rate   | 0.88      |
|    insert_depth_mean    | 0.000618  |
|    insert_tilt_deg_mean | 0.00327   |
|    success_rate         | 0         |
|    xy_err_weight        | 1.03      |
| rollout/                |           |
|    ep_len_mean          | 158       |
|    ep_rew_mean          | -18.5     |
| time/                   |           |
|    fps                  | 668       |
|    iterations           | 318       |
|    time_elapsed         | 1948      |
|    total_timesteps      | 1302528   |
| train/                  |           |
|    approx_kl            | 0.1117129 |
|    clip_fraction        | 0.395     |
|    clip_range           | 0.2       |
|    entropy_loss         | -19.6     |
|    explained_variance   | 0.907     |
|    learning_rate        | 0.0003    |
|    loss                 | 0.95      |
|    n_updates            | 16450     |
|    policy_gradient_loss | -0.0757   |
|    std                  | 5.89      |
|    value_loss           | 4.38      |
---------------------------------------
----------------------------------------
| manipularl/             |            |
|    collision_rate       | 0.71       |
|    grasp_failure_rate   | 0.877      |
|    insert_depth_mean    | 1.77e-05   |
|    insert_tilt_deg_mean | 0.00343    |
|    success_rate         | 0          |
|    xy_err_weight        | 1.03       |
| rollout/                |            |
|    ep_len_mean          | 173        |
|    ep_rew_mean          | -21.7      |
| time/                   |            |
|    fps                  | 668        |
|    iterations           | 319        |
|    time_elapsed         | 1955       |
|    total_timesteps      | 1306624    |
| train/                  |            |
|    approx_kl            | 0.12398761 |
|    clip_fraction        | 0.415      |
|    clip_range           | 0.2        |
|    entropy_loss         | -19.6      |
|    explained_variance   | 0.833      |
|    learning_rate        | 0.0003     |
|    loss                 | 1.04       |
|    n_updates            | 16460      |
|    policy_gradient_loss | -0.0719    |
|    std                  | 5.89       |
|    value_loss           | 4.12       |
----------------------------------------
----------------------------------------
| manipularl/             |            |
|    collision_rate       | 0.71       |
|    grasp_failure_rate   | 0.875      |
|    insert_depth_mean    | 4.92e-05   |
|    insert_tilt_deg_mean | 0.00341    |
|    success_rate         | 0          |
|    xy_err_weight        | 1.03       |
| rollout/                |            |
|    ep_len_mean          | 179        |
|    ep_rew_mean          | -22        |
| time/                   |            |
|    fps                  | 668        |
|    iterations           | 320        |
|    time_elapsed         | 1961       |
|    total_timesteps      | 1310720    |
| train/                  |            |
|    approx_kl            | 0.11846469 |
|    clip_fraction        | 0.406      |
|    clip_range           | 0.2        |
|    entropy_loss         | -19.6      |
|    explained_variance   | 0.887      |
|    learning_rate        | 0.0003     |
|    loss                 | 0.701      |
|    n_updates            | 16470      |
|    policy_gradient_loss | -0.0711    |
|    std                  | 5.9        |
|    value_loss           | 3.47       |
----------------------------------------
-----------------------------------------
| manipularl/             |             |
|    collision_rate       | 0.69        |
|    grasp_failure_rate   | 0.875       |
|    insert_depth_mean    | 4.92e-05    |
|    insert_tilt_deg_mean | 0.00325     |
|    success_rate         | 0           |
|    xy_err_weight        | 1.03        |
| rollout/                |             |
|    ep_len_mean          | 191         |
|    ep_rew_mean          | -22.9       |
| time/                   |             |
|    fps                  | 668         |
|    iterations           | 321         |
|    time_elapsed         | 1967        |
|    total_timesteps      | 1314816     |
| train/                  |             |
|    approx_kl            | 0.111212224 |
|    clip_fraction        | 0.423       |
|    clip_range           | 0.2         |
|    entropy_loss         | -19.6       |
|    explained_variance   | 0.862       |
|    learning_rate        | 0.0003      |
|    loss                 | 1.08        |
|    n_updates            | 16480       |
|    policy_gradient_loss | -0.0664     |
|    std                  | 5.91        |
|    value_loss           | 4.05        |
-----------------------------------------
----------------------------------------
| manipularl/             |            |
|    collision_rate       | 0.65       |
|    grasp_failure_rate   | 0.882      |
|    insert_depth_mean    | 4.92e-05   |
|    insert_tilt_deg_mean | 0.375      |
|    success_rate         | 0          |
|    xy_err_weight        | 1.03       |
| rollout/                |            |
|    ep_len_mean          | 203        |
|    ep_rew_mean          | -22.1      |
| time/                   |            |
|    fps                  | 668        |
|    iterations           | 322        |
|    time_elapsed         | 1972       |
|    total_timesteps      | 1318912    |
| train/                  |            |
|    approx_kl            | 0.11692797 |
|    clip_fraction        | 0.406      |
|    clip_range           | 0.2        |
|    entropy_loss         | -19.6      |
|    explained_variance   | 0.837      |
|    learning_rate        | 0.0003     |
|    loss                 | 0.746      |
|    n_updates            | 16490      |
|    policy_gradient_loss | -0.0717    |
|    std                  | 5.91       |
|    value_loss           | 3.42       |
----------------------------------------
----------------------------------------
| manipularl/             |            |
|    collision_rate       | 0.61       |
|    grasp_failure_rate   | 0.882      |
|    insert_depth_mean    | 3.15e-05   |
|    insert_tilt_deg_mean | 0.375      |
|    success_rate         | 0          |
|    xy_err_weight        | 1.03       |
| rollout/                |            |
|    ep_len_mean          | 216        |
|    ep_rew_mean          | -22.1      |
| time/                   |            |
|    fps                  | 668        |
|    iterations           | 323        |
|    time_elapsed         | 1979       |
|    total_timesteps      | 1323008    |
| train/                  |            |
|    approx_kl            | 0.12330219 |
|    clip_fraction        | 0.412      |
|    clip_range           | 0.2        |
|    entropy_loss         | -19.6      |
|    explained_variance   | 0.867      |
|    learning_rate        | 0.0003     |
|    loss                 | 0.677      |
|    n_updates            | 16500      |
|    policy_gradient_loss | -0.0782    |
|    std                  | 5.92       |
|    value_loss           | 3.66       |
----------------------------------------
-----------------------------------------
| manipularl/             |             |
|    collision_rate       | 0.63        |
|    grasp_failure_rate   | 0.865       |
|    insert_depth_mean    | 3.15e-05    |
|    insert_tilt_deg_mean | 0.406       |
|    success_rate         | 0           |
|    xy_err_weight        | 1.03        |
| rollout/                |             |
|    ep_len_mean          | 218         |
|    ep_rew_mean          | -21.2       |
| time/                   |             |
|    fps                  | 668         |
|    iterations           | 324         |
|    time_elapsed         | 1985        |
|    total_timesteps      | 1327104     |
| train/                  |             |
|    approx_kl            | 0.122535646 |
|    clip_fraction        | 0.412       |
|    clip_range           | 0.2         |
|    entropy_loss         | -19.6       |
|    explained_variance   | 0.867       |
|    learning_rate        | 0.0003      |
|    loss                 | 0.6         |
|    n_updates            | 16510       |
|    policy_gradient_loss | -0.0745     |
|    std                  | 5.93        |
|    value_loss           | 3.05        |
-----------------------------------------
-----------------------------------------
| manipularl/             |             |
|    collision_rate       | 0.6         |
|    grasp_failure_rate   | 0.879       |
|    insert_depth_mean    | 0           |
|    insert_tilt_deg_mean | 0.406       |
|    success_rate         | 0           |
|    xy_err_weight        | 1.02        |
| rollout/                |             |
|    ep_len_mean          | 227         |
|    ep_rew_mean          | -20.5       |
| time/                   |             |
|    fps                  | 668         |
|    iterations           | 325         |
|    time_elapsed         | 1990        |
|    total_timesteps      | 1331200     |
| train/                  |             |
|    approx_kl            | 0.103047386 |
|    clip_fraction        | 0.386       |
|    clip_range           | 0.2         |
|    entropy_loss         | -19.6       |
|    explained_variance   | 0.855       |
|    learning_rate        | 0.0003      |
|    loss                 | 0.706       |
|    n_updates            | 16520       |
|    policy_gradient_loss | -0.073      |
|    std                  | 5.94        |
|    value_loss           | 3.69        |
-----------------------------------------
-----------------------------------------
| manipularl/             |             |
|    collision_rate       | 0.63        |
|    grasp_failure_rate   | 0.88        |
|    insert_depth_mean    | 0           |
|    insert_tilt_deg_mean | 0.406       |
|    success_rate         | 0           |
|    xy_err_weight        | 1.02        |
| rollout/                |             |
|    ep_len_mean          | 211         |
|    ep_rew_mean          | -18.2       |
| time/                   |             |
|    fps                  | 668         |
|    iterations           | 326         |
|    time_elapsed         | 1996        |
|    total_timesteps      | 1335296     |
| train/                  |             |
|    approx_kl            | 0.096817754 |
|    clip_fraction        | 0.376       |
|    clip_range           | 0.2         |
|    entropy_loss         | -19.6       |
|    explained_variance   | 0.78        |
|    learning_rate        | 0.0003      |
|    loss                 | 1.26        |
|    n_updates            | 16530       |
|    policy_gradient_loss | -0.0696     |
|    std                  | 5.95        |
|    value_loss           | 4.61        |
-----------------------------------------
----------------------------------------
| manipularl/             |            |
|    collision_rate       | 0.64       |
|    grasp_failure_rate   | 0.88       |
|    insert_depth_mean    | 0          |
|    insert_tilt_deg_mean | 0.0341     |
|    success_rate         | 0          |
|    xy_err_weight        | 1.02       |
| rollout/                |            |
|    ep_len_mean          | 203        |
|    ep_rew_mean          | -17.9      |
| time/                   |            |
|    fps                  | 669        |
|    iterations           | 327        |
|    time_elapsed         | 2001       |
|    total_timesteps      | 1339392    |
| train/                  |            |
|    approx_kl            | 0.14918791 |
|    clip_fraction        | 0.415      |
|    clip_range           | 0.2        |
|    entropy_loss         | -19.6      |
|    explained_variance   | 0.873      |
|    learning_rate        | 0.0003     |
|    loss                 | 0.515      |
|    n_updates            | 16540      |
|    policy_gradient_loss | -0.0742    |
|    std                  | 5.95       |
|    value_loss           | 2.83       |
----------------------------------------
-----------------------------------------
| manipularl/             |             |
|    collision_rate       | 0.68        |
|    grasp_failure_rate   | 0.889       |
|    insert_depth_mean    | 0           |
|    insert_tilt_deg_mean | 0.0566      |
|    success_rate         | 0           |
|    xy_err_weight        | 1.02        |
| rollout/                |             |
|    ep_len_mean          | 189         |
|    ep_rew_mean          | -16.9       |
| time/                   |             |
|    fps                  | 669         |
|    iterations           | 328         |
|    time_elapsed         | 2006        |
|    total_timesteps      | 1343488     |
| train/                  |             |
|    approx_kl            | 0.121609755 |
|    clip_fraction        | 0.413       |
|    clip_range           | 0.2         |
|    entropy_loss         | -19.6       |
|    explained_variance   | 0.812       |
|    learning_rate        | 0.0003      |
|    loss                 | 0.829       |
|    n_updates            | 16550       |
|    policy_gradient_loss | -0.0734     |
|    std                  | 5.97        |
|    value_loss           | 4.14        |
-----------------------------------------
----------------------------------------
| manipularl/             |            |
|    collision_rate       | 0.7        |
|    grasp_failure_rate   | 0.903      |
|    insert_depth_mean    | 0          |
|    insert_tilt_deg_mean | 0.0597     |
|    success_rate         | 0          |
|    xy_err_weight        | 1.02       |
| rollout/                |            |
|    ep_len_mean          | 177        |
|    ep_rew_mean          | -14.1      |
| time/                   |            |
|    fps                  | 670        |
|    iterations           | 329        |
|    time_elapsed         | 2011       |
|    total_timesteps      | 1347584    |
| train/                  |            |
|    approx_kl            | 0.13424988 |
|    clip_fraction        | 0.42       |
|    clip_range           | 0.2        |
|    entropy_loss         | -19.6      |
|    explained_variance   | 0.809      |
|    learning_rate        | 0.0003     |
|    loss                 | 0.772      |
|    n_updates            | 16560      |
|    policy_gradient_loss | -0.0767    |
|    std                  | 5.98       |
|    value_loss           | 4.39       |
----------------------------------------
----------------------------------------
| manipularl/             |            |
|    collision_rate       | 0.72       |
|    grasp_failure_rate   | 0.902      |
|    insert_depth_mean    | 0          |
|    insert_tilt_deg_mean | 0.0687     |
|    success_rate         | 0          |
|    xy_err_weight        | 1.02       |
| rollout/                |            |
|    ep_len_mean          | 170        |
|    ep_rew_mean          | -15.1      |
| time/                   |            |
|    fps                  | 670        |
|    iterations           | 330        |
|    time_elapsed         | 2016       |
|    total_timesteps      | 1351680    |
| train/                  |            |
|    approx_kl            | 0.14929962 |
|    clip_fraction        | 0.457      |
|    clip_range           | 0.2        |
|    entropy_loss         | -19.6      |
|    explained_variance   | 0.872      |
|    learning_rate        | 0.0003     |
|    loss                 | 0.602      |
|    n_updates            | 16570      |
|    policy_gradient_loss | -0.0775    |
|    std                  | 5.99       |
|    value_loss           | 3.32       |
----------------------------------------
----------------------------------------
| manipularl/             |            |
|    collision_rate       | 0.7        |
|    grasp_failure_rate   | 0.912      |
|    insert_depth_mean    | 0          |
|    insert_tilt_deg_mean | 0.0729     |
|    success_rate         | 0          |
|    xy_err_weight        | 1.02       |
| rollout/                |            |
|    ep_len_mean          | 181        |
|    ep_rew_mean          | -15.5      |
| time/                   |            |
|    fps                  | 670        |
|    iterations           | 331        |
|    time_elapsed         | 2021       |
|    total_timesteps      | 1355776    |
| train/                  |            |
|    approx_kl            | 0.12671499 |
|    clip_fraction        | 0.434      |
|    clip_range           | 0.2        |
|    entropy_loss         | -19.6      |
|    explained_variance   | 0.832      |
|    learning_rate        | 0.0003     |
|    loss                 | 0.834      |
|    n_updates            | 16580      |
|    policy_gradient_loss | -0.0744    |
|    std                  | 6          |
|    value_loss           | 3.86       |
----------------------------------------
---------------------------------------
| manipularl/             |           |
|    collision_rate       | 0.71      |
|    grasp_failure_rate   | 0.911     |
|    insert_depth_mean    | 0         |
|    insert_tilt_deg_mean | 0.0643    |
|    success_rate         | 0         |
|    xy_err_weight        | 1.01      |
| rollout/                |           |
|    ep_len_mean          | 184       |
|    ep_rew_mean          | -16.4     |
| time/                   |           |
|    fps                  | 670       |
|    iterations           | 332       |
|    time_elapsed         | 2026      |
|    total_timesteps      | 1359872   |
| train/                  |           |
|    approx_kl            | 0.1290126 |
|    clip_fraction        | 0.424     |
|    clip_range           | 0.2       |
|    entropy_loss         | -19.6     |
|    explained_variance   | 0.846     |
|    learning_rate        | 0.0003    |
|    loss                 | 0.47      |
|    n_updates            | 16590     |
|    policy_gradient_loss | -0.0735   |
|    std                  | 6.01      |
|    value_loss           | 2.66      |
---------------------------------------
----------------------------------------
| manipularl/             |            |
|    collision_rate       | 0.68       |
|    grasp_failure_rate   | 0.917      |
|    insert_depth_mean    | 0          |
|    insert_tilt_deg_mean | 0.064      |
|    success_rate         | 0          |
|    xy_err_weight        | 1.01       |
| rollout/                |            |
|    ep_len_mean          | 195        |
|    ep_rew_mean          | -17.5      |
| time/                   |            |
|    fps                  | 671        |
|    iterations           | 333        |
|    time_elapsed         | 2032       |
|    total_timesteps      | 1363968    |
| train/                  |            |
|    approx_kl            | 0.19559456 |
|    clip_fraction        | 0.46       |
|    clip_range           | 0.2        |
|    entropy_loss         | -19.6      |
|    explained_variance   | 0.874      |
|    learning_rate        | 0.0003     |
|    loss                 | 0.489      |
|    n_updates            | 16600      |
|    policy_gradient_loss | -0.0808    |
|    std                  | 6.02       |
|    value_loss           | 2.94       |
----------------------------------------
----------------------------------------
| manipularl/             |            |
|    collision_rate       | 0.74       |
|    grasp_failure_rate   | 0.918      |
|    insert_depth_mean    | 0          |
|    insert_tilt_deg_mean | 0.021      |
|    success_rate         | 0          |
|    xy_err_weight        | 1.01       |
| rollout/                |            |
|    ep_len_mean          | 167        |
|    ep_rew_mean          | -15.7      |
| time/                   |            |
|    fps                  | 671        |
|    iterations           | 334        |
|    time_elapsed         | 2038       |
|    total_timesteps      | 1368064    |
| train/                  |            |
|    approx_kl            | 0.13432166 |
|    clip_fraction        | 0.416      |
|    clip_range           | 0.2        |
|    entropy_loss         | -19.6      |
|    explained_variance   | 0.871      |
|    learning_rate        | 0.0003     |
|    loss                 | 0.417      |
|    n_updates            | 16610      |
|    policy_gradient_loss | -0.0729    |
|    std                  | 6.04       |
|    value_loss           | 2.39       |
----------------------------------------
----------------------------------------
| manipularl/             |            |
|    collision_rate       | 0.7        |
|    grasp_failure_rate   | 0.924      |
|    insert_depth_mean    | 0          |
|    insert_tilt_deg_mean | 0.0318     |
|    success_rate         | 0          |
|    xy_err_weight        | 1.01       |
| rollout/                |            |
|    ep_len_mean          | 178        |
|    ep_rew_mean          | -16.3      |
| time/                   |            |
|    fps                  | 671        |
|    iterations           | 335        |
|    time_elapsed         | 2044       |
|    total_timesteps      | 1372160    |
| train/                  |            |
|    approx_kl            | 0.12494117 |
|    clip_fraction        | 0.408      |
|    clip_range           | 0.2        |
|    entropy_loss         | -19.6      |
|    explained_variance   | 0.772      |
|    learning_rate        | 0.0003     |
|    loss                 | 0.862      |
|    n_updates            | 16620      |
|    policy_gradient_loss | -0.0732    |
|    std                  | 6.05       |
|    value_loss           | 4.16       |
----------------------------------------
----------------------------------------
| manipularl/             |            |
|    collision_rate       | 0.71       |
|    grasp_failure_rate   | 0.915      |
|    insert_depth_mean    | 0          |
|    insert_tilt_deg_mean | 0.0141     |
|    success_rate         | 0          |
|    xy_err_weight        | 1.01       |
| rollout/                |            |
|    ep_len_mean          | 175        |
|    ep_rew_mean          | -18.4      |
| time/                   |            |
|    fps                  | 671        |
|    iterations           | 336        |
|    time_elapsed         | 2050       |
|    total_timesteps      | 1376256    |
| train/                  |            |
|    approx_kl            | 0.12838146 |
|    clip_fraction        | 0.423      |
|    clip_range           | 0.2        |
|    entropy_loss         | -19.6      |
|    explained_variance   | 0.838      |
|    learning_rate        | 0.0003     |
|    loss                 | 0.29       |
|    n_updates            | 16630      |
|    policy_gradient_loss | -0.0763    |
|    std                  | 6.06       |
|    value_loss           | 2.04       |
----------------------------------------
----------------------------------------
| manipularl/             |            |
|    collision_rate       | 0.77       |
|    grasp_failure_rate   | 0.922      |
|    insert_depth_mean    | 0          |
|    insert_tilt_deg_mean | 0.0262     |
|    success_rate         | 0          |
|    xy_err_weight        | 1.01       |
| rollout/                |            |
|    ep_len_mean          | 152        |
|    ep_rew_mean          | -17.3      |
| time/                   |            |
|    fps                  | 671        |
|    iterations           | 337        |
|    time_elapsed         | 2056       |
|    total_timesteps      | 1380352    |
| train/                  |            |
|    approx_kl            | 0.15106913 |
|    clip_fraction        | 0.459      |
|    clip_range           | 0.2        |
|    entropy_loss         | -19.6      |
|    explained_variance   | 0.672      |
|    learning_rate        | 0.0003     |
|    loss                 | 0.992      |
|    n_updates            | 16640      |
|    policy_gradient_loss | -0.0711    |
|    std                  | 6.08       |
|    value_loss           | 4.06       |
----------------------------------------
---------------------------------------
| manipularl/             |           |
|    collision_rate       | 0.75      |
|    grasp_failure_rate   | 0.906     |
|    insert_depth_mean    | 0         |
|    insert_tilt_deg_mean | 0.0666    |
|    success_rate         | 0         |
|    xy_err_weight        | 1.01      |
| rollout/                |           |
|    ep_len_mean          | 164       |
|    ep_rew_mean          | -19.9     |
| time/                   |           |
|    fps                  | 671       |
|    iterations           | 338       |
|    time_elapsed         | 2062      |
|    total_timesteps      | 1384448   |
| train/                  |           |
|    approx_kl            | 0.1197272 |
|    clip_fraction        | 0.417     |
|    clip_range           | 0.2       |
|    entropy_loss         | -19.6     |
|    explained_variance   | 0.714     |
|    learning_rate        | 0.0003    |
|    loss                 | 0.716     |
|    n_updates            | 16650     |
|    policy_gradient_loss | -0.0737   |
|    std                  | 6.1       |
|    value_loss           | 3.71      |
---------------------------------------
-----------------------------------------
| manipularl/             |             |
|    collision_rate       | 0.83        |
|    grasp_failure_rate   | 0.909       |
|    insert_depth_mean    | 0           |
|    insert_tilt_deg_mean | 0.0965      |
|    success_rate         | 0           |
|    xy_err_weight        | 1           |
| rollout/                |             |
|    ep_len_mean          | 137         |
|    ep_rew_mean          | -19.2       |
| time/                   |             |
|    fps                  | 671         |
|    iterations           | 339         |
|    time_elapsed         | 2068        |
|    total_timesteps      | 1388544     |
| train/                  |             |
|    approx_kl            | 0.100838125 |
|    clip_fraction        | 0.377       |
|    clip_range           | 0.2         |
|    entropy_loss         | -19.6       |
|    explained_variance   | 0.809       |
|    learning_rate        | 0.0003      |
|    loss                 | 0.998       |
|    n_updates            | 16660       |
|    policy_gradient_loss | -0.0731     |
|    std                  | 6.12        |
|    value_loss           | 4.49        |
-----------------------------------------
-----------------------------------------
| manipularl/             |             |
|    collision_rate       | 0.78        |
|    grasp_failure_rate   | 0.905       |
|    insert_depth_mean    | 0           |
|    insert_tilt_deg_mean | 0.136       |
|    success_rate         | 0           |
|    xy_err_weight        | 1           |
| rollout/                |             |
|    ep_len_mean          | 149         |
|    ep_rew_mean          | -18.8       |
| time/                   |             |
|    fps                  | 671         |
|    iterations           | 340         |
|    time_elapsed         | 2074        |
|    total_timesteps      | 1392640     |
| train/                  |             |
|    approx_kl            | 0.107475206 |
|    clip_fraction        | 0.387       |
|    clip_range           | 0.2         |
|    entropy_loss         | -19.7       |
|    explained_variance   | 0.782       |
|    learning_rate        | 0.0003      |
|    loss                 | 1.14        |
|    n_updates            | 16670       |
|    policy_gradient_loss | -0.0779     |
|    std                  | 6.13        |
|    value_loss           | 4.72        |
-----------------------------------------
-----------------------------------------
| manipularl/             |             |
|    collision_rate       | 0.76        |
|    grasp_failure_rate   | 0.899       |
|    insert_depth_mean    | 0           |
|    insert_tilt_deg_mean | 0.165       |
|    success_rate         | 0           |
|    xy_err_weight        | 1           |
| rollout/                |             |
|    ep_len_mean          | 155         |
|    ep_rew_mean          | -18.9       |
| time/                   |             |
|    fps                  | 671         |
|    iterations           | 341         |
|    time_elapsed         | 2080        |
|    total_timesteps      | 1396736     |
| train/                  |             |
|    approx_kl            | 0.111498475 |
|    clip_fraction        | 0.388       |
|    clip_range           | 0.2         |
|    entropy_loss         | -19.7       |
|    explained_variance   | 0.833       |
|    learning_rate        | 0.0003      |
|    loss                 | 0.651       |
|    n_updates            | 16680       |
|    policy_gradient_loss | -0.0749     |
|    std                  | 6.15        |
|    value_loss           | 3.42        |
-----------------------------------------
Eval num_timesteps=1400000, episode_reward=-8.05 +/- 12.90
Episode length: 134.15 +/- 129.49
----------------------------------------
| eval/                   |            |
|    mean_ep_length       | 134        |
|    mean_reward          | -8.05      |
| manipularl/             |            |
|    collision_rate       | 0.76       |
|    grasp_failure_rate   | 0.9        |
|    insert_depth_mean    | 0          |
|    insert_tilt_deg_mean | 0.2        |
|    success_rate         | 0          |
|    xy_err_weight        | 1          |
| time/                   |            |
|    total_timesteps      | 1400000    |
| train/                  |            |
|    approx_kl            | 0.12079496 |
|    clip_fraction        | 0.404      |
|    clip_range           | 0.2        |
|    entropy_loss         | -19.7      |
|    explained_variance   | 0.769      |
|    learning_rate        | 0.0003     |
|    loss                 | 1.35       |
|    n_updates            | 16690      |
|    policy_gradient_loss | -0.0751    |
|    std                  | 6.17       |
|    value_loss           | 5.08       |
----------------------------------------
New best mean reward!
--------------------------------------
| manipularl/             |          |
|    collision_rate       | 0.75     |
|    grasp_failure_rate   | 0.901    |
|    insert_depth_mean    | 0        |
|    insert_tilt_deg_mean | 0.159    |
|    success_rate         | 0        |
|    xy_err_weight        | 1        |
| rollout/                |          |
|    ep_len_mean          | 161      |
|    ep_rew_mean          | -17.7    |
| time/                   |          |
|    fps                  | 667      |
|    iterations           | 342      |
|    time_elapsed         | 2097     |
|    total_timesteps      | 1400832  |
--------------------------------------
---------------------------------------
| manipularl/             |           |
|    collision_rate       | 0.74      |
|    grasp_failure_rate   | 0.903     |
|    insert_depth_mean    | 0         |
|    insert_tilt_deg_mean | 0.118     |
|    success_rate         | 0         |
|    xy_err_weight        | 1         |
| rollout/                |           |
|    ep_len_mean          | 162       |
|    ep_rew_mean          | -15.5     |
| time/                   |           |
|    fps                  | 667       |
|    iterations           | 343       |
|    time_elapsed         | 2103      |
|    total_timesteps      | 1404928   |
| train/                  |           |
|    approx_kl            | 0.1797779 |
|    clip_fraction        | 0.444     |
|    clip_range           | 0.2       |
|    entropy_loss         | -19.7     |
|    explained_variance   | 0.866     |
|    learning_rate        | 0.0003    |
|    loss                 | 0.432     |
|    n_updates            | 16700     |
|    policy_gradient_loss | -0.0782   |
|    std                  | 6.18      |
|    value_loss           | 2.87      |
---------------------------------------
----------------------------------------
| manipularl/             |            |
|    collision_rate       | 0.75       |
|    grasp_failure_rate   | 0.918      |
|    insert_depth_mean    | 0          |
|    insert_tilt_deg_mean | 0.0888     |
|    success_rate         | 0          |
|    xy_err_weight        | 1          |
| rollout/                |            |
|    ep_len_mean          | 150        |
|    ep_rew_mean          | -15.1      |
| time/                   |            |
|    fps                  | 667        |
|    iterations           | 344        |
|    time_elapsed         | 2109       |
|    total_timesteps      | 1409024    |
| train/                  |            |
|    approx_kl            | 0.14648908 |
|    clip_fraction        | 0.447      |
|    clip_range           | 0.2        |
|    entropy_loss         | -19.7      |
|    explained_variance   | 0.784      |
|    learning_rate        | 0.0003     |
|    loss                 | 0.628      |
|    n_updates            | 16710      |
|    policy_gradient_loss | -0.0765    |
|    std                  | 6.19       |
|    value_loss           | 3.6        |
----------------------------------------
----------------------------------------
| manipularl/             |            |
|    collision_rate       | 0.74       |
|    grasp_failure_rate   | 0.923      |
|    insert_depth_mean    | 0          |
|    insert_tilt_deg_mean | 0.0479     |
|    success_rate         | 0          |
|    xy_err_weight        | 1          |
| rollout/                |            |
|    ep_len_mean          | 154        |
|    ep_rew_mean          | -14        |
| time/                   |            |
|    fps                  | 668        |
|    iterations           | 345        |
|    time_elapsed         | 2115       |
|    total_timesteps      | 1413120    |
| train/                  |            |
|    approx_kl            | 0.15299109 |
|    clip_fraction        | 0.443      |
|    clip_range           | 0.2        |
|    entropy_loss         | -19.7      |
|    explained_variance   | 0.843      |
|    learning_rate        | 0.0003     |
|    loss                 | 0.877      |
|    n_updates            | 16720      |
|    policy_gradient_loss | -0.0758    |
|    std                  | 6.19       |
|    value_loss           | 3.46       |
----------------------------------------
----------------------------------------
| manipularl/             |            |
|    collision_rate       | 0.75       |
|    grasp_failure_rate   | 0.933      |
|    insert_depth_mean    | 0          |
|    insert_tilt_deg_mean | 0.0134     |
|    success_rate         | 0          |
|    xy_err_weight        | 1          |
| rollout/                |            |
|    ep_len_mean          | 147        |
|    ep_rew_mean          | -14.4      |
| time/                   |            |
|    fps                  | 668        |
|    iterations           | 346        |
|    time_elapsed         | 2120       |
|    total_timesteps      | 1417216    |
| train/                  |            |
|    approx_kl            | 0.14440106 |
|    clip_fraction        | 0.439      |
|    clip_range           | 0.2        |
|    entropy_loss         | -19.7      |
|    explained_variance   | 0.856      |
|    learning_rate        | 0.0003     |
|    loss                 | 0.48       |
|    n_updates            | 16730      |
|    policy_gradient_loss | -0.0762    |
|    std                  | 6.19       |
|    value_loss           | 2.89       |
----------------------------------------
----------------------------------------
| manipularl/             |            |
|    collision_rate       | 0.72       |
|    grasp_failure_rate   | 0.933      |
|    insert_depth_mean    | 0          |
|    insert_tilt_deg_mean | 0.0134     |
|    success_rate         | 0          |
|    xy_err_weight        | 1          |
| rollout/                |            |
|    ep_len_mean          | 157        |
|    ep_rew_mean          | -16.1      |
| time/                   |            |
|    fps                  | 668        |
|    iterations           | 347        |
|    time_elapsed         | 2126       |
|    total_timesteps      | 1421312    |
| train/                  |            |
|    approx_kl            | 0.13674906 |
|    clip_fraction        | 0.425      |
|    clip_range           | 0.2        |
|    entropy_loss         | -19.7      |
|    explained_variance   | 0.745      |
|    learning_rate        | 0.0003     |
|    loss                 | 0.841      |
|    n_updates            | 16740      |
|    policy_gradient_loss | -0.0765    |
|    std                  | 6.2        |
|    value_loss           | 3.75       |
----------------------------------------
----------------------------------------
| manipularl/             |            |
|    collision_rate       | 0.71       |
|    grasp_failure_rate   | 0.911      |
|    insert_depth_mean    | 0          |
|    insert_tilt_deg_mean | 0.00257    |
|    success_rate         | 0          |
|    xy_err_weight        | 1          |
| rollout/                |            |
|    ep_len_mean          | 170        |
|    ep_rew_mean          | -18.4      |
| time/                   |            |
|    fps                  | 668        |
|    iterations           | 348        |
|    time_elapsed         | 2131       |
|    total_timesteps      | 1425408    |
| train/                  |            |
|    approx_kl            | 0.10970412 |
|    clip_fraction        | 0.386      |
|    clip_range           | 0.2        |
|    entropy_loss         | -19.7      |
|    explained_variance   | 0.756      |
|    learning_rate        | 0.0003     |
|    loss                 | 0.825      |
|    n_updates            | 16750      |
|    policy_gradient_loss | -0.0726    |
|    std                  | 6.22       |
|    value_loss           | 4.01       |
----------------------------------------
----------------------------------------
| manipularl/             |            |
|    collision_rate       | 0.68       |
|    grasp_failure_rate   | 0.905      |
|    insert_depth_mean    | 0          |
|    insert_tilt_deg_mean | 0.00252    |
|    success_rate         | 0          |
|    xy_err_weight        | 1          |
| rollout/                |            |
|    ep_len_mean          | 182        |
|    ep_rew_mean          | -19.9      |
| time/                   |            |
|    fps                  | 668        |
|    iterations           | 349        |
|    time_elapsed         | 2136       |
|    total_timesteps      | 1429504    |
| train/                  |            |
|    approx_kl            | 0.10618938 |
|    clip_fraction        | 0.395      |
|    clip_range           | 0.2        |
|    entropy_loss         | -19.7      |
|    explained_variance   | 0.751      |
|    learning_rate        | 0.0003     |
|    loss                 | 0.737      |
|    n_updates            | 16760      |
|    policy_gradient_loss | -0.0706    |
|    std                  | 6.22       |
|    value_loss           | 3.83       |
----------------------------------------
---------------------------------------
| manipularl/             |           |
|    collision_rate       | 0.7       |
|    grasp_failure_rate   | 0.893     |
|    insert_depth_mean    | 0         |
|    insert_tilt_deg_mean | 0.00265   |
|    success_rate         | 0         |
|    xy_err_weight        | 1         |
| rollout/                |           |
|    ep_len_mean          | 184       |
|    ep_rew_mean          | -21.6     |
| time/                   |           |
|    fps                  | 669       |
|    iterations           | 350       |
|    time_elapsed         | 2142      |
|    total_timesteps      | 1433600   |
| train/                  |           |
|    approx_kl            | 0.1496611 |
|    clip_fraction        | 0.447     |
|    clip_range           | 0.2       |
|    entropy_loss         | -19.7     |
|    explained_variance   | 0.863     |
|    learning_rate        | 0.0003    |
|    loss                 | 0.461     |
|    n_updates            | 16770     |
|    policy_gradient_loss | -0.065    |
|    std                  | 6.23      |
|    value_loss           | 2.51      |
---------------------------------------
----------------------------------------
| manipularl/             |            |
|    collision_rate       | 0.69       |
|    grasp_failure_rate   | 0.893      |
|    insert_depth_mean    | 0          |
|    insert_tilt_deg_mean | 0.00287    |
|    success_rate         | 0          |
|    xy_err_weight        | 1          |
| rollout/                |            |
|    ep_len_mean          | 188        |
|    ep_rew_mean          | -20.8      |
| time/                   |            |
|    fps                  | 669        |
|    iterations           | 351        |
|    time_elapsed         | 2148       |
|    total_timesteps      | 1437696    |
| train/                  |            |
|    approx_kl            | 0.13983023 |
|    clip_fraction        | 0.44       |
|    clip_range           | 0.2        |
|    entropy_loss         | -19.7      |
|    explained_variance   | 0.696      |
|    learning_rate        | 0.0003     |
|    loss                 | 0.771      |
|    n_updates            | 16780      |
|    policy_gradient_loss | -0.0751    |
|    std                  | 6.24       |
|    value_loss           | 3.82       |
----------------------------------------
----------------------------------------
| manipularl/             |            |
|    collision_rate       | 0.68       |
|    grasp_failure_rate   | 0.909      |
|    insert_depth_mean    | 7.05e-05   |
|    insert_tilt_deg_mean | 0.00299    |
|    success_rate         | 0          |
|    xy_err_weight        | 1          |
| rollout/                |            |
|    ep_len_mean          | 183        |
|    ep_rew_mean          | -18.3      |
| time/                   |            |
|    fps                  | 669        |
|    iterations           | 352        |
|    time_elapsed         | 2154       |
|    total_timesteps      | 1441792    |
| train/                  |            |
|    approx_kl            | 0.16432866 |
|    clip_fraction        | 0.45       |
|    clip_range           | 0.2        |
|    entropy_loss         | -19.7      |
|    explained_variance   | 0.831      |
|    learning_rate        | 0.0003     |
|    loss                 | 0.52       |
|    n_updates            | 16790      |
|    policy_gradient_loss | -0.0673    |
|    std                  | 6.25       |
|    value_loss           | 2.74       |
----------------------------------------
----------------------------------------
| manipularl/             |            |
|    collision_rate       | 0.73       |
|    grasp_failure_rate   | 0.909      |
|    insert_depth_mean    | 7.05e-05   |
|    insert_tilt_deg_mean | 0.00309    |
|    success_rate         | 0          |
|    xy_err_weight        | 1          |
| rollout/                |            |
|    ep_len_mean          | 182        |
|    ep_rew_mean          | -17.4      |
| time/                   |            |
|    fps                  | 669        |
|    iterations           | 353        |
|    time_elapsed         | 2159       |
|    total_timesteps      | 1445888    |
| train/                  |            |
|    approx_kl            | 0.13892668 |
|    clip_fraction        | 0.427      |
|    clip_range           | 0.2        |
|    entropy_loss         | -19.7      |
|    explained_variance   | 0.858      |
|    learning_rate        | 0.0003     |
|    loss                 | 0.465      |
|    n_updates            | 16800      |
|    policy_gradient_loss | -0.0754    |
|    std                  | 6.25       |
|    value_loss           | 2.7        |
----------------------------------------
-----------------------------------------
| manipularl/             |             |
|    collision_rate       | 0.77        |
|    grasp_failure_rate   | 0.897       |
|    insert_depth_mean    | 7.05e-05    |
|    insert_tilt_deg_mean | 0.00319     |
|    success_rate         | 0           |
|    xy_err_weight        | 1           |
| rollout/                |             |
|    ep_len_mean          | 170         |
|    ep_rew_mean          | -16.9       |
| time/                   |             |
|    fps                  | 669         |
|    iterations           | 354         |
|    time_elapsed         | 2164        |
|    total_timesteps      | 1449984     |
| train/                  |             |
|    approx_kl            | 0.103238344 |
|    clip_fraction        | 0.403       |
|    clip_range           | 0.2         |
|    entropy_loss         | -19.7       |
|    explained_variance   | 0.766       |
|    learning_rate        | 0.0003      |
|    loss                 | 1.1         |
|    n_updates            | 16810       |
|    policy_gradient_loss | -0.0702     |
|    std                  | 6.26        |
|    value_loss           | 4.75        |
-----------------------------------------
----------------------------------------
| manipularl/             |            |
|    collision_rate       | 0.74       |
|    grasp_failure_rate   | 0.886      |
|    insert_depth_mean    | 7.05e-05   |
|    insert_tilt_deg_mean | 0.00291    |
|    success_rate         | 0          |
|    xy_err_weight        | 1          |
| rollout/                |            |
|    ep_len_mean          | 184        |
|    ep_rew_mean          | -19.7      |
| time/                   |            |
|    fps                  | 669        |
|    iterations           | 355        |
|    time_elapsed         | 2170       |
|    total_timesteps      | 1454080    |
| train/                  |            |
|    approx_kl            | 0.10024439 |
|    clip_fraction        | 0.364      |
|    clip_range           | 0.2        |
|    entropy_loss         | -19.7      |
|    explained_variance   | 0.685      |
|    learning_rate        | 0.0003     |
|    loss                 | 1.42       |
|    n_updates            | 16820      |
|    policy_gradient_loss | -0.0668    |
|    std                  | 6.28       |
|    value_loss           | 5.8        |
----------------------------------------
----------------------------------------
| manipularl/             |            |
|    collision_rate       | 0.73       |
|    grasp_failure_rate   | 0.875      |
|    insert_depth_mean    | 0          |
|    insert_tilt_deg_mean | 0.00314    |
|    success_rate         | 0          |
|    xy_err_weight        | 1          |
| rollout/                |            |
|    ep_len_mean          | 191        |
|    ep_rew_mean          | -21.8      |
| time/                   |            |
|    fps                  | 669        |
|    iterations           | 356        |
|    time_elapsed         | 2176       |
|    total_timesteps      | 1458176    |
| train/                  |            |
|    approx_kl            | 0.11274569 |
|    clip_fraction        | 0.401      |
|    clip_range           | 0.2        |
|    entropy_loss         | -19.7      |
|    explained_variance   | 0.828      |
|    learning_rate        | 0.0003     |
|    loss                 | 1.37       |
|    n_updates            | 16830      |
|    policy_gradient_loss | -0.0682    |
|    std                  | 6.29       |
|    value_loss           | 4.81       |
----------------------------------------
----------------------------------------
| manipularl/             |            |
|    collision_rate       | 0.73       |
|    grasp_failure_rate   | 0.862      |
|    insert_depth_mean    | 0          |
|    insert_tilt_deg_mean | 0.00325    |
|    success_rate         | 0          |
|    xy_err_weight        | 1          |
| rollout/                |            |
|    ep_len_mean          | 189        |
|    ep_rew_mean          | -20.8      |
| time/                   |            |
|    fps                  | 669        |
|    iterations           | 357        |
|    time_elapsed         | 2182       |
|    total_timesteps      | 1462272    |
| train/                  |            |
|    approx_kl            | 0.12978414 |
|    clip_fraction        | 0.415      |
|    clip_range           | 0.2        |
|    entropy_loss         | -19.7      |
|    explained_variance   | 0.774      |
|    learning_rate        | 0.0003     |
|    loss                 | 1.19       |
|    n_updates            | 16840      |
|    policy_gradient_loss | -0.0738    |
|    std                  | 6.31       |
|    value_loss           | 4.63       |
----------------------------------------
----------------------------------------
| manipularl/             |            |
|    collision_rate       | 0.69       |
|    grasp_failure_rate   | 0.868      |
|    insert_depth_mean    | 0          |
|    insert_tilt_deg_mean | 0.00311    |
|    success_rate         | 0          |
|    xy_err_weight        | 1          |
| rollout/                |            |
|    ep_len_mean          | 196        |
|    ep_rew_mean          | -19.9      |
| time/                   |            |
|    fps                  | 669        |
|    iterations           | 358        |
|    time_elapsed         | 2190       |
|    total_timesteps      | 1466368    |
| train/                  |            |
|    approx_kl            | 0.13139191 |
|    clip_fraction        | 0.418      |
|    clip_range           | 0.2        |
|    entropy_loss         | -19.7      |
|    explained_variance   | 0.727      |
|    learning_rate        | 0.0003     |
|    loss                 | 0.561      |
|    n_updates            | 16850      |
|    policy_gradient_loss | -0.0776    |
|    std                  | 6.32       |
|    value_loss           | 3.22       |
----------------------------------------
----------------------------------------
| manipularl/             |            |
|    collision_rate       | 0.66       |
|    grasp_failure_rate   | 0.885      |
|    insert_depth_mean    | 0          |
|    insert_tilt_deg_mean | 0.00304    |
|    success_rate         | 0          |
|    xy_err_weight        | 1          |
| rollout/                |            |
|    ep_len_mean          | 203        |
|    ep_rew_mean          | -18.9      |
| time/                   |            |
|    fps                  | 669        |
|    iterations           | 359        |
|    time_elapsed         | 2196       |
|    total_timesteps      | 1470464    |
| train/                  |            |
|    approx_kl            | 0.15106165 |
|    clip_fraction        | 0.438      |
|    clip_range           | 0.2        |
|    entropy_loss         | -19.7      |
|    explained_variance   | 0.804      |
|    learning_rate        | 0.0003     |
|    loss                 | 0.752      |
|    n_updates            | 16860      |
|    policy_gradient_loss | -0.0755    |
|    std                  | 6.33       |
|    value_loss           | 3.51       |
----------------------------------------
-----------------------------------------
| manipularl/             |             |
|    collision_rate       | 0.68        |
|    grasp_failure_rate   | 0.883       |
|    insert_depth_mean    | 0           |
|    insert_tilt_deg_mean | 0.00322     |
|    success_rate         | 0           |
|    xy_err_weight        | 1           |
| rollout/                |             |
|    ep_len_mean          | 203         |
|    ep_rew_mean          | -20.3       |
| time/                   |             |
|    fps                  | 669         |
|    iterations           | 360         |
|    time_elapsed         | 2203        |
|    total_timesteps      | 1474560     |
| train/                  |             |
|    approx_kl            | 0.122051805 |
|    clip_fraction        | 0.402       |
|    clip_range           | 0.2         |
|    entropy_loss         | -19.7       |
|    explained_variance   | 0.771       |
|    learning_rate        | 0.0003      |
|    loss                 | 0.689       |
|    n_updates            | 16870       |
|    policy_gradient_loss | -0.0663     |
|    std                  | 6.34        |
|    value_loss           | 3.39        |
-----------------------------------------
----------------------------------------
| manipularl/             |            |
|    collision_rate       | 0.69       |
|    grasp_failure_rate   | 0.906      |
|    insert_depth_mean    | 0          |
|    insert_tilt_deg_mean | 0.00337    |
|    success_rate         | 0          |
|    xy_err_weight        | 1          |
| rollout/                |            |
|    ep_len_mean          | 187        |
|    ep_rew_mean          | -19.3      |
| time/                   |            |
|    fps                  | 669        |
|    iterations           | 361        |
|    time_elapsed         | 2209       |
|    total_timesteps      | 1478656    |
| train/                  |            |
|    approx_kl            | 0.08528526 |
|    clip_fraction        | 0.346      |
|    clip_range           | 0.2        |
|    entropy_loss         | -19.7      |
|    explained_variance   | 0.691      |
|    learning_rate        | 0.0003     |
|    loss                 | 1.4        |
|    n_updates            | 16880      |
|    policy_gradient_loss | -0.0641    |
|    std                  | 6.36       |
|    value_loss           | 5.23       |
----------------------------------------
----------------------------------------
| manipularl/             |            |
|    collision_rate       | 0.71       |
|    grasp_failure_rate   | 0.884      |
|    insert_depth_mean    | 0          |
|    insert_tilt_deg_mean | 0.00374    |
|    success_rate         | 0          |
|    xy_err_weight        | 1          |
| rollout/                |            |
|    ep_len_mean          | 182        |
|    ep_rew_mean          | -23.8      |
| time/                   |            |
|    fps                  | 669        |
|    iterations           | 362        |
|    time_elapsed         | 2216       |
|    total_timesteps      | 1482752    |
| train/                  |            |
|    approx_kl            | 0.09860125 |
|    clip_fraction        | 0.379      |
|    clip_range           | 0.2        |
|    entropy_loss         | -19.7      |
|    explained_variance   | 0.802      |
|    learning_rate        | 0.0003     |
|    loss                 | 0.976      |
|    n_updates            | 16890      |
|    policy_gradient_loss | -0.0617    |
|    std                  | 6.37       |
|    value_loss           | 4.02       |
----------------------------------------
----------------------------------------
| manipularl/             |            |
|    collision_rate       | 0.75       |
|    grasp_failure_rate   | 0.875      |
|    insert_depth_mean    | 2.92e-05   |
|    insert_tilt_deg_mean | 0.00412    |
|    success_rate         | 0          |
|    xy_err_weight        | 1          |
| rollout/                |            |
|    ep_len_mean          | 168        |
|    ep_rew_mean          | -23.1      |
| time/                   |            |
|    fps                  | 669        |
|    iterations           | 363        |
|    time_elapsed         | 2222       |
|    total_timesteps      | 1486848    |
| train/                  |            |
|    approx_kl            | 0.09007788 |
|    clip_fraction        | 0.392      |
|    clip_range           | 0.2        |
|    entropy_loss         | -19.7      |
|    explained_variance   | 0.578      |
|    learning_rate        | 0.0003     |
|    loss                 | 1.6        |
|    n_updates            | 16900      |
|    policy_gradient_loss | -0.0529    |
|    std                  | 6.37       |
|    value_loss           | 6.6        |
----------------------------------------
----------------------------------------
| manipularl/             |            |
|    collision_rate       | 0.76       |
|    grasp_failure_rate   | 0.901      |
|    insert_depth_mean    | 2.92e-05   |
|    insert_tilt_deg_mean | 0.00415    |
|    success_rate         | 0          |
|    xy_err_weight        | 1          |
| rollout/                |            |
|    ep_len_mean          | 154        |
|    ep_rew_mean          | -18.8      |
| time/                   |            |
|    fps                  | 668        |
|    iterations           | 364        |
|    time_elapsed         | 2228       |
|    total_timesteps      | 1490944    |
| train/                  |            |
|    approx_kl            | 0.12100953 |
|    clip_fraction        | 0.395      |
|    clip_range           | 0.2        |
|    entropy_loss         | -19.7      |
|    explained_variance   | 0.796      |
|    learning_rate        | 0.0003     |
|    loss                 | 0.725      |
|    n_updates            | 16910      |
|    policy_gradient_loss | -0.0717    |
|    std                  | 6.37       |
|    value_loss           | 3.44       |
----------------------------------------
----------------------------------------
| manipularl/             |            |
|    collision_rate       | 0.76       |
|    grasp_failure_rate   | 0.896      |
|    insert_depth_mean    | 2.92e-05   |
|    insert_tilt_deg_mean | 0.00424    |
|    success_rate         | 0          |
|    xy_err_weight        | 1          |
| rollout/                |            |
|    ep_len_mean          | 163        |
|    ep_rew_mean          | -19.4      |
| time/                   |            |
|    fps                  | 668        |
|    iterations           | 365        |
|    time_elapsed         | 2237       |
|    total_timesteps      | 1495040    |
| train/                  |            |
|    approx_kl            | 0.12265364 |
|    clip_fraction        | 0.406      |
|    clip_range           | 0.2        |
|    entropy_loss         | -19.7      |
|    explained_variance   | 0.798      |
|    learning_rate        | 0.0003     |
|    loss                 | 0.598      |
|    n_updates            | 16920      |
|    policy_gradient_loss | -0.0769    |
|    std                  | 6.38       |
|    value_loss           | 3.4        |
----------------------------------------
----------------------------------------
| manipularl/             |            |
|    collision_rate       | 0.76       |
|    grasp_failure_rate   | 0.92       |
|    insert_depth_mean    | 2.92e-05   |
|    insert_tilt_deg_mean | 0.00423    |
|    success_rate         | 0          |
|    xy_err_weight        | 1          |
| rollout/                |            |
|    ep_len_mean          | 156        |
|    ep_rew_mean          | -13.5      |
| time/                   |            |
|    fps                  | 667        |
|    iterations           | 366        |
|    time_elapsed         | 2246       |
|    total_timesteps      | 1499136    |
| train/                  |            |
|    approx_kl            | 0.11384915 |
|    clip_fraction        | 0.387      |
|    clip_range           | 0.2        |
|    entropy_loss         | -19.7      |
|    explained_variance   | 0.762      |
|    learning_rate        | 0.0003     |
|    loss                 | 1.01       |
|    n_updates            | 16930      |
|    policy_gradient_loss | -0.0713    |
|    std                  | 6.39       |
|    value_loss           | 4.7        |
----------------------------------------
----------------------------------------
| manipularl/             |            |
|    collision_rate       | 0.77       |
|    grasp_failure_rate   | 0.911      |
|    insert_depth_mean    | 0          |
|    insert_tilt_deg_mean | 0.0041     |
|    success_rate         | 0          |
|    xy_err_weight        | 1          |
| rollout/                |            |
|    ep_len_mean          | 158        |
|    ep_rew_mean          | -16        |
| time/                   |            |
|    fps                  | 667        |
|    iterations           | 367        |
|    time_elapsed         | 2253       |
|    total_timesteps      | 1503232    |
| train/                  |            |
|    approx_kl            | 0.10613212 |
|    clip_fraction        | 0.386      |
|    clip_range           | 0.2        |
|    entropy_loss         | -19.7      |
|    explained_variance   | 0.859      |
|    learning_rate        | 0.0003     |
|    loss                 | 0.834      |
|    n_updates            | 16940      |
|    policy_gradient_loss | -0.0695    |
|    std                  | 6.4        |
|    value_loss           | 3.93       |
----------------------------------------
-----------------------------------------
| manipularl/             |             |
|    collision_rate       | 0.72        |
|    grasp_failure_rate   | 0.896       |
|    insert_depth_mean    | 0           |
|    insert_tilt_deg_mean | 0.00422     |
|    success_rate         | 0           |
|    xy_err_weight        | 1           |
| rollout/                |             |
|    ep_len_mean          | 180         |
|    ep_rew_mean          | -17.3       |
| time/                   |             |
|    fps                  | 667         |
|    iterations           | 368         |
|    time_elapsed         | 2259        |
|    total_timesteps      | 1507328     |
| train/                  |             |
|    approx_kl            | 0.116024375 |
|    clip_fraction        | 0.407       |
|    clip_range           | 0.2         |
|    entropy_loss         | -19.7       |
|    explained_variance   | 0.769       |
|    learning_rate        | 0.0003      |
|    loss                 | 1.32        |
|    n_updates            | 16950       |
|    policy_gradient_loss | -0.0695     |
|    std                  | 6.41        |
|    value_loss           | 5.12        |
-----------------------------------------
---------------------------------------
| manipularl/             |           |
|    collision_rate       | 0.72      |
|    grasp_failure_rate   | 0.892     |
|    insert_depth_mean    | 0         |
|    insert_tilt_deg_mean | 0.00398   |
|    success_rate         | 0         |
|    xy_err_weight        | 1         |
| rollout/                |           |
|    ep_len_mean          | 181       |
|    ep_rew_mean          | -18.4     |
| time/                   |           |
|    fps                  | 667       |
|    iterations           | 369       |
|    time_elapsed         | 2265      |
|    total_timesteps      | 1511424   |
| train/                  |           |
|    approx_kl            | 0.1638674 |
|    clip_fraction        | 0.433     |
|    clip_range           | 0.2       |
|    entropy_loss         | -19.7     |
|    explained_variance   | 0.841     |
|    learning_rate        | 0.0003    |
|    loss                 | 0.32      |
|    n_updates            | 16960     |
|    policy_gradient_loss | -0.0752   |
|    std                  | 6.41      |
|    value_loss           | 2.58      |
---------------------------------------
----------------------------------------
| manipularl/             |            |
|    collision_rate       | 0.72       |
|    grasp_failure_rate   | 0.88       |
|    insert_depth_mean    | 0          |
|    insert_tilt_deg_mean | 0.00382    |
|    success_rate         | 0          |
|    xy_err_weight        | 1          |
| rollout/                |            |
|    ep_len_mean          | 183        |
|    ep_rew_mean          | -19.5      |
| time/                   |            |
|    fps                  | 667        |
|    iterations           | 370        |
|    time_elapsed         | 2270       |
|    total_timesteps      | 1515520    |
| train/                  |            |
|    approx_kl            | 0.10599384 |
|    clip_fraction        | 0.381      |
|    clip_range           | 0.2        |
|    entropy_loss         | -19.7      |
|    explained_variance   | 0.818      |
|    learning_rate        | 0.0003     |
|    loss                 | 0.78       |
|    n_updates            | 16970      |
|    policy_gradient_loss | -0.069     |
|    std                  | 6.42       |
|    value_loss           | 3.92       |
----------------------------------------
----------------------------------------
| manipularl/             |            |
|    collision_rate       | 0.68       |
|    grasp_failure_rate   | 0.874      |
|    insert_depth_mean    | 5.75e-05   |
|    insert_tilt_deg_mean | 0.00367    |
|    success_rate         | 0          |
|    xy_err_weight        | 1          |
| rollout/                |            |
|    ep_len_mean          | 187        |
|    ep_rew_mean          | -18.1      |
| time/                   |            |
|    fps                  | 667        |
|    iterations           | 371        |
|    time_elapsed         | 2276       |
|    total_timesteps      | 1519616    |
| train/                  |            |
|    approx_kl            | 0.13880186 |
|    clip_fraction        | 0.441      |
|    clip_range           | 0.2        |
|    entropy_loss         | -19.6      |
|    explained_variance   | 0.815      |
|    learning_rate        | 0.0003     |
|    loss                 | 0.877      |
|    n_updates            | 16980      |
|    policy_gradient_loss | -0.0775    |
|    std                  | 6.42       |
|    value_loss           | 3.97       |
----------------------------------------
----------------------------------------
| manipularl/             |            |
|    collision_rate       | 0.62       |
|    grasp_failure_rate   | 0.868      |
|    insert_depth_mean    | 0.000141   |
|    insert_tilt_deg_mean | 0.00365    |
|    success_rate         | 0          |
|    xy_err_weight        | 1          |
| rollout/                |            |
|    ep_len_mean          | 215        |
|    ep_rew_mean          | -19.6      |
| time/                   |            |
|    fps                  | 667        |
|    iterations           | 372        |
|    time_elapsed         | 2282       |
|    total_timesteps      | 1523712    |
| train/                  |            |
|    approx_kl            | 0.12831725 |
|    clip_fraction        | 0.407      |
|    clip_range           | 0.2        |
|    entropy_loss         | -19.6      |
|    explained_variance   | 0.877      |
|    learning_rate        | 0.0003     |
|    loss                 | 0.533      |
|    n_updates            | 16990      |
|    policy_gradient_loss | -0.072     |
|    std                  | 6.43       |
|    value_loss           | 3.23       |
----------------------------------------
----------------------------------------
| manipularl/             |            |
|    collision_rate       | 0.63       |
|    grasp_failure_rate   | 0.871      |
|    insert_depth_mean    | 0.000141   |
|    insert_tilt_deg_mean | 0.0034     |
|    success_rate         | 0          |
|    xy_err_weight        | 1          |
| rollout/                |            |
|    ep_len_mean          | 214        |
|    ep_rew_mean          | -18.8      |
| time/                   |            |
|    fps                  | 667        |
|    iterations           | 373        |
|    time_elapsed         | 2288       |
|    total_timesteps      | 1527808    |
| train/                  |            |
|    approx_kl            | 0.14241181 |
|    clip_fraction        | 0.419      |
|    clip_range           | 0.2        |
|    entropy_loss         | -19.6      |
|    explained_variance   | 0.849      |
|    learning_rate        | 0.0003     |
|    loss                 | 0.443      |
|    n_updates            | 17000      |
|    policy_gradient_loss | -0.0734    |
|    std                  | 6.45       |
|    value_loss           | 2.79       |
----------------------------------------
----------------------------------------
| manipularl/             |            |
|    collision_rate       | 0.64       |
|    grasp_failure_rate   | 0.872      |
|    insert_depth_mean    | 0.000141   |
|    insert_tilt_deg_mean | 0.00321    |
|    success_rate         | 0          |
|    xy_err_weight        | 1          |
| rollout/                |            |
|    ep_len_mean          | 210        |
|    ep_rew_mean          | -19.2      |
| time/                   |            |
|    fps                  | 667        |
|    iterations           | 374        |
|    time_elapsed         | 2295       |
|    total_timesteps      | 1531904    |
| train/                  |            |
|    approx_kl            | 0.14705695 |
|    clip_fraction        | 0.43       |
|    clip_range           | 0.2        |
|    entropy_loss         | -19.6      |
|    explained_variance   | 0.864      |
|    learning_rate        | 0.0003     |
|    loss                 | 0.538      |
|    n_updates            | 17010      |
|    policy_gradient_loss | -0.077     |
|    std                  | 6.46       |
|    value_loss           | 2.84       |
----------------------------------------
----------------------------------------
| manipularl/             |            |
|    collision_rate       | 0.65       |
|    grasp_failure_rate   | 0.873      |
|    insert_depth_mean    | 0.000741   |
|    insert_tilt_deg_mean | 0.00349    |
|    success_rate         | 0          |
|    xy_err_weight        | 1          |
| rollout/                |            |
|    ep_len_mean          | 212        |
|    ep_rew_mean          | -20.6      |
| time/                   |            |
|    fps                  | 667        |
|    iterations           | 375        |
|    time_elapsed         | 2302       |
|    total_timesteps      | 1536000    |
| train/                  |            |
|    approx_kl            | 0.15291306 |
|    clip_fraction        | 0.437      |
|    clip_range           | 0.2        |
|    entropy_loss         | -19.6      |
|    explained_variance   | 0.81       |
|    learning_rate        | 0.0003     |
|    loss                 | 0.588      |
|    n_updates            | 17020      |
|    policy_gradient_loss | -0.0793    |
|    std                  | 6.47       |
|    value_loss           | 3.06       |
----------------------------------------
----------------------------------------
| manipularl/             |            |
|    collision_rate       | 0.64       |
|    grasp_failure_rate   | 0.873      |
|    insert_depth_mean    | 0.00132    |
|    insert_tilt_deg_mean | 0.00371    |
|    success_rate         | 0          |
|    xy_err_weight        | 1          |
| rollout/                |            |
|    ep_len_mean          | 220        |
|    ep_rew_mean          | -22.3      |
| time/                   |            |
|    fps                  | 666        |
|    iterations           | 376        |
|    time_elapsed         | 2310       |
|    total_timesteps      | 1540096    |
| train/                  |            |
|    approx_kl            | 0.14224309 |
|    clip_fraction        | 0.43       |
|    clip_range           | 0.2        |
|    entropy_loss         | -19.6      |
|    explained_variance   | 0.739      |
|    learning_rate        | 0.0003     |
|    loss                 | 1.09       |
|    n_updates            | 17030      |
|    policy_gradient_loss | -0.0658    |
|    std                  | 6.49       |
|    value_loss           | 4.07       |
----------------------------------------
----------------------------------------
| manipularl/             |            |
|    collision_rate       | 0.62       |
|    grasp_failure_rate   | 0.886      |
|    insert_depth_mean    | 0.0012     |
|    insert_tilt_deg_mean | 0.00368    |
|    success_rate         | 0          |
|    xy_err_weight        | 1          |
| rollout/                |            |
|    ep_len_mean          | 225        |
|    ep_rew_mean          | -23.3      |
| time/                   |            |
|    fps                  | 666        |
|    iterations           | 377        |
|    time_elapsed         | 2317       |
|    total_timesteps      | 1544192    |
| train/                  |            |
|    approx_kl            | 0.13562894 |
|    clip_fraction        | 0.414      |
|    clip_range           | 0.2        |
|    entropy_loss         | -19.6      |
|    explained_variance   | 0.756      |
|    learning_rate        | 0.0003     |
|    loss                 | 0.59       |
|    n_updates            | 17040      |
|    policy_gradient_loss | -0.0658    |
|    std                  | 6.5        |
|    value_loss           | 2.98       |
----------------------------------------
----------------------------------------
| manipularl/             |            |
|    collision_rate       | 0.64       |
|    grasp_failure_rate   | 0.888      |
|    insert_depth_mean    | 0.0024     |
|    insert_tilt_deg_mean | 0.00385    |
|    success_rate         | 0          |
|    xy_err_weight        | 1          |
| rollout/                |            |
|    ep_len_mean          | 220        |
|    ep_rew_mean          | -24        |
| time/                   |            |
|    fps                  | 666        |
|    iterations           | 378        |
|    time_elapsed         | 2324       |
|    total_timesteps      | 1548288    |
| train/                  |            |
|    approx_kl            | 0.13498825 |
|    clip_fraction        | 0.426      |
|    clip_range           | 0.2        |
|    entropy_loss         | -19.6      |
|    explained_variance   | 0.783      |
|    learning_rate        | 0.0003     |
|    loss                 | 0.482      |
|    n_updates            | 17050      |
|    policy_gradient_loss | -0.0749    |
|    std                  | 6.51       |
|    value_loss           | 2.76       |
----------------------------------------
---------------------------------------
| manipularl/             |           |
|    collision_rate       | 0.63      |
|    grasp_failure_rate   | 0.891     |
|    insert_depth_mean    | 0.003     |
|    insert_tilt_deg_mean | 0.00388   |
|    success_rate         | 0         |
|    xy_err_weight        | 1         |
| rollout/                |           |
|    ep_len_mean          | 222       |
|    ep_rew_mean          | -23.5     |
| time/                   |           |
|    fps                  | 666       |
|    iterations           | 379       |
|    time_elapsed         | 2330      |
|    total_timesteps      | 1552384   |
| train/                  |           |
|    approx_kl            | 0.1271668 |
|    clip_fraction        | 0.393     |
|    clip_range           | 0.2       |
|    entropy_loss         | -19.6     |
|    explained_variance   | 0.635     |
|    learning_rate        | 0.0003    |
|    loss                 | 0.734     |
|    n_updates            | 17060     |
|    policy_gradient_loss | -0.0605   |
|    std                  | 6.53      |
|    value_loss           | 3.79      |
---------------------------------------
----------------------------------------
| manipularl/             |            |
|    collision_rate       | 0.65       |
|    grasp_failure_rate   | 0.892      |
|    insert_depth_mean    | 0.0024     |
|    insert_tilt_deg_mean | 0.00348    |
|    success_rate         | 0          |
|    xy_err_weight        | 1          |
| rollout/                |            |
|    ep_len_mean          | 216        |
|    ep_rew_mean          | -21.8      |
| time/                   |            |
|    fps                  | 666        |
|    iterations           | 380        |
|    time_elapsed         | 2336       |
|    total_timesteps      | 1556480    |
| train/                  |            |
|    approx_kl            | 0.20303208 |
|    clip_fraction        | 0.462      |
|    clip_range           | 0.2        |
|    entropy_loss         | -19.6      |
|    explained_variance   | 0.839      |
|    learning_rate        | 0.0003     |
|    loss                 | 0.263      |
|    n_updates            | 17070      |
|    policy_gradient_loss | -0.0687    |
|    std                  | 6.54       |
|    value_loss           | 2.01       |
----------------------------------------
----------------------------------------
| manipularl/             |            |
|    collision_rate       | 0.68       |
|    grasp_failure_rate   | 0.899      |
|    insert_depth_mean    | 0.0024     |
|    insert_tilt_deg_mean | 0.00359    |
|    success_rate         | 0          |
|    xy_err_weight        | 1          |
| rollout/                |            |
|    ep_len_mean          | 199        |
|    ep_rew_mean          | -21.2      |
| time/                   |            |
|    fps                  | 666        |
|    iterations           | 381        |
|    time_elapsed         | 2341       |
|    total_timesteps      | 1560576    |
| train/                  |            |
|    approx_kl            | 0.16641916 |
|    clip_fraction        | 0.431      |
|    clip_range           | 0.2        |
|    entropy_loss         | -19.6      |
|    explained_variance   | 0.808      |
|    learning_rate        | 0.0003     |
|    loss                 | 0.613      |
|    n_updates            | 17080      |
|    policy_gradient_loss | -0.0749    |
|    std                  | 6.54       |
|    value_loss           | 3.05       |
----------------------------------------
-----------------------------------------
| manipularl/             |             |
|    collision_rate       | 0.67        |
|    grasp_failure_rate   | 0.9         |
|    insert_depth_mean    | 0.003       |
|    insert_tilt_deg_mean | 0.00382     |
|    success_rate         | 0           |
|    xy_err_weight        | 1           |
| rollout/                |             |
|    ep_len_mean          | 194         |
|    ep_rew_mean          | -21.1       |
| time/                   |             |
|    fps                  | 666         |
|    iterations           | 382         |
|    time_elapsed         | 2347        |
|    total_timesteps      | 1564672     |
| train/                  |             |
|    approx_kl            | 0.088038705 |
|    clip_fraction        | 0.351       |
|    clip_range           | 0.2         |
|    entropy_loss         | -19.6       |
|    explained_variance   | 0.694       |
|    learning_rate        | 0.0003      |
|    loss                 | 1.17        |
|    n_updates            | 17090       |
|    policy_gradient_loss | -0.0649     |
|    std                  | 6.54        |
|    value_loss           | 5.36        |
-----------------------------------------
----------------------------------------
| manipularl/             |            |
|    collision_rate       | 0.64       |
|    grasp_failure_rate   | 0.892      |
|    insert_depth_mean    | 0.0018     |
|    insert_tilt_deg_mean | 0.00349    |
|    success_rate         | 0          |
|    xy_err_weight        | 1          |
| rollout/                |            |
|    ep_len_mean          | 201        |
|    ep_rew_mean          | -21.2      |
| time/                   |            |
|    fps                  | 666        |
|    iterations           | 383        |
|    time_elapsed         | 2353       |
|    total_timesteps      | 1568768    |
| train/                  |            |
|    approx_kl            | 0.12683809 |
|    clip_fraction        | 0.412      |
|    clip_range           | 0.2        |
|    entropy_loss         | -19.6      |
|    explained_variance   | 0.644      |
|    learning_rate        | 0.0003     |
|    loss                 | 0.722      |
|    n_updates            | 17100      |
|    policy_gradient_loss | -0.0747    |
|    std                  | 6.54       |
|    value_loss           | 3.46       |
----------------------------------------
---------------------------------------
| manipularl/             |           |
|    collision_rate       | 0.66      |
|    grasp_failure_rate   | 0.88      |
|    insert_depth_mean    | 0.0012    |
|    insert_tilt_deg_mean | 0.00375   |
|    success_rate         | 0         |
|    xy_err_weight        | 1         |
| rollout/                |           |
|    ep_len_mean          | 198       |
|    ep_rew_mean          | -20.7     |
| time/                   |           |
|    fps                  | 666       |
|    iterations           | 384       |
|    time_elapsed         | 2360      |
|    total_timesteps      | 1572864   |
| train/                  |           |
|    approx_kl            | 0.1590659 |
|    clip_fraction        | 0.465     |
|    clip_range           | 0.2       |
|    entropy_loss         | -19.6     |
|    explained_variance   | 0.8       |
|    learning_rate        | 0.0003    |
|    loss                 | 0.469     |
|    n_updates            | 17110     |
|    policy_gradient_loss | -0.0715   |
|    std                  | 6.55      |
|    value_loss           | 2.3       |
---------------------------------------
----------------------------------------
| manipularl/             |            |
|    collision_rate       | 0.62       |
|    grasp_failure_rate   | 0.887      |
|    insert_depth_mean    | 0.0012     |
|    insert_tilt_deg_mean | 0.178      |
|    success_rate         | 0          |
|    xy_err_weight        | 1          |
| rollout/                |            |
|    ep_len_mean          | 198        |
|    ep_rew_mean          | -21.2      |
| time/                   |            |
|    fps                  | 666        |
|    iterations           | 385        |
|    time_elapsed         | 2367       |
|    total_timesteps      | 1576960    |
| train/                  |            |
|    approx_kl            | 0.17023493 |
|    clip_fraction        | 0.498      |
|    clip_range           | 0.2        |
|    entropy_loss         | -19.6      |
|    explained_variance   | 0.722      |
|    learning_rate        | 0.0003     |
|    loss                 | 0.627      |
|    n_updates            | 17120      |
|    policy_gradient_loss | -0.0744    |
|    std                  | 6.57       |
|    value_loss           | 3.43       |
----------------------------------------
----------------------------------------
| manipularl/             |            |
|    collision_rate       | 0.6        |
|    grasp_failure_rate   | 0.888      |
|    insert_depth_mean    | 0.0006     |
|    insert_tilt_deg_mean | 0.352      |
|    success_rate         | 0          |
|    xy_err_weight        | 1          |
| rollout/                |            |
|    ep_len_mean          | 206        |
|    ep_rew_mean          | -21.6      |
| time/                   |            |
|    fps                  | 666        |
|    iterations           | 386        |
|    time_elapsed         | 2373       |
|    total_timesteps      | 1581056    |
| train/                  |            |
|    approx_kl            | 0.10363667 |
|    clip_fraction        | 0.39       |
|    clip_range           | 0.2        |
|    entropy_loss         | -19.6      |
|    explained_variance   | 0.789      |
|    learning_rate        | 0.0003     |
|    loss                 | 0.693      |
|    n_updates            | 17130      |
|    policy_gradient_loss | -0.0558    |
|    std                  | 6.57       |
|    value_loss           | 3.08       |
----------------------------------------
-----------------------------------------
| manipularl/             |             |
|    collision_rate       | 0.6         |
|    grasp_failure_rate   | 0.892       |
|    insert_depth_mean    | 0           |
|    insert_tilt_deg_mean | 0.525       |
|    success_rate         | 0           |
|    xy_err_weight        | 1           |
| rollout/                |             |
|    ep_len_mean          | 206         |
|    ep_rew_mean          | -21.8       |
| time/                   |             |
|    fps                  | 666         |
|    iterations           | 387         |
|    time_elapsed         | 2379        |
|    total_timesteps      | 1585152     |
| train/                  |             |
|    approx_kl            | 0.109445006 |
|    clip_fraction        | 0.393       |
|    clip_range           | 0.2         |
|    entropy_loss         | -19.6       |
|    explained_variance   | 0.768       |
|    learning_rate        | 0.0003      |
|    loss                 | 0.876       |
|    n_updates            | 17140       |
|    policy_gradient_loss | -0.072      |
|    std                  | 6.58        |
|    value_loss           | 4.13        |
-----------------------------------------
----------------------------------------
| manipularl/             |            |
|    collision_rate       | 0.62       |
|    grasp_failure_rate   | 0.91       |
|    insert_depth_mean    | 0          |
|    insert_tilt_deg_mean | 0.699      |
|    success_rate         | 0          |
|    xy_err_weight        | 1          |
| rollout/                |            |
|    ep_len_mean          | 199        |
|    ep_rew_mean          | -21.5      |
| time/                   |            |
|    fps                  | 666        |
|    iterations           | 388        |
|    time_elapsed         | 2384       |
|    total_timesteps      | 1589248    |
| train/                  |            |
|    approx_kl            | 0.11110956 |
|    clip_fraction        | 0.372      |
|    clip_range           | 0.2        |
|    entropy_loss         | -19.6      |
|    explained_variance   | 0.851      |
|    learning_rate        | 0.0003     |
|    loss                 | 0.677      |
|    n_updates            | 17150      |
|    policy_gradient_loss | -0.0663    |
|    std                  | 6.61       |
|    value_loss           | 3.03       |
----------------------------------------
----------------------------------------
| manipularl/             |            |
|    collision_rate       | 0.6        |
|    grasp_failure_rate   | 0.916      |
|    insert_depth_mean    | 0          |
|    insert_tilt_deg_mean | 1.05       |
|    success_rate         | 0          |
|    xy_err_weight        | 1          |
| rollout/                |            |
|    ep_len_mean          | 200        |
|    ep_rew_mean          | -22.6      |
| time/                   |            |
|    fps                  | 666        |
|    iterations           | 389        |
|    time_elapsed         | 2390       |
|    total_timesteps      | 1593344    |
| train/                  |            |
|    approx_kl            | 0.17401448 |
|    clip_fraction        | 0.436      |
|    clip_range           | 0.2        |
|    entropy_loss         | -19.6      |
|    explained_variance   | 0.85       |
|    learning_rate        | 0.0003     |
|    loss                 | 0.474      |
|    n_updates            | 17160      |
|    policy_gradient_loss | -0.0786    |
|    std                  | 6.63       |
|    value_loss           | 2.83       |
----------------------------------------
---------------------------------------
| manipularl/             |           |
|    collision_rate       | 0.61      |
|    grasp_failure_rate   | 0.908     |
|    insert_depth_mean    | 0         |
|    insert_tilt_deg_mean | 0.872     |
|    success_rate         | 0         |
|    xy_err_weight        | 1         |
| rollout/                |           |
|    ep_len_mean          | 198       |
|    ep_rew_mean          | -21.6     |
| time/                   |           |
|    fps                  | 666       |
|    iterations           | 390       |
|    time_elapsed         | 2396      |
|    total_timesteps      | 1597440   |
| train/                  |           |
|    approx_kl            | 0.1701389 |
|    clip_fraction        | 0.431     |
|    clip_range           | 0.2       |
|    entropy_loss         | -19.7     |
|    explained_variance   | 0.771     |
|    learning_rate        | 0.0003    |
|    loss                 | 0.988     |
|    n_updates            | 17170     |
|    policy_gradient_loss | -0.0746   |
|    std                  | 6.64      |
|    value_loss           | 4.38      |
---------------------------------------
Eval num_timesteps=1600000, episode_reward=-22.84 +/- 20.79
Episode length: 173.70 +/- 137.33
----------------------------------------
| eval/                   |            |
|    mean_ep_length       | 174        |
|    mean_reward          | -22.8      |
| manipularl/             |            |
|    collision_rate       | 0.62       |
|    grasp_failure_rate   | 0.911      |
|    insert_depth_mean    | 3.55e-05   |
|    insert_tilt_deg_mean | 0.698      |
|    success_rate         | 0          |
|    xy_err_weight        | 1          |
| time/                   |            |
|    total_timesteps      | 1600000    |
| train/                  |            |
|    approx_kl            | 0.16143665 |
|    clip_fraction        | 0.448      |
|    clip_range           | 0.2        |
|    entropy_loss         | -19.7      |
|    explained_variance   | 0.871      |
|    learning_rate        | 0.0003     |
|    loss                 | 0.485      |
|    n_updates            | 17180      |
|    policy_gradient_loss | -0.0784    |
|    std                  | 6.64       |
|    value_loss           | 2.82       |
----------------------------------------
--------------------------------------
| manipularl/             |          |
|    collision_rate       | 0.61     |
|    grasp_failure_rate   | 0.908    |
|    insert_depth_mean    | 3.55e-05 |
|    insert_tilt_deg_mean | 0.525    |
|    success_rate         | 0        |
|    xy_err_weight        | 1        |
| rollout/                |          |
|    ep_len_mean          | 198      |
|    ep_rew_mean          | -19.2    |
| time/                   |          |
|    fps                  | 662      |
|    iterations           | 391      |
|    time_elapsed         | 2417     |
|    total_timesteps      | 1601536  |
--------------------------------------
---------------------------------------
| manipularl/             |           |
|    collision_rate       | 0.65      |
|    grasp_failure_rate   | 0.898     |
|    insert_depth_mean    | 3.55e-05  |
|    insert_tilt_deg_mean | 0.699     |
|    success_rate         | 0         |
|    xy_err_weight        | 1         |
| rollout/                |           |
|    ep_len_mean          | 190       |
|    ep_rew_mean          | -17.9     |
| time/                   |           |
|    fps                  | 662       |
|    iterations           | 392       |
|    time_elapsed         | 2424      |
|    total_timesteps      | 1605632   |
| train/                  |           |
|    approx_kl            | 0.1295361 |
|    clip_fraction        | 0.424     |
|    clip_range           | 0.2       |
|    entropy_loss         | -19.6     |
|    explained_variance   | 0.826     |
|    learning_rate        | 0.0003    |
|    loss                 | 0.6       |
|    n_updates            | 17190     |
|    policy_gradient_loss | -0.0658   |
|    std                  | 6.65      |
|    value_loss           | 3.32      |
---------------------------------------
----------------------------------------
| manipularl/             |            |
|    collision_rate       | 0.61       |
|    grasp_failure_rate   | 0.897      |
|    insert_depth_mean    | 3.55e-05   |
|    insert_tilt_deg_mean | 0.525      |
|    success_rate         | 0          |
|    xy_err_weight        | 1          |
| rollout/                |            |
|    ep_len_mean          | 205        |
|    ep_rew_mean          | -18.1      |
| time/                   |            |
|    fps                  | 662        |
|    iterations           | 393        |
|    time_elapsed         | 2429       |
|    total_timesteps      | 1609728    |
| train/                  |            |
|    approx_kl            | 0.14179257 |
|    clip_fraction        | 0.451      |
|    clip_range           | 0.2        |
|    entropy_loss         | -19.7      |
|    explained_variance   | 0.796      |
|    learning_rate        | 0.0003     |
|    loss                 | 0.891      |
|    n_updates            | 17200      |
|    policy_gradient_loss | -0.0594    |
|    std                  | 6.66       |
|    value_loss           | 3.55       |
----------------------------------------
----------------------------------------
| manipularl/             |            |
|    collision_rate       | 0.62       |
|    grasp_failure_rate   | 0.886      |
|    insert_depth_mean    | 3.55e-05   |
|    insert_tilt_deg_mean | 0.351      |
|    success_rate         | 0          |
|    xy_err_weight        | 1          |
| rollout/                |            |
|    ep_len_mean          | 211        |
|    ep_rew_mean          | -18.8      |
| time/                   |            |
|    fps                  | 662        |
|    iterations           | 394        |
|    time_elapsed         | 2436       |
|    total_timesteps      | 1613824    |
| train/                  |            |
|    approx_kl            | 0.14496285 |
|    clip_fraction        | 0.441      |
|    clip_range           | 0.2        |
|    entropy_loss         | -19.7      |
|    explained_variance   | 0.899      |
|    learning_rate        | 0.0003     |
|    loss                 | 0.501      |
|    n_updates            | 17210      |
|    policy_gradient_loss | -0.0744    |
|    std                  | 6.68       |
|    value_loss           | 2.7        |
----------------------------------------
----------------------------------------
| manipularl/             |            |
|    collision_rate       | 0.61       |
|    grasp_failure_rate   | 0.886      |
|    insert_depth_mean    | 3.55e-05   |
|    insert_tilt_deg_mean | 0.178      |
|    success_rate         | 0          |
|    xy_err_weight        | 1          |
| rollout/                |            |
|    ep_len_mean          | 225        |
|    ep_rew_mean          | -19.4      |
| time/                   |            |
|    fps                  | 662        |
|    iterations           | 395        |
|    time_elapsed         | 2442       |
|    total_timesteps      | 1617920    |
| train/                  |            |
|    approx_kl            | 0.13967308 |
|    clip_fraction        | 0.422      |
|    clip_range           | 0.2        |
|    entropy_loss         | -19.7      |
|    explained_variance   | 0.788      |
|    learning_rate        | 0.0003     |
|    loss                 | 1.03       |
|    n_updates            | 17220      |
|    policy_gradient_loss | -0.0661    |
|    std                  | 6.7        |
|    value_loss           | 4.42       |
----------------------------------------
----------------------------------------
| manipularl/             |            |
|    collision_rate       | 0.6        |
|    grasp_failure_rate   | 0.891      |
|    insert_depth_mean    | 3.55e-05   |
|    insert_tilt_deg_mean | 0.178      |
|    success_rate         | 0          |
|    xy_err_weight        | 1          |
| rollout/                |            |
|    ep_len_mean          | 239        |
|    ep_rew_mean          | -21.6      |
| time/                   |            |
|    fps                  | 662        |
|    iterations           | 396        |
|    time_elapsed         | 2448       |
|    total_timesteps      | 1622016    |
| train/                  |            |
|    approx_kl            | 0.14336038 |
|    clip_fraction        | 0.442      |
|    clip_range           | 0.2        |
|    entropy_loss         | -19.7      |
|    explained_variance   | 0.853      |
|    learning_rate        | 0.0003     |
|    loss                 | 0.633      |
|    n_updates            | 17230      |
|    policy_gradient_loss | -0.0695    |
|    std                  | 6.72       |
|    value_loss           | 3.13       |
----------------------------------------
----------------------------------------
| manipularl/             |            |
|    collision_rate       | 0.64       |
|    grasp_failure_rate   | 0.903      |
|    insert_depth_mean    | 0          |
|    insert_tilt_deg_mean | 0.174      |
|    success_rate         | 0          |
|    xy_err_weight        | 1          |
| rollout/                |            |
|    ep_len_mean          | 225        |
|    ep_rew_mean          | -21        |
| time/                   |            |
|    fps                  | 662        |
|    iterations           | 397        |
|    time_elapsed         | 2454       |
|    total_timesteps      | 1626112    |
| train/                  |            |
|    approx_kl            | 0.13217454 |
|    clip_fraction        | 0.42       |
|    clip_range           | 0.2        |
|    entropy_loss         | -19.7      |
|    explained_variance   | 0.828      |
|    learning_rate        | 0.0003     |
|    loss                 | 0.714      |
|    n_updates            | 17240      |
|    policy_gradient_loss | -0.0708    |
|    std                  | 6.73       |
|    value_loss           | 3.79       |
----------------------------------------
---------------------------------------
| manipularl/             |           |
|    collision_rate       | 0.63      |
|    grasp_failure_rate   | 0.903     |
|    insert_depth_mean    | 0         |
|    insert_tilt_deg_mean | 0.174     |
|    success_rate         | 0         |
|    xy_err_weight        | 1         |
| rollout/                |           |
|    ep_len_mean          | 231       |
|    ep_rew_mean          | -23.3     |
| time/                   |           |
|    fps                  | 662       |
|    iterations           | 398       |
|    time_elapsed         | 2460      |
|    total_timesteps      | 1630208   |
| train/                  |           |
|    approx_kl            | 0.1499697 |
|    clip_fraction        | 0.441     |
|    clip_range           | 0.2       |
|    entropy_loss         | -19.7     |
|    explained_variance   | 0.696     |
|    learning_rate        | 0.0003    |
|    loss                 | 1.01      |
|    n_updates            | 17250     |
|    policy_gradient_loss | -0.0758   |
|    std                  | 6.75      |
|    value_loss           | 4.04      |
---------------------------------------
---------------------------------------
| manipularl/             |           |
|    collision_rate       | 0.67      |
|    grasp_failure_rate   | 0.912     |
|    insert_depth_mean    | 0.0006    |
|    insert_tilt_deg_mean | 0.174     |
|    success_rate         | 0         |
|    xy_err_weight        | 1         |
| rollout/                |           |
|    ep_len_mean          | 218       |
|    ep_rew_mean          | -22.3     |
| time/                   |           |
|    fps                  | 662       |
|    iterations           | 399       |
|    time_elapsed         | 2465      |
|    total_timesteps      | 1634304   |
| train/                  |           |
|    approx_kl            | 0.1277023 |
|    clip_fraction        | 0.423     |
|    clip_range           | 0.2       |
|    entropy_loss         | -19.7     |
|    explained_variance   | 0.845     |
|    learning_rate        | 0.0003    |
|    loss                 | 0.78      |
|    n_updates            | 17260     |
|    policy_gradient_loss | -0.0735   |
|    std                  | 6.75      |
|    value_loss           | 3.52      |
---------------------------------------
-----------------------------------------
| manipularl/             |             |
|    collision_rate       | 0.68        |
|    grasp_failure_rate   | 0.908       |
|    insert_depth_mean    | 0.0006      |
|    insert_tilt_deg_mean | 0.174       |
|    success_rate         | 0           |
|    xy_err_weight        | 1           |
| rollout/                |             |
|    ep_len_mean          | 214         |
|    ep_rew_mean          | -22.1       |
| time/                   |             |
|    fps                  | 663         |
|    iterations           | 400         |
|    time_elapsed         | 2470        |
|    total_timesteps      | 1638400     |
| train/                  |             |
|    approx_kl            | 0.119749434 |
|    clip_fraction        | 0.41        |
|    clip_range           | 0.2         |
|    entropy_loss         | -19.7       |
|    explained_variance   | 0.741       |
|    learning_rate        | 0.0003      |
|    loss                 | 1.23        |
|    n_updates            | 17270       |
|    policy_gradient_loss | -0.0751     |
|    std                  | 6.77        |
|    value_loss           | 5           |
-----------------------------------------
----------------------------------------
| manipularl/             |            |
|    collision_rate       | 0.69       |
|    grasp_failure_rate   | 0.904      |
|    insert_depth_mean    | 0.0006     |
|    insert_tilt_deg_mean | 0.174      |
|    success_rate         | 0          |
|    xy_err_weight        | 1          |
| rollout/                |            |
|    ep_len_mean          | 205        |
|    ep_rew_mean          | -21.5      |
| time/                   |            |
|    fps                  | 663        |
|    iterations           | 401        |
|    time_elapsed         | 2476       |
|    total_timesteps      | 1642496    |
| train/                  |            |
|    approx_kl            | 0.14557488 |
|    clip_fraction        | 0.42       |
|    clip_range           | 0.2        |
|    entropy_loss         | -19.6      |
|    explained_variance   | 0.851      |
|    learning_rate        | 0.0003     |
|    loss                 | 0.925      |
|    n_updates            | 17280      |
|    policy_gradient_loss | -0.0754    |
|    std                  | 6.77       |
|    value_loss           | 3.99       |
----------------------------------------
----------------------------------------
| manipularl/             |            |
|    collision_rate       | 0.66       |
|    grasp_failure_rate   | 0.902      |
|    insert_depth_mean    | 0.0006     |
|    insert_tilt_deg_mean | 0.00326    |
|    success_rate         | 0          |
|    xy_err_weight        | 1          |
| rollout/                |            |
|    ep_len_mean          | 218        |
|    ep_rew_mean          | -22        |
| time/                   |            |
|    fps                  | 663        |
|    iterations           | 402        |
|    time_elapsed         | 2481       |
|    total_timesteps      | 1646592    |
| train/                  |            |
|    approx_kl            | 0.14303887 |
|    clip_fraction        | 0.438      |
|    clip_range           | 0.2        |
|    entropy_loss         | -19.6      |
|    explained_variance   | 0.743      |
|    learning_rate        | 0.0003     |
|    loss                 | 1.22       |
|    n_updates            | 17290      |
|    policy_gradient_loss | -0.0756    |
|    std                  | 6.78       |
|    value_loss           | 4.83       |
----------------------------------------
----------------------------------------
| manipularl/             |            |
|    collision_rate       | 0.73       |
|    grasp_failure_rate   | 0.905      |
|    insert_depth_mean    | 0.0006     |
|    insert_tilt_deg_mean | 0.849      |
|    success_rate         | 0          |
|    xy_err_weight        | 1          |
| rollout/                |            |
|    ep_len_mean          | 190        |
|    ep_rew_mean          | -19.7      |
| time/                   |            |
|    fps                  | 663        |
|    iterations           | 403        |
|    time_elapsed         | 2487       |
|    total_timesteps      | 1650688    |
| train/                  |            |
|    approx_kl            | 0.15353836 |
|    clip_fraction        | 0.435      |
|    clip_range           | 0.2        |
|    entropy_loss         | -19.6      |
|    explained_variance   | 0.804      |
|    learning_rate        | 0.0003     |
|    loss                 | 0.858      |
|    n_updates            | 17300      |
|    policy_gradient_loss | -0.0805    |
|    std                  | 6.8        |
|    value_loss           | 4.43       |
----------------------------------------
----------------------------------------
| manipularl/             |            |
|    collision_rate       | 0.66       |
|    grasp_failure_rate   | 0.904      |
|    insert_depth_mean    | 0          |
|    insert_tilt_deg_mean | 1.27       |
|    success_rate         | 0          |
|    xy_err_weight        | 1          |
| rollout/                |            |
|    ep_len_mean          | 208        |
|    ep_rew_mean          | -19.4      |
| time/                   |            |
|    fps                  | 663        |
|    iterations           | 404        |
|    time_elapsed         | 2494       |
|    total_timesteps      | 1654784    |
| train/                  |            |
|    approx_kl            | 0.18048191 |
|    clip_fraction        | 0.468      |
|    clip_range           | 0.2        |
|    entropy_loss         | -19.6      |
|    explained_variance   | 0.812      |
|    learning_rate        | 0.0003     |
|    loss                 | 0.654      |
|    n_updates            | 17310      |
|    policy_gradient_loss | -0.0803    |
|    std                  | 6.81       |
|    value_loss           | 3.52       |
----------------------------------------
----------------------------------------
| manipularl/             |            |
|    collision_rate       | 0.67       |
|    grasp_failure_rate   | 0.905      |
|    insert_depth_mean    | 0          |
|    insert_tilt_deg_mean | 1.27       |
|    success_rate         | 0          |
|    xy_err_weight        | 1          |
| rollout/                |            |
|    ep_len_mean          | 204        |
|    ep_rew_mean          | -19.4      |
| time/                   |            |
|    fps                  | 663        |
|    iterations           | 405        |
|    time_elapsed         | 2500       |
|    total_timesteps      | 1658880    |
| train/                  |            |
|    approx_kl            | 0.12976882 |
|    clip_fraction        | 0.39       |
|    clip_range           | 0.2        |
|    entropy_loss         | -19.6      |
|    explained_variance   | 0.843      |
|    learning_rate        | 0.0003     |
|    loss                 | 0.392      |
|    n_updates            | 17320      |
|    policy_gradient_loss | -0.0692    |
|    std                  | 6.82       |
|    value_loss           | 2.61       |
----------------------------------------
----------------------------------------
| manipularl/             |            |
|    collision_rate       | 0.67       |
|    grasp_failure_rate   | 0.899      |
|    insert_depth_mean    | 1.87e-05   |
|    insert_tilt_deg_mean | 1.7        |
|    success_rate         | 0          |
|    xy_err_weight        | 1          |
| rollout/                |            |
|    ep_len_mean          | 204        |
|    ep_rew_mean          | -16.9      |
| time/                   |            |
|    fps                  | 663        |
|    iterations           | 406        |
|    time_elapsed         | 2507       |
|    total_timesteps      | 1662976    |
| train/                  |            |
|    approx_kl            | 0.15932748 |
|    clip_fraction        | 0.444      |
|    clip_range           | 0.2        |
|    entropy_loss         | -19.6      |
|    explained_variance   | 0.877      |
|    learning_rate        | 0.0003     |
|    loss                 | 0.511      |
|    n_updates            | 17330      |
|    policy_gradient_loss | -0.0733    |
|    std                  | 6.83       |
|    value_loss           | 2.73       |
----------------------------------------
----------------------------------------
| manipularl/             |            |
|    collision_rate       | 0.66       |
|    grasp_failure_rate   | 0.896      |
|    insert_depth_mean    | 1.87e-05   |
|    insert_tilt_deg_mean | 2.12       |
|    success_rate         | 0          |
|    xy_err_weight        | 1          |
| rollout/                |            |
|    ep_len_mean          | 201        |
|    ep_rew_mean          | -16.1      |
| time/                   |            |
|    fps                  | 663        |
|    iterations           | 407        |
|    time_elapsed         | 2513       |
|    total_timesteps      | 1667072    |
| train/                  |            |
|    approx_kl            | 0.16507407 |
|    clip_fraction        | 0.463      |
|    clip_range           | 0.2        |
|    entropy_loss         | -19.6      |
|    explained_variance   | 0.842      |
|    learning_rate        | 0.0003     |
|    loss                 | 0.681      |
|    n_updates            | 17340      |
|    policy_gradient_loss | -0.0775    |
|    std                  | 6.85       |
|    value_loss           | 3.34       |
----------------------------------------
----------------------------------------
| manipularl/             |            |
|    collision_rate       | 0.61       |
|    grasp_failure_rate   | 0.889      |
|    insert_depth_mean    | 1.87e-05   |
|    insert_tilt_deg_mean | 1.87       |
|    success_rate         | 0          |
|    xy_err_weight        | 1          |
| rollout/                |            |
|    ep_len_mean          | 214        |
|    ep_rew_mean          | -16.1      |
| time/                   |            |
|    fps                  | 663        |
|    iterations           | 408        |
|    time_elapsed         | 2519       |
|    total_timesteps      | 1671168    |
| train/                  |            |
|    approx_kl            | 0.19615611 |
|    clip_fraction        | 0.488      |
|    clip_range           | 0.2        |
|    entropy_loss         | -19.6      |
|    explained_variance   | 0.825      |
|    learning_rate        | 0.0003     |
|    loss                 | 0.452      |
|    n_updates            | 17350      |
|    policy_gradient_loss | -0.0787    |
|    std                  | 6.86       |
|    value_loss           | 2.57       |
----------------------------------------
----------------------------------------
| manipularl/             |            |
|    collision_rate       | 0.68       |
|    grasp_failure_rate   | 0.902      |
|    insert_depth_mean    | 1.87e-05   |
|    insert_tilt_deg_mean | 1.45       |
|    success_rate         | 0          |
|    xy_err_weight        | 1          |
| rollout/                |            |
|    ep_len_mean          | 194        |
|    ep_rew_mean          | -16.2      |
| time/                   |            |
|    fps                  | 663        |
|    iterations           | 409        |
|    time_elapsed         | 2525       |
|    total_timesteps      | 1675264    |
| train/                  |            |
|    approx_kl            | 0.14947909 |
|    clip_fraction        | 0.44       |
|    clip_range           | 0.2        |
|    entropy_loss         | -19.6      |
|    explained_variance   | 0.79       |
|    learning_rate        | 0.0003     |
|    loss                 | 0.438      |
|    n_updates            | 17360      |
|    policy_gradient_loss | -0.0776    |
|    std                  | 6.87       |
|    value_loss           | 2.95       |
----------------------------------------
---------------------------------------
| manipularl/             |           |
|    collision_rate       | 0.69      |
|    grasp_failure_rate   | 0.908     |
|    insert_depth_mean    | 1.87e-05  |
|    insert_tilt_deg_mean | 1.02      |
|    success_rate         | 0         |
|    xy_err_weight        | 1         |
| rollout/                |           |
|    ep_len_mean          | 191       |
|    ep_rew_mean          | -15.6     |
| time/                   |           |
|    fps                  | 663       |
|    iterations           | 410       |
|    time_elapsed         | 2531      |
|    total_timesteps      | 1679360   |
| train/                  |           |
|    approx_kl            | 0.1512863 |
|    clip_fraction        | 0.435     |
|    clip_range           | 0.2       |
|    entropy_loss         | -19.6     |
|    explained_variance   | 0.799     |
|    learning_rate        | 0.0003    |
|    loss                 | 0.674     |
|    n_updates            | 17370     |
|    policy_gradient_loss | -0.0737   |
|    std                  | 6.88      |
|    value_loss           | 3.72      |
---------------------------------------
----------------------------------------
| manipularl/             |            |
|    collision_rate       | 0.66       |
|    grasp_failure_rate   | 0.908      |
|    insert_depth_mean    | 0          |
|    insert_tilt_deg_mean | 1.02       |
|    success_rate         | 0          |
|    xy_err_weight        | 1          |
| rollout/                |            |
|    ep_len_mean          | 199        |
|    ep_rew_mean          | -16.3      |
| time/                   |            |
|    fps                  | 663        |
|    iterations           | 411        |
|    time_elapsed         | 2536       |
|    total_timesteps      | 1683456    |
| train/                  |            |
|    approx_kl            | 0.17392215 |
|    clip_fraction        | 0.452      |
|    clip_range           | 0.2        |
|    entropy_loss         | -19.6      |
|    explained_variance   | 0.872      |
|    learning_rate        | 0.0003     |
|    loss                 | 0.41       |
|    n_updates            | 17380      |
|    policy_gradient_loss | -0.0799    |
|    std                  | 6.9        |
|    value_loss           | 2.77       |
----------------------------------------
----------------------------------------
| manipularl/             |            |
|    collision_rate       | 0.67       |
|    grasp_failure_rate   | 0.92       |
|    insert_depth_mean    | 0          |
|    insert_tilt_deg_mean | 0.601      |
|    success_rate         | 0          |
|    xy_err_weight        | 1          |
| rollout/                |            |
|    ep_len_mean          | 200        |
|    ep_rew_mean          | -16.3      |
| time/                   |            |
|    fps                  | 663        |
|    iterations           | 412        |
|    time_elapsed         | 2542       |
|    total_timesteps      | 1687552    |
| train/                  |            |
|    approx_kl            | 0.16460374 |
|    clip_fraction        | 0.451      |
|    clip_range           | 0.2        |
|    entropy_loss         | -19.6      |
|    explained_variance   | 0.861      |
|    learning_rate        | 0.0003     |
|    loss                 | 0.542      |
|    n_updates            | 17390      |
|    policy_gradient_loss | -0.0722    |
|    std                  | 6.92       |
|    value_loss           | 2.98       |
----------------------------------------
---------------------------------------
| manipularl/             |           |
|    collision_rate       | 0.67      |
|    grasp_failure_rate   | 0.901     |
|    insert_depth_mean    | 0         |
|    insert_tilt_deg_mean | 0.00285   |
|    success_rate         | 0         |
|    xy_err_weight        | 1         |
| rollout/                |           |
|    ep_len_mean          | 198       |
|    ep_rew_mean          | -15.1     |
| time/                   |           |
|    fps                  | 663       |
|    iterations           | 413       |
|    time_elapsed         | 2548      |
|    total_timesteps      | 1691648   |
| train/                  |           |
|    approx_kl            | 0.1694214 |
|    clip_fraction        | 0.451     |
|    clip_range           | 0.2       |
|    entropy_loss         | -19.7     |
|    explained_variance   | 0.78      |
|    learning_rate        | 0.0003    |
|    loss                 | 0.72      |
|    n_updates            | 17400     |
|    policy_gradient_loss | -0.0818   |
|    std                  | 6.93      |
|    value_loss           | 3.46      |
---------------------------------------
----------------------------------------
| manipularl/             |            |
|    collision_rate       | 0.67       |
|    grasp_failure_rate   | 0.889      |
|    insert_depth_mean    | 0          |
|    insert_tilt_deg_mean | 0.00273    |
|    success_rate         | 0          |
|    xy_err_weight        | 1          |
| rollout/                |            |
|    ep_len_mean          | 204        |
|    ep_rew_mean          | -16.2      |
| time/                   |            |
|    fps                  | 662        |
|    iterations           | 414        |
|    time_elapsed         | 2558       |
|    total_timesteps      | 1695744    |
| train/                  |            |
|    approx_kl            | 0.16909462 |
|    clip_fraction        | 0.446      |
|    clip_range           | 0.2        |
|    entropy_loss         | -19.7      |
|    explained_variance   | 0.749      |
|    learning_rate        | 0.0003     |
|    loss                 | 0.642      |
|    n_updates            | 17410      |
|    policy_gradient_loss | -0.0738    |
|    std                  | 6.93       |
|    value_loss           | 3.75       |
----------------------------------------
----------------------------------------
| manipularl/             |            |
|    collision_rate       | 0.67       |
|    grasp_failure_rate   | 0.882      |
|    insert_depth_mean    | 0          |
|    insert_tilt_deg_mean | 0.0027     |
|    success_rate         | 0          |
|    xy_err_weight        | 1          |
| rollout/                |            |
|    ep_len_mean          | 212        |
|    ep_rew_mean          | -19.2      |
| time/                   |            |
|    fps                  | 660        |
|    iterations           | 415        |
|    time_elapsed         | 2573       |
|    total_timesteps      | 1699840    |
| train/                  |            |
|    approx_kl            | 0.09698178 |
|    clip_fraction        | 0.368      |
|    clip_range           | 0.2        |
|    entropy_loss         | -19.6      |
|    explained_variance   | 0.802      |
|    learning_rate        | 0.0003     |
|    loss                 | 1.15       |
|    n_updates            | 17420      |
|    policy_gradient_loss | -0.0659    |
|    std                  | 6.93       |
|    value_loss           | 5.08       |
----------------------------------------
-----------------------------------------
| manipularl/             |             |
|    collision_rate       | 0.71        |
|    grasp_failure_rate   | 0.884       |
|    insert_depth_mean    | 0           |
|    insert_tilt_deg_mean | 0.00256     |
|    success_rate         | 0           |
|    xy_err_weight        | 1           |
| rollout/                |             |
|    ep_len_mean          | 190         |
|    ep_rew_mean          | -18.5       |
| time/                   |             |
|    fps                  | 658         |
|    iterations           | 416         |
|    time_elapsed         | 2586        |
|    total_timesteps      | 1703936     |
| train/                  |             |
|    approx_kl            | 0.103279665 |
|    clip_fraction        | 0.367       |
|    clip_range           | 0.2         |
|    entropy_loss         | -19.6       |
|    explained_variance   | 0.8         |
|    learning_rate        | 0.0003      |
|    loss                 | 1.29        |
|    n_updates            | 17430       |
|    policy_gradient_loss | -0.0648     |
|    std                  | 6.94        |
|    value_loss           | 4.84        |
-----------------------------------------
----------------------------------------
| manipularl/             |            |
|    collision_rate       | 0.67       |
|    grasp_failure_rate   | 0.888      |
|    insert_depth_mean    | 0          |
|    insert_tilt_deg_mean | 0.00247    |
|    success_rate         | 0          |
|    xy_err_weight        | 1          |
| rollout/                |            |
|    ep_len_mean          | 204        |
|    ep_rew_mean          | -18.8      |
| time/                   |            |
|    fps                  | 658        |
|    iterations           | 417        |
|    time_elapsed         | 2592       |
|    total_timesteps      | 1708032    |
| train/                  |            |
|    approx_kl            | 0.15789497 |
|    clip_fraction        | 0.434      |
|    clip_range           | 0.2        |
|    entropy_loss         | -19.6      |
|    explained_variance   | 0.704      |
|    learning_rate        | 0.0003     |
|    loss                 | 0.634      |
|    n_updates            | 17440      |
|    policy_gradient_loss | -0.08      |
|    std                  | 6.95       |
|    value_loss           | 3.32       |
----------------------------------------
----------------------------------------
| manipularl/             |            |
|    collision_rate       | 0.69       |
|    grasp_failure_rate   | 0.9        |
|    insert_depth_mean    | 0          |
|    insert_tilt_deg_mean | 0.00256    |
|    success_rate         | 0          |
|    xy_err_weight        | 1          |
| rollout/                |            |
|    ep_len_mean          | 201        |
|    ep_rew_mean          | -19.2      |
| time/                   |            |
|    fps                  | 658        |
|    iterations           | 418        |
|    time_elapsed         | 2598       |
|    total_timesteps      | 1712128    |
| train/                  |            |
|    approx_kl            | 0.21533847 |
|    clip_fraction        | 0.502      |
|    clip_range           | 0.2        |
|    entropy_loss         | -19.6      |
|    explained_variance   | 0.838      |
|    learning_rate        | 0.0003     |
|    loss                 | 0.346      |
|    n_updates            | 17450      |
|    policy_gradient_loss | -0.0808    |
|    std                  | 6.97       |
|    value_loss           | 2.62       |
----------------------------------------
----------------------------------------
| manipularl/             |            |
|    collision_rate       | 0.7        |
|    grasp_failure_rate   | 0.909      |
|    insert_depth_mean    | 0          |
|    insert_tilt_deg_mean | 0.00258    |
|    success_rate         | 0          |
|    xy_err_weight        | 1          |
| rollout/                |            |
|    ep_len_mean          | 189        |
|    ep_rew_mean          | -17.8      |
| time/                   |            |
|    fps                  | 659        |
|    iterations           | 419        |
|    time_elapsed         | 2603       |
|    total_timesteps      | 1716224    |
| train/                  |            |
|    approx_kl            | 0.13339674 |
|    clip_fraction        | 0.422      |
|    clip_range           | 0.2        |
|    entropy_loss         | -19.7      |
|    explained_variance   | 0.73       |
|    learning_rate        | 0.0003     |
|    loss                 | 0.669      |
|    n_updates            | 17460      |
|    policy_gradient_loss | -0.0741    |
|    std                  | 6.99       |
|    value_loss           | 3.46       |
----------------------------------------
----------------------------------------
| manipularl/             |            |
|    collision_rate       | 0.73       |
|    grasp_failure_rate   | 0.91       |
|    insert_depth_mean    | 0          |
|    insert_tilt_deg_mean | 0.00263    |
|    success_rate         | 0          |
|    xy_err_weight        | 1          |
| rollout/                |            |
|    ep_len_mean          | 182        |
|    ep_rew_mean          | -17.9      |
| time/                   |            |
|    fps                  | 659        |
|    iterations           | 420        |
|    time_elapsed         | 2609       |
|    total_timesteps      | 1720320    |
| train/                  |            |
|    approx_kl            | 0.12531729 |
|    clip_fraction        | 0.399      |
|    clip_range           | 0.2        |
|    entropy_loss         | -19.7      |
|    explained_variance   | 0.781      |
|    learning_rate        | 0.0003     |
|    loss                 | 1.1        |
|    n_updates            | 17470      |
|    policy_gradient_loss | -0.0776    |
|    std                  | 6.99       |
|    value_loss           | 4.68       |
----------------------------------------
----------------------------------------
| manipularl/             |            |
|    collision_rate       | 0.7        |
|    grasp_failure_rate   | 0.898      |
|    insert_depth_mean    | 0          |
|    insert_tilt_deg_mean | 0.425      |
|    success_rate         | 0          |
|    xy_err_weight        | 1          |
| rollout/                |            |
|    ep_len_mean          | 191        |
|    ep_rew_mean          | -18.9      |
| time/                   |            |
|    fps                  | 659        |
|    iterations           | 421        |
|    time_elapsed         | 2615       |
|    total_timesteps      | 1724416    |
| train/                  |            |
|    approx_kl            | 0.11932772 |
|    clip_fraction        | 0.415      |
|    clip_range           | 0.2        |
|    entropy_loss         | -19.7      |
|    explained_variance   | 0.816      |
|    learning_rate        | 0.0003     |
|    loss                 | 1.16       |
|    n_updates            | 17480      |
|    policy_gradient_loss | -0.076     |
|    std                  | 7          |
|    value_loss           | 4.46       |
----------------------------------------
----------------------------------------
| manipularl/             |            |
|    collision_rate       | 0.75       |
|    grasp_failure_rate   | 0.887      |
|    insert_depth_mean    | 8.35e-05   |
|    insert_tilt_deg_mean | 0.428      |
|    success_rate         | 0          |
|    xy_err_weight        | 1          |
| rollout/                |            |
|    ep_len_mean          | 170        |
|    ep_rew_mean          | -18.3      |
| time/                   |            |
|    fps                  | 659        |
|    iterations           | 422        |
|    time_elapsed         | 2620       |
|    total_timesteps      | 1728512    |
| train/                  |            |
|    approx_kl            | 0.17664026 |
|    clip_fraction        | 0.44       |
|    clip_range           | 0.2        |
|    entropy_loss         | -19.7      |
|    explained_variance   | 0.773      |
|    learning_rate        | 0.0003     |
|    loss                 | 0.562      |
|    n_updates            | 17490      |
|    policy_gradient_loss | -0.0759    |
|    std                  | 7.01       |
|    value_loss           | 2.97       |
----------------------------------------
----------------------------------------
| manipularl/             |            |
|    collision_rate       | 0.77       |
|    grasp_failure_rate   | 0.904      |
|    insert_depth_mean    | 8.35e-05   |
|    insert_tilt_deg_mean | 0.428      |
|    success_rate         | 0          |
|    xy_err_weight        | 1          |
| rollout/                |            |
|    ep_len_mean          | 166        |
|    ep_rew_mean          | -17.9      |
| time/                   |            |
|    fps                  | 659        |
|    iterations           | 423        |
|    time_elapsed         | 2626       |
|    total_timesteps      | 1732608    |
| train/                  |            |
|    approx_kl            | 0.14566705 |
|    clip_fraction        | 0.473      |
|    clip_range           | 0.2        |
|    entropy_loss         | -19.7      |
|    explained_variance   | 0.811      |
|    learning_rate        | 0.0003     |
|    loss                 | 1.45       |
|    n_updates            | 17500      |
|    policy_gradient_loss | -0.0697    |
|    std                  | 7.01       |
|    value_loss           | 5.54       |
----------------------------------------
----------------------------------------
| manipularl/             |            |
|    collision_rate       | 0.75       |
|    grasp_failure_rate   | 0.902      |
|    insert_depth_mean    | 8.35e-05   |
|    insert_tilt_deg_mean | 0.428      |
|    success_rate         | 0          |
|    xy_err_weight        | 1          |
| rollout/                |            |
|    ep_len_mean          | 165        |
|    ep_rew_mean          | -17        |
| time/                   |            |
|    fps                  | 659        |
|    iterations           | 424        |
|    time_elapsed         | 2632       |
|    total_timesteps      | 1736704    |
| train/                  |            |
|    approx_kl            | 0.13231662 |
|    clip_fraction        | 0.416      |
|    clip_range           | 0.2        |
|    entropy_loss         | -19.7      |
|    explained_variance   | 0.713      |
|    learning_rate        | 0.0003     |
|    loss                 | 0.802      |
|    n_updates            | 17510      |
|    policy_gradient_loss | -0.0776    |
|    std                  | 7.02       |
|    value_loss           | 3.65       |
----------------------------------------
----------------------------------------
| manipularl/             |            |
|    collision_rate       | 0.81       |
|    grasp_failure_rate   | 0.906      |
|    insert_depth_mean    | 8.35e-05   |
|    insert_tilt_deg_mean | 0.00562    |
|    success_rate         | 0          |
|    xy_err_weight        | 1          |
| rollout/                |            |
|    ep_len_mean          | 147        |
|    ep_rew_mean          | -17        |
| time/                   |            |
|    fps                  | 659        |
|    iterations           | 425        |
|    time_elapsed         | 2637       |
|    total_timesteps      | 1740800    |
| train/                  |            |
|    approx_kl            | 0.16096553 |
|    clip_fraction        | 0.454      |
|    clip_range           | 0.2        |
|    entropy_loss         | -19.6      |
|    explained_variance   | 0.832      |
|    learning_rate        | 0.0003     |
|    loss                 | 0.672      |
|    n_updates            | 17520      |
|    policy_gradient_loss | -0.0803    |
|    std                  | 7.01       |
|    value_loss           | 3.05       |
----------------------------------------
----------------------------------------
| manipularl/             |            |
|    collision_rate       | 0.78       |
|    grasp_failure_rate   | 0.91       |
|    insert_depth_mean    | 0          |
|    insert_tilt_deg_mean | 0.00313    |
|    success_rate         | 0          |
|    xy_err_weight        | 1          |
| rollout/                |            |
|    ep_len_mean          | 159        |
|    ep_rew_mean          | -17.1      |
| time/                   |            |
|    fps                  | 660        |
|    iterations           | 426        |
|    time_elapsed         | 2643       |
|    total_timesteps      | 1744896    |
| train/                  |            |
|    approx_kl            | 0.13609922 |
|    clip_fraction        | 0.464      |
|    clip_range           | 0.2        |
|    entropy_loss         | -19.6      |
|    explained_variance   | 0.662      |
|    learning_rate        | 0.0003     |
|    loss                 | 1.28       |
|    n_updates            | 17530      |
|    policy_gradient_loss | -0.0791    |
|    std                  | 7.02       |
|    value_loss           | 5.65       |
----------------------------------------
---------------------------------------
| manipularl/             |           |
|    collision_rate       | 0.77      |
|    grasp_failure_rate   | 0.904     |
|    insert_depth_mean    | 0         |
|    insert_tilt_deg_mean | 0.00337   |
|    success_rate         | 0         |
|    xy_err_weight        | 1         |
| rollout/                |           |
|    ep_len_mean          | 165       |
|    ep_rew_mean          | -18.2     |
| time/                   |           |
|    fps                  | 660       |
|    iterations           | 427       |
|    time_elapsed         | 2648      |
|    total_timesteps      | 1748992   |
| train/                  |           |
|    approx_kl            | 0.1442056 |
|    clip_fraction        | 0.413     |
|    clip_range           | 0.2       |
|    entropy_loss         | -19.6     |
|    explained_variance   | 0.784     |
|    learning_rate        | 0.0003    |
|    loss                 | 0.672     |
|    n_updates            | 17540     |
|    policy_gradient_loss | -0.0748   |
|    std                  | 7.02      |
|    value_loss           | 3.44      |
---------------------------------------
----------------------------------------
| manipularl/             |            |
|    collision_rate       | 0.81       |
|    grasp_failure_rate   | 0.907      |
|    insert_depth_mean    | 0          |
|    insert_tilt_deg_mean | 0.00339    |
|    success_rate         | 0          |
|    xy_err_weight        | 1          |
| rollout/                |            |
|    ep_len_mean          | 155        |
|    ep_rew_mean          | -17        |
| time/                   |            |
|    fps                  | 660        |
|    iterations           | 428        |
|    time_elapsed         | 2654       |
|    total_timesteps      | 1753088    |
| train/                  |            |
|    approx_kl            | 0.14408989 |
|    clip_fraction        | 0.445      |
|    clip_range           | 0.2        |
|    entropy_loss         | -19.6      |
|    explained_variance   | 0.801      |
|    learning_rate        | 0.0003     |
|    loss                 | 0.69       |
|    n_updates            | 17550      |
|    policy_gradient_loss | -0.0728    |
|    std                  | 7.02       |
|    value_loss           | 3.38       |
----------------------------------------
----------------------------------------
| manipularl/             |            |
|    collision_rate       | 0.79       |
|    grasp_failure_rate   | 0.901      |
|    insert_depth_mean    | 0          |
|    insert_tilt_deg_mean | 0.0035     |
|    success_rate         | 0          |
|    xy_err_weight        | 1          |
| rollout/                |            |
|    ep_len_mean          | 170        |
|    ep_rew_mean          | -17.9      |
| time/                   |            |
|    fps                  | 660        |
|    iterations           | 429        |
|    time_elapsed         | 2661       |
|    total_timesteps      | 1757184    |
| train/                  |            |
|    approx_kl            | 0.16509686 |
|    clip_fraction        | 0.471      |
|    clip_range           | 0.2        |
|    entropy_loss         | -19.6      |
|    explained_variance   | 0.728      |
|    learning_rate        | 0.0003     |
|    loss                 | 1.01       |
|    n_updates            | 17560      |
|    policy_gradient_loss | -0.0756    |
|    std                  | 7.03       |
|    value_loss           | 4.43       |
----------------------------------------
-----------------------------------------
| manipularl/             |             |
|    collision_rate       | 0.8         |
|    grasp_failure_rate   | 0.905       |
|    insert_depth_mean    | 0           |
|    insert_tilt_deg_mean | 0.00298     |
|    success_rate         | 0           |
|    xy_err_weight        | 1           |
| rollout/                |             |
|    ep_len_mean          | 178         |
|    ep_rew_mean          | -19.3       |
| time/                   |             |
|    fps                  | 659         |
|    iterations           | 430         |
|    time_elapsed         | 2669        |
|    total_timesteps      | 1761280     |
| train/                  |             |
|    approx_kl            | 0.107630976 |
|    clip_fraction        | 0.358       |
|    clip_range           | 0.2         |
|    entropy_loss         | -19.6       |
|    explained_variance   | 0.776       |
|    learning_rate        | 0.0003      |
|    loss                 | 1.02        |
|    n_updates            | 17570       |
|    policy_gradient_loss | -0.0619     |
|    std                  | 7.05        |
|    value_loss           | 4.46        |
-----------------------------------------
----------------------------------------
| manipularl/             |            |
|    collision_rate       | 0.76       |
|    grasp_failure_rate   | 0.899      |
|    insert_depth_mean    | 0          |
|    insert_tilt_deg_mean | 0.00286    |
|    success_rate         | 0          |
|    xy_err_weight        | 1          |
| rollout/                |            |
|    ep_len_mean          | 190        |
|    ep_rew_mean          | -19.7      |
| time/                   |            |
|    fps                  | 659        |
|    iterations           | 431        |
|    time_elapsed         | 2676       |
|    total_timesteps      | 1765376    |
| train/                  |            |
|    approx_kl            | 0.18773708 |
|    clip_fraction        | 0.48       |
|    clip_range           | 0.2        |
|    entropy_loss         | -19.6      |
|    explained_variance   | 0.851      |
|    learning_rate        | 0.0003     |
|    loss                 | 0.496      |
|    n_updates            | 17580      |
|    policy_gradient_loss | -0.0791    |
|    std                  | 7.07       |
|    value_loss           | 2.66       |
----------------------------------------
----------------------------------------
| manipularl/             |            |
|    collision_rate       | 0.74       |
|    grasp_failure_rate   | 0.897      |
|    insert_depth_mean    | 0.0006     |
|    insert_tilt_deg_mean | 0.00281    |
|    success_rate         | 0          |
|    xy_err_weight        | 1          |
| rollout/                |            |
|    ep_len_mean          | 193        |
|    ep_rew_mean          | -18.6      |
| time/                   |            |
|    fps                  | 659        |
|    iterations           | 432        |
|    time_elapsed         | 2683       |
|    total_timesteps      | 1769472    |
| train/                  |            |
|    approx_kl            | 0.16113861 |
|    clip_fraction        | 0.44       |
|    clip_range           | 0.2        |
|    entropy_loss         | -19.6      |
|    explained_variance   | 0.868      |
|    learning_rate        | 0.0003     |
|    loss                 | 0.479      |
|    n_updates            | 17590      |
|    policy_gradient_loss | -0.0749    |
|    std                  | 7.08       |
|    value_loss           | 2.93       |
----------------------------------------
---------------------------------------
| manipularl/             |           |
|    collision_rate       | 0.68      |
|    grasp_failure_rate   | 0.899     |
|    insert_depth_mean    | 0.0006    |
|    insert_tilt_deg_mean | 0.00288   |
|    success_rate         | 0         |
|    xy_err_weight        | 1         |
| rollout/                |           |
|    ep_len_mean          | 212       |
|    ep_rew_mean          | -18.6     |
| time/                   |           |
|    fps                  | 659       |
|    iterations           | 433       |
|    time_elapsed         | 2690      |
|    total_timesteps      | 1773568   |
| train/                  |           |
|    approx_kl            | 0.1820874 |
|    clip_fraction        | 0.459     |
|    clip_range           | 0.2       |
|    entropy_loss         | -19.6     |
|    explained_variance   | 0.81      |
|    learning_rate        | 0.0003    |
|    loss                 | 0.851     |
|    n_updates            | 17600     |
|    policy_gradient_loss | -0.0755   |
|    std                  | 7.09      |
|    value_loss           | 3.91      |
---------------------------------------
----------------------------------------
| manipularl/             |            |
|    collision_rate       | 0.69       |
|    grasp_failure_rate   | 0.901      |
|    insert_depth_mean    | 0.0006     |
|    insert_tilt_deg_mean | 0.00295    |
|    success_rate         | 0          |
|    xy_err_weight        | 1          |
| rollout/                |            |
|    ep_len_mean          | 206        |
|    ep_rew_mean          | -19.8      |
| time/                   |            |
|    fps                  | 659        |
|    iterations           | 434        |
|    time_elapsed         | 2697       |
|    total_timesteps      | 1777664    |
| train/                  |            |
|    approx_kl            | 0.12349741 |
|    clip_fraction        | 0.421      |
|    clip_range           | 0.2        |
|    entropy_loss         | -19.6      |
|    explained_variance   | 0.788      |
|    learning_rate        | 0.0003     |
|    loss                 | 0.883      |
|    n_updates            | 17610      |
|    policy_gradient_loss | -0.0789    |
|    std                  | 7.1        |
|    value_loss           | 4.09       |
----------------------------------------
-----------------------------------------
| manipularl/             |             |
|    collision_rate       | 0.65        |
|    grasp_failure_rate   | 0.913       |
|    insert_depth_mean    | 0.0006      |
|    insert_tilt_deg_mean | 0.00305     |
|    success_rate         | 0           |
|    xy_err_weight        | 1           |
| rollout/                |             |
|    ep_len_mean          | 202         |
|    ep_rew_mean          | -17.6       |
| time/                   |             |
|    fps                  | 659         |
|    iterations           | 435         |
|    time_elapsed         | 2703        |
|    total_timesteps      | 1781760     |
| train/                  |             |
|    approx_kl            | 0.111551724 |
|    clip_fraction        | 0.371       |
|    clip_range           | 0.2         |
|    entropy_loss         | -19.6       |
|    explained_variance   | 0.778       |
|    learning_rate        | 0.0003      |
|    loss                 | 0.902       |
|    n_updates            | 17620       |
|    policy_gradient_loss | -0.0675     |
|    std                  | 7.12        |
|    value_loss           | 4.52        |
-----------------------------------------
----------------------------------------
| manipularl/             |            |
|    collision_rate       | 0.66       |
|    grasp_failure_rate   | 0.921      |
|    insert_depth_mean    | 0.0012     |
|    insert_tilt_deg_mean | 0.00379    |
|    success_rate         | 0          |
|    xy_err_weight        | 1          |
| rollout/                |            |
|    ep_len_mean          | 190        |
|    ep_rew_mean          | -16.6      |
| time/                   |            |
|    fps                  | 659        |
|    iterations           | 436        |
|    time_elapsed         | 2709       |
|    total_timesteps      | 1785856    |
| train/                  |            |
|    approx_kl            | 0.13247626 |
|    clip_fraction        | 0.423      |
|    clip_range           | 0.2        |
|    entropy_loss         | -19.7      |
|    explained_variance   | 0.803      |
|    learning_rate        | 0.0003     |
|    loss                 | 0.537      |
|    n_updates            | 17630      |
|    policy_gradient_loss | -0.0698    |
|    std                  | 7.14       |
|    value_loss           | 2.92       |
----------------------------------------
----------------------------------------
| manipularl/             |            |
|    collision_rate       | 0.66       |
|    grasp_failure_rate   | 0.921      |
|    insert_depth_mean    | 0.00121    |
|    insert_tilt_deg_mean | 0.00387    |
|    success_rate         | 0          |
|    xy_err_weight        | 1          |
| rollout/                |            |
|    ep_len_mean          | 191        |
|    ep_rew_mean          | -16.6      |
| time/                   |            |
|    fps                  | 659        |
|    iterations           | 437        |
|    time_elapsed         | 2714       |
|    total_timesteps      | 1789952    |
| train/                  |            |
|    approx_kl            | 0.15737353 |
|    clip_fraction        | 0.418      |
|    clip_range           | 0.2        |
|    entropy_loss         | -19.6      |
|    explained_variance   | 0.807      |
|    learning_rate        | 0.0003     |
|    loss                 | 0.796      |
|    n_updates            | 17640      |
|    policy_gradient_loss | -0.0747    |
|    std                  | 7.16       |
|    value_loss           | 3.75       |
----------------------------------------
----------------------------------------
| manipularl/             |            |
|    collision_rate       | 0.71       |
|    grasp_failure_rate   | 0.934      |
|    insert_depth_mean    | 0.00121    |
|    insert_tilt_deg_mean | 0.00397    |
|    success_rate         | 0          |
|    xy_err_weight        | 1          |
| rollout/                |            |
|    ep_len_mean          | 172        |
|    ep_rew_mean          | -12.7      |
| time/                   |            |
|    fps                  | 659        |
|    iterations           | 438        |
|    time_elapsed         | 2720       |
|    total_timesteps      | 1794048    |
| train/                  |            |
|    approx_kl            | 0.15721767 |
|    clip_fraction        | 0.418      |
|    clip_range           | 0.2        |
|    entropy_loss         | -19.7      |
|    explained_variance   | 0.765      |
|    learning_rate        | 0.0003     |
|    loss                 | 0.639      |
|    n_updates            | 17650      |
|    policy_gradient_loss | -0.0746    |
|    std                  | 7.17       |
|    value_loss           | 3.57       |
----------------------------------------
----------------------------------------
| manipularl/             |            |
|    collision_rate       | 0.77       |
|    grasp_failure_rate   | 0.925      |
|    insert_depth_mean    | 0.00301    |
|    insert_tilt_deg_mean | 0.00494    |
|    success_rate         | 0          |
|    xy_err_weight        | 1          |
| rollout/                |            |
|    ep_len_mean          | 160        |
|    ep_rew_mean          | -14.3      |
| time/                   |            |
|    fps                  | 659        |
|    iterations           | 439        |
|    time_elapsed         | 2726       |
|    total_timesteps      | 1798144    |
| train/                  |            |
|    approx_kl            | 0.19251323 |
|    clip_fraction        | 0.47       |
|    clip_range           | 0.2        |
|    entropy_loss         | -19.7      |
|    explained_variance   | 0.843      |
|    learning_rate        | 0.0003     |
|    loss                 | 0.695      |
|    n_updates            | 17660      |
|    policy_gradient_loss | -0.0806    |
|    std                  | 7.2        |
|    value_loss           | 3.53       |
----------------------------------------
Eval num_timesteps=1800000, episode_reward=-11.47 +/- 22.37
Episode length: 190.30 +/- 164.79
----------------------------------------
| eval/                   |            |
|    mean_ep_length       | 190        |
|    mean_reward          | -11.5      |
| manipularl/             |            |
|    collision_rate       | 0.8        |
|    grasp_failure_rate   | 0.924      |
|    insert_depth_mean    | 0.00241    |
|    insert_tilt_deg_mean | 0.00512    |
|    success_rate         | 0          |
|    xy_err_weight        | 1          |
| time/                   |            |
|    total_timesteps      | 1800000    |
| train/                  |            |
|    approx_kl            | 0.15499139 |
|    clip_fraction        | 0.393      |
|    clip_range           | 0.2        |
|    entropy_loss         | -19.7      |
|    explained_variance   | 0.741      |
|    learning_rate        | 0.0003     |
|    loss                 | 0.901      |
|    n_updates            | 17670      |
|    policy_gradient_loss | -0.0709    |
|    std                  | 7.21       |
|    value_loss           | 3.92       |
----------------------------------------
--------------------------------------
| manipularl/             |          |
|    collision_rate       | 0.78     |
|    grasp_failure_rate   | 0.93     |
|    insert_depth_mean    | 0.00301  |
|    insert_tilt_deg_mean | 0.00527  |
|    success_rate         | 0        |
|    xy_err_weight        | 1        |
| rollout/                |          |
|    ep_len_mean          | 158      |
|    ep_rew_mean          | -14.8    |
| time/                   |          |
|    fps                  | 654      |
|    iterations           | 440      |
|    time_elapsed         | 2753     |
|    total_timesteps      | 1802240  |
--------------------------------------
----------------------------------------
| manipularl/             |            |
|    collision_rate       | 0.76       |
|    grasp_failure_rate   | 0.931      |
|    insert_depth_mean    | 0.0024     |
|    insert_tilt_deg_mean | 0.00489    |
|    success_rate         | 0          |
|    xy_err_weight        | 1          |
| rollout/                |            |
|    ep_len_mean          | 162        |
|    ep_rew_mean          | -14.9      |
| time/                   |            |
|    fps                  | 654        |
|    iterations           | 441        |
|    time_elapsed         | 2759       |
|    total_timesteps      | 1806336    |
| train/                  |            |
|    approx_kl            | 0.18904585 |
|    clip_fraction        | 0.474      |
|    clip_range           | 0.2        |
|    entropy_loss         | -19.7      |
|    explained_variance   | 0.691      |
|    learning_rate        | 0.0003     |
|    loss                 | 0.494      |
|    n_updates            | 17680      |
|    policy_gradient_loss | -0.0791    |
|    std                  | 7.21       |
|    value_loss           | 2.81       |
----------------------------------------
----------------------------------------
| manipularl/             |            |
|    collision_rate       | 0.72       |
|    grasp_failure_rate   | 0.925      |
|    insert_depth_mean    | 0.0024     |
|    insert_tilt_deg_mean | 0.00491    |
|    success_rate         | 0          |
|    xy_err_weight        | 1          |
| rollout/                |            |
|    ep_len_mean          | 175        |
|    ep_rew_mean          | -15.9      |
| time/                   |            |
|    fps                  | 654        |
|    iterations           | 442        |
|    time_elapsed         | 2766       |
|    total_timesteps      | 1810432    |
| train/                  |            |
|    approx_kl            | 0.20243123 |
|    clip_fraction        | 0.479      |
|    clip_range           | 0.2        |
|    entropy_loss         | -19.7      |
|    explained_variance   | 0.869      |
|    learning_rate        | 0.0003     |
|    loss                 | 0.328      |
|    n_updates            | 17690      |
|    policy_gradient_loss | -0.0775    |
|    std                  | 7.24       |
|    value_loss           | 2.24       |
----------------------------------------
---------------------------------------
| manipularl/             |           |
|    collision_rate       | 0.68      |
|    grasp_failure_rate   | 0.927     |
|    insert_depth_mean    | 0.0024    |
|    insert_tilt_deg_mean | 0.00541   |
|    success_rate         | 0         |
|    xy_err_weight        | 1         |
| rollout/                |           |
|    ep_len_mean          | 180       |
|    ep_rew_mean          | -16.4     |
| time/                   |           |
|    fps                  | 654       |
|    iterations           | 443       |
|    time_elapsed         | 2772      |
|    total_timesteps      | 1814528   |
| train/                  |           |
|    approx_kl            | 0.1737041 |
|    clip_fraction        | 0.468     |
|    clip_range           | 0.2       |
|    entropy_loss         | -19.7     |
|    explained_variance   | 0.868     |
|    learning_rate        | 0.0003    |
|    loss                 | 0.693     |
|    n_updates            | 17700     |
|    policy_gradient_loss | -0.0739   |
|    std                  | 7.25      |
|    value_loss           | 3.08      |
---------------------------------------
----------------------------------------
| manipularl/             |            |
|    collision_rate       | 0.66       |
|    grasp_failure_rate   | 0.914      |
|    insert_depth_mean    | 0.0006     |
|    insert_tilt_deg_mean | 0.00445    |
|    success_rate         | 0          |
|    xy_err_weight        | 1          |
| rollout/                |            |
|    ep_len_mean          | 186        |
|    ep_rew_mean          | -16.3      |
| time/                   |            |
|    fps                  | 654        |
|    iterations           | 444        |
|    time_elapsed         | 2778       |
|    total_timesteps      | 1818624    |
| train/                  |            |
|    approx_kl            | 0.16218513 |
|    clip_fraction        | 0.445      |
|    clip_range           | 0.2        |
|    entropy_loss         | -19.7      |
|    explained_variance   | 0.842      |
|    learning_rate        | 0.0003     |
|    loss                 | 0.457      |
|    n_updates            | 17710      |
|    policy_gradient_loss | -0.0704    |
|    std                  | 7.25       |
|    value_loss           | 2.71       |
----------------------------------------
----------------------------------------
| manipularl/             |            |
|    collision_rate       | 0.69       |
|    grasp_failure_rate   | 0.899      |
|    insert_depth_mean    | 0          |
|    insert_tilt_deg_mean | 0.00416    |
|    success_rate         | 0          |
|    xy_err_weight        | 1          |
| rollout/                |            |
|    ep_len_mean          | 180        |
|    ep_rew_mean          | -16.6      |
| time/                   |            |
|    fps                  | 653        |
|    iterations           | 445        |
|    time_elapsed         | 2787       |
|    total_timesteps      | 1822720    |
| train/                  |            |
|    approx_kl            | 0.13294062 |
|    clip_fraction        | 0.449      |
|    clip_range           | 0.2        |
|    entropy_loss         | -19.7      |
|    explained_variance   | 0.796      |
|    learning_rate        | 0.0003     |
|    loss                 | 0.925      |
|    n_updates            | 17720      |
|    policy_gradient_loss | -0.0752    |
|    std                  | 7.26       |
|    value_loss           | 4.05       |
----------------------------------------
---------------------------------------
| manipularl/             |           |
|    collision_rate       | 0.7       |
|    grasp_failure_rate   | 0.887     |
|    insert_depth_mean    | 0         |
|    insert_tilt_deg_mean | 0.154     |
|    success_rate         | 0         |
|    xy_err_weight        | 1         |
| rollout/                |           |
|    ep_len_mean          | 174       |
|    ep_rew_mean          | -17.6     |
| time/                   |           |
|    fps                  | 653       |
|    iterations           | 446       |
|    time_elapsed         | 2795      |
|    total_timesteps      | 1826816   |
| train/                  |           |
|    approx_kl            | 0.1684581 |
|    clip_fraction        | 0.452     |
|    clip_range           | 0.2       |
|    entropy_loss         | -19.7     |
|    explained_variance   | 0.763     |
|    learning_rate        | 0.0003    |
|    loss                 | 0.567     |
|    n_updates            | 17730     |
|    policy_gradient_loss | -0.0777   |
|    std                  | 7.28      |
|    value_loss           | 3.11      |
---------------------------------------
----------------------------------------
| manipularl/             |            |
|    collision_rate       | 0.7        |
|    grasp_failure_rate   | 0.879      |
|    insert_depth_mean    | 0          |
|    insert_tilt_deg_mean | 0.154      |
|    success_rate         | 0          |
|    xy_err_weight        | 1          |
| rollout/                |            |
|    ep_len_mean          | 178        |
|    ep_rew_mean          | -17.6      |
| time/                   |            |
|    fps                  | 653        |
|    iterations           | 447        |
|    time_elapsed         | 2803       |
|    total_timesteps      | 1830912    |
| train/                  |            |
|    approx_kl            | 0.18005478 |
|    clip_fraction        | 0.467      |
|    clip_range           | 0.2        |
|    entropy_loss         | -19.7      |
|    explained_variance   | 0.831      |
|    learning_rate        | 0.0003     |
|    loss                 | 0.343      |
|    n_updates            | 17740      |
|    policy_gradient_loss | -0.0778    |
|    std                  | 7.3        |
|    value_loss           | 2.24       |
----------------------------------------
----------------------------------------
| manipularl/             |            |
|    collision_rate       | 0.72       |
|    grasp_failure_rate   | 0.863      |
|    insert_depth_mean    | 0          |
|    insert_tilt_deg_mean | 0.154      |
|    success_rate         | 0          |
|    xy_err_weight        | 1          |
| rollout/                |            |
|    ep_len_mean          | 176        |
|    ep_rew_mean          | -17.7      |
| time/                   |            |
|    fps                  | 652        |
|    iterations           | 448        |
|    time_elapsed         | 2811       |
|    total_timesteps      | 1835008    |
| train/                  |            |
|    approx_kl            | 0.23263748 |
|    clip_fraction        | 0.462      |
|    clip_range           | 0.2        |
|    entropy_loss         | -19.7      |
|    explained_variance   | 0.89       |
|    learning_rate        | 0.0003     |
|    loss                 | 0.488      |
|    n_updates            | 17750      |
|    policy_gradient_loss | -0.0705    |
|    std                  | 7.31       |
|    value_loss           | 2.61       |
----------------------------------------
----------------------------------------
| manipularl/             |            |
|    collision_rate       | 0.7        |
|    grasp_failure_rate   | 0.86       |
|    insert_depth_mean    | 0          |
|    insert_tilt_deg_mean | 0.154      |
|    success_rate         | 0          |
|    xy_err_weight        | 1          |
| rollout/                |            |
|    ep_len_mean          | 185        |
|    ep_rew_mean          | -18.3      |
| time/                   |            |
|    fps                  | 652        |
|    iterations           | 449        |
|    time_elapsed         | 2817       |
|    total_timesteps      | 1839104    |
| train/                  |            |
|    approx_kl            | 0.17195883 |
|    clip_fraction        | 0.387      |
|    clip_range           | 0.2        |
|    entropy_loss         | -19.7      |
|    explained_variance   | 0.786      |
|    learning_rate        | 0.0003     |
|    loss                 | 1.28       |
|    n_updates            | 17760      |
|    policy_gradient_loss | -0.072     |
|    std                  | 7.32       |
|    value_loss           | 5.13       |
----------------------------------------
----------------------------------------
| manipularl/             |            |
|    collision_rate       | 0.69       |
|    grasp_failure_rate   | 0.869      |
|    insert_depth_mean    | 0          |
|    insert_tilt_deg_mean | 0.304      |
|    success_rate         | 0          |
|    xy_err_weight        | 1          |
| rollout/                |            |
|    ep_len_mean          | 184        |
|    ep_rew_mean          | -16.9      |
| time/                   |            |
|    fps                  | 652        |
|    iterations           | 450        |
|    time_elapsed         | 2824       |
|    total_timesteps      | 1843200    |
| train/                  |            |
|    approx_kl            | 0.16251145 |
|    clip_fraction        | 0.439      |
|    clip_range           | 0.2        |
|    entropy_loss         | -19.7      |
|    explained_variance   | 0.855      |
|    learning_rate        | 0.0003     |
|    loss                 | 0.64       |
|    n_updates            | 17770      |
|    policy_gradient_loss | -0.0717    |
|    std                  | 7.34       |
|    value_loss           | 3.46       |
----------------------------------------
----------------------------------------
| manipularl/             |            |
|    collision_rate       | 0.76       |
|    grasp_failure_rate   | 0.885      |
|    insert_depth_mean    | 0          |
|    insert_tilt_deg_mean | 0.303      |
|    success_rate         | 0          |
|    xy_err_weight        | 1          |
| rollout/                |            |
|    ep_len_mean          | 158        |
|    ep_rew_mean          | -13.7      |
| time/                   |            |
|    fps                  | 652        |
|    iterations           | 451        |
|    time_elapsed         | 2830       |
|    total_timesteps      | 1847296    |
| train/                  |            |
|    approx_kl            | 0.17608193 |
|    clip_fraction        | 0.467      |
|    clip_range           | 0.2        |
|    entropy_loss         | -19.7      |
|    explained_variance   | 0.848      |
|    learning_rate        | 0.0003     |
|    loss                 | 0.603      |
|    n_updates            | 17780      |
|    policy_gradient_loss | -0.0811    |
|    std                  | 7.35       |
|    value_loss           | 3.04       |
----------------------------------------
---------------------------------------
| manipularl/             |           |
|    collision_rate       | 0.75      |
|    grasp_failure_rate   | 0.895     |
|    insert_depth_mean    | 0         |
|    insert_tilt_deg_mean | 0.602     |
|    success_rate         | 0         |
|    xy_err_weight        | 1         |
| rollout/                |           |
|    ep_len_mean          | 157       |
|    ep_rew_mean          | -12.7     |
| time/                   |           |
|    fps                  | 652       |
|    iterations           | 452       |
|    time_elapsed         | 2839      |
|    total_timesteps      | 1851392   |
| train/                  |           |
|    approx_kl            | 0.1683015 |
|    clip_fraction        | 0.444     |
|    clip_range           | 0.2       |
|    entropy_loss         | -19.7     |
|    explained_variance   | 0.835     |
|    learning_rate        | 0.0003    |
|    loss                 | 0.729     |
|    n_updates            | 17790     |
|    policy_gradient_loss | -0.0774   |
|    std                  | 7.36      |
|    value_loss           | 3.61      |
---------------------------------------
----------------------------------------
| manipularl/             |            |
|    collision_rate       | 0.73       |
|    grasp_failure_rate   | 0.894      |
|    insert_depth_mean    | 0          |
|    insert_tilt_deg_mean | 0.888      |
|    success_rate         | 0          |
|    xy_err_weight        | 1          |
| rollout/                |            |
|    ep_len_mean          | 162        |
|    ep_rew_mean          | -11.9      |
| time/                   |            |
|    fps                  | 651        |
|    iterations           | 453        |
|    time_elapsed         | 2848       |
|    total_timesteps      | 1855488    |
| train/                  |            |
|    approx_kl            | 0.18474795 |
|    clip_fraction        | 0.472      |
|    clip_range           | 0.2        |
|    entropy_loss         | -19.7      |
|    explained_variance   | 0.833      |
|    learning_rate        | 0.0003     |
|    loss                 | 0.843      |
|    n_updates            | 17800      |
|    policy_gradient_loss | -0.077     |
|    std                  | 7.38       |
|    value_loss           | 3.95       |
----------------------------------------
---------------------------------------
| manipularl/             |           |
|    collision_rate       | 0.74      |
|    grasp_failure_rate   | 0.888     |
|    insert_depth_mean    | 0         |
|    insert_tilt_deg_mean | 0.738     |
|    success_rate         | 0         |
|    xy_err_weight        | 1         |
| rollout/                |           |
|    ep_len_mean          | 162       |
|    ep_rew_mean          | -11.6     |
| time/                   |           |
|    fps                  | 651       |
|    iterations           | 454       |
|    time_elapsed         | 2856      |
|    total_timesteps      | 1859584   |
| train/                  |           |
|    approx_kl            | 0.1726401 |
|    clip_fraction        | 0.471     |
|    clip_range           | 0.2       |
|    entropy_loss         | -19.7     |
|    explained_variance   | 0.825     |
|    learning_rate        | 0.0003    |
|    loss                 | 0.55      |
|    n_updates            | 17810     |
|    policy_gradient_loss | -0.0729   |
|    std                  | 7.39      |
|    value_loss           | 2.61      |
---------------------------------------
----------------------------------------
| manipularl/             |            |
|    collision_rate       | 0.73       |
|    grasp_failure_rate   | 0.886      |
|    insert_depth_mean    | 0.0006     |
|    insert_tilt_deg_mean | 0.739      |
|    success_rate         | 0          |
|    xy_err_weight        | 1          |
| rollout/                |            |
|    ep_len_mean          | 166        |
|    ep_rew_mean          | -13        |
| time/                   |            |
|    fps                  | 650        |
|    iterations           | 455        |
|    time_elapsed         | 2864       |
|    total_timesteps      | 1863680    |
| train/                  |            |
|    approx_kl            | 0.15432961 |
|    clip_fraction        | 0.436      |
|    clip_range           | 0.2        |
|    entropy_loss         | -19.7      |
|    explained_variance   | 0.779      |
|    learning_rate        | 0.0003     |
|    loss                 | 0.663      |
|    n_updates            | 17820      |
|    policy_gradient_loss | -0.0682    |
|    std                  | 7.41       |
|    value_loss           | 3.43       |
----------------------------------------
----------------------------------------
| manipularl/             |            |
|    collision_rate       | 0.7        |
|    grasp_failure_rate   | 0.872      |
|    insert_depth_mean    | 0.0006     |
|    insert_tilt_deg_mean | 0.44       |
|    success_rate         | 0          |
|    xy_err_weight        | 1          |
| rollout/                |            |
|    ep_len_mean          | 189        |
|    ep_rew_mean          | -15.7      |
| time/                   |            |
|    fps                  | 650        |
|    iterations           | 456        |
|    time_elapsed         | 2872       |
|    total_timesteps      | 1867776    |
| train/                  |            |
|    approx_kl            | 0.16015276 |
|    clip_fraction        | 0.461      |
|    clip_range           | 0.2        |
|    entropy_loss         | -19.7      |
|    explained_variance   | 0.811      |
|    learning_rate        | 0.0003     |
|    loss                 | 0.732      |
|    n_updates            | 17830      |
|    policy_gradient_loss | -0.0739    |
|    std                  | 7.43       |
|    value_loss           | 3.68       |
----------------------------------------
----------------------------------------
| manipularl/             |            |
|    collision_rate       | 0.72       |
|    grasp_failure_rate   | 0.879      |
|    insert_depth_mean    | 0.0006     |
|    insert_tilt_deg_mean | 0.152      |
|    success_rate         | 0          |
|    xy_err_weight        | 1          |
| rollout/                |            |
|    ep_len_mean          | 189        |
|    ep_rew_mean          | -15.5      |
| time/                   |            |
|    fps                  | 649        |
|    iterations           | 457        |
|    time_elapsed         | 2880       |
|    total_timesteps      | 1871872    |
| train/                  |            |
|    approx_kl            | 0.18171154 |
|    clip_fraction        | 0.444      |
|    clip_range           | 0.2        |
|    entropy_loss         | -19.7      |
|    explained_variance   | 0.808      |
|    learning_rate        | 0.0003     |
|    loss                 | 0.854      |
|    n_updates            | 17840      |
|    policy_gradient_loss | -0.0753    |
|    std                  | 7.43       |
|    value_loss           | 3.99       |
----------------------------------------
---------------------------------------
| manipularl/             |           |
|    collision_rate       | 0.69      |
|    grasp_failure_rate   | 0.876     |
|    insert_depth_mean    | 0.0006    |
|    insert_tilt_deg_mean | 0.00304   |
|    success_rate         | 0         |
|    xy_err_weight        | 1         |
| rollout/                |           |
|    ep_len_mean          | 197       |
|    ep_rew_mean          | -16.8     |
| time/                   |           |
|    fps                  | 649       |
|    iterations           | 458       |
|    time_elapsed         | 2888      |
|    total_timesteps      | 1875968   |
| train/                  |           |
|    approx_kl            | 0.1981773 |
|    clip_fraction        | 0.474     |
|    clip_range           | 0.2       |
|    entropy_loss         | -19.7     |
|    explained_variance   | 0.811     |
|    learning_rate        | 0.0003    |
|    loss                 | 0.759     |
|    n_updates            | 17850     |
|    policy_gradient_loss | -0.0741   |
|    std                  | 7.45      |
|    value_loss           | 3.4       |
---------------------------------------
----------------------------------------
| manipularl/             |            |
|    collision_rate       | 0.66       |
|    grasp_failure_rate   | 0.888      |
|    insert_depth_mean    | 0.0006     |
|    insert_tilt_deg_mean | 0.00291    |
|    success_rate         | 0          |
|    xy_err_weight        | 1          |
| rollout/                |            |
|    ep_len_mean          | 207        |
|    ep_rew_mean          | -18.2      |
| time/                   |            |
|    fps                  | 648        |
|    iterations           | 459        |
|    time_elapsed         | 2896       |
|    total_timesteps      | 1880064    |
| train/                  |            |
|    approx_kl            | 0.19884647 |
|    clip_fraction        | 0.478      |
|    clip_range           | 0.2        |
|    entropy_loss         | -19.7      |
|    explained_variance   | 0.769      |
|    learning_rate        | 0.0003     |
|    loss                 | 0.645      |
|    n_updates            | 17860      |
|    policy_gradient_loss | -0.0739    |
|    std                  | 7.47       |
|    value_loss           | 3.07       |
----------------------------------------
----------------------------------------
| manipularl/             |            |
|    collision_rate       | 0.65       |
|    grasp_failure_rate   | 0.891      |
|    insert_depth_mean    | 0.0006     |
|    insert_tilt_deg_mean | 0.00299    |
|    success_rate         | 0          |
|    xy_err_weight        | 1          |
| rollout/                |            |
|    ep_len_mean          | 215        |
|    ep_rew_mean          | -17.8      |
| time/                   |            |
|    fps                  | 648        |
|    iterations           | 460        |
|    time_elapsed         | 2905       |
|    total_timesteps      | 1884160    |
| train/                  |            |
|    approx_kl            | 0.19494915 |
|    clip_fraction        | 0.46       |
|    clip_range           | 0.2        |
|    entropy_loss         | -19.7      |
|    explained_variance   | 0.823      |
|    learning_rate        | 0.0003     |
|    loss                 | 0.309      |
|    n_updates            | 17870      |
|    policy_gradient_loss | -0.0746    |
|    std                  | 7.49       |
|    value_loss           | 2.22       |
----------------------------------------
----------------------------------------
| manipularl/             |            |
|    collision_rate       | 0.64       |
|    grasp_failure_rate   | 0.909      |
|    insert_depth_mean    | 0          |
|    insert_tilt_deg_mean | 0.00245    |
|    success_rate         | 0          |
|    xy_err_weight        | 1          |
| rollout/                |            |
|    ep_len_mean          | 217        |
|    ep_rew_mean          | -18.2      |
| time/                   |            |
|    fps                  | 648        |
|    iterations           | 461        |
|    time_elapsed         | 2913       |
|    total_timesteps      | 1888256    |
| train/                  |            |
|    approx_kl            | 0.18753454 |
|    clip_fraction        | 0.454      |
|    clip_range           | 0.2        |
|    entropy_loss         | -19.7      |
|    explained_variance   | 0.844      |
|    learning_rate        | 0.0003     |
|    loss                 | 0.485      |
|    n_updates            | 17880      |
|    policy_gradient_loss | -0.0761    |
|    std                  | 7.5        |
|    value_loss           | 2.46       |
----------------------------------------
----------------------------------------
| manipularl/             |            |
|    collision_rate       | 0.6        |
|    grasp_failure_rate   | 0.913      |
|    insert_depth_mean    | 0          |
|    insert_tilt_deg_mean | 0.00245    |
|    success_rate         | 0          |
|    xy_err_weight        | 1          |
| rollout/                |            |
|    ep_len_mean          | 226        |
|    ep_rew_mean          | -18.3      |
| time/                   |            |
|    fps                  | 647        |
|    iterations           | 462        |
|    time_elapsed         | 2922       |
|    total_timesteps      | 1892352    |
| train/                  |            |
|    approx_kl            | 0.17308202 |
|    clip_fraction        | 0.462      |
|    clip_range           | 0.2        |
|    entropy_loss         | -19.7      |
|    explained_variance   | 0.75       |
|    learning_rate        | 0.0003     |
|    loss                 | 0.355      |
|    n_updates            | 17890      |
|    policy_gradient_loss | -0.0789    |
|    std                  | 7.51       |
|    value_loss           | 2.58       |
----------------------------------------
----------------------------------------
| manipularl/             |            |
|    collision_rate       | 0.62       |
|    grasp_failure_rate   | 0.905      |
|    insert_depth_mean    | 0          |
|    insert_tilt_deg_mean | 0.003      |
|    success_rate         | 0          |
|    xy_err_weight        | 1          |
| rollout/                |            |
|    ep_len_mean          | 220        |
|    ep_rew_mean          | -17        |
| time/                   |            |
|    fps                  | 646        |
|    iterations           | 463        |
|    time_elapsed         | 2931       |
|    total_timesteps      | 1896448    |
| train/                  |            |
|    approx_kl            | 0.16786233 |
|    clip_fraction        | 0.467      |
|    clip_range           | 0.2        |
|    entropy_loss         | -19.7      |
|    explained_variance   | 0.809      |
|    learning_rate        | 0.0003     |
|    loss                 | 0.271      |
|    n_updates            | 17900      |
|    policy_gradient_loss | -0.0757    |
|    std                  | 7.51       |
|    value_loss           | 1.93       |
----------------------------------------
----------------------------------------
| manipularl/             |            |
|    collision_rate       | 0.58       |
|    grasp_failure_rate   | 0.92       |
|    insert_depth_mean    | 0          |
|    insert_tilt_deg_mean | 0.00317    |
|    success_rate         | 0          |
|    xy_err_weight        | 1          |
| rollout/                |            |
|    ep_len_mean          | 228        |
|    ep_rew_mean          | -16.6      |
| time/                   |            |
|    fps                  | 646        |
|    iterations           | 464        |
|    time_elapsed         | 2940       |
|    total_timesteps      | 1900544    |
| train/                  |            |
|    approx_kl            | 0.19576193 |
|    clip_fraction        | 0.48       |
|    clip_range           | 0.2        |
|    entropy_loss         | -19.7      |
|    explained_variance   | 0.885      |
|    learning_rate        | 0.0003     |
|    loss                 | 0.228      |
|    n_updates            | 17910      |
|    policy_gradient_loss | -0.0731    |
|    std                  | 7.51       |
|    value_loss           | 1.74       |
----------------------------------------
----------------------------------------
| manipularl/             |            |
|    collision_rate       | 0.58       |
|    grasp_failure_rate   | 0.916      |
|    insert_depth_mean    | 0          |
|    insert_tilt_deg_mean | 0.00332    |
|    success_rate         | 0          |
|    xy_err_weight        | 1          |
| rollout/                |            |
|    ep_len_mean          | 229        |
|    ep_rew_mean          | -17.1      |
| time/                   |            |
|    fps                  | 646        |
|    iterations           | 465        |
|    time_elapsed         | 2947       |
|    total_timesteps      | 1904640    |
| train/                  |            |
|    approx_kl            | 0.24631992 |
|    clip_fraction        | 0.501      |
|    clip_range           | 0.2        |
|    entropy_loss         | -19.7      |
|    explained_variance   | 0.836      |
|    learning_rate        | 0.0003     |
|    loss                 | 0.236      |
|    n_updates            | 17920      |
|    policy_gradient_loss | -0.0754    |
|    std                  | 7.51       |
|    value_loss           | 1.86       |
----------------------------------------
----------------------------------------
| manipularl/             |            |
|    collision_rate       | 0.56       |
|    grasp_failure_rate   | 0.916      |
|    insert_depth_mean    | 0          |
|    insert_tilt_deg_mean | 0.00366    |
|    success_rate         | 0          |
|    xy_err_weight        | 1          |
| rollout/                |            |
|    ep_len_mean          | 232        |
|    ep_rew_mean          | -16.9      |
| time/                   |            |
|    fps                  | 645        |
|    iterations           | 466        |
|    time_elapsed         | 2955       |
|    total_timesteps      | 1908736    |
| train/                  |            |
|    approx_kl            | 0.12629645 |
|    clip_fraction        | 0.419      |
|    clip_range           | 0.2        |
|    entropy_loss         | -19.7      |
|    explained_variance   | 0.843      |
|    learning_rate        | 0.0003     |
|    loss                 | 0.76       |
|    n_updates            | 17930      |
|    policy_gradient_loss | -0.063     |
|    std                  | 7.52       |
|    value_loss           | 3.39       |
----------------------------------------
----------------------------------------
| manipularl/             |            |
|    collision_rate       | 0.59       |
|    grasp_failure_rate   | 0.924      |
|    insert_depth_mean    | 0          |
|    insert_tilt_deg_mean | 0.00405    |
|    success_rate         | 0          |
|    xy_err_weight        | 1          |
| rollout/                |            |
|    ep_len_mean          | 215        |
|    ep_rew_mean          | -17.2      |
| time/                   |            |
|    fps                  | 645        |
|    iterations           | 467        |
|    time_elapsed         | 2964       |
|    total_timesteps      | 1912832    |
| train/                  |            |
|    approx_kl            | 0.13722795 |
|    clip_fraction        | 0.438      |
|    clip_range           | 0.2        |
|    entropy_loss         | -19.7      |
|    explained_variance   | 0.835      |
|    learning_rate        | 0.0003     |
|    loss                 | 0.578      |
|    n_updates            | 17940      |
|    policy_gradient_loss | -0.0684    |
|    std                  | 7.54       |
|    value_loss           | 2.8        |
----------------------------------------
----------------------------------------
| manipularl/             |            |
|    collision_rate       | 0.61       |
|    grasp_failure_rate   | 0.922      |
|    insert_depth_mean    | 0          |
|    insert_tilt_deg_mean | 0.00367    |
|    success_rate         | 0          |
|    xy_err_weight        | 1          |
| rollout/                |            |
|    ep_len_mean          | 209        |
|    ep_rew_mean          | -18        |
| time/                   |            |
|    fps                  | 644        |
|    iterations           | 468        |
|    time_elapsed         | 2972       |
|    total_timesteps      | 1916928    |
| train/                  |            |
|    approx_kl            | 0.20449701 |
|    clip_fraction        | 0.422      |
|    clip_range           | 0.2        |
|    entropy_loss         | -19.7      |
|    explained_variance   | 0.828      |
|    learning_rate        | 0.0003     |
|    loss                 | 1.12       |
|    n_updates            | 17950      |
|    policy_gradient_loss | -0.074     |
|    std                  | 7.55       |
|    value_loss           | 4.25       |
----------------------------------------
----------------------------------------
| manipularl/             |            |
|    collision_rate       | 0.64       |
|    grasp_failure_rate   | 0.919      |
|    insert_depth_mean    | 6.63e-05   |
|    insert_tilt_deg_mean | 0.153      |
|    success_rate         | 0          |
|    xy_err_weight        | 1          |
| rollout/                |            |
|    ep_len_mean          | 202        |
|    ep_rew_mean          | -19        |
| time/                   |            |
|    fps                  | 644        |
|    iterations           | 469        |
|    time_elapsed         | 2980       |
|    total_timesteps      | 1921024    |
| train/                  |            |
|    approx_kl            | 0.17948104 |
|    clip_fraction        | 0.444      |
|    clip_range           | 0.2        |
|    entropy_loss         | -19.7      |
|    explained_variance   | 0.838      |
|    learning_rate        | 0.0003     |
|    loss                 | 0.749      |
|    n_updates            | 17960      |
|    policy_gradient_loss | -0.0721    |
|    std                  | 7.57       |
|    value_loss           | 3.86       |
----------------------------------------
----------------------------------------
| manipularl/             |            |
|    collision_rate       | 0.64       |
|    grasp_failure_rate   | 0.921      |
|    insert_depth_mean    | 6.63e-05   |
|    insert_tilt_deg_mean | 0.153      |
|    success_rate         | 0          |
|    xy_err_weight        | 1          |
| rollout/                |            |
|    ep_len_mean          | 207        |
|    ep_rew_mean          | -20.5      |
| time/                   |            |
|    fps                  | 644        |
|    iterations           | 470        |
|    time_elapsed         | 2988       |
|    total_timesteps      | 1925120    |
| train/                  |            |
|    approx_kl            | 0.21140996 |
|    clip_fraction        | 0.478      |
|    clip_range           | 0.2        |
|    entropy_loss         | -19.7      |
|    explained_variance   | 0.863      |
|    learning_rate        | 0.0003     |
|    loss                 | 0.528      |
|    n_updates            | 17970      |
|    policy_gradient_loss | -0.0808    |
|    std                  | 7.59       |
|    value_loss           | 2.68       |
----------------------------------------
----------------------------------------
| manipularl/             |            |
|    collision_rate       | 0.67       |
|    grasp_failure_rate   | 0.918      |
|    insert_depth_mean    | 6.63e-05   |
|    insert_tilt_deg_mean | 0.153      |
|    success_rate         | 0          |
|    xy_err_weight        | 1          |
| rollout/                |            |
|    ep_len_mean          | 199        |
|    ep_rew_mean          | -20.3      |
| time/                   |            |
|    fps                  | 643        |
|    iterations           | 471        |
|    time_elapsed         | 2997       |
|    total_timesteps      | 1929216    |
| train/                  |            |
|    approx_kl            | 0.18286926 |
|    clip_fraction        | 0.472      |
|    clip_range           | 0.2        |
|    entropy_loss         | -19.7      |
|    explained_variance   | 0.913      |
|    learning_rate        | 0.0003     |
|    loss                 | 0.8        |
|    n_updates            | 17980      |
|    policy_gradient_loss | -0.071     |
|    std                  | 7.61       |
|    value_loss           | 3.2        |
----------------------------------------
----------------------------------------
| manipularl/             |            |
|    collision_rate       | 0.66       |
|    grasp_failure_rate   | 0.913      |
|    insert_depth_mean    | 6.63e-05   |
|    insert_tilt_deg_mean | 0.153      |
|    success_rate         | 0          |
|    xy_err_weight        | 1          |
| rollout/                |            |
|    ep_len_mean          | 210        |
|    ep_rew_mean          | -22.9      |
| time/                   |            |
|    fps                  | 643        |
|    iterations           | 472        |
|    time_elapsed         | 3006       |
|    total_timesteps      | 1933312    |
| train/                  |            |
|    approx_kl            | 0.17167705 |
|    clip_fraction        | 0.457      |
|    clip_range           | 0.2        |
|    entropy_loss         | -19.7      |
|    explained_variance   | 0.844      |
|    learning_rate        | 0.0003     |
|    loss                 | 0.843      |
|    n_updates            | 17990      |
|    policy_gradient_loss | -0.0697    |
|    std                  | 7.62       |
|    value_loss           | 4.07       |
----------------------------------------
----------------------------------------
| manipularl/             |            |
|    collision_rate       | 0.68       |
|    grasp_failure_rate   | 0.916      |
|    insert_depth_mean    | 7.97e-05   |
|    insert_tilt_deg_mean | 0.152      |
|    success_rate         | 0          |
|    xy_err_weight        | 1          |
| rollout/                |            |
|    ep_len_mean          | 212        |
|    ep_rew_mean          | -22.6      |
| time/                   |            |
|    fps                  | 642        |
|    iterations           | 473        |
|    time_elapsed         | 3014       |
|    total_timesteps      | 1937408    |
| train/                  |            |
|    approx_kl            | 0.18383187 |
|    clip_fraction        | 0.478      |
|    clip_range           | 0.2        |
|    entropy_loss         | -19.7      |
|    explained_variance   | 0.8        |
|    learning_rate        | 0.0003     |
|    loss                 | 0.876      |
|    n_updates            | 18000      |
|    policy_gradient_loss | -0.0707    |
|    std                  | 7.64       |
|    value_loss           | 3.91       |
----------------------------------------
----------------------------------------
| manipularl/             |            |
|    collision_rate       | 0.69       |
|    grasp_failure_rate   | 0.918      |
|    insert_depth_mean    | 1.93e-05   |
|    insert_tilt_deg_mean | 0.00277    |
|    success_rate         | 0          |
|    xy_err_weight        | 1          |
| rollout/                |            |
|    ep_len_mean          | 209        |
|    ep_rew_mean          | -21.6      |
| time/                   |            |
|    fps                  | 642        |
|    iterations           | 474        |
|    time_elapsed         | 3023       |
|    total_timesteps      | 1941504    |
| train/                  |            |
|    approx_kl            | 0.16572033 |
|    clip_fraction        | 0.457      |
|    clip_range           | 0.2        |
|    entropy_loss         | -19.7      |
|    explained_variance   | 0.833      |
|    learning_rate        | 0.0003     |
|    loss                 | 0.763      |
|    n_updates            | 18010      |
|    policy_gradient_loss | -0.076     |
|    std                  | 7.65       |
|    value_loss           | 3.48       |
----------------------------------------
----------------------------------------
| manipularl/             |            |
|    collision_rate       | 0.68       |
|    grasp_failure_rate   | 0.92       |
|    insert_depth_mean    | 1.93e-05   |
|    insert_tilt_deg_mean | 0.00285    |
|    success_rate         | 0          |
|    xy_err_weight        | 1          |
| rollout/                |            |
|    ep_len_mean          | 215        |
|    ep_rew_mean          | -20.5      |
| time/                   |            |
|    fps                  | 641        |
|    iterations           | 475        |
|    time_elapsed         | 3034       |
|    total_timesteps      | 1945600    |
| train/                  |            |
|    approx_kl            | 0.19347572 |
|    clip_fraction        | 0.46       |
|    clip_range           | 0.2        |
|    entropy_loss         | -19.7      |
|    explained_variance   | 0.866      |
|    learning_rate        | 0.0003     |
|    loss                 | 0.518      |
|    n_updates            | 18020      |
|    policy_gradient_loss | -0.0713    |
|    std                  | 7.66       |
|    value_loss           | 3.22       |
----------------------------------------
----------------------------------------
| manipularl/             |            |
|    collision_rate       | 0.67       |
|    grasp_failure_rate   | 0.912      |
|    insert_depth_mean    | 1.93e-05   |
|    insert_tilt_deg_mean | 0.00273    |
|    success_rate         | 0          |
|    xy_err_weight        | 1          |
| rollout/                |            |
|    ep_len_mean          | 218        |
|    ep_rew_mean          | -20.2      |
| time/                   |            |
|    fps                  | 640        |
|    iterations           | 476        |
|    time_elapsed         | 3042       |
|    total_timesteps      | 1949696    |
| train/                  |            |
|    approx_kl            | 0.17944643 |
|    clip_fraction        | 0.479      |
|    clip_range           | 0.2        |
|    entropy_loss         | -19.7      |
|    explained_variance   | 0.833      |
|    learning_rate        | 0.0003     |
|    loss                 | 0.557      |
|    n_updates            | 18030      |
|    policy_gradient_loss | -0.0794    |
|    std                  | 7.68       |
|    value_loss           | 3.24       |
----------------------------------------
---------------------------------------
| manipularl/             |           |
|    collision_rate       | 0.67      |
|    grasp_failure_rate   | 0.915     |
|    insert_depth_mean    | 1.93e-05  |
|    insert_tilt_deg_mean | 0.0025    |
|    success_rate         | 0         |
|    xy_err_weight        | 1         |
| rollout/                |           |
|    ep_len_mean          | 209       |
|    ep_rew_mean          | -17.5     |
| time/                   |           |
|    fps                  | 640       |
|    iterations           | 477       |
|    time_elapsed         | 3051      |
|    total_timesteps      | 1953792   |
| train/                  |           |
|    approx_kl            | 0.2842351 |
|    clip_fraction        | 0.495     |
|    clip_range           | 0.2       |
|    entropy_loss         | -19.7     |
|    explained_variance   | 0.841     |
|    learning_rate        | 0.0003    |
|    loss                 | 0.424     |
|    n_updates            | 18040     |
|    policy_gradient_loss | -0.0824   |
|    std                  | 7.71      |
|    value_loss           | 2.67      |
---------------------------------------
---------------------------------------
| manipularl/             |           |
|    collision_rate       | 0.66      |
|    grasp_failure_rate   | 0.916     |
|    insert_depth_mean    | 5.91e-06  |
|    insert_tilt_deg_mean | 0.00238   |
|    success_rate         | 0         |
|    xy_err_weight        | 1         |
| rollout/                |           |
|    ep_len_mean          | 207       |
|    ep_rew_mean          | -16.6     |
| time/                   |           |
|    fps                  | 639       |
|    iterations           | 478       |
|    time_elapsed         | 3059      |
|    total_timesteps      | 1957888   |
| train/                  |           |
|    approx_kl            | 0.1640356 |
|    clip_fraction        | 0.441     |
|    clip_range           | 0.2       |
|    entropy_loss         | -19.7     |
|    explained_variance   | 0.794     |
|    learning_rate        | 0.0003    |
|    loss                 | 0.906     |
|    n_updates            | 18050     |
|    policy_gradient_loss | -0.0728   |
|    std                  | 7.73      |
|    value_loss           | 4.21      |
---------------------------------------
----------------------------------------
| manipularl/             |            |
|    collision_rate       | 0.64       |
|    grasp_failure_rate   | 0.912      |
|    insert_depth_mean    | 0          |
|    insert_tilt_deg_mean | 0.00257    |
|    success_rate         | 0          |
|    xy_err_weight        | 1          |
| rollout/                |            |
|    ep_len_mean          | 204        |
|    ep_rew_mean          | -15.6      |
| time/                   |            |
|    fps                  | 639        |
|    iterations           | 479        |
|    time_elapsed         | 3067       |
|    total_timesteps      | 1961984    |
| train/                  |            |
|    approx_kl            | 0.17937675 |
|    clip_fraction        | 0.479      |
|    clip_range           | 0.2        |
|    entropy_loss         | -19.7      |
|    explained_variance   | 0.793      |
|    learning_rate        | 0.0003     |
|    loss                 | 0.406      |
|    n_updates            | 18060      |
|    policy_gradient_loss | -0.0724    |
|    std                  | 7.75       |
|    value_loss           | 2.56       |
----------------------------------------
---------------------------------------
| manipularl/             |           |
|    collision_rate       | 0.65      |
|    grasp_failure_rate   | 0.906     |
|    insert_depth_mean    | 0         |
|    insert_tilt_deg_mean | 0.00269   |
|    success_rate         | 0         |
|    xy_err_weight        | 1         |
| rollout/                |           |
|    ep_len_mean          | 194       |
|    ep_rew_mean          | -16.6     |
| time/                   |           |
|    fps                  | 638       |
|    iterations           | 480       |
|    time_elapsed         | 3077      |
|    total_timesteps      | 1966080   |
| train/                  |           |
|    approx_kl            | 0.1710076 |
|    clip_fraction        | 0.479     |
|    clip_range           | 0.2       |
|    entropy_loss         | -19.7     |
|    explained_variance   | 0.817     |
|    learning_rate        | 0.0003    |
|    loss                 | 0.38      |
|    n_updates            | 18070     |
|    policy_gradient_loss | -0.0713   |
|    std                  | 7.77      |
|    value_loss           | 3.1       |
---------------------------------------
----------------------------------------
| manipularl/             |            |
|    collision_rate       | 0.71       |
|    grasp_failure_rate   | 0.899      |
|    insert_depth_mean    | 0          |
|    insert_tilt_deg_mean | 0.00311    |
|    success_rate         | 0          |
|    xy_err_weight        | 1          |
| rollout/                |            |
|    ep_len_mean          | 179        |
|    ep_rew_mean          | -17.5      |
| time/                   |            |
|    fps                  | 638        |
|    iterations           | 481        |
|    time_elapsed         | 3085       |
|    total_timesteps      | 1970176    |
| train/                  |            |
|    approx_kl            | 0.13467035 |
|    clip_fraction        | 0.405      |
|    clip_range           | 0.2        |
|    entropy_loss         | -19.7      |
|    explained_variance   | 0.805      |
|    learning_rate        | 0.0003     |
|    loss                 | 1          |
|    n_updates            | 18080      |
|    policy_gradient_loss | -0.0731    |
|    std                  | 7.78       |
|    value_loss           | 4.56       |
----------------------------------------
----------------------------------------
| manipularl/             |            |
|    collision_rate       | 0.7        |
|    grasp_failure_rate   | 0.895      |
|    insert_depth_mean    | 0          |
|    insert_tilt_deg_mean | 0.00328    |
|    success_rate         | 0          |
|    xy_err_weight        | 1          |
| rollout/                |            |
|    ep_len_mean          | 185        |
|    ep_rew_mean          | -17.9      |
| time/                   |            |
|    fps                  | 638        |
|    iterations           | 482        |
|    time_elapsed         | 3094       |
|    total_timesteps      | 1974272    |
| train/                  |            |
|    approx_kl            | 0.15500535 |
|    clip_fraction        | 0.412      |
|    clip_range           | 0.2        |
|    entropy_loss         | -19.7      |
|    explained_variance   | 0.754      |
|    learning_rate        | 0.0003     |
|    loss                 | 1.01       |
|    n_updates            | 18090      |
|    policy_gradient_loss | -0.0776    |
|    std                  | 7.79       |
|    value_loss           | 4.99       |
----------------------------------------
----------------------------------------
| manipularl/             |            |
|    collision_rate       | 0.73       |
|    grasp_failure_rate   | 0.901      |
|    insert_depth_mean    | 0          |
|    insert_tilt_deg_mean | 0.00309    |
|    success_rate         | 0          |
|    xy_err_weight        | 1          |
| rollout/                |            |
|    ep_len_mean          | 182        |
|    ep_rew_mean          | -18.3      |
| time/                   |            |
|    fps                  | 637        |
|    iterations           | 483        |
|    time_elapsed         | 3102       |
|    total_timesteps      | 1978368    |
| train/                  |            |
|    approx_kl            | 0.15613252 |
|    clip_fraction        | 0.436      |
|    clip_range           | 0.2        |
|    entropy_loss         | -19.7      |
|    explained_variance   | 0.846      |
|    learning_rate        | 0.0003     |
|    loss                 | 0.824      |
|    n_updates            | 18100      |
|    policy_gradient_loss | -0.0725    |
|    std                  | 7.8        |
|    value_loss           | 3.68       |
----------------------------------------
----------------------------------------
| manipularl/             |            |
|    collision_rate       | 0.73       |
|    grasp_failure_rate   | 0.886      |
|    insert_depth_mean    | 0          |
|    insert_tilt_deg_mean | 0.003      |
|    success_rate         | 0          |
|    xy_err_weight        | 1          |
| rollout/                |            |
|    ep_len_mean          | 182        |
|    ep_rew_mean          | -17.8      |
| time/                   |            |
|    fps                  | 637        |
|    iterations           | 484        |
|    time_elapsed         | 3110       |
|    total_timesteps      | 1982464    |
| train/                  |            |
|    approx_kl            | 0.18587404 |
|    clip_fraction        | 0.482      |
|    clip_range           | 0.2        |
|    entropy_loss         | -19.7      |
|    explained_variance   | 0.831      |
|    learning_rate        | 0.0003     |
|    loss                 | 0.591      |
|    n_updates            | 18110      |
|    policy_gradient_loss | -0.0764    |
|    std                  | 7.81       |
|    value_loss           | 3.35       |
----------------------------------------
---------------------------------------
| manipularl/             |           |
|    collision_rate       | 0.75      |
|    grasp_failure_rate   | 0.887     |
|    insert_depth_mean    | 0         |
|    insert_tilt_deg_mean | 0.00267   |
|    success_rate         | 0         |
|    xy_err_weight        | 1         |
| rollout/                |           |
|    ep_len_mean          | 173       |
|    ep_rew_mean          | -16.3     |
| time/                   |           |
|    fps                  | 636       |
|    iterations           | 485       |
|    time_elapsed         | 3119      |
|    total_timesteps      | 1986560   |
| train/                  |           |
|    approx_kl            | 0.1663499 |
|    clip_fraction        | 0.463     |
|    clip_range           | 0.2       |
|    entropy_loss         | -19.7     |
|    explained_variance   | 0.785     |
|    learning_rate        | 0.0003    |
|    loss                 | 0.951     |
|    n_updates            | 18120     |
|    policy_gradient_loss | -0.0758   |
|    std                  | 7.83      |
|    value_loss           | 4.25      |
---------------------------------------
----------------------------------------
| manipularl/             |            |
|    collision_rate       | 0.75       |
|    grasp_failure_rate   | 0.892      |
|    insert_depth_mean    | 0          |
|    insert_tilt_deg_mean | 0.00234    |
|    success_rate         | 0          |
|    xy_err_weight        | 1          |
| rollout/                |            |
|    ep_len_mean          | 170        |
|    ep_rew_mean          | -15.1      |
| time/                   |            |
|    fps                  | 636        |
|    iterations           | 486        |
|    time_elapsed         | 3127       |
|    total_timesteps      | 1990656    |
| train/                  |            |
|    approx_kl            | 0.19628508 |
|    clip_fraction        | 0.493      |
|    clip_range           | 0.2        |
|    entropy_loss         | -19.7      |
|    explained_variance   | 0.742      |
|    learning_rate        | 0.0003     |
|    loss                 | 0.683      |
|    n_updates            | 18130      |
|    policy_gradient_loss | -0.0825    |
|    std                  | 7.83       |
|    value_loss           | 3.53       |
----------------------------------------
----------------------------------------
| manipularl/             |            |
|    collision_rate       | 0.73       |
|    grasp_failure_rate   | 0.89       |
|    insert_depth_mean    | 0          |
|    insert_tilt_deg_mean | 0.00223    |
|    success_rate         | 0          |
|    xy_err_weight        | 1          |
| rollout/                |            |
|    ep_len_mean          | 174        |
|    ep_rew_mean          | -15.8      |
| time/                   |            |
|    fps                  | 636        |
|    iterations           | 487        |
|    time_elapsed         | 3135       |
|    total_timesteps      | 1994752    |
| train/                  |            |
|    approx_kl            | 0.17232516 |
|    clip_fraction        | 0.46       |
|    clip_range           | 0.2        |
|    entropy_loss         | -19.7      |
|    explained_variance   | 0.689      |
|    learning_rate        | 0.0003     |
|    loss                 | 0.582      |
|    n_updates            | 18140      |
|    policy_gradient_loss | -0.0769    |
|    std                  | 7.85       |
|    value_loss           | 3.4        |
----------------------------------------
----------------------------------------
| manipularl/             |            |
|    collision_rate       | 0.75       |
|    grasp_failure_rate   | 0.9        |
|    insert_depth_mean    | 0          |
|    insert_tilt_deg_mean | 0.435      |
|    success_rate         | 0          |
|    xy_err_weight        | 1          |
| rollout/                |            |
|    ep_len_mean          | 168        |
|    ep_rew_mean          | -15.8      |
| time/                   |            |
|    fps                  | 635        |
|    iterations           | 488        |
|    time_elapsed         | 3144       |
|    total_timesteps      | 1998848    |
| train/                  |            |
|    approx_kl            | 0.14063871 |
|    clip_fraction        | 0.407      |
|    clip_range           | 0.2        |
|    entropy_loss         | -19.7      |
|    explained_variance   | 0.754      |
|    learning_rate        | 0.0003     |
|    loss                 | 0.404      |
|    n_updates            | 18150      |
|    policy_gradient_loss | -0.0715    |
|    std                  | 7.87       |
|    value_loss           | 2.87       |
----------------------------------------
Eval num_timesteps=2000000, episode_reward=-6.26 +/- 6.35
Episode length: 83.40 +/- 89.89
----------------------------------------
| eval/                   |            |
|    mean_ep_length       | 83.4       |
|    mean_reward          | -6.26      |
| manipularl/             |            |
|    collision_rate       | 0.74       |
|    grasp_failure_rate   | 0.905      |
|    insert_depth_mean    | 0          |
|    insert_tilt_deg_mean | 0.868      |
|    success_rate         | 0          |
|    xy_err_weight        | 1          |
| time/                   |            |
|    total_timesteps      | 2000000    |
| train/                  |            |
|    approx_kl            | 0.16807444 |
|    clip_fraction        | 0.453      |
|    clip_range           | 0.2        |
|    entropy_loss         | -19.7      |
|    explained_variance   | 0.8        |
|    learning_rate        | 0.0003     |
|    loss                 | 0.276      |
|    n_updates            | 18160      |
|    policy_gradient_loss | -0.0743    |
|    std                  | 7.88       |
|    value_loss           | 2.33       |
----------------------------------------
New best mean reward!
--------------------------------------
| manipularl/             |          |
|    collision_rate       | 0.72     |
|    grasp_failure_rate   | 0.923    |
|    insert_depth_mean    | 0        |
|    insert_tilt_deg_mean | 1.73     |
|    success_rate         | 0        |
|    xy_err_weight        | 1        |
| rollout/                |          |
|    ep_len_mean          | 173      |
|    ep_rew_mean          | -14      |
| time/                   |          |
|    fps                  | 633      |
|    iterations           | 489      |
|    time_elapsed         | 3161     |
|    total_timesteps      | 2002944  |
--------------------------------------
[train] saved runs/phase4_task1_v8_settle/model.zip and runs/phase4_task1_v8_settle/vecnormalize.pkl
>>> 11:53:27 Task1v8settle rc=0 OK
pybullet build time: Nov 28 2023 23:45:17
[       in_dist] success=0.000 collision=0.645 steps=196 path_eff=0.26 depth=0.001 tilt=0.1
[eval] wrote results/eval_phase4_task1_v8_settle.csv
>>> 11:58:38 Task1v8settle eval: 4,in_dist,200,0.0,0.645,195.675,0.25534307207675794,0.3007844993985278,0.9213709805443525,0.0009214158995956628,0.10534447590605991
