>>> 18:04:04 TRAIN phase4 Task 1 (reach+align, SeqPolicy-style split, post-grasp-offset-fix)
pybullet build time: Nov 28 2023 23:45:17
[train] phase=4 algo=ppo n_envs=8 steps=2,000,000 frame_stack=3 -> runs/phase4_task1_align
pybullet build time: Nov 28 2023 23:45:17
pybullet build time: Nov 28 2023 23:45:17
pybullet build time: Nov 28 2023 23:45:17
pybullet build time: Nov 28 2023 23:45:17
pybullet build time: Nov 28 2023 23:45:17
pybullet build time: Nov 28 2023 23:45:17
pybullet build time: Nov 28 2023 23:45:17
pybullet build time: Nov 28 2023 23:45:17
[train] warm-starting from runs/phase3_ppo_v7_terminal/model.zip
Logging to runs/phase4_task1_align/tb/PPO_1
--------------------------------------
| manipularl/             |          |
|    collision_rate       | 0.692    |
|    grasp_failure_rate   | 0.866    |
|    insert_depth_mean    | 0.00181  |
|    insert_tilt_deg_mean | 0.00767  |
|    success_rate         | 0        |
| rollout/                |          |
|    ep_len_mean          | 211      |
|    ep_rew_mean          | -5.89    |
| time/                   |          |
|    fps                  | 401      |
|    iterations           | 1        |
|    time_elapsed         | 10       |
|    total_timesteps      | 4096     |
--------------------------------------
-----------------------------------------
| manipularl/             |             |
|    collision_rate       | 0.75        |
|    grasp_failure_rate   | 0.9         |
|    insert_depth_mean    | 0.000925    |
|    insert_tilt_deg_mean | 0.00606     |
|    success_rate         | 0           |
| rollout/                |             |
|    ep_len_mean          | 165         |
|    ep_rew_mean          | -3.01       |
| time/                   |             |
|    fps                  | 403         |
|    iterations           | 2           |
|    time_elapsed         | 20          |
|    total_timesteps      | 8192        |
| train/                  |             |
|    approx_kl            | 0.059325233 |
|    clip_fraction        | 0.347       |
|    clip_range           | 0.2         |
|    entropy_loss         | -17.3       |
|    explained_variance   | 0.439       |
|    learning_rate        | 0.0003      |
|    loss                 | 8.57        |
|    n_updates            | 13290       |
|    policy_gradient_loss | -0.0282     |
|    std                  | 3.27        |
|    value_loss           | 40.2        |
-----------------------------------------
-----------------------------------------
| manipularl/             |             |
|    collision_rate       | 0.805       |
|    grasp_failure_rate   | 0.87        |
|    insert_depth_mean    | 0.000529    |
|    insert_tilt_deg_mean | 0.00763     |
|    success_rate         | 0           |
| rollout/                |             |
|    ep_len_mean          | 142         |
|    ep_rew_mean          | -2.65       |
| time/                   |             |
|    fps                  | 407         |
|    iterations           | 3           |
|    time_elapsed         | 30          |
|    total_timesteps      | 12288       |
| train/                  |             |
|    approx_kl            | 0.054532938 |
|    clip_fraction        | 0.341       |
|    clip_range           | 0.2         |
|    entropy_loss         | -17.3       |
|    explained_variance   | 0.457       |
|    learning_rate        | 0.0003      |
|    loss                 | 5.03        |
|    n_updates            | 13300       |
|    policy_gradient_loss | -0.0372     |
|    std                  | 3.27        |
|    value_loss           | 20.4        |
-----------------------------------------
----------------------------------------
| manipularl/             |            |
|    collision_rate       | 0.771      |
|    grasp_failure_rate   | 0.872      |
|    insert_depth_mean    | 0.000424   |
|    insert_tilt_deg_mean | 0.912      |
|    success_rate         | 0          |
| rollout/                |            |
|    ep_len_mean          | 158        |
|    ep_rew_mean          | -4.41      |
| time/                   |            |
|    fps                  | 411        |
|    iterations           | 4          |
|    time_elapsed         | 39         |
|    total_timesteps      | 16384      |
| train/                  |            |
|    approx_kl            | 0.06685317 |
|    clip_fraction        | 0.35       |
|    clip_range           | 0.2        |
|    entropy_loss         | -17.3      |
|    explained_variance   | 0.0506     |
|    learning_rate        | 0.0003     |
|    loss                 | 4.52       |
|    n_updates            | 13310      |
|    policy_gradient_loss | -0.0397    |
|    std                  | 3.27       |
|    value_loss           | 18.5       |
----------------------------------------
----------------------------------------
| manipularl/             |            |
|    collision_rate       | 0.76       |
|    grasp_failure_rate   | 0.883      |
|    insert_depth_mean    | 0.000172   |
|    insert_tilt_deg_mean | 0.875      |
|    success_rate         | 0          |
| rollout/                |            |
|    ep_len_mean          | 155        |
|    ep_rew_mean          | -4.7       |
| time/                   |            |
|    fps                  | 419        |
|    iterations           | 5          |
|    time_elapsed         | 48         |
|    total_timesteps      | 20480      |
| train/                  |            |
|    approx_kl            | 0.10800712 |
|    clip_fraction        | 0.41       |
|    clip_range           | 0.2        |
|    entropy_loss         | -17.4      |
|    explained_variance   | 0.357      |
|    learning_rate        | 0.0003     |
|    loss                 | 2.57       |
|    n_updates            | 13320      |
|    policy_gradient_loss | -0.053     |
|    std                  | 3.27       |
|    value_loss           | 10.4       |
----------------------------------------
---------------------------------------
| manipularl/             |           |
|    collision_rate       | 0.71      |
|    grasp_failure_rate   | 0.891     |
|    insert_depth_mean    | 0.0006    |
|    insert_tilt_deg_mean | 2.18      |
|    success_rate         | 0         |
| rollout/                |           |
|    ep_len_mean          | 169       |
|    ep_rew_mean          | -5.39     |
| time/                   |           |
|    fps                  | 431       |
|    iterations           | 6         |
|    time_elapsed         | 56        |
|    total_timesteps      | 24576     |
| train/                  |           |
|    approx_kl            | 0.1670816 |
|    clip_fraction        | 0.503     |
|    clip_range           | 0.2       |
|    entropy_loss         | -17.4     |
|    explained_variance   | 0.637     |
|    learning_rate        | 0.0003    |
|    loss                 | 0.871     |
|    n_updates            | 13330     |
|    policy_gradient_loss | -0.0372   |
|    std                  | 3.28      |
|    value_loss           | 5.07      |
---------------------------------------
----------------------------------------
| manipularl/             |            |
|    collision_rate       | 0.69       |
|    grasp_failure_rate   | 0.905      |
|    insert_depth_mean    | 0.0012     |
|    insert_tilt_deg_mean | 2.61       |
|    success_rate         | 0          |
| rollout/                |            |
|    ep_len_mean          | 176        |
|    ep_rew_mean          | -6.34      |
| time/                   |            |
|    fps                  | 435        |
|    iterations           | 7          |
|    time_elapsed         | 65         |
|    total_timesteps      | 28672      |
| train/                  |            |
|    approx_kl            | 0.14749739 |
|    clip_fraction        | 0.467      |
|    clip_range           | 0.2        |
|    entropy_loss         | -17.4      |
|    explained_variance   | 0.519      |
|    learning_rate        | 0.0003     |
|    loss                 | 1.37       |
|    n_updates            | 13340      |
|    policy_gradient_loss | -0.0561    |
|    std                  | 3.29       |
|    value_loss           | 6.66       |
----------------------------------------
----------------------------------------
| manipularl/             |            |
|    collision_rate       | 0.69       |
|    grasp_failure_rate   | 0.929      |
|    insert_depth_mean    | 0.00125    |
|    insert_tilt_deg_mean | 3.77       |
|    success_rate         | 0          |
| rollout/                |            |
|    ep_len_mean          | 169        |
|    ep_rew_mean          | -5.23      |
| time/                   |            |
|    fps                  | 436        |
|    iterations           | 8          |
|    time_elapsed         | 75         |
|    total_timesteps      | 32768      |
| train/                  |            |
|    approx_kl            | 0.16699739 |
|    clip_fraction        | 0.447      |
|    clip_range           | 0.2        |
|    entropy_loss         | -17.4      |
|    explained_variance   | 0.604      |
|    learning_rate        | 0.0003     |
|    loss                 | 0.96       |
|    n_updates            | 13350      |
|    policy_gradient_loss | -0.0642    |
|    std                  | 3.3        |
|    value_loss           | 5.17       |
----------------------------------------
----------------------------------------
| manipularl/             |            |
|    collision_rate       | 0.75       |
|    grasp_failure_rate   | 0.926      |
|    insert_depth_mean    | 0.00365    |
|    insert_tilt_deg_mean | 2.47       |
|    success_rate         | 0          |
| rollout/                |            |
|    ep_len_mean          | 152        |
|    ep_rew_mean          | -4.93      |
| time/                   |            |
|    fps                  | 431        |
|    iterations           | 9          |
|    time_elapsed         | 85         |
|    total_timesteps      | 36864      |
| train/                  |            |
|    approx_kl            | 0.14535041 |
|    clip_fraction        | 0.46       |
|    clip_range           | 0.2        |
|    entropy_loss         | -17.4      |
|    explained_variance   | 0.568      |
|    learning_rate        | 0.0003     |
|    loss                 | 1.59       |
|    n_updates            | 13360      |
|    policy_gradient_loss | -0.065     |
|    std                  | 3.31       |
|    value_loss           | 7.69       |
----------------------------------------
----------------------------------------
| manipularl/             |            |
|    collision_rate       | 0.78       |
|    grasp_failure_rate   | 0.923      |
|    insert_depth_mean    | 0.00365    |
|    insert_tilt_deg_mean | 1.96       |
|    success_rate         | 0          |
| rollout/                |            |
|    ep_len_mean          | 139        |
|    ep_rew_mean          | -6.14      |
| time/                   |            |
|    fps                  | 431        |
|    iterations           | 10         |
|    time_elapsed         | 94         |
|    total_timesteps      | 40960      |
| train/                  |            |
|    approx_kl            | 0.12481791 |
|    clip_fraction        | 0.404      |
|    clip_range           | 0.2        |
|    entropy_loss         | -17.4      |
|    explained_variance   | 0.512      |
|    learning_rate        | 0.0003     |
|    loss                 | 1.7        |
|    n_updates            | 13370      |
|    policy_gradient_loss | -0.0654    |
|    std                  | 3.31       |
|    value_loss           | 7.35       |
----------------------------------------
----------------------------------------
| manipularl/             |            |
|    collision_rate       | 0.83       |
|    grasp_failure_rate   | 0.917      |
|    insert_depth_mean    | 0.0036     |
|    insert_tilt_deg_mean | 1.08       |
|    success_rate         | 0          |
| rollout/                |            |
|    ep_len_mean          | 130        |
|    ep_rew_mean          | -6.83      |
| time/                   |            |
|    fps                  | 431        |
|    iterations           | 11         |
|    time_elapsed         | 104        |
|    total_timesteps      | 45056      |
| train/                  |            |
|    approx_kl            | 0.15914693 |
|    clip_fraction        | 0.445      |
|    clip_range           | 0.2        |
|    entropy_loss         | -17.4      |
|    explained_variance   | 0.55       |
|    learning_rate        | 0.0003     |
|    loss                 | 1.81       |
|    n_updates            | 13380      |
|    policy_gradient_loss | -0.0749    |
|    std                  | 3.31       |
|    value_loss           | 7.24       |
----------------------------------------
----------------------------------------
| manipularl/             |            |
|    collision_rate       | 0.83       |
|    grasp_failure_rate   | 0.906      |
|    insert_depth_mean    | 0.0024     |
|    insert_tilt_deg_mean | 2.17       |
|    success_rate         | 0          |
| rollout/                |            |
|    ep_len_mean          | 135        |
|    ep_rew_mean          | -7.25      |
| time/                   |            |
|    fps                  | 428        |
|    iterations           | 12         |
|    time_elapsed         | 114        |
|    total_timesteps      | 49152      |
| train/                  |            |
|    approx_kl            | 0.16311589 |
|    clip_fraction        | 0.474      |
|    clip_range           | 0.2        |
|    entropy_loss         | -17.4      |
|    explained_variance   | 0.499      |
|    learning_rate        | 0.0003     |
|    loss                 | 1.76       |
|    n_updates            | 13390      |
|    policy_gradient_loss | -0.0669    |
|    std                  | 3.32       |
|    value_loss           | 7.43       |
----------------------------------------
----------------------------------------
| manipularl/             |            |
|    collision_rate       | 0.79       |
|    grasp_failure_rate   | 0.894      |
|    insert_depth_mean    | 0.0006     |
|    insert_tilt_deg_mean | 1.81       |
|    success_rate         | 0          |
| rollout/                |            |
|    ep_len_mean          | 148        |
|    ep_rew_mean          | -7.07      |
| time/                   |            |
|    fps                  | 434        |
|    iterations           | 13         |
|    time_elapsed         | 122        |
|    total_timesteps      | 53248      |
| train/                  |            |
|    approx_kl            | 0.16333109 |
|    clip_fraction        | 0.457      |
|    clip_range           | 0.2        |
|    entropy_loss         | -17.5      |
|    explained_variance   | 0.616      |
|    learning_rate        | 0.0003     |
|    loss                 | 1.23       |
|    n_updates            | 13400      |
|    policy_gradient_loss | -0.0737    |
|    std                  | 3.33       |
|    value_loss           | 6.48       |
----------------------------------------
----------------------------------------
| manipularl/             |            |
|    collision_rate       | 0.78       |
|    grasp_failure_rate   | 0.889      |
|    insert_depth_mean    | 0          |
|    insert_tilt_deg_mean | 1.81       |
|    success_rate         | 0          |
| rollout/                |            |
|    ep_len_mean          | 153        |
|    ep_rew_mean          | -6.32      |
| time/                   |            |
|    fps                  | 442        |
|    iterations           | 14         |
|    time_elapsed         | 129        |
|    total_timesteps      | 57344      |
| train/                  |            |
|    approx_kl            | 0.18948594 |
|    clip_fraction        | 0.499      |
|    clip_range           | 0.2        |
|    entropy_loss         | -17.5      |
|    explained_variance   | 0.456      |
|    learning_rate        | 0.0003     |
|    loss                 | 1.13       |
|    n_updates            | 13410      |
|    policy_gradient_loss | -0.0781    |
|    std                  | 3.34       |
|    value_loss           | 5.93       |
----------------------------------------
---------------------------------------
| manipularl/             |           |
|    collision_rate       | 0.72      |
|    grasp_failure_rate   | 0.887     |
|    insert_depth_mean    | 9.79e-05  |
|    insert_tilt_deg_mean | 1.08      |
|    success_rate         | 0         |
| rollout/                |           |
|    ep_len_mean          | 169       |
|    ep_rew_mean          | -6.49     |
| time/                   |           |
|    fps                  | 459       |
|    iterations           | 15        |
|    time_elapsed         | 133       |
|    total_timesteps      | 61440     |
| train/                  |           |
|    approx_kl            | 0.1466566 |
|    clip_fraction        | 0.452     |
|    clip_range           | 0.2       |
|    entropy_loss         | -17.5     |
|    explained_variance   | 0.348     |
|    learning_rate        | 0.0003    |
|    loss                 | 1.59      |
|    n_updates            | 13420     |
|    policy_gradient_loss | -0.0628   |
|    std                  | 3.34      |
|    value_loss           | 7.65      |
---------------------------------------
----------------------------------------
| manipularl/             |            |
|    collision_rate       | 0.67       |
|    grasp_failure_rate   | 0.894      |
|    insert_depth_mean    | 9.79e-05   |
|    insert_tilt_deg_mean | 0.363      |
|    success_rate         | 0          |
| rollout/                |            |
|    ep_len_mean          | 183        |
|    ep_rew_mean          | -7.14      |
| time/                   |            |
|    fps                  | 475        |
|    iterations           | 16         |
|    time_elapsed         | 137        |
|    total_timesteps      | 65536      |
| train/                  |            |
|    approx_kl            | 0.14052168 |
|    clip_fraction        | 0.431      |
|    clip_range           | 0.2        |
|    entropy_loss         | -17.5      |
|    explained_variance   | 0.574      |
|    learning_rate        | 0.0003     |
|    loss                 | 1.36       |
|    n_updates            | 13430      |
|    policy_gradient_loss | -0.0717    |
|    std                  | 3.34       |
|    value_loss           | 6.72       |
----------------------------------------
----------------------------------------
| manipularl/             |            |
|    collision_rate       | 0.7        |
|    grasp_failure_rate   | 0.901      |
|    insert_depth_mean    | 9.79e-05   |
|    insert_tilt_deg_mean | 0.00303    |
|    success_rate         | 0          |
| rollout/                |            |
|    ep_len_mean          | 172        |
|    ep_rew_mean          | -8.62      |
| time/                   |            |
|    fps                  | 489        |
|    iterations           | 17         |
|    time_elapsed         | 142        |
|    total_timesteps      | 69632      |
| train/                  |            |
|    approx_kl            | 0.13396099 |
|    clip_fraction        | 0.419      |
|    clip_range           | 0.2        |
|    entropy_loss         | -17.5      |
|    explained_variance   | 0.633      |
|    learning_rate        | 0.0003     |
|    loss                 | 1.05       |
|    n_updates            | 13440      |
|    policy_gradient_loss | -0.0686    |
|    std                  | 3.35       |
|    value_loss           | 5.47       |
----------------------------------------
----------------------------------------
| manipularl/             |            |
|    collision_rate       | 0.7        |
|    grasp_failure_rate   | 0.896      |
|    insert_depth_mean    | 9.79e-05   |
|    insert_tilt_deg_mean | 0.00289    |
|    success_rate         | 0          |
| rollout/                |            |
|    ep_len_mean          | 173        |
|    ep_rew_mean          | -7.88      |
| time/                   |            |
|    fps                  | 503        |
|    iterations           | 18         |
|    time_elapsed         | 146        |
|    total_timesteps      | 73728      |
| train/                  |            |
|    approx_kl            | 0.12364715 |
|    clip_fraction        | 0.417      |
|    clip_range           | 0.2        |
|    entropy_loss         | -17.5      |
|    explained_variance   | 0.525      |
|    learning_rate        | 0.0003     |
|    loss                 | 1.79       |
|    n_updates            | 13450      |
|    policy_gradient_loss | -0.0709    |
|    std                  | 3.36       |
|    value_loss           | 7.74       |
----------------------------------------
----------------------------------------
| manipularl/             |            |
|    collision_rate       | 0.72       |
|    grasp_failure_rate   | 0.884      |
|    insert_depth_mean    | 8.77e-05   |
|    insert_tilt_deg_mean | 0.00286    |
|    success_rate         | 0          |
| rollout/                |            |
|    ep_len_mean          | 173        |
|    ep_rew_mean          | -7.44      |
| time/                   |            |
|    fps                  | 517        |
|    iterations           | 19         |
|    time_elapsed         | 150        |
|    total_timesteps      | 77824      |
| train/                  |            |
|    approx_kl            | 0.16637824 |
|    clip_fraction        | 0.459      |
|    clip_range           | 0.2        |
|    entropy_loss         | -17.5      |
|    explained_variance   | 0.669      |
|    learning_rate        | 0.0003     |
|    loss                 | 1.04       |
|    n_updates            | 13460      |
|    policy_gradient_loss | -0.0785    |
|    std                  | 3.36       |
|    value_loss           | 4.94       |
----------------------------------------
----------------------------------------
| manipularl/             |            |
|    collision_rate       | 0.76       |
|    grasp_failure_rate   | 0.887      |
|    insert_depth_mean    | 9.48e-05   |
|    insert_tilt_deg_mean | 0.00324    |
|    success_rate         | 0          |
| rollout/                |            |
|    ep_len_mean          | 161        |
|    ep_rew_mean          | -6.09      |
| time/                   |            |
|    fps                  | 530        |
|    iterations           | 20         |
|    time_elapsed         | 154        |
|    total_timesteps      | 81920      |
| train/                  |            |
|    approx_kl            | 0.14598101 |
|    clip_fraction        | 0.456      |
|    clip_range           | 0.2        |
|    entropy_loss         | -17.5      |
|    explained_variance   | 0.439      |
|    learning_rate        | 0.0003     |
|    loss                 | 1.4        |
|    n_updates            | 13470      |
|    policy_gradient_loss | -0.0781    |
|    std                  | 3.37       |
|    value_loss           | 6.49       |
----------------------------------------
----------------------------------------
| manipularl/             |            |
|    collision_rate       | 0.73       |
|    grasp_failure_rate   | 0.89       |
|    insert_depth_mean    | 0.000163   |
|    insert_tilt_deg_mean | 0.00316    |
|    success_rate         | 0          |
| rollout/                |            |
|    ep_len_mean          | 168        |
|    ep_rew_mean          | -4.26      |
| time/                   |            |
|    fps                  | 542        |
|    iterations           | 21         |
|    time_elapsed         | 158        |
|    total_timesteps      | 86016      |
| train/                  |            |
|    approx_kl            | 0.18195362 |
|    clip_fraction        | 0.469      |
|    clip_range           | 0.2        |
|    entropy_loss         | -17.5      |
|    explained_variance   | 0.645      |
|    learning_rate        | 0.0003     |
|    loss                 | 0.516      |
|    n_updates            | 13480      |
|    policy_gradient_loss | -0.0665    |
|    std                  | 3.38       |
|    value_loss           | 3.58       |
----------------------------------------
----------------------------------------
| manipularl/             |            |
|    collision_rate       | 0.76       |
|    grasp_failure_rate   | 0.893      |
|    insert_depth_mean    | 0.000257   |
|    insert_tilt_deg_mean | 0.00358    |
|    success_rate         | 0          |
| rollout/                |            |
|    ep_len_mean          | 155        |
|    ep_rew_mean          | -4.63      |
| time/                   |            |
|    fps                  | 552        |
|    iterations           | 22         |
|    time_elapsed         | 163        |
|    total_timesteps      | 90112      |
| train/                  |            |
|    approx_kl            | 0.14671546 |
|    clip_fraction        | 0.497      |
|    clip_range           | 0.2        |
|    entropy_loss         | -17.5      |
|    explained_variance   | 0.516      |
|    learning_rate        | 0.0003     |
|    loss                 | 1.2        |
|    n_updates            | 13490      |
|    policy_gradient_loss | -0.0604    |
|    std                  | 3.38       |
|    value_loss           | 5.16       |
----------------------------------------
----------------------------------------
| manipularl/             |            |
|    collision_rate       | 0.79       |
|    grasp_failure_rate   | 0.891      |
|    insert_depth_mean    | 0.000162   |
|    insert_tilt_deg_mean | 0.00285    |
|    success_rate         | 0          |
| rollout/                |            |
|    ep_len_mean          | 145        |
|    ep_rew_mean          | -4.57      |
| time/                   |            |
|    fps                  | 561        |
|    iterations           | 23         |
|    time_elapsed         | 167        |
|    total_timesteps      | 94208      |
| train/                  |            |
|    approx_kl            | 0.15214156 |
|    clip_fraction        | 0.45       |
|    clip_range           | 0.2        |
|    entropy_loss         | -17.5      |
|    explained_variance   | 0.485      |
|    learning_rate        | 0.0003     |
|    loss                 | 1.21       |
|    n_updates            | 13500      |
|    policy_gradient_loss | -0.0818    |
|    std                  | 3.39       |
|    value_loss           | 6.28       |
----------------------------------------
-----------------------------------------
| manipularl/             |             |
|    collision_rate       | 0.81        |
|    grasp_failure_rate   | 0.905       |
|    insert_depth_mean    | 9.41e-05    |
|    insert_tilt_deg_mean | 0.00319     |
|    success_rate         | 0           |
| rollout/                |             |
|    ep_len_mean          | 137         |
|    ep_rew_mean          | -5.21       |
| time/                   |             |
|    fps                  | 572         |
|    iterations           | 24          |
|    time_elapsed         | 171         |
|    total_timesteps      | 98304       |
| train/                  |             |
|    approx_kl            | 0.122271225 |
|    clip_fraction        | 0.395       |
|    clip_range           | 0.2         |
|    entropy_loss         | -17.5       |
|    explained_variance   | 0.479       |
|    learning_rate        | 0.0003      |
|    loss                 | 1.69        |
|    n_updates            | 13510       |
|    policy_gradient_loss | -0.0655     |
|    std                  | 3.39        |
|    value_loss           | 6.91        |
-----------------------------------------
---------------------------------------
| manipularl/             |           |
|    collision_rate       | 0.79      |
|    grasp_failure_rate   | 0.912     |
|    insert_depth_mean    | 0         |
|    insert_tilt_deg_mean | 0.00339   |
|    success_rate         | 0         |
| rollout/                |           |
|    ep_len_mean          | 145       |
|    ep_rew_mean          | -6.33     |
| time/                   |           |
|    fps                  | 583       |
|    iterations           | 25        |
|    time_elapsed         | 175       |
|    total_timesteps      | 102400    |
| train/                  |           |
|    approx_kl            | 0.1185178 |
|    clip_fraction        | 0.385     |
|    clip_range           | 0.2       |
|    entropy_loss         | -17.5     |
|    explained_variance   | 0.65      |
|    learning_rate        | 0.0003    |
|    loss                 | 1.1       |
|    n_updates            | 13520     |
|    policy_gradient_loss | -0.0625   |
|    std                  | 3.39      |
|    value_loss           | 5.05      |
---------------------------------------
----------------------------------------
| manipularl/             |            |
|    collision_rate       | 0.75       |
|    grasp_failure_rate   | 0.924      |
|    insert_depth_mean    | 0          |
|    insert_tilt_deg_mean | 0.0035     |
|    success_rate         | 0          |
| rollout/                |            |
|    ep_len_mean          | 156        |
|    ep_rew_mean          | -7.2       |
| time/                   |            |
|    fps                  | 592        |
|    iterations           | 26         |
|    time_elapsed         | 179        |
|    total_timesteps      | 106496     |
| train/                  |            |
|    approx_kl            | 0.15209413 |
|    clip_fraction        | 0.472      |
|    clip_range           | 0.2        |
|    entropy_loss         | -17.5      |
|    explained_variance   | 0.478      |
|    learning_rate        | 0.0003     |
|    loss                 | 1.13       |
|    n_updates            | 13530      |
|    policy_gradient_loss | -0.0636    |
|    std                  | 3.38       |
|    value_loss           | 5.54       |
----------------------------------------
----------------------------------------
| manipularl/             |            |
|    collision_rate       | 0.74       |
|    grasp_failure_rate   | 0.931      |
|    insert_depth_mean    | 0          |
|    insert_tilt_deg_mean | 0.00352    |
|    success_rate         | 0          |
| rollout/                |            |
|    ep_len_mean          | 155        |
|    ep_rew_mean          | -6.97      |
| time/                   |            |
|    fps                  | 600        |
|    iterations           | 27         |
|    time_elapsed         | 184        |
|    total_timesteps      | 110592     |
| train/                  |            |
|    approx_kl            | 0.16607298 |
|    clip_fraction        | 0.452      |
|    clip_range           | 0.2        |
|    entropy_loss         | -17.5      |
|    explained_variance   | 0.767      |
|    learning_rate        | 0.0003     |
|    loss                 | 0.711      |
|    n_updates            | 13540      |
|    policy_gradient_loss | -0.0762    |
|    std                  | 3.39       |
|    value_loss           | 4.11       |
----------------------------------------
----------------------------------------
| manipularl/             |            |
|    collision_rate       | 0.76       |
|    grasp_failure_rate   | 0.925      |
|    insert_depth_mean    | 0          |
|    insert_tilt_deg_mean | 0.00317    |
|    success_rate         | 0          |
| rollout/                |            |
|    ep_len_mean          | 154        |
|    ep_rew_mean          | -7.46      |
| time/                   |            |
|    fps                  | 609        |
|    iterations           | 28         |
|    time_elapsed         | 188        |
|    total_timesteps      | 114688     |
| train/                  |            |
|    approx_kl            | 0.12470974 |
|    clip_fraction        | 0.428      |
|    clip_range           | 0.2        |
|    entropy_loss         | -17.5      |
|    explained_variance   | 0.632      |
|    learning_rate        | 0.0003     |
|    loss                 | 0.976      |
|    n_updates            | 13550      |
|    policy_gradient_loss | -0.0673    |
|    std                  | 3.39       |
|    value_loss           | 5.14       |
----------------------------------------
----------------------------------------
| manipularl/             |            |
|    collision_rate       | 0.76       |
|    grasp_failure_rate   | 0.92       |
|    insert_depth_mean    | 0.000134   |
|    insert_tilt_deg_mean | 0.00298    |
|    success_rate         | 0          |
| rollout/                |            |
|    ep_len_mean          | 153        |
|    ep_rew_mean          | -6.97      |
| time/                   |            |
|    fps                  | 619        |
|    iterations           | 29         |
|    time_elapsed         | 191        |
|    total_timesteps      | 118784     |
| train/                  |            |
|    approx_kl            | 0.13774352 |
|    clip_fraction        | 0.454      |
|    clip_range           | 0.2        |
|    entropy_loss         | -17.5      |
|    explained_variance   | 0.551      |
|    learning_rate        | 0.0003     |
|    loss                 | 1.22       |
|    n_updates            | 13560      |
|    policy_gradient_loss | -0.0764    |
|    std                  | 3.39       |
|    value_loss           | 5.76       |
----------------------------------------
----------------------------------------
| manipularl/             |            |
|    collision_rate       | 0.77       |
|    grasp_failure_rate   | 0.924      |
|    insert_depth_mean    | 0.000134   |
|    insert_tilt_deg_mean | 0.00266    |
|    success_rate         | 0          |
| rollout/                |            |
|    ep_len_mean          | 150        |
|    ep_rew_mean          | -7.24      |
| time/                   |            |
|    fps                  | 628        |
|    iterations           | 30         |
|    time_elapsed         | 195        |
|    total_timesteps      | 122880     |
| train/                  |            |
|    approx_kl            | 0.18708864 |
|    clip_fraction        | 0.482      |
|    clip_range           | 0.2        |
|    entropy_loss         | -17.5      |
|    explained_variance   | 0.746      |
|    learning_rate        | 0.0003     |
|    loss                 | 0.532      |
|    n_updates            | 13570      |
|    policy_gradient_loss | -0.0763    |
|    std                  | 3.39       |
|    value_loss           | 3.41       |
----------------------------------------
---------------------------------------
| manipularl/             |           |
|    collision_rate       | 0.77      |
|    grasp_failure_rate   | 0.914     |
|    insert_depth_mean    | 0.000134  |
|    insert_tilt_deg_mean | 0.00276   |
|    success_rate         | 0         |
| rollout/                |           |
|    ep_len_mean          | 150       |
|    ep_rew_mean          | -6.27     |
| time/                   |           |
|    fps                  | 635       |
|    iterations           | 31        |
|    time_elapsed         | 199       |
|    total_timesteps      | 126976    |
| train/                  |           |
|    approx_kl            | 0.1869421 |
|    clip_fraction        | 0.508     |
|    clip_range           | 0.2       |
|    entropy_loss         | -17.5     |
|    explained_variance   | 0.647     |
|    learning_rate        | 0.0003    |
|    loss                 | 0.915     |
|    n_updates            | 13580     |
|    policy_gradient_loss | -0.0735   |
|    std                  | 3.4       |
|    value_loss           | 4.85      |
---------------------------------------
----------------------------------------
| manipularl/             |            |
|    collision_rate       | 0.75       |
|    grasp_failure_rate   | 0.915      |
|    insert_depth_mean    | 0          |
|    insert_tilt_deg_mean | 0.00265    |
|    success_rate         | 0          |
| rollout/                |            |
|    ep_len_mean          | 154        |
|    ep_rew_mean          | -6.04      |
| time/                   |            |
|    fps                  | 642        |
|    iterations           | 32         |
|    time_elapsed         | 204        |
|    total_timesteps      | 131072     |
| train/                  |            |
|    approx_kl            | 0.18313202 |
|    clip_fraction        | 0.478      |
|    clip_range           | 0.2        |
|    entropy_loss         | -17.5      |
|    explained_variance   | 0.659      |
|    learning_rate        | 0.0003     |
|    loss                 | 1.01       |
|    n_updates            | 13590      |
|    policy_gradient_loss | -0.0707    |
|    std                  | 3.41       |
|    value_loss           | 4.81       |
----------------------------------------
----------------------------------------
| manipularl/             |            |
|    collision_rate       | 0.79       |
|    grasp_failure_rate   | 0.903      |
|    insert_depth_mean    | 0          |
|    insert_tilt_deg_mean | 0.00247    |
|    success_rate         | 0          |
| rollout/                |            |
|    ep_len_mean          | 140        |
|    ep_rew_mean          | -5.32      |
| time/                   |            |
|    fps                  | 648        |
|    iterations           | 33         |
|    time_elapsed         | 208        |
|    total_timesteps      | 135168     |
| train/                  |            |
|    approx_kl            | 0.16352513 |
|    clip_fraction        | 0.456      |
|    clip_range           | 0.2        |
|    entropy_loss         | -17.5      |
|    explained_variance   | 0.588      |
|    learning_rate        | 0.0003     |
|    loss                 | 0.657      |
|    n_updates            | 13600      |
|    policy_gradient_loss | -0.0678    |
|    std                  | 3.41       |
|    value_loss           | 4.12       |
----------------------------------------
----------------------------------------
| manipularl/             |            |
|    collision_rate       | 0.77       |
|    grasp_failure_rate   | 0.899      |
|    insert_depth_mean    | 0          |
|    insert_tilt_deg_mean | 0.00233    |
|    success_rate         | 0          |
| rollout/                |            |
|    ep_len_mean          | 147        |
|    ep_rew_mean          | -5.52      |
| time/                   |            |
|    fps                  | 655        |
|    iterations           | 34         |
|    time_elapsed         | 212        |
|    total_timesteps      | 139264     |
| train/                  |            |
|    approx_kl            | 0.17622903 |
|    clip_fraction        | 0.499      |
|    clip_range           | 0.2        |
|    entropy_loss         | -17.5      |
|    explained_variance   | 0.714      |
|    learning_rate        | 0.0003     |
|    loss                 | 0.646      |
|    n_updates            | 13610      |
|    policy_gradient_loss | -0.0765    |
|    std                  | 3.42       |
|    value_loss           | 3.87       |
----------------------------------------
----------------------------------------
| manipularl/             |            |
|    collision_rate       | 0.78       |
|    grasp_failure_rate   | 0.913      |
|    insert_depth_mean    | 0          |
|    insert_tilt_deg_mean | 0.00227    |
|    success_rate         | 0          |
| rollout/                |            |
|    ep_len_mean          | 145        |
|    ep_rew_mean          | -4.77      |
| time/                   |            |
|    fps                  | 662        |
|    iterations           | 35         |
|    time_elapsed         | 216        |
|    total_timesteps      | 143360     |
| train/                  |            |
|    approx_kl            | 0.23087628 |
|    clip_fraction        | 0.537      |
|    clip_range           | 0.2        |
|    entropy_loss         | -17.5      |
|    explained_variance   | 0.779      |
|    learning_rate        | 0.0003     |
|    loss                 | 0.44       |
|    n_updates            | 13620      |
|    policy_gradient_loss | -0.0653    |
|    std                  | 3.43       |
|    value_loss           | 3.08       |
----------------------------------------
---------------------------------------
| manipularl/             |           |
|    collision_rate       | 0.75      |
|    grasp_failure_rate   | 0.914     |
|    insert_depth_mean    | 0         |
|    insert_tilt_deg_mean | 0.00236   |
|    success_rate         | 0         |
| rollout/                |           |
|    ep_len_mean          | 158       |
|    ep_rew_mean          | -5.54     |
| time/                   |           |
|    fps                  | 667       |
|    iterations           | 36        |
|    time_elapsed         | 220       |
|    total_timesteps      | 147456    |
| train/                  |           |
|    approx_kl            | 0.2272074 |
|    clip_fraction        | 0.493     |
|    clip_range           | 0.2       |
|    entropy_loss         | -17.5     |
|    explained_variance   | 0.733     |
|    learning_rate        | 0.0003    |
|    loss                 | 0.748     |
|    n_updates            | 13630     |
|    policy_gradient_loss | -0.0642   |
|    std                  | 3.45      |
|    value_loss           | 4.17      |
---------------------------------------
----------------------------------------
| manipularl/             |            |
|    collision_rate       | 0.76       |
|    grasp_failure_rate   | 0.917      |
|    insert_depth_mean    | 0          |
|    insert_tilt_deg_mean | 0.00255    |
|    success_rate         | 0          |
| rollout/                |            |
|    ep_len_mean          | 149        |
|    ep_rew_mean          | -5.36      |
| time/                   |            |
|    fps                  | 672        |
|    iterations           | 37         |
|    time_elapsed         | 225        |
|    total_timesteps      | 151552     |
| train/                  |            |
|    approx_kl            | 0.18114588 |
|    clip_fraction        | 0.47       |
|    clip_range           | 0.2        |
|    entropy_loss         | -17.6      |
|    explained_variance   | 0.747      |
|    learning_rate        | 0.0003     |
|    loss                 | 0.548      |
|    n_updates            | 13640      |
|    policy_gradient_loss | -0.0787    |
|    std                  | 3.45       |
|    value_loss           | 3.95       |
----------------------------------------
---------------------------------------
| manipularl/             |           |
|    collision_rate       | 0.75      |
|    grasp_failure_rate   | 0.92      |
|    insert_depth_mean    | 0         |
|    insert_tilt_deg_mean | 0.00262   |
|    success_rate         | 0         |
| rollout/                |           |
|    ep_len_mean          | 146       |
|    ep_rew_mean          | -5.58     |
| time/                   |           |
|    fps                  | 679       |
|    iterations           | 38        |
|    time_elapsed         | 229       |
|    total_timesteps      | 155648    |
| train/                  |           |
|    approx_kl            | 0.1442672 |
|    clip_fraction        | 0.452     |
|    clip_range           | 0.2       |
|    entropy_loss         | -17.6     |
|    explained_variance   | 0.782     |
|    learning_rate        | 0.0003    |
|    loss                 | 0.694     |
|    n_updates            | 13650     |
|    policy_gradient_loss | -0.0731   |
|    std                  | 3.46      |
|    value_loss           | 3.78      |
---------------------------------------
----------------------------------------
| manipularl/             |            |
|    collision_rate       | 0.74       |
|    grasp_failure_rate   | 0.918      |
|    insert_depth_mean    | 0          |
|    insert_tilt_deg_mean | 0.0023     |
|    success_rate         | 0          |
| rollout/                |            |
|    ep_len_mean          | 148        |
|    ep_rew_mean          | -7.22      |
| time/                   |            |
|    fps                  | 684        |
|    iterations           | 39         |
|    time_elapsed         | 233        |
|    total_timesteps      | 159744     |
| train/                  |            |
|    approx_kl            | 0.17409942 |
|    clip_fraction        | 0.471      |
|    clip_range           | 0.2        |
|    entropy_loss         | -17.6      |
|    explained_variance   | 0.766      |
|    learning_rate        | 0.0003     |
|    loss                 | 0.533      |
|    n_updates            | 13660      |
|    policy_gradient_loss | -0.0745    |
|    std                  | 3.46       |
|    value_loss           | 3.54       |
----------------------------------------
----------------------------------------
| manipularl/             |            |
|    collision_rate       | 0.76       |
|    grasp_failure_rate   | 0.921      |
|    insert_depth_mean    | 0          |
|    insert_tilt_deg_mean | 0.00229    |
|    success_rate         | 0          |
| rollout/                |            |
|    ep_len_mean          | 141        |
|    ep_rew_mean          | -6.05      |
| time/                   |            |
|    fps                  | 689        |
|    iterations           | 40         |
|    time_elapsed         | 237        |
|    total_timesteps      | 163840     |
| train/                  |            |
|    approx_kl            | 0.14979842 |
|    clip_fraction        | 0.454      |
|    clip_range           | 0.2        |
|    entropy_loss         | -17.6      |
|    explained_variance   | 0.817      |
|    learning_rate        | 0.0003     |
|    loss                 | 0.491      |
|    n_updates            | 13670      |
|    policy_gradient_loss | -0.0654    |
|    std                  | 3.46       |
|    value_loss           | 3.19       |
----------------------------------------
----------------------------------------
| manipularl/             |            |
|    collision_rate       | 0.74       |
|    grasp_failure_rate   | 0.915      |
|    insert_depth_mean    | 0          |
|    insert_tilt_deg_mean | 0.00212    |
|    success_rate         | 0          |
| rollout/                |            |
|    ep_len_mean          | 147        |
|    ep_rew_mean          | -6.66      |
| time/                   |            |
|    fps                  | 694        |
|    iterations           | 41         |
|    time_elapsed         | 241        |
|    total_timesteps      | 167936     |
| train/                  |            |
|    approx_kl            | 0.14350313 |
|    clip_fraction        | 0.439      |
|    clip_range           | 0.2        |
|    entropy_loss         | -17.6      |
|    explained_variance   | 0.779      |
|    learning_rate        | 0.0003     |
|    loss                 | 0.561      |
|    n_updates            | 13680      |
|    policy_gradient_loss | -0.0704    |
|    std                  | 3.47       |
|    value_loss           | 3.31       |
----------------------------------------
----------------------------------------
| manipularl/             |            |
|    collision_rate       | 0.72       |
|    grasp_failure_rate   | 0.91       |
|    insert_depth_mean    | 0          |
|    insert_tilt_deg_mean | 0.00235    |
|    success_rate         | 0          |
| rollout/                |            |
|    ep_len_mean          | 154        |
|    ep_rew_mean          | -5.67      |
| time/                   |            |
|    fps                  | 700        |
|    iterations           | 42         |
|    time_elapsed         | 245        |
|    total_timesteps      | 172032     |
| train/                  |            |
|    approx_kl            | 0.12637278 |
|    clip_fraction        | 0.393      |
|    clip_range           | 0.2        |
|    entropy_loss         | -17.6      |
|    explained_variance   | 0.691      |
|    learning_rate        | 0.0003     |
|    loss                 | 0.763      |
|    n_updates            | 13690      |
|    policy_gradient_loss | -0.0624    |
|    std                  | 3.47       |
|    value_loss           | 4.44       |
----------------------------------------
----------------------------------------
| manipularl/             |            |
|    collision_rate       | 0.71       |
|    grasp_failure_rate   | 0.898      |
|    insert_depth_mean    | 0          |
|    insert_tilt_deg_mean | 0.00284    |
|    success_rate         | 0          |
| rollout/                |            |
|    ep_len_mean          | 159        |
|    ep_rew_mean          | -4.2       |
| time/                   |            |
|    fps                  | 706        |
|    iterations           | 43         |
|    time_elapsed         | 249        |
|    total_timesteps      | 176128     |
| train/                  |            |
|    approx_kl            | 0.13770987 |
|    clip_fraction        | 0.416      |
|    clip_range           | 0.2        |
|    entropy_loss         | -17.6      |
|    explained_variance   | 0.724      |
|    learning_rate        | 0.0003     |
|    loss                 | 0.911      |
|    n_updates            | 13700      |
|    policy_gradient_loss | -0.0698    |
|    std                  | 3.47       |
|    value_loss           | 4.45       |
----------------------------------------
----------------------------------------
| manipularl/             |            |
|    collision_rate       | 0.72       |
|    grasp_failure_rate   | 0.884      |
|    insert_depth_mean    | 0          |
|    insert_tilt_deg_mean | 0.00315    |
|    success_rate         | 0          |
| rollout/                |            |
|    ep_len_mean          | 160        |
|    ep_rew_mean          | -5.57      |
| time/                   |            |
|    fps                  | 711        |
|    iterations           | 44         |
|    time_elapsed         | 253        |
|    total_timesteps      | 180224     |
| train/                  |            |
|    approx_kl            | 0.21547832 |
|    clip_fraction        | 0.496      |
|    clip_range           | 0.2        |
|    entropy_loss         | -17.6      |
|    explained_variance   | 0.726      |
|    learning_rate        | 0.0003     |
|    loss                 | 0.463      |
|    n_updates            | 13710      |
|    policy_gradient_loss | -0.0709    |
|    std                  | 3.48       |
|    value_loss           | 3.12       |
----------------------------------------
----------------------------------------
| manipularl/             |            |
|    collision_rate       | 0.72       |
|    grasp_failure_rate   | 0.89       |
|    insert_depth_mean    | 0          |
|    insert_tilt_deg_mean | 0.00345    |
|    success_rate         | 0          |
| rollout/                |            |
|    ep_len_mean          | 158        |
|    ep_rew_mean          | -5.64      |
| time/                   |            |
|    fps                  | 715        |
|    iterations           | 45         |
|    time_elapsed         | 257        |
|    total_timesteps      | 184320     |
| train/                  |            |
|    approx_kl            | 0.12785156 |
|    clip_fraction        | 0.433      |
|    clip_range           | 0.2        |
|    entropy_loss         | -17.6      |
|    explained_variance   | 0.592      |
|    learning_rate        | 0.0003     |
|    loss                 | 1.29       |
|    n_updates            | 13720      |
|    policy_gradient_loss | -0.0692    |
|    std                  | 3.49       |
|    value_loss           | 5.68       |
----------------------------------------
----------------------------------------
| manipularl/             |            |
|    collision_rate       | 0.75       |
|    grasp_failure_rate   | 0.888      |
|    insert_depth_mean    | 0          |
|    insert_tilt_deg_mean | 0.00358    |
|    success_rate         | 0          |
| rollout/                |            |
|    ep_len_mean          | 147        |
|    ep_rew_mean          | -6.73      |
| time/                   |            |
|    fps                  | 720        |
|    iterations           | 46         |
|    time_elapsed         | 261        |
|    total_timesteps      | 188416     |
| train/                  |            |
|    approx_kl            | 0.14505798 |
|    clip_fraction        | 0.427      |
|    clip_range           | 0.2        |
|    entropy_loss         | -17.6      |
|    explained_variance   | 0.615      |
|    learning_rate        | 0.0003     |
|    loss                 | 0.732      |
|    n_updates            | 13730      |
|    policy_gradient_loss | -0.0709    |
|    std                  | 3.49       |
|    value_loss           | 4.11       |
----------------------------------------
----------------------------------------
| manipularl/             |            |
|    collision_rate       | 0.74       |
|    grasp_failure_rate   | 0.893      |
|    insert_depth_mean    | 0          |
|    insert_tilt_deg_mean | 0.00348    |
|    success_rate         | 0          |
| rollout/                |            |
|    ep_len_mean          | 155        |
|    ep_rew_mean          | -8.19      |
| time/                   |            |
|    fps                  | 725        |
|    iterations           | 47         |
|    time_elapsed         | 265        |
|    total_timesteps      | 192512     |
| train/                  |            |
|    approx_kl            | 0.07770549 |
|    clip_fraction        | 0.356      |
|    clip_range           | 0.2        |
|    entropy_loss         | -17.6      |
|    explained_variance   | 0.719      |
|    learning_rate        | 0.0003     |
|    loss                 | 1.14       |
|    n_updates            | 13740      |
|    policy_gradient_loss | -0.0659    |
|    std                  | 3.5        |
|    value_loss           | 5.37       |
----------------------------------------
----------------------------------------
| manipularl/             |            |
|    collision_rate       | 0.71       |
|    grasp_failure_rate   | 0.895      |
|    insert_depth_mean    | 0          |
|    insert_tilt_deg_mean | 0.00395    |
|    success_rate         | 0          |
| rollout/                |            |
|    ep_len_mean          | 170        |
|    ep_rew_mean          | -8.1       |
| time/                   |            |
|    fps                  | 729        |
|    iterations           | 48         |
|    time_elapsed         | 269        |
|    total_timesteps      | 196608     |
| train/                  |            |
|    approx_kl            | 0.13029742 |
|    clip_fraction        | 0.405      |
|    clip_range           | 0.2        |
|    entropy_loss         | -17.6      |
|    explained_variance   | 0.688      |
|    learning_rate        | 0.0003     |
|    loss                 | 0.864      |
|    n_updates            | 13750      |
|    policy_gradient_loss | -0.076     |
|    std                  | 3.5        |
|    value_loss           | 4.21       |
----------------------------------------
Eval num_timesteps=200000, episode_reward=-3.00 +/- 9.52
Episode length: 127.65 +/- 128.51
----------------------------------------
| eval/                   |            |
|    mean_ep_length       | 128        |
|    mean_reward          | -3         |
| manipularl/             |            |
|    collision_rate       | 0.72       |
|    grasp_failure_rate   | 0.889      |
|    insert_depth_mean    | 0          |
|    insert_tilt_deg_mean | 0.00394    |
|    success_rate         | 0          |
| time/                   |            |
|    total_timesteps      | 200000     |
| train/                  |            |
|    approx_kl            | 0.13069773 |
|    clip_fraction        | 0.404      |
|    clip_range           | 0.2        |
|    entropy_loss         | -17.6      |
|    explained_variance   | 0.809      |
|    learning_rate        | 0.0003     |
|    loss                 | 0.839      |
|    n_updates            | 13760      |
|    policy_gradient_loss | -0.0695    |
|    std                  | 3.5        |
|    value_loss           | 3.88       |
----------------------------------------
New best mean reward!
--------------------------------------
| manipularl/             |          |
|    collision_rate       | 0.72     |
|    grasp_failure_rate   | 0.892    |
|    insert_depth_mean    | 0        |
|    insert_tilt_deg_mean | 0.00386  |
|    success_rate         | 0        |
| rollout/                |          |
|    ep_len_mean          | 171      |
|    ep_rew_mean          | -7       |
| time/                   |          |
|    fps                  | 718      |
|    iterations           | 49       |
|    time_elapsed         | 279      |
|    total_timesteps      | 200704   |
--------------------------------------
----------------------------------------
| manipularl/             |            |
|    collision_rate       | 0.78       |
|    grasp_failure_rate   | 0.882      |
|    insert_depth_mean    | 0          |
|    insert_tilt_deg_mean | 0.00339    |
|    success_rate         | 0          |
| rollout/                |            |
|    ep_len_mean          | 153        |
|    ep_rew_mean          | -5.67      |
| time/                   |            |
|    fps                  | 721        |
|    iterations           | 50         |
|    time_elapsed         | 283        |
|    total_timesteps      | 204800     |
| train/                  |            |
|    approx_kl            | 0.18198305 |
|    clip_fraction        | 0.462      |
|    clip_range           | 0.2        |
|    entropy_loss         | -17.6      |
|    explained_variance   | 0.687      |
|    learning_rate        | 0.0003     |
|    loss                 | 0.583      |
|    n_updates            | 13770      |
|    policy_gradient_loss | -0.0796    |
|    std                  | 3.51       |
|    value_loss           | 3.48       |
----------------------------------------
----------------------------------------
| manipularl/             |            |
|    collision_rate       | 0.78       |
|    grasp_failure_rate   | 0.892      |
|    insert_depth_mean    | 0          |
|    insert_tilt_deg_mean | 0.00332    |
|    success_rate         | 0          |
| rollout/                |            |
|    ep_len_mean          | 148        |
|    ep_rew_mean          | -4.88      |
| time/                   |            |
|    fps                  | 724        |
|    iterations           | 51         |
|    time_elapsed         | 288        |
|    total_timesteps      | 208896     |
| train/                  |            |
|    approx_kl            | 0.13591248 |
|    clip_fraction        | 0.432      |
|    clip_range           | 0.2        |
|    entropy_loss         | -17.6      |
|    explained_variance   | 0.65       |
|    learning_rate        | 0.0003     |
|    loss                 | 0.893      |
|    n_updates            | 13780      |
|    policy_gradient_loss | -0.0746    |
|    std                  | 3.51       |
|    value_loss           | 4.75       |
----------------------------------------
----------------------------------------
| manipularl/             |            |
|    collision_rate       | 0.79       |
|    grasp_failure_rate   | 0.894      |
|    insert_depth_mean    | 0          |
|    insert_tilt_deg_mean | 0.00268    |
|    success_rate         | 0          |
| rollout/                |            |
|    ep_len_mean          | 145        |
|    ep_rew_mean          | -3.52      |
| time/                   |            |
|    fps                  | 728        |
|    iterations           | 52         |
|    time_elapsed         | 292        |
|    total_timesteps      | 212992     |
| train/                  |            |
|    approx_kl            | 0.21256873 |
|    clip_fraction        | 0.488      |
|    clip_range           | 0.2        |
|    entropy_loss         | -17.6      |
|    explained_variance   | 0.762      |
|    learning_rate        | 0.0003     |
|    loss                 | 0.315      |
|    n_updates            | 13790      |
|    policy_gradient_loss | -0.0803    |
|    std                  | 3.52       |
|    value_loss           | 2.75       |
----------------------------------------
----------------------------------------
| manipularl/             |            |
|    collision_rate       | 0.82       |
|    grasp_failure_rate   | 0.908      |
|    insert_depth_mean    | 0          |
|    insert_tilt_deg_mean | 0.00279    |
|    success_rate         | 0          |
| rollout/                |            |
|    ep_len_mean          | 130        |
|    ep_rew_mean          | -3.52      |
| time/                   |            |
|    fps                  | 732        |
|    iterations           | 53         |
|    time_elapsed         | 296        |
|    total_timesteps      | 217088     |
| train/                  |            |
|    approx_kl            | 0.15771006 |
|    clip_fraction        | 0.459      |
|    clip_range           | 0.2        |
|    entropy_loss         | -17.6      |
|    explained_variance   | 0.684      |
|    learning_rate        | 0.0003     |
|    loss                 | 0.423      |
|    n_updates            | 13800      |
|    policy_gradient_loss | -0.0758    |
|    std                  | 3.53       |
|    value_loss           | 3          |
----------------------------------------
----------------------------------------
| manipularl/             |            |
|    collision_rate       | 0.81       |
|    grasp_failure_rate   | 0.908      |
|    insert_depth_mean    | 0          |
|    insert_tilt_deg_mean | 0.00286    |
|    success_rate         | 0          |
| rollout/                |            |
|    ep_len_mean          | 133        |
|    ep_rew_mean          | -4.76      |
| time/                   |            |
|    fps                  | 736        |
|    iterations           | 54         |
|    time_elapsed         | 300        |
|    total_timesteps      | 221184     |
| train/                  |            |
|    approx_kl            | 0.14490828 |
|    clip_fraction        | 0.449      |
|    clip_range           | 0.2        |
|    entropy_loss         | -17.6      |
|    explained_variance   | 0.682      |
|    learning_rate        | 0.0003     |
|    loss                 | 0.71       |
|    n_updates            | 13810      |
|    policy_gradient_loss | -0.0734    |
|    std                  | 3.54       |
|    value_loss           | 4.02       |
----------------------------------------
----------------------------------------
| manipularl/             |            |
|    collision_rate       | 0.82       |
|    grasp_failure_rate   | 0.905      |
|    insert_depth_mean    | 0          |
|    insert_tilt_deg_mean | 0.00264    |
|    success_rate         | 0          |
| rollout/                |            |
|    ep_len_mean          | 128        |
|    ep_rew_mean          | -6.45      |
| time/                   |            |
|    fps                  | 739        |
|    iterations           | 55         |
|    time_elapsed         | 304        |
|    total_timesteps      | 225280     |
| train/                  |            |
|    approx_kl            | 0.12955359 |
|    clip_fraction        | 0.459      |
|    clip_range           | 0.2        |
|    entropy_loss         | -17.6      |
|    explained_variance   | 0.66       |
|    learning_rate        | 0.0003     |
|    loss                 | 0.821      |
|    n_updates            | 13820      |
|    policy_gradient_loss | -0.077     |
|    std                  | 3.54       |
|    value_loss           | 4.72       |
----------------------------------------
----------------------------------------
| manipularl/             |            |
|    collision_rate       | 0.79       |
|    grasp_failure_rate   | 0.906      |
|    insert_depth_mean    | 0          |
|    insert_tilt_deg_mean | 0.00277    |
|    success_rate         | 0          |
| rollout/                |            |
|    ep_len_mean          | 138        |
|    ep_rew_mean          | -7.53      |
| time/                   |            |
|    fps                  | 742        |
|    iterations           | 56         |
|    time_elapsed         | 308        |
|    total_timesteps      | 229376     |
| train/                  |            |
|    approx_kl            | 0.13606793 |
|    clip_fraction        | 0.432      |
|    clip_range           | 0.2        |
|    entropy_loss         | -17.6      |
|    explained_variance   | 0.649      |
|    learning_rate        | 0.0003     |
|    loss                 | 1.01       |
|    n_updates            | 13830      |
|    policy_gradient_loss | -0.071     |
|    std                  | 3.55       |
|    value_loss           | 4.86       |
----------------------------------------
----------------------------------------
| manipularl/             |            |
|    collision_rate       | 0.8        |
|    grasp_failure_rate   | 0.9        |
|    insert_depth_mean    | 0          |
|    insert_tilt_deg_mean | 0.00257    |
|    success_rate         | 0          |
| rollout/                |            |
|    ep_len_mean          | 135        |
|    ep_rew_mean          | -7.03      |
| time/                   |            |
|    fps                  | 743        |
|    iterations           | 57         |
|    time_elapsed         | 314        |
|    total_timesteps      | 233472     |
| train/                  |            |
|    approx_kl            | 0.14448163 |
|    clip_fraction        | 0.415      |
|    clip_range           | 0.2        |
|    entropy_loss         | -17.6      |
|    explained_variance   | 0.695      |
|    learning_rate        | 0.0003     |
|    loss                 | 0.663      |
|    n_updates            | 13840      |
|    policy_gradient_loss | -0.0733    |
|    std                  | 3.56       |
|    value_loss           | 3.88       |
----------------------------------------
---------------------------------------
| manipularl/             |           |
|    collision_rate       | 0.82      |
|    grasp_failure_rate   | 0.905     |
|    insert_depth_mean    | 0         |
|    insert_tilt_deg_mean | 0.00299   |
|    success_rate         | 0         |
| rollout/                |           |
|    ep_len_mean          | 122       |
|    ep_rew_mean          | -4.79     |
| time/                   |           |
|    fps                  | 741       |
|    iterations           | 58        |
|    time_elapsed         | 320       |
|    total_timesteps      | 237568    |
| train/                  |           |
|    approx_kl            | 0.1680145 |
|    clip_fraction        | 0.476     |
|    clip_range           | 0.2       |
|    entropy_loss         | -17.6     |
|    explained_variance   | 0.752     |
|    learning_rate        | 0.0003    |
|    loss                 | 0.61      |
|    n_updates            | 13850     |
|    policy_gradient_loss | -0.077    |
|    std                  | 3.56      |
|    value_loss           | 3.73      |
---------------------------------------
----------------------------------------
| manipularl/             |            |
|    collision_rate       | 0.81       |
|    grasp_failure_rate   | 0.905      |
|    insert_depth_mean    | 0          |
|    insert_tilt_deg_mean | 0.00291    |
|    success_rate         | 0          |
| rollout/                |            |
|    ep_len_mean          | 128        |
|    ep_rew_mean          | -5.02      |
| time/                   |            |
|    fps                  | 743        |
|    iterations           | 59         |
|    time_elapsed         | 325        |
|    total_timesteps      | 241664     |
| train/                  |            |
|    approx_kl            | 0.19809905 |
|    clip_fraction        | 0.506      |
|    clip_range           | 0.2        |
|    entropy_loss         | -17.6      |
|    explained_variance   | 0.745      |
|    learning_rate        | 0.0003     |
|    loss                 | 0.461      |
|    n_updates            | 13860      |
|    policy_gradient_loss | -0.0794    |
|    std                  | 3.57       |
|    value_loss           | 3.18       |
----------------------------------------
----------------------------------------
| manipularl/             |            |
|    collision_rate       | 0.77       |
|    grasp_failure_rate   | 0.915      |
|    insert_depth_mean    | 0          |
|    insert_tilt_deg_mean | 0.00322    |
|    success_rate         | 0          |
| rollout/                |            |
|    ep_len_mean          | 142        |
|    ep_rew_mean          | -6.39      |
| time/                   |            |
|    fps                  | 745        |
|    iterations           | 60         |
|    time_elapsed         | 329        |
|    total_timesteps      | 245760     |
| train/                  |            |
|    approx_kl            | 0.15885308 |
|    clip_fraction        | 0.442      |
|    clip_range           | 0.2        |
|    entropy_loss         | -17.6      |
|    explained_variance   | 0.686      |
|    learning_rate        | 0.0003     |
|    loss                 | 0.547      |
|    n_updates            | 13870      |
|    policy_gradient_loss | -0.0739    |
|    std                  | 3.58       |
|    value_loss           | 3.67       |
----------------------------------------
----------------------------------------
| manipularl/             |            |
|    collision_rate       | 0.77       |
|    grasp_failure_rate   | 0.905      |
|    insert_depth_mean    | 0.000107   |
|    insert_tilt_deg_mean | 0.00304    |
|    success_rate         | 0          |
| rollout/                |            |
|    ep_len_mean          | 142        |
|    ep_rew_mean          | -5.94      |
| time/                   |            |
|    fps                  | 747        |
|    iterations           | 61         |
|    time_elapsed         | 334        |
|    total_timesteps      | 249856     |
| train/                  |            |
|    approx_kl            | 0.23295572 |
|    clip_fraction        | 0.443      |
|    clip_range           | 0.2        |
|    entropy_loss         | -17.6      |
|    explained_variance   | 0.784      |
|    learning_rate        | 0.0003     |
|    loss                 | 0.546      |
|    n_updates            | 13880      |
|    policy_gradient_loss | -0.0754    |
|    std                  | 3.59       |
|    value_loss           | 3.55       |
----------------------------------------
----------------------------------------
| manipularl/             |            |
|    collision_rate       | 0.82       |
|    grasp_failure_rate   | 0.878      |
|    insert_depth_mean    | 0.000107   |
|    insert_tilt_deg_mean | 0.00327    |
|    success_rate         | 0          |
| rollout/                |            |
|    ep_len_mean          | 121        |
|    ep_rew_mean          | -4.95      |
| time/                   |            |
|    fps                  | 749        |
|    iterations           | 62         |
|    time_elapsed         | 338        |
|    total_timesteps      | 253952     |
| train/                  |            |
|    approx_kl            | 0.13206008 |
|    clip_fraction        | 0.436      |
|    clip_range           | 0.2        |
|    entropy_loss         | -17.6      |
|    explained_variance   | 0.738      |
|    learning_rate        | 0.0003     |
|    loss                 | 0.714      |
|    n_updates            | 13890      |
|    policy_gradient_loss | -0.0759    |
|    std                  | 3.6        |
|    value_loss           | 4.19       |
----------------------------------------
----------------------------------------
| manipularl/             |            |
|    collision_rate       | 0.82       |
|    grasp_failure_rate   | 0.87       |
|    insert_depth_mean    | 0.000107   |
|    insert_tilt_deg_mean | 0.00314    |
|    success_rate         | 0          |
| rollout/                |            |
|    ep_len_mean          | 123        |
|    ep_rew_mean          | -4.65      |
| time/                   |            |
|    fps                  | 750        |
|    iterations           | 63         |
|    time_elapsed         | 343        |
|    total_timesteps      | 258048     |
| train/                  |            |
|    approx_kl            | 0.14917171 |
|    clip_fraction        | 0.444      |
|    clip_range           | 0.2        |
|    entropy_loss         | -17.7      |
|    explained_variance   | 0.781      |
|    learning_rate        | 0.0003     |
|    loss                 | 0.773      |
|    n_updates            | 13900      |
|    policy_gradient_loss | -0.0799    |
|    std                  | 3.61       |
|    value_loss           | 4.1        |
----------------------------------------
----------------------------------------
| manipularl/             |            |
|    collision_rate       | 0.8        |
|    grasp_failure_rate   | 0.869      |
|    insert_depth_mean    | 0.000401   |
|    insert_tilt_deg_mean | 0.00337    |
|    success_rate         | 0          |
| rollout/                |            |
|    ep_len_mean          | 136        |
|    ep_rew_mean          | -5         |
| time/                   |            |
|    fps                  | 751        |
|    iterations           | 64         |
|    time_elapsed         | 348        |
|    total_timesteps      | 262144     |
| train/                  |            |
|    approx_kl            | 0.17601052 |
|    clip_fraction        | 0.455      |
|    clip_range           | 0.2        |
|    entropy_loss         | -17.7      |
|    explained_variance   | 0.819      |
|    learning_rate        | 0.0003     |
|    loss                 | 0.402      |
|    n_updates            | 13910      |
|    policy_gradient_loss | -0.0725    |
|    std                  | 3.63       |
|    value_loss           | 2.85       |
----------------------------------------
----------------------------------------
| manipularl/             |            |
|    collision_rate       | 0.78       |
|    grasp_failure_rate   | 0.881      |
|    insert_depth_mean    | 0.000294   |
|    insert_tilt_deg_mean | 0.00309    |
|    success_rate         | 0          |
| rollout/                |            |
|    ep_len_mean          | 145        |
|    ep_rew_mean          | -7.72      |
| time/                   |            |
|    fps                  | 752        |
|    iterations           | 65         |
|    time_elapsed         | 353        |
|    total_timesteps      | 266240     |
| train/                  |            |
|    approx_kl            | 0.11207949 |
|    clip_fraction        | 0.433      |
|    clip_range           | 0.2        |
|    entropy_loss         | -17.7      |
|    explained_variance   | 0.747      |
|    learning_rate        | 0.0003     |
|    loss                 | 1.02       |
|    n_updates            | 13920      |
|    policy_gradient_loss | -0.0671    |
|    std                  | 3.64       |
|    value_loss           | 4.67       |
----------------------------------------
-----------------------------------------
| manipularl/             |             |
|    collision_rate       | 0.72        |
|    grasp_failure_rate   | 0.903       |
|    insert_depth_mean    | 0.000294    |
|    insert_tilt_deg_mean | 0.00317     |
|    success_rate         | 0           |
| rollout/                |             |
|    ep_len_mean          | 166         |
|    ep_rew_mean          | -8.89       |
| time/                   |             |
|    fps                  | 755         |
|    iterations           | 66          |
|    time_elapsed         | 357         |
|    total_timesteps      | 270336      |
| train/                  |             |
|    approx_kl            | 0.112271994 |
|    clip_fraction        | 0.403       |
|    clip_range           | 0.2         |
|    entropy_loss         | -17.7       |
|    explained_variance   | 0.782       |
|    learning_rate        | 0.0003      |
|    loss                 | 0.9         |
|    n_updates            | 13930       |
|    policy_gradient_loss | -0.0692     |
|    std                  | 3.65        |
|    value_loss           | 4.31        |
-----------------------------------------
----------------------------------------
| manipularl/             |            |
|    collision_rate       | 0.79       |
|    grasp_failure_rate   | 0.907      |
|    insert_depth_mean    | 0          |
|    insert_tilt_deg_mean | 0.00331    |
|    success_rate         | 0          |
| rollout/                |            |
|    ep_len_mean          | 148        |
|    ep_rew_mean          | -9.1       |
| time/                   |            |
|    fps                  | 757        |
|    iterations           | 67         |
|    time_elapsed         | 362        |
|    total_timesteps      | 274432     |
| train/                  |            |
|    approx_kl            | 0.21112016 |
|    clip_fraction        | 0.488      |
|    clip_range           | 0.2        |
|    entropy_loss         | -17.7      |
|    explained_variance   | 0.809      |
|    learning_rate        | 0.0003     |
|    loss                 | 0.234      |
|    n_updates            | 13940      |
|    policy_gradient_loss | -0.0753    |
|    std                  | 3.66       |
|    value_loss           | 2.23       |
----------------------------------------
----------------------------------------
| manipularl/             |            |
|    collision_rate       | 0.8        |
|    grasp_failure_rate   | 0.909      |
|    insert_depth_mean    | 0          |
|    insert_tilt_deg_mean | 0.00342    |
|    success_rate         | 0          |
| rollout/                |            |
|    ep_len_mean          | 143        |
|    ep_rew_mean          | -7.1       |
| time/                   |            |
|    fps                  | 759        |
|    iterations           | 68         |
|    time_elapsed         | 366        |
|    total_timesteps      | 278528     |
| train/                  |            |
|    approx_kl            | 0.16085047 |
|    clip_fraction        | 0.496      |
|    clip_range           | 0.2        |
|    entropy_loss         | -17.7      |
|    explained_variance   | 0.684      |
|    learning_rate        | 0.0003     |
|    loss                 | 0.542      |
|    n_updates            | 13950      |
|    policy_gradient_loss | -0.079     |
|    std                  | 3.66       |
|    value_loss           | 3.51       |
----------------------------------------
----------------------------------------
| manipularl/             |            |
|    collision_rate       | 0.84       |
|    grasp_failure_rate   | 0.904      |
|    insert_depth_mean    | 0          |
|    insert_tilt_deg_mean | 0.00348    |
|    success_rate         | 0          |
| rollout/                |            |
|    ep_len_mean          | 137        |
|    ep_rew_mean          | -6.38      |
| time/                   |            |
|    fps                  | 762        |
|    iterations           | 69         |
|    time_elapsed         | 370        |
|    total_timesteps      | 282624     |
| train/                  |            |
|    approx_kl            | 0.11616724 |
|    clip_fraction        | 0.412      |
|    clip_range           | 0.2        |
|    entropy_loss         | -17.7      |
|    explained_variance   | 0.609      |
|    learning_rate        | 0.0003     |
|    loss                 | 1.03       |
|    n_updates            | 13960      |
|    policy_gradient_loss | -0.0694    |
|    std                  | 3.67       |
|    value_loss           | 5.12       |
----------------------------------------
----------------------------------------
| manipularl/             |            |
|    collision_rate       | 0.8        |
|    grasp_failure_rate   | 0.901      |
|    insert_depth_mean    | 0          |
|    insert_tilt_deg_mean | 0.00345    |
|    success_rate         | 0          |
| rollout/                |            |
|    ep_len_mean          | 143        |
|    ep_rew_mean          | -5.61      |
| time/                   |            |
|    fps                  | 765        |
|    iterations           | 70         |
|    time_elapsed         | 374        |
|    total_timesteps      | 286720     |
| train/                  |            |
|    approx_kl            | 0.17791453 |
|    clip_fraction        | 0.469      |
|    clip_range           | 0.2        |
|    entropy_loss         | -17.7      |
|    explained_variance   | 0.746      |
|    learning_rate        | 0.0003     |
|    loss                 | 0.678      |
|    n_updates            | 13970      |
|    policy_gradient_loss | -0.0777    |
|    std                  | 3.67       |
|    value_loss           | 3.79       |
----------------------------------------
----------------------------------------
| manipularl/             |            |
|    collision_rate       | 0.75       |
|    grasp_failure_rate   | 0.901      |
|    insert_depth_mean    | 0          |
|    insert_tilt_deg_mean | 0.00331    |
|    success_rate         | 0          |
| rollout/                |            |
|    ep_len_mean          | 161        |
|    ep_rew_mean          | -5.58      |
| time/                   |            |
|    fps                  | 767        |
|    iterations           | 71         |
|    time_elapsed         | 378        |
|    total_timesteps      | 290816     |
| train/                  |            |
|    approx_kl            | 0.14670639 |
|    clip_fraction        | 0.423      |
|    clip_range           | 0.2        |
|    entropy_loss         | -17.7      |
|    explained_variance   | 0.793      |
|    learning_rate        | 0.0003     |
|    loss                 | 0.381      |
|    n_updates            | 13980      |
|    policy_gradient_loss | -0.0663    |
|    std                  | 3.68       |
|    value_loss           | 2.51       |
----------------------------------------
----------------------------------------
| manipularl/             |            |
|    collision_rate       | 0.73       |
|    grasp_failure_rate   | 0.914      |
|    insert_depth_mean    | 0          |
|    insert_tilt_deg_mean | 0.14       |
|    success_rate         | 0          |
| rollout/                |            |
|    ep_len_mean          | 165        |
|    ep_rew_mean          | -3.88      |
| time/                   |            |
|    fps                  | 770        |
|    iterations           | 72         |
|    time_elapsed         | 382        |
|    total_timesteps      | 294912     |
| train/                  |            |
|    approx_kl            | 0.17822087 |
|    clip_fraction        | 0.477      |
|    clip_range           | 0.2        |
|    entropy_loss         | -17.7      |
|    explained_variance   | 0.769      |
|    learning_rate        | 0.0003     |
|    loss                 | 0.436      |
|    n_updates            | 13990      |
|    policy_gradient_loss | -0.0764    |
|    std                  | 3.68       |
|    value_loss           | 3.38       |
----------------------------------------
----------------------------------------
| manipularl/             |            |
|    collision_rate       | 0.72       |
|    grasp_failure_rate   | 0.923      |
|    insert_depth_mean    | 0          |
|    insert_tilt_deg_mean | 0.277      |
|    success_rate         | 0          |
| rollout/                |            |
|    ep_len_mean          | 171        |
|    ep_rew_mean          | -4.18      |
| time/                   |            |
|    fps                  | 772        |
|    iterations           | 73         |
|    time_elapsed         | 386        |
|    total_timesteps      | 299008     |
| train/                  |            |
|    approx_kl            | 0.19051698 |
|    clip_fraction        | 0.488      |
|    clip_range           | 0.2        |
|    entropy_loss         | -17.7      |
|    explained_variance   | 0.768      |
|    learning_rate        | 0.0003     |
|    loss                 | 0.46       |
|    n_updates            | 14000      |
|    policy_gradient_loss | -0.0788    |
|    std                  | 3.68       |
|    value_loss           | 3.07       |
----------------------------------------
----------------------------------------
| manipularl/             |            |
|    collision_rate       | 0.77       |
|    grasp_failure_rate   | 0.922      |
|    insert_depth_mean    | 0          |
|    insert_tilt_deg_mean | 0.277      |
|    success_rate         | 0          |
| rollout/                |            |
|    ep_len_mean          | 157        |
|    ep_rew_mean          | -5.4       |
| time/                   |            |
|    fps                  | 774        |
|    iterations           | 74         |
|    time_elapsed         | 391        |
|    total_timesteps      | 303104     |
| train/                  |            |
|    approx_kl            | 0.15051831 |
|    clip_fraction        | 0.445      |
|    clip_range           | 0.2        |
|    entropy_loss         | -17.7      |
|    explained_variance   | 0.728      |
|    learning_rate        | 0.0003     |
|    loss                 | 0.704      |
|    n_updates            | 14010      |
|    policy_gradient_loss | -0.0728    |
|    std                  | 3.69       |
|    value_loss           | 3.52       |
----------------------------------------
-----------------------------------------
| manipularl/             |             |
|    collision_rate       | 0.77        |
|    grasp_failure_rate   | 0.925       |
|    insert_depth_mean    | 0.000188    |
|    insert_tilt_deg_mean | 0.277       |
|    success_rate         | 0           |
| rollout/                |             |
|    ep_len_mean          | 156         |
|    ep_rew_mean          | -6.96       |
| time/                   |             |
|    fps                  | 776         |
|    iterations           | 75          |
|    time_elapsed         | 395         |
|    total_timesteps      | 307200      |
| train/                  |             |
|    approx_kl            | 0.097674206 |
|    clip_fraction        | 0.37        |
|    clip_range           | 0.2         |
|    entropy_loss         | -17.7       |
|    explained_variance   | 0.718       |
|    learning_rate        | 0.0003      |
|    loss                 | 0.905       |
|    n_updates            | 14020       |
|    policy_gradient_loss | -0.0716     |
|    std                  | 3.69        |
|    value_loss           | 4.5         |
-----------------------------------------
----------------------------------------
| manipularl/             |            |
|    collision_rate       | 0.78       |
|    grasp_failure_rate   | 0.924      |
|    insert_depth_mean    | 0.000188   |
|    insert_tilt_deg_mean | 0.14       |
|    success_rate         | 0          |
| rollout/                |            |
|    ep_len_mean          | 150        |
|    ep_rew_mean          | -8.59      |
| time/                   |            |
|    fps                  | 778        |
|    iterations           | 76         |
|    time_elapsed         | 399        |
|    total_timesteps      | 311296     |
| train/                  |            |
|    approx_kl            | 0.09201731 |
|    clip_fraction        | 0.355      |
|    clip_range           | 0.2        |
|    entropy_loss         | -17.7      |
|    explained_variance   | 0.643      |
|    learning_rate        | 0.0003     |
|    loss                 | 0.916      |
|    n_updates            | 14030      |
|    policy_gradient_loss | -0.0691    |
|    std                  | 3.69       |
|    value_loss           | 4.4        |
----------------------------------------
----------------------------------------
| manipularl/             |            |
|    collision_rate       | 0.76       |
|    grasp_failure_rate   | 0.925      |
|    insert_depth_mean    | 0.000188   |
|    insert_tilt_deg_mean | 0.14       |
|    success_rate         | 0          |
| rollout/                |            |
|    ep_len_mean          | 145        |
|    ep_rew_mean          | -6.9       |
| time/                   |            |
|    fps                  | 780        |
|    iterations           | 77         |
|    time_elapsed         | 404        |
|    total_timesteps      | 315392     |
| train/                  |            |
|    approx_kl            | 0.14974439 |
|    clip_fraction        | 0.432      |
|    clip_range           | 0.2        |
|    entropy_loss         | -17.7      |
|    explained_variance   | 0.734      |
|    learning_rate        | 0.0003     |
|    loss                 | 0.433      |
|    n_updates            | 14040      |
|    policy_gradient_loss | -0.073     |
|    std                  | 3.7        |
|    value_loss           | 2.94       |
----------------------------------------
----------------------------------------
| manipularl/             |            |
|    collision_rate       | 0.76       |
|    grasp_failure_rate   | 0.915      |
|    insert_depth_mean    | 0.000188   |
|    insert_tilt_deg_mean | 0.14       |
|    success_rate         | 0          |
| rollout/                |            |
|    ep_len_mean          | 141        |
|    ep_rew_mean          | -4.73      |
| time/                   |            |
|    fps                  | 781        |
|    iterations           | 78         |
|    time_elapsed         | 408        |
|    total_timesteps      | 319488     |
| train/                  |            |
|    approx_kl            | 0.19714573 |
|    clip_fraction        | 0.475      |
|    clip_range           | 0.2        |
|    entropy_loss         | -17.7      |
|    explained_variance   | 0.779      |
|    learning_rate        | 0.0003     |
|    loss                 | 0.318      |
|    n_updates            | 14050      |
|    policy_gradient_loss | -0.0704    |
|    std                  | 3.7        |
|    value_loss           | 2.61       |
----------------------------------------
--------------------------------------
| manipularl/             |          |
|    collision_rate       | 0.77     |
|    grasp_failure_rate   | 0.897    |
|    insert_depth_mean    | 0        |
|    insert_tilt_deg_mean | 0.14     |
|    success_rate         | 0        |
| rollout/                |          |
|    ep_len_mean          | 135      |
|    ep_rew_mean          | -4.61    |
| time/                   |          |
|    fps                  | 781      |
|    iterations           | 79       |
|    time_elapsed         | 413      |
|    total_timesteps      | 323584   |
| train/                  |          |
|    approx_kl            | 0.193313 |
|    clip_fraction        | 0.478    |
|    clip_range           | 0.2      |
|    entropy_loss         | -17.7    |
|    explained_variance   | 0.776    |
|    learning_rate        | 0.0003   |
|    loss                 | 0.437    |
|    n_updates            | 14060    |
|    policy_gradient_loss | -0.076   |
|    std                  | 3.72     |
|    value_loss           | 2.92     |
--------------------------------------
----------------------------------------
| manipularl/             |            |
|    collision_rate       | 0.76       |
|    grasp_failure_rate   | 0.894      |
|    insert_depth_mean    | 0.0006     |
|    insert_tilt_deg_mean | 0.277      |
|    success_rate         | 0          |
| rollout/                |            |
|    ep_len_mean          | 143        |
|    ep_rew_mean          | -4.64      |
| time/                   |            |
|    fps                  | 783        |
|    iterations           | 80         |
|    time_elapsed         | 418        |
|    total_timesteps      | 327680     |
| train/                  |            |
|    approx_kl            | 0.12509502 |
|    clip_fraction        | 0.436      |
|    clip_range           | 0.2        |
|    entropy_loss         | -17.7      |
|    explained_variance   | 0.731      |
|    learning_rate        | 0.0003     |
|    loss                 | 0.748      |
|    n_updates            | 14070      |
|    policy_gradient_loss | -0.0725    |
|    std                  | 3.73       |
|    value_loss           | 3.65       |
----------------------------------------
---------------------------------------
| manipularl/             |           |
|    collision_rate       | 0.76      |
|    grasp_failure_rate   | 0.901     |
|    insert_depth_mean    | 0.0012    |
|    insert_tilt_deg_mean | 0.277     |
|    success_rate         | 0         |
| rollout/                |           |
|    ep_len_mean          | 150       |
|    ep_rew_mean          | -5.08     |
| time/                   |           |
|    fps                  | 786       |
|    iterations           | 81        |
|    time_elapsed         | 421       |
|    total_timesteps      | 331776    |
| train/                  |           |
|    approx_kl            | 0.1679597 |
|    clip_fraction        | 0.438     |
|    clip_range           | 0.2       |
|    entropy_loss         | -17.7     |
|    explained_variance   | 0.785     |
|    learning_rate        | 0.0003    |
|    loss                 | 0.558     |
|    n_updates            | 14080     |
|    policy_gradient_loss | -0.0767   |
|    std                  | 3.73      |
|    value_loss           | 2.81      |
---------------------------------------
----------------------------------------
| manipularl/             |            |
|    collision_rate       | 0.74       |
|    grasp_failure_rate   | 0.902      |
|    insert_depth_mean    | 0.0012     |
|    insert_tilt_deg_mean | 0.277      |
|    success_rate         | 0          |
| rollout/                |            |
|    ep_len_mean          | 160        |
|    ep_rew_mean          | -6.96      |
| time/                   |            |
|    fps                  | 788        |
|    iterations           | 82         |
|    time_elapsed         | 425        |
|    total_timesteps      | 335872     |
| train/                  |            |
|    approx_kl            | 0.13698725 |
|    clip_fraction        | 0.427      |
|    clip_range           | 0.2        |
|    entropy_loss         | -17.7      |
|    explained_variance   | 0.746      |
|    learning_rate        | 0.0003     |
|    loss                 | 0.416      |
|    n_updates            | 14090      |
|    policy_gradient_loss | -0.0743    |
|    std                  | 3.73       |
|    value_loss           | 2.65       |
----------------------------------------
----------------------------------------
| manipularl/             |            |
|    collision_rate       | 0.67       |
|    grasp_failure_rate   | 0.919      |
|    insert_depth_mean    | 0.0012     |
|    insert_tilt_deg_mean | 0.414      |
|    success_rate         | 0          |
| rollout/                |            |
|    ep_len_mean          | 191        |
|    ep_rew_mean          | -8.75      |
| time/                   |            |
|    fps                  | 790        |
|    iterations           | 83         |
|    time_elapsed         | 430        |
|    total_timesteps      | 339968     |
| train/                  |            |
|    approx_kl            | 0.12555552 |
|    clip_fraction        | 0.408      |
|    clip_range           | 0.2        |
|    entropy_loss         | -17.7      |
|    explained_variance   | 0.797      |
|    learning_rate        | 0.0003     |
|    loss                 | 0.311      |
|    n_updates            | 14100      |
|    policy_gradient_loss | -0.0734    |
|    std                  | 3.74       |
|    value_loss           | 2.46       |
----------------------------------------
----------------------------------------
| manipularl/             |            |
|    collision_rate       | 0.69       |
|    grasp_failure_rate   | 0.926      |
|    insert_depth_mean    | 0.0018     |
|    insert_tilt_deg_mean | 0.14       |
|    success_rate         | 0          |
| rollout/                |            |
|    ep_len_mean          | 185        |
|    ep_rew_mean          | -7.92      |
| time/                   |            |
|    fps                  | 792        |
|    iterations           | 84         |
|    time_elapsed         | 434        |
|    total_timesteps      | 344064     |
| train/                  |            |
|    approx_kl            | 0.20033085 |
|    clip_fraction        | 0.478      |
|    clip_range           | 0.2        |
|    entropy_loss         | -17.7      |
|    explained_variance   | 0.813      |
|    learning_rate        | 0.0003     |
|    loss                 | 0.255      |
|    n_updates            | 14110      |
|    policy_gradient_loss | -0.0758    |
|    std                  | 3.75       |
|    value_loss           | 2.31       |
----------------------------------------
----------------------------------------
| manipularl/             |            |
|    collision_rate       | 0.74       |
|    grasp_failure_rate   | 0.913      |
|    insert_depth_mean    | 0.0006     |
|    insert_tilt_deg_mean | 0.43       |
|    success_rate         | 0          |
| rollout/                |            |
|    ep_len_mean          | 160        |
|    ep_rew_mean          | -6.21      |
| time/                   |            |
|    fps                  | 793        |
|    iterations           | 85         |
|    time_elapsed         | 438        |
|    total_timesteps      | 348160     |
| train/                  |            |
|    approx_kl            | 0.15578255 |
|    clip_fraction        | 0.453      |
|    clip_range           | 0.2        |
|    entropy_loss         | -17.8      |
|    explained_variance   | 0.74       |
|    learning_rate        | 0.0003     |
|    loss                 | 0.488      |
|    n_updates            | 14120      |
|    policy_gradient_loss | -0.0736    |
|    std                  | 3.76       |
|    value_loss           | 3.13       |
----------------------------------------
----------------------------------------
| manipularl/             |            |
|    collision_rate       | 0.78       |
|    grasp_failure_rate   | 0.912      |
|    insert_depth_mean    | 0.0006     |
|    insert_tilt_deg_mean | 0.617      |
|    success_rate         | 0          |
| rollout/                |            |
|    ep_len_mean          | 148        |
|    ep_rew_mean          | -4.53      |
| time/                   |            |
|    fps                  | 794        |
|    iterations           | 86         |
|    time_elapsed         | 443        |
|    total_timesteps      | 352256     |
| train/                  |            |
|    approx_kl            | 0.14375752 |
|    clip_fraction        | 0.425      |
|    clip_range           | 0.2        |
|    entropy_loss         | -17.8      |
|    explained_variance   | 0.724      |
|    learning_rate        | 0.0003     |
|    loss                 | 0.619      |
|    n_updates            | 14130      |
|    policy_gradient_loss | -0.0774    |
|    std                  | 3.77       |
|    value_loss           | 3.97       |
----------------------------------------
----------------------------------------
| manipularl/             |            |
|    collision_rate       | 0.81       |
|    grasp_failure_rate   | 0.907      |
|    insert_depth_mean    | 0.0006     |
|    insert_tilt_deg_mean | 0.617      |
|    success_rate         | 0          |
| rollout/                |            |
|    ep_len_mean          | 142        |
|    ep_rew_mean          | -4.47      |
| time/                   |            |
|    fps                  | 796        |
|    iterations           | 87         |
|    time_elapsed         | 447        |
|    total_timesteps      | 356352     |
| train/                  |            |
|    approx_kl            | 0.15938097 |
|    clip_fraction        | 0.446      |
|    clip_range           | 0.2        |
|    entropy_loss         | -17.8      |
|    explained_variance   | 0.638      |
|    learning_rate        | 0.0003     |
|    loss                 | 0.603      |
|    n_updates            | 14140      |
|    policy_gradient_loss | -0.0799    |
|    std                  | 3.78       |
|    value_loss           | 3.37       |
----------------------------------------
----------------------------------------
| manipularl/             |            |
|    collision_rate       | 0.79       |
|    grasp_failure_rate   | 0.914      |
|    insert_depth_mean    | 0.0006     |
|    insert_tilt_deg_mean | 0.48       |
|    success_rate         | 0          |
| rollout/                |            |
|    ep_len_mean          | 143        |
|    ep_rew_mean          | -4.72      |
| time/                   |            |
|    fps                  | 798        |
|    iterations           | 88         |
|    time_elapsed         | 451        |
|    total_timesteps      | 360448     |
| train/                  |            |
|    approx_kl            | 0.11616801 |
|    clip_fraction        | 0.394      |
|    clip_range           | 0.2        |
|    entropy_loss         | -17.8      |
|    explained_variance   | 0.651      |
|    learning_rate        | 0.0003     |
|    loss                 | 0.63       |
|    n_updates            | 14150      |
|    policy_gradient_loss | -0.074     |
|    std                  | 3.79       |
|    value_loss           | 3.56       |
----------------------------------------
----------------------------------------
| manipularl/             |            |
|    collision_rate       | 0.73       |
|    grasp_failure_rate   | 0.919      |
|    insert_depth_mean    | 0.0006     |
|    insert_tilt_deg_mean | 0.327      |
|    success_rate         | 0          |
| rollout/                |            |
|    ep_len_mean          | 165        |
|    ep_rew_mean          | -5.77      |
| time/                   |            |
|    fps                  | 800        |
|    iterations           | 89         |
|    time_elapsed         | 455        |
|    total_timesteps      | 364544     |
| train/                  |            |
|    approx_kl            | 0.18538351 |
|    clip_fraction        | 0.458      |
|    clip_range           | 0.2        |
|    entropy_loss         | -17.8      |
|    explained_variance   | 0.775      |
|    learning_rate        | 0.0003     |
|    loss                 | 0.387      |
|    n_updates            | 14160      |
|    policy_gradient_loss | -0.0749    |
|    std                  | 3.8        |
|    value_loss           | 2.63       |
----------------------------------------
----------------------------------------
| manipularl/             |            |
|    collision_rate       | 0.73       |
|    grasp_failure_rate   | 0.918      |
|    insert_depth_mean    | 0.0012     |
|    insert_tilt_deg_mean | 0.00356    |
|    success_rate         | 0          |
| rollout/                |            |
|    ep_len_mean          | 163        |
|    ep_rew_mean          | -5.68      |
| time/                   |            |
|    fps                  | 801        |
|    iterations           | 90         |
|    time_elapsed         | 459        |
|    total_timesteps      | 368640     |
| train/                  |            |
|    approx_kl            | 0.15535188 |
|    clip_fraction        | 0.457      |
|    clip_range           | 0.2        |
|    entropy_loss         | -17.8      |
|    explained_variance   | 0.773      |
|    learning_rate        | 0.0003     |
|    loss                 | 0.321      |
|    n_updates            | 14170      |
|    policy_gradient_loss | -0.0765    |
|    std                  | 3.81       |
|    value_loss           | 2.53       |
----------------------------------------
----------------------------------------
| manipularl/             |            |
|    collision_rate       | 0.74       |
|    grasp_failure_rate   | 0.908      |
|    insert_depth_mean    | 0.0012     |
|    insert_tilt_deg_mean | 0.0274     |
|    success_rate         | 0          |
| rollout/                |            |
|    ep_len_mean          | 151        |
|    ep_rew_mean          | -4.08      |
| time/                   |            |
|    fps                  | 802        |
|    iterations           | 91         |
|    time_elapsed         | 464        |
|    total_timesteps      | 372736     |
| train/                  |            |
|    approx_kl            | 0.19742551 |
|    clip_fraction        | 0.463      |
|    clip_range           | 0.2        |
|    entropy_loss         | -17.8      |
|    explained_variance   | 0.775      |
|    learning_rate        | 0.0003     |
|    loss                 | 0.289      |
|    n_updates            | 14180      |
|    policy_gradient_loss | -0.0772    |
|    std                  | 3.83       |
|    value_loss           | 2.74       |
----------------------------------------
----------------------------------------
| manipularl/             |            |
|    collision_rate       | 0.72       |
|    grasp_failure_rate   | 0.906      |
|    insert_depth_mean    | 0.0024     |
|    insert_tilt_deg_mean | 0.0277     |
|    success_rate         | 0          |
| rollout/                |            |
|    ep_len_mean          | 162        |
|    ep_rew_mean          | -3.85      |
| time/                   |            |
|    fps                  | 804        |
|    iterations           | 92         |
|    time_elapsed         | 468        |
|    total_timesteps      | 376832     |
| train/                  |            |
|    approx_kl            | 0.20247841 |
|    clip_fraction        | 0.468      |
|    clip_range           | 0.2        |
|    entropy_loss         | -17.8      |
|    explained_variance   | 0.802      |
|    learning_rate        | 0.0003     |
|    loss                 | 0.243      |
|    n_updates            | 14190      |
|    policy_gradient_loss | -0.0802    |
|    std                  | 3.84       |
|    value_loss           | 2.4        |
----------------------------------------
---------------------------------------
| manipularl/             |           |
|    collision_rate       | 0.74      |
|    grasp_failure_rate   | 0.908     |
|    insert_depth_mean    | 0.0012    |
|    insert_tilt_deg_mean | 0.0274    |
|    success_rate         | 0         |
| rollout/                |           |
|    ep_len_mean          | 153       |
|    ep_rew_mean          | -2.49     |
| time/                   |           |
|    fps                  | 806       |
|    iterations           | 93        |
|    time_elapsed         | 472       |
|    total_timesteps      | 380928    |
| train/                  |           |
|    approx_kl            | 0.2400046 |
|    clip_fraction        | 0.44      |
|    clip_range           | 0.2       |
|    entropy_loss         | -17.8     |
|    explained_variance   | 0.705     |
|    learning_rate        | 0.0003    |
|    loss                 | 0.233     |
|    n_updates            | 14200     |
|    policy_gradient_loss | -0.0696   |
|    std                  | 3.86      |
|    value_loss           | 2.24      |
---------------------------------------
----------------------------------------
| manipularl/             |            |
|    collision_rate       | 0.69       |
|    grasp_failure_rate   | 0.915      |
|    insert_depth_mean    | 0.0012     |
|    insert_tilt_deg_mean | 0.0304     |
|    success_rate         | 0          |
| rollout/                |            |
|    ep_len_mean          | 168        |
|    ep_rew_mean          | -2.96      |
| time/                   |            |
|    fps                  | 807        |
|    iterations           | 94         |
|    time_elapsed         | 476        |
|    total_timesteps      | 385024     |
| train/                  |            |
|    approx_kl            | 0.16203669 |
|    clip_fraction        | 0.477      |
|    clip_range           | 0.2        |
|    entropy_loss         | -17.8      |
|    explained_variance   | 0.758      |
|    learning_rate        | 0.0003     |
|    loss                 | 0.385      |
|    n_updates            | 14210      |
|    policy_gradient_loss | -0.0766    |
|    std                  | 3.87       |
|    value_loss           | 3.07       |
----------------------------------------
----------------------------------------
| manipularl/             |            |
|    collision_rate       | 0.71       |
|    grasp_failure_rate   | 0.93       |
|    insert_depth_mean    | 0.00227    |
|    insert_tilt_deg_mean | 0.33       |
|    success_rate         | 0          |
| rollout/                |            |
|    ep_len_mean          | 158        |
|    ep_rew_mean          | -3.48      |
| time/                   |            |
|    fps                  | 810        |
|    iterations           | 95         |
|    time_elapsed         | 480        |
|    total_timesteps      | 389120     |
| train/                  |            |
|    approx_kl            | 0.17611396 |
|    clip_fraction        | 0.459      |
|    clip_range           | 0.2        |
|    entropy_loss         | -17.9      |
|    explained_variance   | 0.765      |
|    learning_rate        | 0.0003     |
|    loss                 | 0.272      |
|    n_updates            | 14220      |
|    policy_gradient_loss | -0.076     |
|    std                  | 3.87       |
|    value_loss           | 2.3        |
----------------------------------------
----------------------------------------
| manipularl/             |            |
|    collision_rate       | 0.78       |
|    grasp_failure_rate   | 0.921      |
|    insert_depth_mean    | 0.00167    |
|    insert_tilt_deg_mean | 0.33       |
|    success_rate         | 0          |
| rollout/                |            |
|    ep_len_mean          | 138        |
|    ep_rew_mean          | -3.74      |
| time/                   |            |
|    fps                  | 811        |
|    iterations           | 96         |
|    time_elapsed         | 484        |
|    total_timesteps      | 393216     |
| train/                  |            |
|    approx_kl            | 0.16183831 |
|    clip_fraction        | 0.467      |
|    clip_range           | 0.2        |
|    entropy_loss         | -17.9      |
|    explained_variance   | 0.75       |
|    learning_rate        | 0.0003     |
|    loss                 | 0.402      |
|    n_updates            | 14230      |
|    policy_gradient_loss | -0.078     |
|    std                  | 3.89       |
|    value_loss           | 3.12       |
----------------------------------------
---------------------------------------
| manipularl/             |           |
|    collision_rate       | 0.8       |
|    grasp_failure_rate   | 0.904     |
|    insert_depth_mean    | 0.00167   |
|    insert_tilt_deg_mean | 0.386     |
|    success_rate         | 0         |
| rollout/                |           |
|    ep_len_mean          | 136       |
|    ep_rew_mean          | -3.92     |
| time/                   |           |
|    fps                  | 812       |
|    iterations           | 97        |
|    time_elapsed         | 488       |
|    total_timesteps      | 397312    |
| train/                  |           |
|    approx_kl            | 0.1574794 |
|    clip_fraction        | 0.455     |
|    clip_range           | 0.2       |
|    entropy_loss         | -17.9     |
|    explained_variance   | 0.711     |
|    learning_rate        | 0.0003    |
|    loss                 | 0.56      |
|    n_updates            | 14240     |
|    policy_gradient_loss | -0.0799   |
|    std                  | 3.9       |
|    value_loss           | 3.5       |
---------------------------------------
Eval num_timesteps=400000, episode_reward=-9.78 +/- 17.58
Episode length: 139.15 +/- 135.64
----------------------------------------
| eval/                   |            |
|    mean_ep_length       | 139        |
|    mean_reward          | -9.78      |
| manipularl/             |            |
|    collision_rate       | 0.82       |
|    grasp_failure_rate   | 0.905      |
|    insert_depth_mean    | 0.00107    |
|    insert_tilt_deg_mean | 0.386      |
|    success_rate         | 0          |
| time/                   |            |
|    total_timesteps      | 400000     |
| train/                  |            |
|    approx_kl            | 0.14700076 |
|    clip_fraction        | 0.455      |
|    clip_range           | 0.2        |
|    entropy_loss         | -17.9      |
|    explained_variance   | 0.749      |
|    learning_rate        | 0.0003     |
|    loss                 | 0.559      |
|    n_updates            | 14250      |
|    policy_gradient_loss | -0.0788    |
|    std                  | 3.91       |
|    value_loss           | 3.49       |
----------------------------------------
--------------------------------------
| manipularl/             |          |
|    collision_rate       | 0.8      |
|    grasp_failure_rate   | 0.903    |
|    insert_depth_mean    | 0.00167  |
|    insert_tilt_deg_mean | 0.386    |
|    success_rate         | 0        |
| rollout/                |          |
|    ep_len_mean          | 130      |
|    ep_rew_mean          | -3.88    |
| time/                   |          |
|    fps                  | 798      |
|    iterations           | 98       |
|    time_elapsed         | 502      |
|    total_timesteps      | 401408   |
--------------------------------------
----------------------------------------
| manipularl/             |            |
|    collision_rate       | 0.74       |
|    grasp_failure_rate   | 0.907      |
|    insert_depth_mean    | 0.0006     |
|    insert_tilt_deg_mean | 0.0627     |
|    success_rate         | 0          |
| rollout/                |            |
|    ep_len_mean          | 150        |
|    ep_rew_mean          | -5.09      |
| time/                   |            |
|    fps                  | 797        |
|    iterations           | 99         |
|    time_elapsed         | 508        |
|    total_timesteps      | 405504     |
| train/                  |            |
|    approx_kl            | 0.14127639 |
|    clip_fraction        | 0.403      |
|    clip_range           | 0.2        |
|    entropy_loss         | -17.9      |
|    explained_variance   | 0.777      |
|    learning_rate        | 0.0003     |
|    loss                 | 0.419      |
|    n_updates            | 14260      |
|    policy_gradient_loss | -0.0725    |
|    std                  | 3.91       |
|    value_loss           | 2.89       |
----------------------------------------
-----------------------------------------
| manipularl/             |             |
|    collision_rate       | 0.74        |
|    grasp_failure_rate   | 0.903       |
|    insert_depth_mean    | 0.0006      |
|    insert_tilt_deg_mean | 0.0628      |
|    success_rate         | 0           |
| rollout/                |             |
|    ep_len_mean          | 151         |
|    ep_rew_mean          | -5.65       |
| time/                   |             |
|    fps                  | 798         |
|    iterations           | 100         |
|    time_elapsed         | 513         |
|    total_timesteps      | 409600      |
| train/                  |             |
|    approx_kl            | 0.088237524 |
|    clip_fraction        | 0.342       |
|    clip_range           | 0.2         |
|    entropy_loss         | -17.9       |
|    explained_variance   | 0.802       |
|    learning_rate        | 0.0003      |
|    loss                 | 0.525       |
|    n_updates            | 14270       |
|    policy_gradient_loss | -0.0522     |
|    std                  | 3.92        |
|    value_loss           | 3.24        |
-----------------------------------------
----------------------------------------
| manipularl/             |            |
|    collision_rate       | 0.67       |
|    grasp_failure_rate   | 0.915      |
|    insert_depth_mean    | 0.0006     |
|    insert_tilt_deg_mean | 0.00355    |
|    success_rate         | 0          |
| rollout/                |            |
|    ep_len_mean          | 173        |
|    ep_rew_mean          | -7.02      |
| time/                   |            |
|    fps                  | 799        |
|    iterations           | 101        |
|    time_elapsed         | 517        |
|    total_timesteps      | 413696     |
| train/                  |            |
|    approx_kl            | 0.16297315 |
|    clip_fraction        | 0.459      |
|    clip_range           | 0.2        |
|    entropy_loss         | -17.9      |
|    explained_variance   | 0.781      |
|    learning_rate        | 0.0003     |
|    loss                 | 0.446      |
|    n_updates            | 14280      |
|    policy_gradient_loss | -0.0796    |
|    std                  | 3.92       |
|    value_loss           | 2.71       |
----------------------------------------
----------------------------------------
| manipularl/             |            |
|    collision_rate       | 0.66       |
|    grasp_failure_rate   | 0.919      |
|    insert_depth_mean    | 0.0006     |
|    insert_tilt_deg_mean | 0.101      |
|    success_rate         | 0          |
| rollout/                |            |
|    ep_len_mean          | 183        |
|    ep_rew_mean          | -7.04      |
| time/                   |            |
|    fps                  | 801        |
|    iterations           | 102        |
|    time_elapsed         | 521        |
|    total_timesteps      | 417792     |
| train/                  |            |
|    approx_kl            | 0.16202962 |
|    clip_fraction        | 0.466      |
|    clip_range           | 0.2        |
|    entropy_loss         | -17.9      |
|    explained_variance   | 0.783      |
|    learning_rate        | 0.0003     |
|    loss                 | 0.236      |
|    n_updates            | 14290      |
|    policy_gradient_loss | -0.0731    |
|    std                  | 3.93       |
|    value_loss           | 2.4        |
----------------------------------------
----------------------------------------
| manipularl/             |            |
|    collision_rate       | 0.68       |
|    grasp_failure_rate   | 0.899      |
|    insert_depth_mean    | 0.00013    |
|    insert_tilt_deg_mean | 0.1        |
|    success_rate         | 0          |
| rollout/                |            |
|    ep_len_mean          | 180        |
|    ep_rew_mean          | -6.72      |
| time/                   |            |
|    fps                  | 803        |
|    iterations           | 103        |
|    time_elapsed         | 525        |
|    total_timesteps      | 421888     |
| train/                  |            |
|    approx_kl            | 0.18564603 |
|    clip_fraction        | 0.476      |
|    clip_range           | 0.2        |
|    entropy_loss         | -17.9      |
|    explained_variance   | 0.794      |
|    learning_rate        | 0.0003     |
|    loss                 | 0.274      |
|    n_updates            | 14300      |
|    policy_gradient_loss | -0.0768    |
|    std                  | 3.93       |
|    value_loss           | 2.31       |
----------------------------------------
---------------------------------------
| manipularl/             |           |
|    collision_rate       | 0.69      |
|    grasp_failure_rate   | 0.887     |
|    insert_depth_mean    | 0.000889  |
|    insert_tilt_deg_mean | 0.1       |
|    success_rate         | 0         |
| rollout/                |           |
|    ep_len_mean          | 176       |
|    ep_rew_mean          | -5.48     |
| time/                   |           |
|    fps                  | 804       |
|    iterations           | 104       |
|    time_elapsed         | 529       |
|    total_timesteps      | 425984    |
| train/                  |           |
|    approx_kl            | 0.1355406 |
|    clip_fraction        | 0.407     |
|    clip_range           | 0.2       |
|    entropy_loss         | -17.9     |
|    explained_variance   | 0.755     |
|    learning_rate        | 0.0003    |
|    loss                 | 0.449     |
|    n_updates            | 14310     |
|    policy_gradient_loss | -0.0709   |
|    std                  | 3.93      |
|    value_loss           | 2.94      |
---------------------------------------
----------------------------------------
| manipularl/             |            |
|    collision_rate       | 0.73       |
|    grasp_failure_rate   | 0.892      |
|    insert_depth_mean    | 0.00159    |
|    insert_tilt_deg_mean | 0.152      |
|    success_rate         | 0          |
| rollout/                |            |
|    ep_len_mean          | 164        |
|    ep_rew_mean          | -5.28      |
| time/                   |            |
|    fps                  | 804        |
|    iterations           | 105        |
|    time_elapsed         | 534        |
|    total_timesteps      | 430080     |
| train/                  |            |
|    approx_kl            | 0.16154516 |
|    clip_fraction        | 0.469      |
|    clip_range           | 0.2        |
|    entropy_loss         | -17.9      |
|    explained_variance   | 0.742      |
|    learning_rate        | 0.0003     |
|    loss                 | 0.6        |
|    n_updates            | 14320      |
|    policy_gradient_loss | -0.0786    |
|    std                  | 3.94       |
|    value_loss           | 3.45       |
----------------------------------------
----------------------------------------
| manipularl/             |            |
|    collision_rate       | 0.72       |
|    grasp_failure_rate   | 0.897      |
|    insert_depth_mean    | 0.00266    |
|    insert_tilt_deg_mean | 0.0556     |
|    success_rate         | 0          |
| rollout/                |            |
|    ep_len_mean          | 155        |
|    ep_rew_mean          | -4.11      |
| time/                   |            |
|    fps                  | 806        |
|    iterations           | 106        |
|    time_elapsed         | 538        |
|    total_timesteps      | 434176     |
| train/                  |            |
|    approx_kl            | 0.15606931 |
|    clip_fraction        | 0.436      |
|    clip_range           | 0.2        |
|    entropy_loss         | -17.9      |
|    explained_variance   | 0.752      |
|    learning_rate        | 0.0003     |
|    loss                 | 0.309      |
|    n_updates            | 14330      |
|    policy_gradient_loss | -0.0724    |
|    std                  | 3.95       |
|    value_loss           | 2.61       |
----------------------------------------
----------------------------------------
| manipularl/             |            |
|    collision_rate       | 0.77       |
|    grasp_failure_rate   | 0.897      |
|    insert_depth_mean    | 0.00202    |
|    insert_tilt_deg_mean | 0.0556     |
|    success_rate         | 0          |
| rollout/                |            |
|    ep_len_mean          | 143        |
|    ep_rew_mean          | -3.95      |
| time/                   |            |
|    fps                  | 807        |
|    iterations           | 107        |
|    time_elapsed         | 542        |
|    total_timesteps      | 438272     |
| train/                  |            |
|    approx_kl            | 0.17085043 |
|    clip_fraction        | 0.442      |
|    clip_range           | 0.2        |
|    entropy_loss         | -17.9      |
|    explained_variance   | 0.825      |
|    learning_rate        | 0.0003     |
|    loss                 | 0.28       |
|    n_updates            | 14340      |
|    policy_gradient_loss | -0.074     |
|    std                  | 3.96       |
|    value_loss           | 2.44       |
----------------------------------------
-----------------------------------------
| manipularl/             |             |
|    collision_rate       | 0.77        |
|    grasp_failure_rate   | 0.897       |
|    insert_depth_mean    | 0.00225     |
|    insert_tilt_deg_mean | 0.056       |
|    success_rate         | 0           |
| rollout/                |             |
|    ep_len_mean          | 139         |
|    ep_rew_mean          | -3.41       |
| time/                   |             |
|    fps                  | 808         |
|    iterations           | 108         |
|    time_elapsed         | 547         |
|    total_timesteps      | 442368      |
| train/                  |             |
|    approx_kl            | 0.118710846 |
|    clip_fraction        | 0.41        |
|    clip_range           | 0.2         |
|    entropy_loss         | -17.9       |
|    explained_variance   | 0.775       |
|    learning_rate        | 0.0003      |
|    loss                 | 0.473       |
|    n_updates            | 14350       |
|    policy_gradient_loss | -0.0718     |
|    std                  | 3.97        |
|    value_loss           | 3.19        |
-----------------------------------------
--------------------------------------
| manipularl/             |          |
|    collision_rate       | 0.82     |
|    grasp_failure_rate   | 0.886    |
|    insert_depth_mean    | 0.00165  |
|    insert_tilt_deg_mean | 0.00363  |
|    success_rate         | 0        |
| rollout/                |          |
|    ep_len_mean          | 130      |
|    ep_rew_mean          | -4.26    |
| time/                   |          |
|    fps                  | 809      |
|    iterations           | 109      |
|    time_elapsed         | 551      |
|    total_timesteps      | 446464   |
| train/                  |          |
|    approx_kl            | 0.123691 |
|    clip_fraction        | 0.414    |
|    clip_range           | 0.2      |
|    entropy_loss         | -17.9    |
|    explained_variance   | 0.603    |
|    learning_rate        | 0.0003   |
|    loss                 | 0.778    |
|    n_updates            | 14360    |
|    policy_gradient_loss | -0.0766  |
|    std                  | 3.97     |
|    value_loss           | 4.33     |
--------------------------------------
----------------------------------------
| manipularl/             |            |
|    collision_rate       | 0.82       |
|    grasp_failure_rate   | 0.864      |
|    insert_depth_mean    | 0.00165    |
|    insert_tilt_deg_mean | 0.00337    |
|    success_rate         | 0          |
| rollout/                |            |
|    ep_len_mean          | 140        |
|    ep_rew_mean          | -4.89      |
| time/                   |            |
|    fps                  | 810        |
|    iterations           | 110        |
|    time_elapsed         | 555        |
|    total_timesteps      | 450560     |
| train/                  |            |
|    approx_kl            | 0.12572575 |
|    clip_fraction        | 0.426      |
|    clip_range           | 0.2        |
|    entropy_loss         | -17.9      |
|    explained_variance   | 0.736      |
|    learning_rate        | 0.0003     |
|    loss                 | 0.493      |
|    n_updates            | 14370      |
|    policy_gradient_loss | -0.0755    |
|    std                  | 3.98       |
|    value_loss           | 2.91       |
----------------------------------------
---------------------------------------
| manipularl/             |           |
|    collision_rate       | 0.78      |
|    grasp_failure_rate   | 0.863     |
|    insert_depth_mean    | 0.00156   |
|    insert_tilt_deg_mean | 0.00324   |
|    success_rate         | 0         |
| rollout/                |           |
|    ep_len_mean          | 151       |
|    ep_rew_mean          | -4.61     |
| time/                   |           |
|    fps                  | 811       |
|    iterations           | 111       |
|    time_elapsed         | 559       |
|    total_timesteps      | 454656    |
| train/                  |           |
|    approx_kl            | 0.1278246 |
|    clip_fraction        | 0.414     |
|    clip_range           | 0.2       |
|    entropy_loss         | -17.9     |
|    explained_variance   | 0.737     |
|    learning_rate        | 0.0003    |
|    loss                 | 0.495     |
|    n_updates            | 14380     |
|    policy_gradient_loss | -0.0759   |
|    std                  | 4         |
|    value_loss           | 3.07      |
---------------------------------------
----------------------------------------
| manipularl/             |            |
|    collision_rate       | 0.77       |
|    grasp_failure_rate   | 0.88       |
|    insert_depth_mean    | 0.0012     |
|    insert_tilt_deg_mean | 0.00307    |
|    success_rate         | 0          |
| rollout/                |            |
|    ep_len_mean          | 155        |
|    ep_rew_mean          | -4.76      |
| time/                   |            |
|    fps                  | 812        |
|    iterations           | 112        |
|    time_elapsed         | 564        |
|    total_timesteps      | 458752     |
| train/                  |            |
|    approx_kl            | 0.13394171 |
|    clip_fraction        | 0.417      |
|    clip_range           | 0.2        |
|    entropy_loss         | -18        |
|    explained_variance   | 0.756      |
|    learning_rate        | 0.0003     |
|    loss                 | 0.261      |
|    n_updates            | 14390      |
|    policy_gradient_loss | -0.0691    |
|    std                  | 4.01       |
|    value_loss           | 2.48       |
----------------------------------------
----------------------------------------
| manipularl/             |            |
|    collision_rate       | 0.76       |
|    grasp_failure_rate   | 0.886      |
|    insert_depth_mean    | 0.0006     |
|    insert_tilt_deg_mean | 0.00288    |
|    success_rate         | 0          |
| rollout/                |            |
|    ep_len_mean          | 154        |
|    ep_rew_mean          | -3.98      |
| time/                   |            |
|    fps                  | 813        |
|    iterations           | 113        |
|    time_elapsed         | 568        |
|    total_timesteps      | 462848     |
| train/                  |            |
|    approx_kl            | 0.12599997 |
|    clip_fraction        | 0.439      |
|    clip_range           | 0.2        |
|    entropy_loss         | -17.9      |
|    explained_variance   | 0.709      |
|    learning_rate        | 0.0003     |
|    loss                 | 0.712      |
|    n_updates            | 14400      |
|    policy_gradient_loss | -0.074     |
|    std                  | 4.01       |
|    value_loss           | 4.17       |
----------------------------------------
----------------------------------------
| manipularl/             |            |
|    collision_rate       | 0.74       |
|    grasp_failure_rate   | 0.904      |
|    insert_depth_mean    | 0.000713   |
|    insert_tilt_deg_mean | 0.00281    |
|    success_rate         | 0          |
| rollout/                |            |
|    ep_len_mean          | 158        |
|    ep_rew_mean          | -5.16      |
| time/                   |            |
|    fps                  | 813        |
|    iterations           | 114        |
|    time_elapsed         | 573        |
|    total_timesteps      | 466944     |
| train/                  |            |
|    approx_kl            | 0.16427682 |
|    clip_fraction        | 0.467      |
|    clip_range           | 0.2        |
|    entropy_loss         | -17.9      |
|    explained_variance   | 0.765      |
|    learning_rate        | 0.0003     |
|    loss                 | 0.443      |
|    n_updates            | 14410      |
|    policy_gradient_loss | -0.0801    |
|    std                  | 4.02       |
|    value_loss           | 2.99       |
----------------------------------------
----------------------------------------
| manipularl/             |            |
|    collision_rate       | 0.8        |
|    grasp_failure_rate   | 0.903      |
|    insert_depth_mean    | 0.000713   |
|    insert_tilt_deg_mean | 0.00319    |
|    success_rate         | 0          |
| rollout/                |            |
|    ep_len_mean          | 136        |
|    ep_rew_mean          | -4.28      |
| time/                   |            |
|    fps                  | 813        |
|    iterations           | 115        |
|    time_elapsed         | 579        |
|    total_timesteps      | 471040     |
| train/                  |            |
|    approx_kl            | 0.10713266 |
|    clip_fraction        | 0.387      |
|    clip_range           | 0.2        |
|    entropy_loss         | -17.9      |
|    explained_variance   | 0.746      |
|    learning_rate        | 0.0003     |
|    loss                 | 0.662      |
|    n_updates            | 14420      |
|    policy_gradient_loss | -0.0714    |
|    std                  | 4.03       |
|    value_loss           | 3.94       |
----------------------------------------
----------------------------------------
| manipularl/             |            |
|    collision_rate       | 0.74       |
|    grasp_failure_rate   | 0.908      |
|    insert_depth_mean    | 0.000713   |
|    insert_tilt_deg_mean | 0.0032     |
|    success_rate         | 0          |
| rollout/                |            |
|    ep_len_mean          | 157        |
|    ep_rew_mean          | -4.79      |
| time/                   |            |
|    fps                  | 813        |
|    iterations           | 116        |
|    time_elapsed         | 583        |
|    total_timesteps      | 475136     |
| train/                  |            |
|    approx_kl            | 0.14793602 |
|    clip_fraction        | 0.456      |
|    clip_range           | 0.2        |
|    entropy_loss         | -17.9      |
|    explained_variance   | 0.753      |
|    learning_rate        | 0.0003     |
|    loss                 | 0.478      |
|    n_updates            | 14430      |
|    policy_gradient_loss | -0.0795    |
|    std                  | 4.04       |
|    value_loss           | 2.97       |
----------------------------------------
----------------------------------------
| manipularl/             |            |
|    collision_rate       | 0.76       |
|    grasp_failure_rate   | 0.886      |
|    insert_depth_mean    | 0.0012     |
|    insert_tilt_deg_mean | 0.00347    |
|    success_rate         | 0          |
| rollout/                |            |
|    ep_len_mean          | 152        |
|    ep_rew_mean          | -4.25      |
| time/                   |            |
|    fps                  | 812        |
|    iterations           | 117        |
|    time_elapsed         | 589        |
|    total_timesteps      | 479232     |
| train/                  |            |
|    approx_kl            | 0.14953345 |
|    clip_fraction        | 0.422      |
|    clip_range           | 0.2        |
|    entropy_loss         | -17.9      |
|    explained_variance   | 0.801      |
|    learning_rate        | 0.0003     |
|    loss                 | 0.36       |
|    n_updates            | 14440      |
|    policy_gradient_loss | -0.0771    |
|    std                  | 4.05       |
|    value_loss           | 2.49       |
----------------------------------------
----------------------------------------
| manipularl/             |            |
|    collision_rate       | 0.78       |
|    grasp_failure_rate   | 0.87       |
|    insert_depth_mean    | 0.0018     |
|    insert_tilt_deg_mean | 0.00363    |
|    success_rate         | 0          |
| rollout/                |            |
|    ep_len_mean          | 144        |
|    ep_rew_mean          | -3.54      |
| time/                   |            |
|    fps                  | 812        |
|    iterations           | 118        |
|    time_elapsed         | 594        |
|    total_timesteps      | 483328     |
| train/                  |            |
|    approx_kl            | 0.16319577 |
|    clip_fraction        | 0.479      |
|    clip_range           | 0.2        |
|    entropy_loss         | -17.9      |
|    explained_variance   | 0.723      |
|    learning_rate        | 0.0003     |
|    loss                 | 0.448      |
|    n_updates            | 14450      |
|    policy_gradient_loss | -0.0731    |
|    std                  | 4.05       |
|    value_loss           | 3.07       |
----------------------------------------
----------------------------------------
| manipularl/             |            |
|    collision_rate       | 0.72       |
|    grasp_failure_rate   | 0.874      |
|    insert_depth_mean    | 0.0012     |
|    insert_tilt_deg_mean | 0.00366    |
|    success_rate         | 0          |
| rollout/                |            |
|    ep_len_mean          | 165        |
|    ep_rew_mean          | -4.32      |
| time/                   |            |
|    fps                  | 812        |
|    iterations           | 119        |
|    time_elapsed         | 599        |
|    total_timesteps      | 487424     |
| train/                  |            |
|    approx_kl            | 0.12436309 |
|    clip_fraction        | 0.415      |
|    clip_range           | 0.2        |
|    entropy_loss         | -17.9      |
|    explained_variance   | 0.771      |
|    learning_rate        | 0.0003     |
|    loss                 | 0.575      |
|    n_updates            | 14460      |
|    policy_gradient_loss | -0.074     |
|    std                  | 4.06       |
|    value_loss           | 3.16       |
----------------------------------------
----------------------------------------
| manipularl/             |            |
|    collision_rate       | 0.74       |
|    grasp_failure_rate   | 0.875      |
|    insert_depth_mean    | 0.0012     |
|    insert_tilt_deg_mean | 0.00362    |
|    success_rate         | 0          |
| rollout/                |            |
|    ep_len_mean          | 159        |
|    ep_rew_mean          | -4.28      |
| time/                   |            |
|    fps                  | 812        |
|    iterations           | 120        |
|    time_elapsed         | 605        |
|    total_timesteps      | 491520     |
| train/                  |            |
|    approx_kl            | 0.15359162 |
|    clip_fraction        | 0.445      |
|    clip_range           | 0.2        |
|    entropy_loss         | -17.9      |
|    explained_variance   | 0.859      |
|    learning_rate        | 0.0003     |
|    loss                 | 0.4        |
|    n_updates            | 14470      |
|    policy_gradient_loss | -0.0721    |
|    std                  | 4.06       |
|    value_loss           | 2.69       |
----------------------------------------
----------------------------------------
| manipularl/             |            |
|    collision_rate       | 0.71       |
|    grasp_failure_rate   | 0.883      |
|    insert_depth_mean    | 0.0012     |
|    insert_tilt_deg_mean | 0.00389    |
|    success_rate         | 0          |
| rollout/                |            |
|    ep_len_mean          | 166        |
|    ep_rew_mean          | -4.24      |
| time/                   |            |
|    fps                  | 812        |
|    iterations           | 121        |
|    time_elapsed         | 609        |
|    total_timesteps      | 495616     |
| train/                  |            |
|    approx_kl            | 0.13896544 |
|    clip_fraction        | 0.462      |
|    clip_range           | 0.2        |
|    entropy_loss         | -18        |
|    explained_variance   | 0.848      |
|    learning_rate        | 0.0003     |
|    loss                 | 0.309      |
|    n_updates            | 14480      |
|    policy_gradient_loss | -0.0644    |
|    std                  | 4.07       |
|    value_loss           | 2.29       |
----------------------------------------
---------------------------------------
| manipularl/             |           |
|    collision_rate       | 0.74      |
|    grasp_failure_rate   | 0.892     |
|    insert_depth_mean    | 0.0006    |
|    insert_tilt_deg_mean | 0.00351   |
|    success_rate         | 0         |
| rollout/                |           |
|    ep_len_mean          | 163       |
|    ep_rew_mean          | -5.04     |
| time/                   |           |
|    fps                  | 813       |
|    iterations           | 122       |
|    time_elapsed         | 614       |
|    total_timesteps      | 499712    |
| train/                  |           |
|    approx_kl            | 0.1163256 |
|    clip_fraction        | 0.404     |
|    clip_range           | 0.2       |
|    entropy_loss         | -18       |
|    explained_variance   | 0.766     |
|    learning_rate        | 0.0003    |
|    loss                 | 0.518     |
|    n_updates            | 14490     |
|    policy_gradient_loss | -0.0696   |
|    std                  | 4.07      |
|    value_loss           | 3.09      |
---------------------------------------
----------------------------------------
| manipularl/             |            |
|    collision_rate       | 0.76       |
|    grasp_failure_rate   | 0.907      |
|    insert_depth_mean    | 0.0012     |
|    insert_tilt_deg_mean | 0.00322    |
|    success_rate         | 0          |
| rollout/                |            |
|    ep_len_mean          | 161        |
|    ep_rew_mean          | -4.59      |
| time/                   |            |
|    fps                  | 813        |
|    iterations           | 123        |
|    time_elapsed         | 619        |
|    total_timesteps      | 503808     |
| train/                  |            |
|    approx_kl            | 0.17755985 |
|    clip_fraction        | 0.456      |
|    clip_range           | 0.2        |
|    entropy_loss         | -18        |
|    explained_variance   | 0.776      |
|    learning_rate        | 0.0003     |
|    loss                 | 0.434      |
|    n_updates            | 14500      |
|    policy_gradient_loss | -0.077     |
|    std                  | 4.09       |
|    value_loss           | 2.92       |
----------------------------------------
----------------------------------------
| manipularl/             |            |
|    collision_rate       | 0.74       |
|    grasp_failure_rate   | 0.907      |
|    insert_depth_mean    | 0.0018     |
|    insert_tilt_deg_mean | 0.00307    |
|    success_rate         | 0          |
| rollout/                |            |
|    ep_len_mean          | 163        |
|    ep_rew_mean          | -3.75      |
| time/                   |            |
|    fps                  | 813        |
|    iterations           | 124        |
|    time_elapsed         | 624        |
|    total_timesteps      | 507904     |
| train/                  |            |
|    approx_kl            | 0.18809664 |
|    clip_fraction        | 0.464      |
|    clip_range           | 0.2        |
|    entropy_loss         | -18        |
|    explained_variance   | 0.831      |
|    learning_rate        | 0.0003     |
|    loss                 | 0.224      |
|    n_updates            | 14510      |
|    policy_gradient_loss | -0.0783    |
|    std                  | 4.11       |
|    value_loss           | 2.19       |
----------------------------------------
----------------------------------------
| manipularl/             |            |
|    collision_rate       | 0.75       |
|    grasp_failure_rate   | 0.915      |
|    insert_depth_mean    | 0.0012     |
|    insert_tilt_deg_mean | 0.00281    |
|    success_rate         | 0          |
| rollout/                |            |
|    ep_len_mean          | 159        |
|    ep_rew_mean          | -4.32      |
| time/                   |            |
|    fps                  | 814        |
|    iterations           | 125        |
|    time_elapsed         | 628        |
|    total_timesteps      | 512000     |
| train/                  |            |
|    approx_kl            | 0.15858698 |
|    clip_fraction        | 0.449      |
|    clip_range           | 0.2        |
|    entropy_loss         | -18        |
|    explained_variance   | 0.769      |
|    learning_rate        | 0.0003     |
|    loss                 | 0.316      |
|    n_updates            | 14520      |
|    policy_gradient_loss | -0.0711    |
|    std                  | 4.12       |
|    value_loss           | 2.56       |
----------------------------------------
----------------------------------------
| manipularl/             |            |
|    collision_rate       | 0.71       |
|    grasp_failure_rate   | 0.924      |
|    insert_depth_mean    | 0.00134    |
|    insert_tilt_deg_mean | 0.00271    |
|    success_rate         | 0          |
| rollout/                |            |
|    ep_len_mean          | 166        |
|    ep_rew_mean          | -4.31      |
| time/                   |            |
|    fps                  | 813        |
|    iterations           | 126        |
|    time_elapsed         | 634        |
|    total_timesteps      | 516096     |
| train/                  |            |
|    approx_kl            | 0.18396422 |
|    clip_fraction        | 0.472      |
|    clip_range           | 0.2        |
|    entropy_loss         | -18        |
|    explained_variance   | 0.789      |
|    learning_rate        | 0.0003     |
|    loss                 | 0.32       |
|    n_updates            | 14530      |
|    policy_gradient_loss | -0.0759    |
|    std                  | 4.12       |
|    value_loss           | 2.44       |
----------------------------------------
----------------------------------------
| manipularl/             |            |
|    collision_rate       | 0.71       |
|    grasp_failure_rate   | 0.92       |
|    insert_depth_mean    | 0.000739   |
|    insert_tilt_deg_mean | 0.00323    |
|    success_rate         | 0          |
| rollout/                |            |
|    ep_len_mean          | 166        |
|    ep_rew_mean          | -5.09      |
| time/                   |            |
|    fps                  | 813        |
|    iterations           | 127        |
|    time_elapsed         | 639        |
|    total_timesteps      | 520192     |
| train/                  |            |
|    approx_kl            | 0.09637861 |
|    clip_fraction        | 0.36       |
|    clip_range           | 0.2        |
|    entropy_loss         | -18        |
|    explained_variance   | 0.786      |
|    learning_rate        | 0.0003     |
|    loss                 | 0.476      |
|    n_updates            | 14540      |
|    policy_gradient_loss | -0.0641    |
|    std                  | 4.13       |
|    value_loss           | 2.82       |
----------------------------------------
----------------------------------------
| manipularl/             |            |
|    collision_rate       | 0.71       |
|    grasp_failure_rate   | 0.909      |
|    insert_depth_mean    | 0.000739   |
|    insert_tilt_deg_mean | 0.00348    |
|    success_rate         | 0          |
| rollout/                |            |
|    ep_len_mean          | 168        |
|    ep_rew_mean          | -5.21      |
| time/                   |            |
|    fps                  | 814        |
|    iterations           | 128        |
|    time_elapsed         | 643        |
|    total_timesteps      | 524288     |
| train/                  |            |
|    approx_kl            | 0.15343831 |
|    clip_fraction        | 0.45       |
|    clip_range           | 0.2        |
|    entropy_loss         | -18        |
|    explained_variance   | 0.834      |
|    learning_rate        | 0.0003     |
|    loss                 | 0.277      |
|    n_updates            | 14550      |
|    policy_gradient_loss | -0.0795    |
|    std                  | 4.14       |
|    value_loss           | 2.37       |
----------------------------------------
----------------------------------------
| manipularl/             |            |
|    collision_rate       | 0.71       |
|    grasp_failure_rate   | 0.908      |
|    insert_depth_mean    | 0.00134    |
|    insert_tilt_deg_mean | 0.00345    |
|    success_rate         | 0          |
| rollout/                |            |
|    ep_len_mean          | 165        |
|    ep_rew_mean          | -5.08      |
| time/                   |            |
|    fps                  | 814        |
|    iterations           | 129        |
|    time_elapsed         | 648        |
|    total_timesteps      | 528384     |
| train/                  |            |
|    approx_kl            | 0.13377899 |
|    clip_fraction        | 0.416      |
|    clip_range           | 0.2        |
|    entropy_loss         | -18        |
|    explained_variance   | 0.769      |
|    learning_rate        | 0.0003     |
|    loss                 | 0.313      |
|    n_updates            | 14560      |
|    policy_gradient_loss | -0.0686    |
|    std                  | 4.15       |
|    value_loss           | 2.6        |
----------------------------------------
----------------------------------------
| manipularl/             |            |
|    collision_rate       | 0.69       |
|    grasp_failure_rate   | 0.912      |
|    insert_depth_mean    | 0.0012     |
|    insert_tilt_deg_mean | 0.00368    |
|    success_rate         | 0          |
| rollout/                |            |
|    ep_len_mean          | 169        |
|    ep_rew_mean          | -4.98      |
| time/                   |            |
|    fps                  | 814        |
|    iterations           | 130        |
|    time_elapsed         | 653        |
|    total_timesteps      | 532480     |
| train/                  |            |
|    approx_kl            | 0.13416418 |
|    clip_fraction        | 0.435      |
|    clip_range           | 0.2        |
|    entropy_loss         | -18        |
|    explained_variance   | 0.759      |
|    learning_rate        | 0.0003     |
|    loss                 | 0.428      |
|    n_updates            | 14570      |
|    policy_gradient_loss | -0.0723    |
|    std                  | 4.15       |
|    value_loss           | 2.69       |
----------------------------------------
----------------------------------------
| manipularl/             |            |
|    collision_rate       | 0.68       |
|    grasp_failure_rate   | 0.911      |
|    insert_depth_mean    | 0.0018     |
|    insert_tilt_deg_mean | 0.00346    |
|    success_rate         | 0          |
| rollout/                |            |
|    ep_len_mean          | 175        |
|    ep_rew_mean          | -4.46      |
| time/                   |            |
|    fps                  | 814        |
|    iterations           | 131        |
|    time_elapsed         | 658        |
|    total_timesteps      | 536576     |
| train/                  |            |
|    approx_kl            | 0.14958946 |
|    clip_fraction        | 0.428      |
|    clip_range           | 0.2        |
|    entropy_loss         | -18        |
|    explained_variance   | 0.838      |
|    learning_rate        | 0.0003     |
|    loss                 | 0.209      |
|    n_updates            | 14580      |
|    policy_gradient_loss | -0.0736    |
|    std                  | 4.15       |
|    value_loss           | 1.92       |
----------------------------------------
----------------------------------------
| manipularl/             |            |
|    collision_rate       | 0.72       |
|    grasp_failure_rate   | 0.916      |
|    insert_depth_mean    | 0.0012     |
|    insert_tilt_deg_mean | 0.00296    |
|    success_rate         | 0          |
| rollout/                |            |
|    ep_len_mean          | 171        |
|    ep_rew_mean          | -4.71      |
| time/                   |            |
|    fps                  | 814        |
|    iterations           | 132        |
|    time_elapsed         | 663        |
|    total_timesteps      | 540672     |
| train/                  |            |
|    approx_kl            | 0.15516204 |
|    clip_fraction        | 0.44       |
|    clip_range           | 0.2        |
|    entropy_loss         | -18.1      |
|    explained_variance   | 0.797      |
|    learning_rate        | 0.0003     |
|    loss                 | 0.231      |
|    n_updates            | 14590      |
|    policy_gradient_loss | -0.0739    |
|    std                  | 4.17       |
|    value_loss           | 2.34       |
----------------------------------------
----------------------------------------
| manipularl/             |            |
|    collision_rate       | 0.73       |
|    grasp_failure_rate   | 0.92       |
|    insert_depth_mean    | 0.000601   |
|    insert_tilt_deg_mean | 0.00351    |
|    success_rate         | 0          |
| rollout/                |            |
|    ep_len_mean          | 172        |
|    ep_rew_mean          | -7.35      |
| time/                   |            |
|    fps                  | 814        |
|    iterations           | 133        |
|    time_elapsed         | 668        |
|    total_timesteps      | 544768     |
| train/                  |            |
|    approx_kl            | 0.10916926 |
|    clip_fraction        | 0.389      |
|    clip_range           | 0.2        |
|    entropy_loss         | -18.1      |
|    explained_variance   | 0.809      |
|    learning_rate        | 0.0003     |
|    loss                 | 0.541      |
|    n_updates            | 14600      |
|    policy_gradient_loss | -0.0665    |
|    std                  | 4.18       |
|    value_loss           | 2.74       |
----------------------------------------
----------------------------------------
| manipularl/             |            |
|    collision_rate       | 0.73       |
|    grasp_failure_rate   | 0.926      |
|    insert_depth_mean    | 0.000601   |
|    insert_tilt_deg_mean | 0.0036     |
|    success_rate         | 0          |
| rollout/                |            |
|    ep_len_mean          | 174        |
|    ep_rew_mean          | -7.88      |
| time/                   |            |
|    fps                  | 815        |
|    iterations           | 134        |
|    time_elapsed         | 673        |
|    total_timesteps      | 548864     |
| train/                  |            |
|    approx_kl            | 0.07217679 |
|    clip_fraction        | 0.339      |
|    clip_range           | 0.2        |
|    entropy_loss         | -18.1      |
|    explained_variance   | 0.753      |
|    learning_rate        | 0.0003     |
|    loss                 | 0.747      |
|    n_updates            | 14610      |
|    policy_gradient_loss | -0.0555    |
|    std                  | 4.18       |
|    value_loss           | 3.5        |
----------------------------------------
---------------------------------------
| manipularl/             |           |
|    collision_rate       | 0.73      |
|    grasp_failure_rate   | 0.919     |
|    insert_depth_mean    | 0.000601  |
|    insert_tilt_deg_mean | 0.0038    |
|    success_rate         | 0         |
| rollout/                |           |
|    ep_len_mean          | 166       |
|    ep_rew_mean          | -8.05     |
| time/                   |           |
|    fps                  | 815       |
|    iterations           | 135       |
|    time_elapsed         | 677       |
|    total_timesteps      | 552960    |
| train/                  |           |
|    approx_kl            | 0.1307826 |
|    clip_fraction        | 0.401     |
|    clip_range           | 0.2       |
|    entropy_loss         | -18       |
|    explained_variance   | 0.813     |
|    learning_rate        | 0.0003    |
|    loss                 | 0.26      |
|    n_updates            | 14620     |
|    policy_gradient_loss | -0.069    |
|    std                  | 4.17      |
|    value_loss           | 2.25      |
---------------------------------------
----------------------------------------
| manipularl/             |            |
|    collision_rate       | 0.68       |
|    grasp_failure_rate   | 0.928      |
|    insert_depth_mean    | 0.0012     |
|    insert_tilt_deg_mean | 0.00422    |
|    success_rate         | 0          |
| rollout/                |            |
|    ep_len_mean          | 184        |
|    ep_rew_mean          | -9.63      |
| time/                   |            |
|    fps                  | 816        |
|    iterations           | 136        |
|    time_elapsed         | 682        |
|    total_timesteps      | 557056     |
| train/                  |            |
|    approx_kl            | 0.13453145 |
|    clip_fraction        | 0.414      |
|    clip_range           | 0.2        |
|    entropy_loss         | -18        |
|    explained_variance   | 0.823      |
|    learning_rate        | 0.0003     |
|    loss                 | 0.484      |
|    n_updates            | 14630      |
|    policy_gradient_loss | -0.0697    |
|    std                  | 4.18       |
|    value_loss           | 2.89       |
----------------------------------------
----------------------------------------
| manipularl/             |            |
|    collision_rate       | 0.64       |
|    grasp_failure_rate   | 0.922      |
|    insert_depth_mean    | 0.00125    |
|    insert_tilt_deg_mean | 0.00406    |
|    success_rate         | 0          |
| rollout/                |            |
|    ep_len_mean          | 186        |
|    ep_rew_mean          | -7.96      |
| time/                   |            |
|    fps                  | 816        |
|    iterations           | 137        |
|    time_elapsed         | 687        |
|    total_timesteps      | 561152     |
| train/                  |            |
|    approx_kl            | 0.15854634 |
|    clip_fraction        | 0.431      |
|    clip_range           | 0.2        |
|    entropy_loss         | -18.1      |
|    explained_variance   | 0.851      |
|    learning_rate        | 0.0003     |
|    loss                 | 0.133      |
|    n_updates            | 14640      |
|    policy_gradient_loss | -0.0726    |
|    std                  | 4.18       |
|    value_loss           | 1.67       |
----------------------------------------
----------------------------------------
| manipularl/             |            |
|    collision_rate       | 0.64       |
|    grasp_failure_rate   | 0.924      |
|    insert_depth_mean    | 0.00137    |
|    insert_tilt_deg_mean | 0.00364    |
|    success_rate         | 0          |
| rollout/                |            |
|    ep_len_mean          | 188        |
|    ep_rew_mean          | -6.79      |
| time/                   |            |
|    fps                  | 816        |
|    iterations           | 138        |
|    time_elapsed         | 692        |
|    total_timesteps      | 565248     |
| train/                  |            |
|    approx_kl            | 0.14593074 |
|    clip_fraction        | 0.433      |
|    clip_range           | 0.2        |
|    entropy_loss         | -18.1      |
|    explained_variance   | 0.864      |
|    learning_rate        | 0.0003     |
|    loss                 | 0.237      |
|    n_updates            | 14650      |
|    policy_gradient_loss | -0.076     |
|    std                  | 4.18       |
|    value_loss           | 2.25       |
----------------------------------------
----------------------------------------
| manipularl/             |            |
|    collision_rate       | 0.7        |
|    grasp_failure_rate   | 0.922      |
|    insert_depth_mean    | 0.00137    |
|    insert_tilt_deg_mean | 0.0036     |
|    success_rate         | 0          |
| rollout/                |            |
|    ep_len_mean          | 175        |
|    ep_rew_mean          | -5.56      |
| time/                   |            |
|    fps                  | 816        |
|    iterations           | 139        |
|    time_elapsed         | 697        |
|    total_timesteps      | 569344     |
| train/                  |            |
|    approx_kl            | 0.16281632 |
|    clip_fraction        | 0.458      |
|    clip_range           | 0.2        |
|    entropy_loss         | -18.1      |
|    explained_variance   | 0.832      |
|    learning_rate        | 0.0003     |
|    loss                 | 0.321      |
|    n_updates            | 14660      |
|    policy_gradient_loss | -0.074     |
|    std                  | 4.19       |
|    value_loss           | 2.43       |
----------------------------------------
----------------------------------------
| manipularl/             |            |
|    collision_rate       | 0.73       |
|    grasp_failure_rate   | 0.924      |
|    insert_depth_mean    | 0.000765   |
|    insert_tilt_deg_mean | 0.00347    |
|    success_rate         | 0          |
| rollout/                |            |
|    ep_len_mean          | 170        |
|    ep_rew_mean          | -6.87      |
| time/                   |            |
|    fps                  | 816        |
|    iterations           | 140        |
|    time_elapsed         | 702        |
|    total_timesteps      | 573440     |
| train/                  |            |
|    approx_kl            | 0.12022832 |
|    clip_fraction        | 0.396      |
|    clip_range           | 0.2        |
|    entropy_loss         | -18.1      |
|    explained_variance   | 0.847      |
|    learning_rate        | 0.0003     |
|    loss                 | 0.338      |
|    n_updates            | 14670      |
|    policy_gradient_loss | -0.068     |
|    std                  | 4.19       |
|    value_loss           | 2.26       |
----------------------------------------
---------------------------------------
| manipularl/             |           |
|    collision_rate       | 0.76      |
|    grasp_failure_rate   | 0.925     |
|    insert_depth_mean    | 0.000121  |
|    insert_tilt_deg_mean | 0.00313   |
|    success_rate         | 0         |
| rollout/                |           |
|    ep_len_mean          | 164       |
|    ep_rew_mean          | -7.56     |
| time/                   |           |
|    fps                  | 816       |
|    iterations           | 141       |
|    time_elapsed         | 707       |
|    total_timesteps      | 577536    |
| train/                  |           |
|    approx_kl            | 0.0803985 |
|    clip_fraction        | 0.362     |
|    clip_range           | 0.2       |
|    entropy_loss         | -18       |
|    explained_variance   | 0.799     |
|    learning_rate        | 0.0003    |
|    loss                 | 0.587     |
|    n_updates            | 14680     |
|    policy_gradient_loss | -0.0597   |
|    std                  | 4.2       |
|    value_loss           | 3.29      |
---------------------------------------
----------------------------------------
| manipularl/             |            |
|    collision_rate       | 0.75       |
|    grasp_failure_rate   | 0.918      |
|    insert_depth_mean    | 0          |
|    insert_tilt_deg_mean | 0.336      |
|    success_rate         | 0          |
| rollout/                |            |
|    ep_len_mean          | 160        |
|    ep_rew_mean          | -7.28      |
| time/                   |            |
|    fps                  | 817        |
|    iterations           | 142        |
|    time_elapsed         | 711        |
|    total_timesteps      | 581632     |
| train/                  |            |
|    approx_kl            | 0.10968533 |
|    clip_fraction        | 0.377      |
|    clip_range           | 0.2        |
|    entropy_loss         | -18        |
|    explained_variance   | 0.698      |
|    learning_rate        | 0.0003     |
|    loss                 | 0.547      |
|    n_updates            | 14690      |
|    policy_gradient_loss | -0.0703    |
|    std                  | 4.2        |
|    value_loss           | 3.5        |
----------------------------------------
----------------------------------------
| manipularl/             |            |
|    collision_rate       | 0.8        |
|    grasp_failure_rate   | 0.906      |
|    insert_depth_mean    | 0.0012     |
|    insert_tilt_deg_mean | 0.336      |
|    success_rate         | 0          |
| rollout/                |            |
|    ep_len_mean          | 136        |
|    ep_rew_mean          | -6.04      |
| time/                   |            |
|    fps                  | 817        |
|    iterations           | 143        |
|    time_elapsed         | 716        |
|    total_timesteps      | 585728     |
| train/                  |            |
|    approx_kl            | 0.14991531 |
|    clip_fraction        | 0.426      |
|    clip_range           | 0.2        |
|    entropy_loss         | -18        |
|    explained_variance   | 0.797      |
|    learning_rate        | 0.0003     |
|    loss                 | 0.245      |
|    n_updates            | 14700      |
|    policy_gradient_loss | -0.0793    |
|    std                  | 4.21       |
|    value_loss           | 2.41       |
----------------------------------------
----------------------------------------
| manipularl/             |            |
|    collision_rate       | 0.74       |
|    grasp_failure_rate   | 0.915      |
|    insert_depth_mean    | 0.0018     |
|    insert_tilt_deg_mean | 0.336      |
|    success_rate         | 0          |
| rollout/                |            |
|    ep_len_mean          | 157        |
|    ep_rew_mean          | -6.31      |
| time/                   |            |
|    fps                  | 818        |
|    iterations           | 144        |
|    time_elapsed         | 720        |
|    total_timesteps      | 589824     |
| train/                  |            |
|    approx_kl            | 0.16669267 |
|    clip_fraction        | 0.454      |
|    clip_range           | 0.2        |
|    entropy_loss         | -18        |
|    explained_variance   | 0.791      |
|    learning_rate        | 0.0003     |
|    loss                 | 0.549      |
|    n_updates            | 14710      |
|    policy_gradient_loss | -0.0811    |
|    std                  | 4.21       |
|    value_loss           | 3.5        |
----------------------------------------
----------------------------------------
| manipularl/             |            |
|    collision_rate       | 0.72       |
|    grasp_failure_rate   | 0.924      |
|    insert_depth_mean    | 0.0018     |
|    insert_tilt_deg_mean | 0.669      |
|    success_rate         | 0          |
| rollout/                |            |
|    ep_len_mean          | 163        |
|    ep_rew_mean          | -5.8       |
| time/                   |            |
|    fps                  | 818        |
|    iterations           | 145        |
|    time_elapsed         | 725        |
|    total_timesteps      | 593920     |
| train/                  |            |
|    approx_kl            | 0.12404613 |
|    clip_fraction        | 0.387      |
|    clip_range           | 0.2        |
|    entropy_loss         | -18        |
|    explained_variance   | 0.768      |
|    learning_rate        | 0.0003     |
|    loss                 | 0.283      |
|    n_updates            | 14720      |
|    policy_gradient_loss | -0.0713    |
|    std                  | 4.21       |
|    value_loss           | 2.42       |
----------------------------------------
----------------------------------------
| manipularl/             |            |
|    collision_rate       | 0.72       |
|    grasp_failure_rate   | 0.932      |
|    insert_depth_mean    | 0.003      |
|    insert_tilt_deg_mean | 0.337      |
|    success_rate         | 0          |
| rollout/                |            |
|    ep_len_mean          | 162        |
|    ep_rew_mean          | -6.17      |
| time/                   |            |
|    fps                  | 819        |
|    iterations           | 146        |
|    time_elapsed         | 729        |
|    total_timesteps      | 598016     |
| train/                  |            |
|    approx_kl            | 0.11933878 |
|    clip_fraction        | 0.389      |
|    clip_range           | 0.2        |
|    entropy_loss         | -18        |
|    explained_variance   | 0.749      |
|    learning_rate        | 0.0003     |
|    loss                 | 0.305      |
|    n_updates            | 14730      |
|    policy_gradient_loss | -0.0724    |
|    std                  | 4.22       |
|    value_loss           | 2.78       |
----------------------------------------
Eval num_timesteps=600000, episode_reward=-11.16 +/- 25.17
Episode length: 179.25 +/- 164.88
-----------------------------------------
| eval/                   |             |
|    mean_ep_length       | 179         |
|    mean_reward          | -11.2       |
| manipularl/             |             |
|    collision_rate       | 0.7         |
|    grasp_failure_rate   | 0.938       |
|    insert_depth_mean    | 0.0018      |
|    insert_tilt_deg_mean | 0.337       |
|    success_rate         | 0           |
| time/                   |             |
|    total_timesteps      | 600000      |
| train/                  |             |
|    approx_kl            | 0.114201754 |
|    clip_fraction        | 0.398       |
|    clip_range           | 0.2         |
|    entropy_loss         | -18         |
|    explained_variance   | 0.789       |
|    learning_rate        | 0.0003      |
|    loss                 | 0.27        |
|    n_updates            | 14740       |
|    policy_gradient_loss | -0.0728     |
|    std                  | 4.22        |
|    value_loss           | 2.32        |
-----------------------------------------
--------------------------------------
| manipularl/             |          |
|    collision_rate       | 0.7      |
|    grasp_failure_rate   | 0.94     |
|    insert_depth_mean    | 0.0018   |
|    insert_tilt_deg_mean | 0.337    |
|    success_rate         | 0        |
| rollout/                |          |
|    ep_len_mean          | 173      |
|    ep_rew_mean          | -8.01    |
| time/                   |          |
|    fps                  | 808      |
|    iterations           | 147      |
|    time_elapsed         | 744      |
|    total_timesteps      | 602112   |
--------------------------------------
----------------------------------------
| manipularl/             |            |
|    collision_rate       | 0.73       |
|    grasp_failure_rate   | 0.931      |
|    insert_depth_mean    | 0.0012     |
|    insert_tilt_deg_mean | 0.337      |
|    success_rate         | 0          |
| rollout/                |            |
|    ep_len_mean          | 164        |
|    ep_rew_mean          | -6.42      |
| time/                   |            |
|    fps                  | 807        |
|    iterations           | 148        |
|    time_elapsed         | 750        |
|    total_timesteps      | 606208     |
| train/                  |            |
|    approx_kl            | 0.12862477 |
|    clip_fraction        | 0.393      |
|    clip_range           | 0.2        |
|    entropy_loss         | -18        |
|    explained_variance   | 0.783      |
|    learning_rate        | 0.0003     |
|    loss                 | 0.518      |
|    n_updates            | 14750      |
|    policy_gradient_loss | -0.0709    |
|    std                  | 4.22       |
|    value_loss           | 2.97       |
----------------------------------------
---------------------------------------
| manipularl/             |           |
|    collision_rate       | 0.79      |
|    grasp_failure_rate   | 0.919     |
|    insert_depth_mean    | 0.0012    |
|    insert_tilt_deg_mean | 0.669     |
|    success_rate         | 0         |
| rollout/                |           |
|    ep_len_mean          | 146       |
|    ep_rew_mean          | -5.73     |
| time/                   |           |
|    fps                  | 808       |
|    iterations           | 149       |
|    time_elapsed         | 755       |
|    total_timesteps      | 610304    |
| train/                  |           |
|    approx_kl            | 0.1530897 |
|    clip_fraction        | 0.457     |
|    clip_range           | 0.2       |
|    entropy_loss         | -18       |
|    explained_variance   | 0.853     |
|    learning_rate        | 0.0003    |
|    loss                 | 0.212     |
|    n_updates            | 14760     |
|    policy_gradient_loss | -0.0661   |
|    std                  | 4.23      |
|    value_loss           | 2.3       |
---------------------------------------
----------------------------------------
| manipularl/             |            |
|    collision_rate       | 0.81       |
|    grasp_failure_rate   | 0.909      |
|    insert_depth_mean    | 0.0018     |
|    insert_tilt_deg_mean | 0.669      |
|    success_rate         | 0          |
| rollout/                |            |
|    ep_len_mean          | 138        |
|    ep_rew_mean          | -4.36      |
| time/                   |            |
|    fps                  | 808        |
|    iterations           | 150        |
|    time_elapsed         | 759        |
|    total_timesteps      | 614400     |
| train/                  |            |
|    approx_kl            | 0.17444372 |
|    clip_fraction        | 0.467      |
|    clip_range           | 0.2        |
|    entropy_loss         | -18        |
|    explained_variance   | 0.774      |
|    learning_rate        | 0.0003     |
|    loss                 | 0.576      |
|    n_updates            | 14770      |
|    policy_gradient_loss | -0.0815    |
|    std                  | 4.23       |
|    value_loss           | 3.15       |
----------------------------------------
----------------------------------------
| manipularl/             |            |
|    collision_rate       | 0.82       |
|    grasp_failure_rate   | 0.915      |
|    insert_depth_mean    | 0.0018     |
|    insert_tilt_deg_mean | 0.669      |
|    success_rate         | 0          |
| rollout/                |            |
|    ep_len_mean          | 135        |
|    ep_rew_mean          | -4.59      |
| time/                   |            |
|    fps                  | 808        |
|    iterations           | 151        |
|    time_elapsed         | 764        |
|    total_timesteps      | 618496     |
| train/                  |            |
|    approx_kl            | 0.15202425 |
|    clip_fraction        | 0.405      |
|    clip_range           | 0.2        |
|    entropy_loss         | -18        |
|    explained_variance   | 0.802      |
|    learning_rate        | 0.0003     |
|    loss                 | 0.302      |
|    n_updates            | 14780      |
|    policy_gradient_loss | -0.0702    |
|    std                  | 4.23       |
|    value_loss           | 2.33       |
----------------------------------------
----------------------------------------
| manipularl/             |            |
|    collision_rate       | 0.83       |
|    grasp_failure_rate   | 0.911      |
|    insert_depth_mean    | 0.00131    |
|    insert_tilt_deg_mean | 0.00313    |
|    success_rate         | 0          |
| rollout/                |            |
|    ep_len_mean          | 131        |
|    ep_rew_mean          | -3.99      |
| time/                   |            |
|    fps                  | 808        |
|    iterations           | 152        |
|    time_elapsed         | 769        |
|    total_timesteps      | 622592     |
| train/                  |            |
|    approx_kl            | 0.15912858 |
|    clip_fraction        | 0.449      |
|    clip_range           | 0.2        |
|    entropy_loss         | -18        |
|    explained_variance   | 0.787      |
|    learning_rate        | 0.0003     |
|    loss                 | 0.25       |
|    n_updates            | 14790      |
|    policy_gradient_loss | -0.0703    |
|    std                  | 4.24       |
|    value_loss           | 2.41       |
----------------------------------------
----------------------------------------
| manipularl/             |            |
|    collision_rate       | 0.77       |
|    grasp_failure_rate   | 0.918      |
|    insert_depth_mean    | 0.000708   |
|    insert_tilt_deg_mean | 0.00327    |
|    success_rate         | 0          |
| rollout/                |            |
|    ep_len_mean          | 151        |
|    ep_rew_mean          | -5.8       |
| time/                   |            |
|    fps                  | 808        |
|    iterations           | 153        |
|    time_elapsed         | 774        |
|    total_timesteps      | 626688     |
| train/                  |            |
|    approx_kl            | 0.13650274 |
|    clip_fraction        | 0.434      |
|    clip_range           | 0.2        |
|    entropy_loss         | -18        |
|    explained_variance   | 0.84       |
|    learning_rate        | 0.0003     |
|    loss                 | 0.23       |
|    n_updates            | 14800      |
|    policy_gradient_loss | -0.0694    |
|    std                  | 4.25       |
|    value_loss           | 2.34       |
----------------------------------------
----------------------------------------
| manipularl/             |            |
|    collision_rate       | 0.74       |
|    grasp_failure_rate   | 0.918      |
|    insert_depth_mean    | 0.000108   |
|    insert_tilt_deg_mean | 0.00322    |
|    success_rate         | 0          |
| rollout/                |            |
|    ep_len_mean          | 160        |
|    ep_rew_mean          | -5.91      |
| time/                   |            |
|    fps                  | 809        |
|    iterations           | 154        |
|    time_elapsed         | 779        |
|    total_timesteps      | 630784     |
| train/                  |            |
|    approx_kl            | 0.17169465 |
|    clip_fraction        | 0.451      |
|    clip_range           | 0.2        |
|    entropy_loss         | -18        |
|    explained_variance   | 0.827      |
|    learning_rate        | 0.0003     |
|    loss                 | 0.324      |
|    n_updates            | 14810      |
|    policy_gradient_loss | -0.0747    |
|    std                  | 4.25       |
|    value_loss           | 2.4        |
----------------------------------------
----------------------------------------
| manipularl/             |            |
|    collision_rate       | 0.71       |
|    grasp_failure_rate   | 0.921      |
|    insert_depth_mean    | 0.000708   |
|    insert_tilt_deg_mean | 0.336      |
|    success_rate         | 0          |
| rollout/                |            |
|    ep_len_mean          | 168        |
|    ep_rew_mean          | -5.43      |
| time/                   |            |
|    fps                  | 809        |
|    iterations           | 155        |
|    time_elapsed         | 783        |
|    total_timesteps      | 634880     |
| train/                  |            |
|    approx_kl            | 0.18244657 |
|    clip_fraction        | 0.476      |
|    clip_range           | 0.2        |
|    entropy_loss         | -18        |
|    explained_variance   | 0.898      |
|    learning_rate        | 0.0003     |
|    loss                 | 0.108      |
|    n_updates            | 14820      |
|    policy_gradient_loss | -0.0684    |
|    std                  | 4.25       |
|    value_loss           | 1.53       |
----------------------------------------
---------------------------------------
| manipularl/             |           |
|    collision_rate       | 0.74      |
|    grasp_failure_rate   | 0.917     |
|    insert_depth_mean    | 0.0012    |
|    insert_tilt_deg_mean | 0.668     |
|    success_rate         | 0         |
| rollout/                |           |
|    ep_len_mean          | 158       |
|    ep_rew_mean          | -6.3      |
| time/                   |           |
|    fps                  | 810       |
|    iterations           | 156       |
|    time_elapsed         | 788       |
|    total_timesteps      | 638976    |
| train/                  |           |
|    approx_kl            | 0.1458824 |
|    clip_fraction        | 0.432     |
|    clip_range           | 0.2       |
|    entropy_loss         | -18       |
|    explained_variance   | 0.788     |
|    learning_rate        | 0.0003    |
|    loss                 | 0.215     |
|    n_updates            | 14830     |
|    policy_gradient_loss | -0.0748   |
|    std                  | 4.25      |
|    value_loss           | 2.24      |
---------------------------------------
-----------------------------------------
| manipularl/             |             |
|    collision_rate       | 0.72        |
|    grasp_failure_rate   | 0.926       |
|    insert_depth_mean    | 0.0018      |
|    insert_tilt_deg_mean | 1           |
|    success_rate         | 0           |
| rollout/                |             |
|    ep_len_mean          | 157         |
|    ep_rew_mean          | -6.48       |
| time/                   |             |
|    fps                  | 810         |
|    iterations           | 157         |
|    time_elapsed         | 793         |
|    total_timesteps      | 643072      |
| train/                  |             |
|    approx_kl            | 0.113899805 |
|    clip_fraction        | 0.387       |
|    clip_range           | 0.2         |
|    entropy_loss         | -18.1       |
|    explained_variance   | 0.712       |
|    learning_rate        | 0.0003      |
|    loss                 | 0.564       |
|    n_updates            | 14840       |
|    policy_gradient_loss | -0.0697     |
|    std                  | 4.26        |
|    value_loss           | 3.36        |
-----------------------------------------
----------------------------------------
| manipularl/             |            |
|    collision_rate       | 0.73       |
|    grasp_failure_rate   | 0.933      |
|    insert_depth_mean    | 0.0018     |
|    insert_tilt_deg_mean | 1          |
|    success_rate         | 0          |
| rollout/                |            |
|    ep_len_mean          | 157        |
|    ep_rew_mean          | -7.06      |
| time/                   |            |
|    fps                  | 810        |
|    iterations           | 158        |
|    time_elapsed         | 798        |
|    total_timesteps      | 647168     |
| train/                  |            |
|    approx_kl            | 0.12601858 |
|    clip_fraction        | 0.398      |
|    clip_range           | 0.2        |
|    entropy_loss         | -18        |
|    explained_variance   | 0.729      |
|    learning_rate        | 0.0003     |
|    loss                 | 0.525      |
|    n_updates            | 14850      |
|    policy_gradient_loss | -0.0767    |
|    std                  | 4.26       |
|    value_loss           | 3.29       |
----------------------------------------
----------------------------------------
| manipularl/             |            |
|    collision_rate       | 0.7        |
|    grasp_failure_rate   | 0.932      |
|    insert_depth_mean    | 0.0012     |
|    insert_tilt_deg_mean | 0.668      |
|    success_rate         | 0          |
| rollout/                |            |
|    ep_len_mean          | 166        |
|    ep_rew_mean          | -6.91      |
| time/                   |            |
|    fps                  | 810        |
|    iterations           | 159        |
|    time_elapsed         | 803        |
|    total_timesteps      | 651264     |
| train/                  |            |
|    approx_kl            | 0.15059337 |
|    clip_fraction        | 0.401      |
|    clip_range           | 0.2        |
|    entropy_loss         | -18        |
|    explained_variance   | 0.83       |
|    learning_rate        | 0.0003     |
|    loss                 | 0.211      |
|    n_updates            | 14860      |
|    policy_gradient_loss | -0.0657    |
|    std                  | 4.27       |
|    value_loss           | 2.2        |
----------------------------------------
----------------------------------------
| manipularl/             |            |
|    collision_rate       | 0.71       |
|    grasp_failure_rate   | 0.926      |
|    insert_depth_mean    | 0.00127    |
|    insert_tilt_deg_mean | 0.336      |
|    success_rate         | 0          |
| rollout/                |            |
|    ep_len_mean          | 165        |
|    ep_rew_mean          | -6.88      |
| time/                   |            |
|    fps                  | 810        |
|    iterations           | 160        |
|    time_elapsed         | 808        |
|    total_timesteps      | 655360     |
| train/                  |            |
|    approx_kl            | 0.19599217 |
|    clip_fraction        | 0.454      |
|    clip_range           | 0.2        |
|    entropy_loss         | -18.1      |
|    explained_variance   | 0.895      |
|    learning_rate        | 0.0003     |
|    loss                 | 0.0915     |
|    n_updates            | 14870      |
|    policy_gradient_loss | -0.0758    |
|    std                  | 4.27       |
|    value_loss           | 1.64       |
----------------------------------------
---------------------------------------
| manipularl/             |           |
|    collision_rate       | 0.7       |
|    grasp_failure_rate   | 0.931     |
|    insert_depth_mean    | 0.000668  |
|    insert_tilt_deg_mean | 0.336     |
|    success_rate         | 0         |
| rollout/                |           |
|    ep_len_mean          | 167       |
|    ep_rew_mean          | -5.91     |
| time/                   |           |
|    fps                  | 810       |
|    iterations           | 161       |
|    time_elapsed         | 813       |
|    total_timesteps      | 659456    |
| train/                  |           |
|    approx_kl            | 0.1677435 |
|    clip_fraction        | 0.476     |
|    clip_range           | 0.2       |
|    entropy_loss         | -18.1     |
|    explained_variance   | 0.718     |
|    learning_rate        | 0.0003    |
|    loss                 | 0.504     |
|    n_updates            | 14880     |
|    policy_gradient_loss | -0.0808   |
|    std                  | 4.29      |
|    value_loss           | 3.45      |
---------------------------------------
----------------------------------------
| manipularl/             |            |
|    collision_rate       | 0.72       |
|    grasp_failure_rate   | 0.929      |
|    insert_depth_mean    | 0.000668   |
|    insert_tilt_deg_mean | 0.336      |
|    success_rate         | 0          |
| rollout/                |            |
|    ep_len_mean          | 165        |
|    ep_rew_mean          | -5.83      |
| time/                   |            |
|    fps                  | 810        |
|    iterations           | 162        |
|    time_elapsed         | 818        |
|    total_timesteps      | 663552     |
| train/                  |            |
|    approx_kl            | 0.15901309 |
|    clip_fraction        | 0.441      |
|    clip_range           | 0.2        |
|    entropy_loss         | -18.1      |
|    explained_variance   | 0.792      |
|    learning_rate        | 0.0003     |
|    loss                 | 0.269      |
|    n_updates            | 14890      |
|    policy_gradient_loss | -0.0745    |
|    std                  | 4.3        |
|    value_loss           | 2.15       |
----------------------------------------
---------------------------------------
| manipularl/             |           |
|    collision_rate       | 0.76      |
|    grasp_failure_rate   | 0.927     |
|    insert_depth_mean    | 0.000668  |
|    insert_tilt_deg_mean | 0.335     |
|    success_rate         | 0         |
| rollout/                |           |
|    ep_len_mean          | 151       |
|    ep_rew_mean          | -6.39     |
| time/                   |           |
|    fps                  | 810       |
|    iterations           | 163       |
|    time_elapsed         | 823       |
|    total_timesteps      | 667648    |
| train/                  |           |
|    approx_kl            | 0.1551184 |
|    clip_fraction        | 0.42      |
|    clip_range           | 0.2       |
|    entropy_loss         | -18.1     |
|    explained_variance   | 0.821     |
|    learning_rate        | 0.0003    |
|    loss                 | 0.303     |
|    n_updates            | 14900     |
|    policy_gradient_loss | -0.0737   |
|    std                  | 4.31      |
|    value_loss           | 2.25      |
---------------------------------------
----------------------------------------
| manipularl/             |            |
|    collision_rate       | 0.71       |
|    grasp_failure_rate   | 0.934      |
|    insert_depth_mean    | 0          |
|    insert_tilt_deg_mean | 1.14       |
|    success_rate         | 0          |
| rollout/                |            |
|    ep_len_mean          | 167        |
|    ep_rew_mean          | -7.79      |
| time/                   |            |
|    fps                  | 810        |
|    iterations           | 164        |
|    time_elapsed         | 828        |
|    total_timesteps      | 671744     |
| train/                  |            |
|    approx_kl            | 0.16018778 |
|    clip_fraction        | 0.442      |
|    clip_range           | 0.2        |
|    entropy_loss         | -18.1      |
|    explained_variance   | 0.806      |
|    learning_rate        | 0.0003     |
|    loss                 | 0.354      |
|    n_updates            | 14910      |
|    policy_gradient_loss | -0.0788    |
|    std                  | 4.32       |
|    value_loss           | 2.62       |
----------------------------------------
----------------------------------------
| manipularl/             |            |
|    collision_rate       | 0.76       |
|    grasp_failure_rate   | 0.927      |
|    insert_depth_mean    | 0          |
|    insert_tilt_deg_mean | 1.14       |
|    success_rate         | 0          |
| rollout/                |            |
|    ep_len_mean          | 155        |
|    ep_rew_mean          | -7.88      |
| time/                   |            |
|    fps                  | 810        |
|    iterations           | 165        |
|    time_elapsed         | 833        |
|    total_timesteps      | 675840     |
| train/                  |            |
|    approx_kl            | 0.15443824 |
|    clip_fraction        | 0.438      |
|    clip_range           | 0.2        |
|    entropy_loss         | -18.1      |
|    explained_variance   | 0.797      |
|    learning_rate        | 0.0003     |
|    loss                 | 0.332      |
|    n_updates            | 14920      |
|    policy_gradient_loss | -0.0767    |
|    std                  | 4.33       |
|    value_loss           | 2.48       |
----------------------------------------
----------------------------------------
| manipularl/             |            |
|    collision_rate       | 0.75       |
|    grasp_failure_rate   | 0.925      |
|    insert_depth_mean    | 0          |
|    insert_tilt_deg_mean | 1.14       |
|    success_rate         | 0          |
| rollout/                |            |
|    ep_len_mean          | 155        |
|    ep_rew_mean          | -8.62      |
| time/                   |            |
|    fps                  | 810        |
|    iterations           | 166        |
|    time_elapsed         | 838        |
|    total_timesteps      | 679936     |
| train/                  |            |
|    approx_kl            | 0.16136912 |
|    clip_fraction        | 0.431      |
|    clip_range           | 0.2        |
|    entropy_loss         | -18.1      |
|    explained_variance   | 0.77       |
|    learning_rate        | 0.0003     |
|    loss                 | 0.267      |
|    n_updates            | 14930      |
|    policy_gradient_loss | -0.0756    |
|    std                  | 4.34       |
|    value_loss           | 2.58       |
----------------------------------------
----------------------------------------
| manipularl/             |            |
|    collision_rate       | 0.77       |
|    grasp_failure_rate   | 0.924      |
|    insert_depth_mean    | 0          |
|    insert_tilt_deg_mean | 0.573      |
|    success_rate         | 0          |
| rollout/                |            |
|    ep_len_mean          | 153        |
|    ep_rew_mean          | -7.39      |
| time/                   |            |
|    fps                  | 810        |
|    iterations           | 167        |
|    time_elapsed         | 844        |
|    total_timesteps      | 684032     |
| train/                  |            |
|    approx_kl            | 0.15185723 |
|    clip_fraction        | 0.432      |
|    clip_range           | 0.2        |
|    entropy_loss         | -18.1      |
|    explained_variance   | 0.9        |
|    learning_rate        | 0.0003     |
|    loss                 | 0.212      |
|    n_updates            | 14940      |
|    policy_gradient_loss | -0.0693    |
|    std                  | 4.35       |
|    value_loss           | 1.87       |
----------------------------------------
----------------------------------------
| manipularl/             |            |
|    collision_rate       | 0.76       |
|    grasp_failure_rate   | 0.924      |
|    insert_depth_mean    | 0          |
|    insert_tilt_deg_mean | 0.00263    |
|    success_rate         | 0          |
| rollout/                |            |
|    ep_len_mean          | 164        |
|    ep_rew_mean          | -7.45      |
| time/                   |            |
|    fps                  | 810        |
|    iterations           | 168        |
|    time_elapsed         | 849        |
|    total_timesteps      | 688128     |
| train/                  |            |
|    approx_kl            | 0.13550824 |
|    clip_fraction        | 0.44       |
|    clip_range           | 0.2        |
|    entropy_loss         | -18.1      |
|    explained_variance   | 0.738      |
|    learning_rate        | 0.0003     |
|    loss                 | 0.411      |
|    n_updates            | 14950      |
|    policy_gradient_loss | -0.0747    |
|    std                  | 4.35       |
|    value_loss           | 2.79       |
----------------------------------------
----------------------------------------
| manipularl/             |            |
|    collision_rate       | 0.74       |
|    grasp_failure_rate   | 0.924      |
|    insert_depth_mean    | 0          |
|    insert_tilt_deg_mean | 0.573      |
|    success_rate         | 0          |
| rollout/                |            |
|    ep_len_mean          | 167        |
|    ep_rew_mean          | -7.44      |
| time/                   |            |
|    fps                  | 810        |
|    iterations           | 169        |
|    time_elapsed         | 854        |
|    total_timesteps      | 692224     |
| train/                  |            |
|    approx_kl            | 0.12485454 |
|    clip_fraction        | 0.374      |
|    clip_range           | 0.2        |
|    entropy_loss         | -18.1      |
|    explained_variance   | 0.732      |
|    learning_rate        | 0.0003     |
|    loss                 | 0.387      |
|    n_updates            | 14960      |
|    policy_gradient_loss | -0.0697    |
|    std                  | 4.35       |
|    value_loss           | 2.84       |
----------------------------------------
----------------------------------------
| manipularl/             |            |
|    collision_rate       | 0.78       |
|    grasp_failure_rate   | 0.911      |
|    insert_depth_mean    | 0.000425   |
|    insert_tilt_deg_mean | 1.14       |
|    success_rate         | 0          |
| rollout/                |            |
|    ep_len_mean          | 149        |
|    ep_rew_mean          | -6.4       |
| time/                   |            |
|    fps                  | 810        |
|    iterations           | 170        |
|    time_elapsed         | 859        |
|    total_timesteps      | 696320     |
| train/                  |            |
|    approx_kl            | 0.12856796 |
|    clip_fraction        | 0.434      |
|    clip_range           | 0.2        |
|    entropy_loss         | -18.1      |
|    explained_variance   | 0.791      |
|    learning_rate        | 0.0003     |
|    loss                 | 0.513      |
|    n_updates            | 14970      |
|    policy_gradient_loss | -0.0729    |
|    std                  | 4.36       |
|    value_loss           | 3.07       |
----------------------------------------
----------------------------------------
| manipularl/             |            |
|    collision_rate       | 0.74       |
|    grasp_failure_rate   | 0.909      |
|    insert_depth_mean    | 0.000425   |
|    insert_tilt_deg_mean | 1.14       |
|    success_rate         | 0          |
| rollout/                |            |
|    ep_len_mean          | 156        |
|    ep_rew_mean          | -5.75      |
| time/                   |            |
|    fps                  | 810        |
|    iterations           | 171        |
|    time_elapsed         | 864        |
|    total_timesteps      | 700416     |
| train/                  |            |
|    approx_kl            | 0.15598586 |
|    clip_fraction        | 0.414      |
|    clip_range           | 0.2        |
|    entropy_loss         | -18.1      |
|    explained_variance   | 0.849      |
|    learning_rate        | 0.0003     |
|    loss                 | 0.338      |
|    n_updates            | 14980      |
|    policy_gradient_loss | -0.0742    |
|    std                  | 4.37       |
|    value_loss           | 2.62       |
----------------------------------------
----------------------------------------
| manipularl/             |            |
|    collision_rate       | 0.71       |
|    grasp_failure_rate   | 0.915      |
|    insert_depth_mean    | 0.000425   |
|    insert_tilt_deg_mean | 1.14       |
|    success_rate         | 0          |
| rollout/                |            |
|    ep_len_mean          | 163        |
|    ep_rew_mean          | -6.55      |
| time/                   |            |
|    fps                  | 810        |
|    iterations           | 172        |
|    time_elapsed         | 869        |
|    total_timesteps      | 704512     |
| train/                  |            |
|    approx_kl            | 0.17113748 |
|    clip_fraction        | 0.448      |
|    clip_range           | 0.2        |
|    entropy_loss         | -18.1      |
|    explained_variance   | 0.819      |
|    learning_rate        | 0.0003     |
|    loss                 | 0.145      |
|    n_updates            | 14990      |
|    policy_gradient_loss | -0.0813    |
|    std                  | 4.38       |
|    value_loss           | 1.88       |
----------------------------------------
----------------------------------------
| manipularl/             |            |
|    collision_rate       | 0.69       |
|    grasp_failure_rate   | 0.914      |
|    insert_depth_mean    | 0.000425   |
|    insert_tilt_deg_mean | 1.82       |
|    success_rate         | 0          |
| rollout/                |            |
|    ep_len_mean          | 168        |
|    ep_rew_mean          | -6.07      |
| time/                   |            |
|    fps                  | 811        |
|    iterations           | 173        |
|    time_elapsed         | 873        |
|    total_timesteps      | 708608     |
| train/                  |            |
|    approx_kl            | 0.11562409 |
|    clip_fraction        | 0.4        |
|    clip_range           | 0.2        |
|    entropy_loss         | -18.1      |
|    explained_variance   | 0.803      |
|    learning_rate        | 0.0003     |
|    loss                 | 0.283      |
|    n_updates            | 15000      |
|    policy_gradient_loss | -0.0696    |
|    std                  | 4.39       |
|    value_loss           | 2.62       |
----------------------------------------
----------------------------------------
| manipularl/             |            |
|    collision_rate       | 0.69       |
|    grasp_failure_rate   | 0.931      |
|    insert_depth_mean    | 0          |
|    insert_tilt_deg_mean | 1.92       |
|    success_rate         | 0          |
| rollout/                |            |
|    ep_len_mean          | 170        |
|    ep_rew_mean          | -5.23      |
| time/                   |            |
|    fps                  | 811        |
|    iterations           | 174        |
|    time_elapsed         | 878        |
|    total_timesteps      | 712704     |
| train/                  |            |
|    approx_kl            | 0.19398338 |
|    clip_fraction        | 0.477      |
|    clip_range           | 0.2        |
|    entropy_loss         | -18.1      |
|    explained_variance   | 0.889      |
|    learning_rate        | 0.0003     |
|    loss                 | 0.143      |
|    n_updates            | 15010      |
|    policy_gradient_loss | -0.0738    |
|    std                  | 4.39       |
|    value_loss           | 1.75       |
----------------------------------------
---------------------------------------
| manipularl/             |           |
|    collision_rate       | 0.75      |
|    grasp_failure_rate   | 0.937     |
|    insert_depth_mean    | 0.000287  |
|    insert_tilt_deg_mean | 1.92      |
|    success_rate         | 0         |
| rollout/                |           |
|    ep_len_mean          | 149       |
|    ep_rew_mean          | -5.74     |
| time/                   |           |
|    fps                  | 811       |
|    iterations           | 175       |
|    time_elapsed         | 883       |
|    total_timesteps      | 716800    |
| train/                  |           |
|    approx_kl            | 0.1854985 |
|    clip_fraction        | 0.451     |
|    clip_range           | 0.2       |
|    entropy_loss         | -18.1     |
|    explained_variance   | 0.851     |
|    learning_rate        | 0.0003    |
|    loss                 | 0.216     |
|    n_updates            | 15020     |
|    policy_gradient_loss | -0.0688   |
|    std                  | 4.39      |
|    value_loss           | 1.98      |
---------------------------------------
----------------------------------------
| manipularl/             |            |
|    collision_rate       | 0.77       |
|    grasp_failure_rate   | 0.912      |
|    insert_depth_mean    | 0.000417   |
|    insert_tilt_deg_mean | 1.25       |
|    success_rate         | 0          |
| rollout/                |            |
|    ep_len_mean          | 141        |
|    ep_rew_mean          | -4.48      |
| time/                   |            |
|    fps                  | 811        |
|    iterations           | 176        |
|    time_elapsed         | 887        |
|    total_timesteps      | 720896     |
| train/                  |            |
|    approx_kl            | 0.14464788 |
|    clip_fraction        | 0.439      |
|    clip_range           | 0.2        |
|    entropy_loss         | -18.1      |
|    explained_variance   | 0.758      |
|    learning_rate        | 0.0003     |
|    loss                 | 0.315      |
|    n_updates            | 15030      |
|    policy_gradient_loss | -0.0756    |
|    std                  | 4.39       |
|    value_loss           | 2.42       |
----------------------------------------
----------------------------------------
| manipularl/             |            |
|    collision_rate       | 0.79       |
|    grasp_failure_rate   | 0.913      |
|    insert_depth_mean    | 0.000417   |
|    insert_tilt_deg_mean | 2.39       |
|    success_rate         | 0          |
| rollout/                |            |
|    ep_len_mean          | 128        |
|    ep_rew_mean          | -4.79      |
| time/                   |            |
|    fps                  | 812        |
|    iterations           | 177        |
|    time_elapsed         | 892        |
|    total_timesteps      | 724992     |
| train/                  |            |
|    approx_kl            | 0.15228657 |
|    clip_fraction        | 0.441      |
|    clip_range           | 0.2        |
|    entropy_loss         | -18.1      |
|    explained_variance   | 0.76       |
|    learning_rate        | 0.0003     |
|    loss                 | 0.451      |
|    n_updates            | 15040      |
|    policy_gradient_loss | -0.0798    |
|    std                  | 4.4        |
|    value_loss           | 2.97       |
----------------------------------------
----------------------------------------
| manipularl/             |            |
|    collision_rate       | 0.84       |
|    grasp_failure_rate   | 0.907      |
|    insert_depth_mean    | 0.00013    |
|    insert_tilt_deg_mean | 2.39       |
|    success_rate         | 0          |
| rollout/                |            |
|    ep_len_mean          | 110        |
|    ep_rew_mean          | -4.1       |
| time/                   |            |
|    fps                  | 812        |
|    iterations           | 178        |
|    time_elapsed         | 897        |
|    total_timesteps      | 729088     |
| train/                  |            |
|    approx_kl            | 0.15185553 |
|    clip_fraction        | 0.427      |
|    clip_range           | 0.2        |
|    entropy_loss         | -18.1      |
|    explained_variance   | 0.853      |
|    learning_rate        | 0.0003     |
|    loss                 | 0.161      |
|    n_updates            | 15050      |
|    policy_gradient_loss | -0.0779    |
|    std                  | 4.41       |
|    value_loss           | 1.94       |
----------------------------------------
----------------------------------------
| manipularl/             |            |
|    collision_rate       | 0.83       |
|    grasp_failure_rate   | 0.926      |
|    insert_depth_mean    | 0          |
|    insert_tilt_deg_mean | 1.93       |
|    success_rate         | 0          |
| rollout/                |            |
|    ep_len_mean          | 116        |
|    ep_rew_mean          | -5.67      |
| time/                   |            |
|    fps                  | 812        |
|    iterations           | 179        |
|    time_elapsed         | 902        |
|    total_timesteps      | 733184     |
| train/                  |            |
|    approx_kl            | 0.11049588 |
|    clip_fraction        | 0.384      |
|    clip_range           | 0.2        |
|    entropy_loss         | -18.1      |
|    explained_variance   | 0.815      |
|    learning_rate        | 0.0003     |
|    loss                 | 0.593      |
|    n_updates            | 15060      |
|    policy_gradient_loss | -0.0654    |
|    std                  | 4.41       |
|    value_loss           | 3.25       |
----------------------------------------
----------------------------------------
| manipularl/             |            |
|    collision_rate       | 0.82       |
|    grasp_failure_rate   | 0.921      |
|    insert_depth_mean    | 0          |
|    insert_tilt_deg_mean | 1.35       |
|    success_rate         | 0          |
| rollout/                |            |
|    ep_len_mean          | 122        |
|    ep_rew_mean          | -5.89      |
| time/                   |            |
|    fps                  | 812        |
|    iterations           | 180        |
|    time_elapsed         | 907        |
|    total_timesteps      | 737280     |
| train/                  |            |
|    approx_kl            | 0.13195837 |
|    clip_fraction        | 0.414      |
|    clip_range           | 0.2        |
|    entropy_loss         | -18.1      |
|    explained_variance   | 0.75       |
|    learning_rate        | 0.0003     |
|    loss                 | 0.486      |
|    n_updates            | 15070      |
|    policy_gradient_loss | -0.0803    |
|    std                  | 4.42       |
|    value_loss           | 3.17       |
----------------------------------------
----------------------------------------
| manipularl/             |            |
|    collision_rate       | 0.85       |
|    grasp_failure_rate   | 0.911      |
|    insert_depth_mean    | 0          |
|    insert_tilt_deg_mean | 1.35       |
|    success_rate         | 0          |
| rollout/                |            |
|    ep_len_mean          | 110        |
|    ep_rew_mean          | -4.39      |
| time/                   |            |
|    fps                  | 813        |
|    iterations           | 181        |
|    time_elapsed         | 911        |
|    total_timesteps      | 741376     |
| train/                  |            |
|    approx_kl            | 0.15170911 |
|    clip_fraction        | 0.426      |
|    clip_range           | 0.2        |
|    entropy_loss         | -18.1      |
|    explained_variance   | 0.861      |
|    learning_rate        | 0.0003     |
|    loss                 | 0.243      |
|    n_updates            | 15080      |
|    policy_gradient_loss | -0.0682    |
|    std                  | 4.43       |
|    value_loss           | 2.03       |
----------------------------------------
----------------------------------------
| manipularl/             |            |
|    collision_rate       | 0.81       |
|    grasp_failure_rate   | 0.909      |
|    insert_depth_mean    | 0          |
|    insert_tilt_deg_mean | 0.679      |
|    success_rate         | 0          |
| rollout/                |            |
|    ep_len_mean          | 126        |
|    ep_rew_mean          | -3.96      |
| time/                   |            |
|    fps                  | 813        |
|    iterations           | 182        |
|    time_elapsed         | 916        |
|    total_timesteps      | 745472     |
| train/                  |            |
|    approx_kl            | 0.13397285 |
|    clip_fraction        | 0.42       |
|    clip_range           | 0.2        |
|    entropy_loss         | -18.1      |
|    explained_variance   | 0.789      |
|    learning_rate        | 0.0003     |
|    loss                 | 0.54       |
|    n_updates            | 15090      |
|    policy_gradient_loss | -0.0759    |
|    std                  | 4.44       |
|    value_loss           | 3.41       |
----------------------------------------
---------------------------------------
| manipularl/             |           |
|    collision_rate       | 0.85      |
|    grasp_failure_rate   | 0.917     |
|    insert_depth_mean    | 0         |
|    insert_tilt_deg_mean | 0.00364   |
|    success_rate         | 0         |
| rollout/                |           |
|    ep_len_mean          | 117       |
|    ep_rew_mean          | -4.59     |
| time/                   |           |
|    fps                  | 812       |
|    iterations           | 183       |
|    time_elapsed         | 922       |
|    total_timesteps      | 749568    |
| train/                  |           |
|    approx_kl            | 0.1546084 |
|    clip_fraction        | 0.445     |
|    clip_range           | 0.2       |
|    entropy_loss         | -18.1     |
|    explained_variance   | 0.784     |
|    learning_rate        | 0.0003    |
|    loss                 | 0.422     |
|    n_updates            | 15100     |
|    policy_gradient_loss | -0.0812   |
|    std                  | 4.44      |
|    value_loss           | 2.75      |
---------------------------------------
----------------------------------------
| manipularl/             |            |
|    collision_rate       | 0.85       |
|    grasp_failure_rate   | 0.92       |
|    insert_depth_mean    | 0.000131   |
|    insert_tilt_deg_mean | 1.35       |
|    success_rate         | 0          |
| rollout/                |            |
|    ep_len_mean          | 121        |
|    ep_rew_mean          | -4.84      |
| time/                   |            |
|    fps                  | 812        |
|    iterations           | 184        |
|    time_elapsed         | 927        |
|    total_timesteps      | 753664     |
| train/                  |            |
|    approx_kl            | 0.12637213 |
|    clip_fraction        | 0.408      |
|    clip_range           | 0.2        |
|    entropy_loss         | -18.1      |
|    explained_variance   | 0.724      |
|    learning_rate        | 0.0003     |
|    loss                 | 0.567      |
|    n_updates            | 15110      |
|    policy_gradient_loss | -0.0782    |
|    std                  | 4.44       |
|    value_loss           | 3.59       |
----------------------------------------
---------------------------------------
| manipularl/             |           |
|    collision_rate       | 0.84      |
|    grasp_failure_rate   | 0.924     |
|    insert_depth_mean    | 0.000131  |
|    insert_tilt_deg_mean | 2.03      |
|    success_rate         | 0         |
| rollout/                |           |
|    ep_len_mean          | 123       |
|    ep_rew_mean          | -5.58     |
| time/                   |           |
|    fps                  | 812       |
|    iterations           | 185       |
|    time_elapsed         | 932       |
|    total_timesteps      | 757760    |
| train/                  |           |
|    approx_kl            | 0.1341618 |
|    clip_fraction        | 0.426     |
|    clip_range           | 0.2       |
|    entropy_loss         | -18.1     |
|    explained_variance   | 0.753     |
|    learning_rate        | 0.0003    |
|    loss                 | 0.58      |
|    n_updates            | 15120     |
|    policy_gradient_loss | -0.0747   |
|    std                  | 4.45      |
|    value_loss           | 3.48      |
---------------------------------------
-----------------------------------------
| manipularl/             |             |
|    collision_rate       | 0.84        |
|    grasp_failure_rate   | 0.919       |
|    insert_depth_mean    | 0.000131    |
|    insert_tilt_deg_mean | 2.03        |
|    success_rate         | 0           |
| rollout/                |             |
|    ep_len_mean          | 126         |
|    ep_rew_mean          | -5.52       |
| time/                   |             |
|    fps                  | 813         |
|    iterations           | 186         |
|    time_elapsed         | 936         |
|    total_timesteps      | 761856      |
| train/                  |             |
|    approx_kl            | 0.124359906 |
|    clip_fraction        | 0.36        |
|    clip_range           | 0.2         |
|    entropy_loss         | -18.1       |
|    explained_variance   | 0.815       |
|    learning_rate        | 0.0003      |
|    loss                 | 0.338       |
|    n_updates            | 15130       |
|    policy_gradient_loss | -0.0675     |
|    std                  | 4.46        |
|    value_loss           | 2.55        |
-----------------------------------------
----------------------------------------
| manipularl/             |            |
|    collision_rate       | 0.82       |
|    grasp_failure_rate   | 0.928      |
|    insert_depth_mean    | 0          |
|    insert_tilt_deg_mean | 0.678      |
|    success_rate         | 0          |
| rollout/                |            |
|    ep_len_mean          | 127        |
|    ep_rew_mean          | -4.9       |
| time/                   |            |
|    fps                  | 812        |
|    iterations           | 187        |
|    time_elapsed         | 942        |
|    total_timesteps      | 765952     |
| train/                  |            |
|    approx_kl            | 0.13044767 |
|    clip_fraction        | 0.412      |
|    clip_range           | 0.2        |
|    entropy_loss         | -18.1      |
|    explained_variance   | 0.758      |
|    learning_rate        | 0.0003     |
|    loss                 | 0.441      |
|    n_updates            | 15140      |
|    policy_gradient_loss | -0.0701    |
|    std                  | 4.47       |
|    value_loss           | 2.62       |
----------------------------------------
----------------------------------------
| manipularl/             |            |
|    collision_rate       | 0.81       |
|    grasp_failure_rate   | 0.939      |
|    insert_depth_mean    | 0          |
|    insert_tilt_deg_mean | 0.00329    |
|    success_rate         | 0          |
| rollout/                |            |
|    ep_len_mean          | 129        |
|    ep_rew_mean          | -5.5       |
| time/                   |            |
|    fps                  | 812        |
|    iterations           | 188        |
|    time_elapsed         | 947        |
|    total_timesteps      | 770048     |
| train/                  |            |
|    approx_kl            | 0.13611412 |
|    clip_fraction        | 0.427      |
|    clip_range           | 0.2        |
|    entropy_loss         | -18.1      |
|    explained_variance   | 0.788      |
|    learning_rate        | 0.0003     |
|    loss                 | 0.384      |
|    n_updates            | 15150      |
|    policy_gradient_loss | -0.0737    |
|    std                  | 4.48       |
|    value_loss           | 3.14       |
----------------------------------------
----------------------------------------
| manipularl/             |            |
|    collision_rate       | 0.77       |
|    grasp_failure_rate   | 0.947      |
|    insert_depth_mean    | 0          |
|    insert_tilt_deg_mean | 0.00322    |
|    success_rate         | 0          |
| rollout/                |            |
|    ep_len_mean          | 141        |
|    ep_rew_mean          | -5.79      |
| time/                   |            |
|    fps                  | 812        |
|    iterations           | 189        |
|    time_elapsed         | 952        |
|    total_timesteps      | 774144     |
| train/                  |            |
|    approx_kl            | 0.12854531 |
|    clip_fraction        | 0.417      |
|    clip_range           | 0.2        |
|    entropy_loss         | -18.2      |
|    explained_variance   | 0.811      |
|    learning_rate        | 0.0003     |
|    loss                 | 0.456      |
|    n_updates            | 15160      |
|    policy_gradient_loss | -0.0722    |
|    std                  | 4.5        |
|    value_loss           | 3.02       |
----------------------------------------
----------------------------------------
| manipularl/             |            |
|    collision_rate       | 0.76       |
|    grasp_failure_rate   | 0.944      |
|    insert_depth_mean    | 0          |
|    insert_tilt_deg_mean | 0.00309    |
|    success_rate         | 0          |
| rollout/                |            |
|    ep_len_mean          | 140        |
|    ep_rew_mean          | -7.2       |
| time/                   |            |
|    fps                  | 812        |
|    iterations           | 190        |
|    time_elapsed         | 957        |
|    total_timesteps      | 778240     |
| train/                  |            |
|    approx_kl            | 0.10775149 |
|    clip_fraction        | 0.389      |
|    clip_range           | 0.2        |
|    entropy_loss         | -18.2      |
|    explained_variance   | 0.846      |
|    learning_rate        | 0.0003     |
|    loss                 | 0.474      |
|    n_updates            | 15170      |
|    policy_gradient_loss | -0.0616    |
|    std                  | 4.51       |
|    value_loss           | 2.87       |
----------------------------------------
----------------------------------------
| manipularl/             |            |
|    collision_rate       | 0.77       |
|    grasp_failure_rate   | 0.938      |
|    insert_depth_mean    | 0.000215   |
|    insert_tilt_deg_mean | 0.00309    |
|    success_rate         | 0          |
| rollout/                |            |
|    ep_len_mean          | 137        |
|    ep_rew_mean          | -6         |
| time/                   |            |
|    fps                  | 812        |
|    iterations           | 191        |
|    time_elapsed         | 962        |
|    total_timesteps      | 782336     |
| train/                  |            |
|    approx_kl            | 0.14991486 |
|    clip_fraction        | 0.432      |
|    clip_range           | 0.2        |
|    entropy_loss         | -18.2      |
|    explained_variance   | 0.878      |
|    learning_rate        | 0.0003     |
|    loss                 | 0.463      |
|    n_updates            | 15180      |
|    policy_gradient_loss | -0.0738    |
|    std                  | 4.51       |
|    value_loss           | 3.32       |
----------------------------------------
----------------------------------------
| manipularl/             |            |
|    collision_rate       | 0.75       |
|    grasp_failure_rate   | 0.937      |
|    insert_depth_mean    | 0.000215   |
|    insert_tilt_deg_mean | 0.00349    |
|    success_rate         | 0          |
| rollout/                |            |
|    ep_len_mean          | 145        |
|    ep_rew_mean          | -5.81      |
| time/                   |            |
|    fps                  | 812        |
|    iterations           | 192        |
|    time_elapsed         | 967        |
|    total_timesteps      | 786432     |
| train/                  |            |
|    approx_kl            | 0.12560567 |
|    clip_fraction        | 0.401      |
|    clip_range           | 0.2        |
|    entropy_loss         | -18.2      |
|    explained_variance   | 0.822      |
|    learning_rate        | 0.0003     |
|    loss                 | 0.374      |
|    n_updates            | 15190      |
|    policy_gradient_loss | -0.0734    |
|    std                  | 4.52       |
|    value_loss           | 2.75       |
----------------------------------------
----------------------------------------
| manipularl/             |            |
|    collision_rate       | 0.82       |
|    grasp_failure_rate   | 0.926      |
|    insert_depth_mean    | 0.000215   |
|    insert_tilt_deg_mean | 0.00334    |
|    success_rate         | 0          |
| rollout/                |            |
|    ep_len_mean          | 123        |
|    ep_rew_mean          | -4.23      |
| time/                   |            |
|    fps                  | 812        |
|    iterations           | 193        |
|    time_elapsed         | 972        |
|    total_timesteps      | 790528     |
| train/                  |            |
|    approx_kl            | 0.12414271 |
|    clip_fraction        | 0.415      |
|    clip_range           | 0.2        |
|    entropy_loss         | -18.2      |
|    explained_variance   | 0.756      |
|    learning_rate        | 0.0003     |
|    loss                 | 0.458      |
|    n_updates            | 15200      |
|    policy_gradient_loss | -0.074     |
|    std                  | 4.53       |
|    value_loss           | 2.91       |
----------------------------------------
----------------------------------------
| manipularl/             |            |
|    collision_rate       | 0.76       |
|    grasp_failure_rate   | 0.92       |
|    insert_depth_mean    | 0          |
|    insert_tilt_deg_mean | 0.00318    |
|    success_rate         | 0          |
| rollout/                |            |
|    ep_len_mean          | 141        |
|    ep_rew_mean          | -4.19      |
| time/                   |            |
|    fps                  | 813        |
|    iterations           | 194        |
|    time_elapsed         | 977        |
|    total_timesteps      | 794624     |
| train/                  |            |
|    approx_kl            | 0.12960938 |
|    clip_fraction        | 0.42       |
|    clip_range           | 0.2        |
|    entropy_loss         | -18.2      |
|    explained_variance   | 0.784      |
|    learning_rate        | 0.0003     |
|    loss                 | 0.409      |
|    n_updates            | 15210      |
|    policy_gradient_loss | -0.0736    |
|    std                  | 4.54       |
|    value_loss           | 2.83       |
----------------------------------------
----------------------------------------
| manipularl/             |            |
|    collision_rate       | 0.76       |
|    grasp_failure_rate   | 0.91       |
|    insert_depth_mean    | 0          |
|    insert_tilt_deg_mean | 0.00311    |
|    success_rate         | 0          |
| rollout/                |            |
|    ep_len_mean          | 142        |
|    ep_rew_mean          | -5.05      |
| time/                   |            |
|    fps                  | 813        |
|    iterations           | 195        |
|    time_elapsed         | 982        |
|    total_timesteps      | 798720     |
| train/                  |            |
|    approx_kl            | 0.12755229 |
|    clip_fraction        | 0.387      |
|    clip_range           | 0.2        |
|    entropy_loss         | -18.2      |
|    explained_variance   | 0.839      |
|    learning_rate        | 0.0003     |
|    loss                 | 0.531      |
|    n_updates            | 15220      |
|    policy_gradient_loss | -0.0719    |
|    std                  | 4.55       |
|    value_loss           | 3.11       |
----------------------------------------
Eval num_timesteps=800000, episode_reward=-1.76 +/- 5.68
Episode length: 154.80 +/- 151.28
---------------------------------------
| eval/                   |           |
|    mean_ep_length       | 155       |
|    mean_reward          | -1.76     |
| manipularl/             |           |
|    collision_rate       | 0.78      |
|    grasp_failure_rate   | 0.911     |
|    insert_depth_mean    | 0         |
|    insert_tilt_deg_mean | 0.00301   |
|    success_rate         | 0         |
| time/                   |           |
|    total_timesteps      | 800000    |
| train/                  |           |
|    approx_kl            | 0.1287849 |
|    clip_fraction        | 0.404     |
|    clip_range           | 0.2       |
|    entropy_loss         | -18.2     |
|    explained_variance   | 0.755     |
|    learning_rate        | 0.0003    |
|    loss                 | 0.401     |
|    n_updates            | 15230     |
|    policy_gradient_loss | -0.0741   |
|    std                  | 4.56      |
|    value_loss           | 2.84      |
---------------------------------------
New best mean reward!
--------------------------------------
| manipularl/             |          |
|    collision_rate       | 0.8      |
|    grasp_failure_rate   | 0.912    |
|    insert_depth_mean    | 0        |
|    insert_tilt_deg_mean | 0.00341  |
|    success_rate         | 0        |
| rollout/                |          |
|    ep_len_mean          | 128      |
|    ep_rew_mean          | -5.1     |
| time/                   |          |
|    fps                  | 805      |
|    iterations           | 196      |
|    time_elapsed         | 996      |
|    total_timesteps      | 802816   |
--------------------------------------
----------------------------------------
| manipularl/             |            |
|    collision_rate       | 0.83       |
|    grasp_failure_rate   | 0.918      |
|    insert_depth_mean    | 0          |
|    insert_tilt_deg_mean | 0.00334    |
|    success_rate         | 0          |
| rollout/                |            |
|    ep_len_mean          | 121        |
|    ep_rew_mean          | -5.13      |
| time/                   |            |
|    fps                  | 805        |
|    iterations           | 197        |
|    time_elapsed         | 1001       |
|    total_timesteps      | 806912     |
| train/                  |            |
|    approx_kl            | 0.17787436 |
|    clip_fraction        | 0.463      |
|    clip_range           | 0.2        |
|    entropy_loss         | -18.2      |
|    explained_variance   | 0.84       |
|    learning_rate        | 0.0003     |
|    loss                 | 0.408      |
|    n_updates            | 15240      |
|    policy_gradient_loss | -0.0777    |
|    std                  | 4.57       |
|    value_loss           | 2.49       |
----------------------------------------
----------------------------------------
| manipularl/             |            |
|    collision_rate       | 0.81       |
|    grasp_failure_rate   | 0.919      |
|    insert_depth_mean    | 9.49e-05   |
|    insert_tilt_deg_mean | 0.00313    |
|    success_rate         | 0          |
| rollout/                |            |
|    ep_len_mean          | 129        |
|    ep_rew_mean          | -4.98      |
| time/                   |            |
|    fps                  | 805        |
|    iterations           | 198        |
|    time_elapsed         | 1006       |
|    total_timesteps      | 811008     |
| train/                  |            |
|    approx_kl            | 0.15619235 |
|    clip_fraction        | 0.453      |
|    clip_range           | 0.2        |
|    entropy_loss         | -18.2      |
|    explained_variance   | 0.786      |
|    learning_rate        | 0.0003     |
|    loss                 | 0.365      |
|    n_updates            | 15250      |
|    policy_gradient_loss | -0.0777    |
|    std                  | 4.58       |
|    value_loss           | 2.78       |
----------------------------------------
----------------------------------------
| manipularl/             |            |
|    collision_rate       | 0.85       |
|    grasp_failure_rate   | 0.908      |
|    insert_depth_mean    | 0.00167    |
|    insert_tilt_deg_mean | 0.00287    |
|    success_rate         | 0          |
| rollout/                |            |
|    ep_len_mean          | 125        |
|    ep_rew_mean          | -4.98      |
| time/                   |            |
|    fps                  | 805        |
|    iterations           | 199        |
|    time_elapsed         | 1012       |
|    total_timesteps      | 815104     |
| train/                  |            |
|    approx_kl            | 0.15390792 |
|    clip_fraction        | 0.443      |
|    clip_range           | 0.2        |
|    entropy_loss         | -18.2      |
|    explained_variance   | 0.796      |
|    learning_rate        | 0.0003     |
|    loss                 | 0.724      |
|    n_updates            | 15260      |
|    policy_gradient_loss | -0.0671    |
|    std                  | 4.6        |
|    value_loss           | 3.44       |
----------------------------------------
---------------------------------------
| manipularl/             |           |
|    collision_rate       | 0.84      |
|    grasp_failure_rate   | 0.9       |
|    insert_depth_mean    | 0.00227   |
|    insert_tilt_deg_mean | 0.00323   |
|    success_rate         | 0         |
| rollout/                |           |
|    ep_len_mean          | 127       |
|    ep_rew_mean          | -4.58     |
| time/                   |           |
|    fps                  | 805       |
|    iterations           | 200       |
|    time_elapsed         | 1017      |
|    total_timesteps      | 819200    |
| train/                  |           |
|    approx_kl            | 0.1471915 |
|    clip_fraction        | 0.459     |
|    clip_range           | 0.2       |
|    entropy_loss         | -18.2     |
|    explained_variance   | 0.74      |
|    learning_rate        | 0.0003    |
|    loss                 | 0.836     |
|    n_updates            | 15270     |
|    policy_gradient_loss | -0.0822   |
|    std                  | 4.61      |
|    value_loss           | 4.24      |
---------------------------------------
----------------------------------------
| manipularl/             |            |
|    collision_rate       | 0.82       |
|    grasp_failure_rate   | 0.897      |
|    insert_depth_mean    | 0.00278    |
|    insert_tilt_deg_mean | 0.00394    |
|    success_rate         | 0          |
| rollout/                |            |
|    ep_len_mean          | 125        |
|    ep_rew_mean          | -3.21      |
| time/                   |            |
|    fps                  | 805        |
|    iterations           | 201        |
|    time_elapsed         | 1022       |
|    total_timesteps      | 823296     |
| train/                  |            |
|    approx_kl            | 0.14722061 |
|    clip_fraction        | 0.432      |
|    clip_range           | 0.2        |
|    entropy_loss         | -18.2      |
|    explained_variance   | 0.819      |
|    learning_rate        | 0.0003     |
|    loss                 | 0.354      |
|    n_updates            | 15280      |
|    policy_gradient_loss | -0.0786    |
|    std                  | 4.62       |
|    value_loss           | 2.68       |
----------------------------------------
----------------------------------------
| manipularl/             |            |
|    collision_rate       | 0.77       |
|    grasp_failure_rate   | 0.903      |
|    insert_depth_mean    | 0.0012     |
|    insert_tilt_deg_mean | 0.00405    |
|    success_rate         | 0          |
| rollout/                |            |
|    ep_len_mean          | 136        |
|    ep_rew_mean          | -3.87      |
| time/                   |            |
|    fps                  | 804        |
|    iterations           | 202        |
|    time_elapsed         | 1027       |
|    total_timesteps      | 827392     |
| train/                  |            |
|    approx_kl            | 0.17335467 |
|    clip_fraction        | 0.445      |
|    clip_range           | 0.2        |
|    entropy_loss         | -18.2      |
|    explained_variance   | 0.857      |
|    learning_rate        | 0.0003     |
|    loss                 | 0.191      |
|    n_updates            | 15290      |
|    policy_gradient_loss | -0.0765    |
|    std                  | 4.63       |
|    value_loss           | 2.17       |
----------------------------------------
----------------------------------------
| manipularl/             |            |
|    collision_rate       | 0.72       |
|    grasp_failure_rate   | 0.924      |
|    insert_depth_mean    | 0.0012     |
|    insert_tilt_deg_mean | 0.00388    |
|    success_rate         | 0          |
| rollout/                |            |
|    ep_len_mean          | 152        |
|    ep_rew_mean          | -4.37      |
| time/                   |            |
|    fps                  | 804        |
|    iterations           | 203        |
|    time_elapsed         | 1033       |
|    total_timesteps      | 831488     |
| train/                  |            |
|    approx_kl            | 0.12243554 |
|    clip_fraction        | 0.406      |
|    clip_range           | 0.2        |
|    entropy_loss         | -18.2      |
|    explained_variance   | 0.768      |
|    learning_rate        | 0.0003     |
|    loss                 | 0.316      |
|    n_updates            | 15300      |
|    policy_gradient_loss | -0.0711    |
|    std                  | 4.64       |
|    value_loss           | 2.58       |
----------------------------------------
----------------------------------------
| manipularl/             |            |
|    collision_rate       | 0.77       |
|    grasp_failure_rate   | 0.914      |
|    insert_depth_mean    | 0.000656   |
|    insert_tilt_deg_mean | 0.0037     |
|    success_rate         | 0          |
| rollout/                |            |
|    ep_len_mean          | 139        |
|    ep_rew_mean          | -4.78      |
| time/                   |            |
|    fps                  | 804        |
|    iterations           | 204        |
|    time_elapsed         | 1038       |
|    total_timesteps      | 835584     |
| train/                  |            |
|    approx_kl            | 0.12898612 |
|    clip_fraction        | 0.429      |
|    clip_range           | 0.2        |
|    entropy_loss         | -18.2      |
|    explained_variance   | 0.795      |
|    learning_rate        | 0.0003     |
|    loss                 | 0.49       |
|    n_updates            | 15310      |
|    policy_gradient_loss | -0.0678    |
|    std                  | 4.65       |
|    value_loss           | 3.04       |
----------------------------------------
----------------------------------------
| manipularl/             |            |
|    collision_rate       | 0.78       |
|    grasp_failure_rate   | 0.913      |
|    insert_depth_mean    | 5.6e-05    |
|    insert_tilt_deg_mean | 0.0144     |
|    success_rate         | 0          |
| rollout/                |            |
|    ep_len_mean          | 136        |
|    ep_rew_mean          | -5.12      |
| time/                   |            |
|    fps                  | 804        |
|    iterations           | 205        |
|    time_elapsed         | 1043       |
|    total_timesteps      | 839680     |
| train/                  |            |
|    approx_kl            | 0.15338966 |
|    clip_fraction        | 0.434      |
|    clip_range           | 0.2        |
|    entropy_loss         | -18.2      |
|    explained_variance   | 0.829      |
|    learning_rate        | 0.0003     |
|    loss                 | 0.588      |
|    n_updates            | 15320      |
|    policy_gradient_loss | -0.0803    |
|    std                  | 4.66       |
|    value_loss           | 3.41       |
----------------------------------------
----------------------------------------
| manipularl/             |            |
|    collision_rate       | 0.79       |
|    grasp_failure_rate   | 0.902      |
|    insert_depth_mean    | 0.000657   |
|    insert_tilt_deg_mean | 0.0144     |
|    success_rate         | 0          |
| rollout/                |            |
|    ep_len_mean          | 142        |
|    ep_rew_mean          | -5.44      |
| time/                   |            |
|    fps                  | 804        |
|    iterations           | 206        |
|    time_elapsed         | 1049       |
|    total_timesteps      | 843776     |
| train/                  |            |
|    approx_kl            | 0.16028292 |
|    clip_fraction        | 0.438      |
|    clip_range           | 0.2        |
|    entropy_loss         | -18.2      |
|    explained_variance   | 0.828      |
|    learning_rate        | 0.0003     |
|    loss                 | 0.331      |
|    n_updates            | 15330      |
|    policy_gradient_loss | -0.0744    |
|    std                  | 4.67       |
|    value_loss           | 2.43       |
----------------------------------------
----------------------------------------
| manipularl/             |            |
|    collision_rate       | 0.79       |
|    grasp_failure_rate   | 0.91       |
|    insert_depth_mean    | 0.000657   |
|    insert_tilt_deg_mean | 0.0143     |
|    success_rate         | 0          |
| rollout/                |            |
|    ep_len_mean          | 143        |
|    ep_rew_mean          | -5.03      |
| time/                   |            |
|    fps                  | 804        |
|    iterations           | 207        |
|    time_elapsed         | 1054       |
|    total_timesteps      | 847872     |
| train/                  |            |
|    approx_kl            | 0.16825093 |
|    clip_fraction        | 0.455      |
|    clip_range           | 0.2        |
|    entropy_loss         | -18.2      |
|    explained_variance   | 0.862      |
|    learning_rate        | 0.0003     |
|    loss                 | 0.332      |
|    n_updates            | 15340      |
|    policy_gradient_loss | -0.0736    |
|    std                  | 4.67       |
|    value_loss           | 2.44       |
----------------------------------------
----------------------------------------
| manipularl/             |            |
|    collision_rate       | 0.75       |
|    grasp_failure_rate   | 0.926      |
|    insert_depth_mean    | 0.0018     |
|    insert_tilt_deg_mean | 0.0141     |
|    success_rate         | 0          |
| rollout/                |            |
|    ep_len_mean          | 159        |
|    ep_rew_mean          | -6.46      |
| time/                   |            |
|    fps                  | 803        |
|    iterations           | 208        |
|    time_elapsed         | 1059       |
|    total_timesteps      | 851968     |
| train/                  |            |
|    approx_kl            | 0.15569225 |
|    clip_fraction        | 0.44       |
|    clip_range           | 0.2        |
|    entropy_loss         | -18.2      |
|    explained_variance   | 0.854      |
|    learning_rate        | 0.0003     |
|    loss                 | 0.361      |
|    n_updates            | 15350      |
|    policy_gradient_loss | -0.0773    |
|    std                  | 4.68       |
|    value_loss           | 2.44       |
----------------------------------------
----------------------------------------
| manipularl/             |            |
|    collision_rate       | 0.74       |
|    grasp_failure_rate   | 0.929      |
|    insert_depth_mean    | 0.003      |
|    insert_tilt_deg_mean | 0.00307    |
|    success_rate         | 0          |
| rollout/                |            |
|    ep_len_mean          | 160        |
|    ep_rew_mean          | -7.24      |
| time/                   |            |
|    fps                  | 803        |
|    iterations           | 209        |
|    time_elapsed         | 1065       |
|    total_timesteps      | 856064     |
| train/                  |            |
|    approx_kl            | 0.15306264 |
|    clip_fraction        | 0.407      |
|    clip_range           | 0.2        |
|    entropy_loss         | -18.2      |
|    explained_variance   | 0.84       |
|    learning_rate        | 0.0003     |
|    loss                 | 0.362      |
|    n_updates            | 15360      |
|    policy_gradient_loss | -0.0676    |
|    std                  | 4.69       |
|    value_loss           | 2.47       |
----------------------------------------
----------------------------------------
| manipularl/             |            |
|    collision_rate       | 0.76       |
|    grasp_failure_rate   | 0.939      |
|    insert_depth_mean    | 0.003      |
|    insert_tilt_deg_mean | 0.00349    |
|    success_rate         | 0          |
| rollout/                |            |
|    ep_len_mean          | 149        |
|    ep_rew_mean          | -8.24      |
| time/                   |            |
|    fps                  | 803        |
|    iterations           | 210        |
|    time_elapsed         | 1070       |
|    total_timesteps      | 860160     |
| train/                  |            |
|    approx_kl            | 0.12540184 |
|    clip_fraction        | 0.424      |
|    clip_range           | 0.2        |
|    entropy_loss         | -18.2      |
|    explained_variance   | 0.801      |
|    learning_rate        | 0.0003     |
|    loss                 | 0.385      |
|    n_updates            | 15370      |
|    policy_gradient_loss | -0.0741    |
|    std                  | 4.7        |
|    value_loss           | 2.68       |
----------------------------------------
-----------------------------------------
| manipularl/             |             |
|    collision_rate       | 0.74        |
|    grasp_failure_rate   | 0.94        |
|    insert_depth_mean    | 0.0024      |
|    insert_tilt_deg_mean | 0.00356     |
|    success_rate         | 0           |
| rollout/                |             |
|    ep_len_mean          | 153         |
|    ep_rew_mean          | -8.51       |
| time/                   |             |
|    fps                  | 802         |
|    iterations           | 211         |
|    time_elapsed         | 1076        |
|    total_timesteps      | 864256      |
| train/                  |             |
|    approx_kl            | 0.122630335 |
|    clip_fraction        | 0.415       |
|    clip_range           | 0.2         |
|    entropy_loss         | -18.2       |
|    explained_variance   | 0.795       |
|    learning_rate        | 0.0003      |
|    loss                 | 0.69        |
|    n_updates            | 15380       |
|    policy_gradient_loss | -0.0778     |
|    std                  | 4.71        |
|    value_loss           | 3.51        |
-----------------------------------------
-----------------------------------------
| manipularl/             |             |
|    collision_rate       | 0.83        |
|    grasp_failure_rate   | 0.93        |
|    insert_depth_mean    | 0.0018      |
|    insert_tilt_deg_mean | 0.00402     |
|    success_rate         | 0           |
| rollout/                |             |
|    ep_len_mean          | 124         |
|    ep_rew_mean          | -7.42       |
| time/                   |             |
|    fps                  | 802         |
|    iterations           | 212         |
|    time_elapsed         | 1082        |
|    total_timesteps      | 868352      |
| train/                  |             |
|    approx_kl            | 0.121372566 |
|    clip_fraction        | 0.382       |
|    clip_range           | 0.2         |
|    entropy_loss         | -18.2       |
|    explained_variance   | 0.779       |
|    learning_rate        | 0.0003      |
|    loss                 | 0.369       |
|    n_updates            | 15390       |
|    policy_gradient_loss | -0.0729     |
|    std                  | 4.71        |
|    value_loss           | 2.58        |
-----------------------------------------
----------------------------------------
| manipularl/             |            |
|    collision_rate       | 0.81       |
|    grasp_failure_rate   | 0.924      |
|    insert_depth_mean    | 0.0012     |
|    insert_tilt_deg_mean | 0.00926    |
|    success_rate         | 0          |
| rollout/                |            |
|    ep_len_mean          | 123        |
|    ep_rew_mean          | -5.55      |
| time/                   |            |
|    fps                  | 802        |
|    iterations           | 213        |
|    time_elapsed         | 1087       |
|    total_timesteps      | 872448     |
| train/                  |            |
|    approx_kl            | 0.13005057 |
|    clip_fraction        | 0.427      |
|    clip_range           | 0.2        |
|    entropy_loss         | -18.2      |
|    explained_variance   | 0.741      |
|    learning_rate        | 0.0003     |
|    loss                 | 0.734      |
|    n_updates            | 15400      |
|    policy_gradient_loss | -0.0752    |
|    std                  | 4.72       |
|    value_loss           | 3.86       |
----------------------------------------
----------------------------------------
| manipularl/             |            |
|    collision_rate       | 0.77       |
|    grasp_failure_rate   | 0.921      |
|    insert_depth_mean    | 0.0018     |
|    insert_tilt_deg_mean | 0.00916    |
|    success_rate         | 0          |
| rollout/                |            |
|    ep_len_mean          | 138        |
|    ep_rew_mean          | -4.02      |
| time/                   |            |
|    fps                  | 802        |
|    iterations           | 214        |
|    time_elapsed         | 1091       |
|    total_timesteps      | 876544     |
| train/                  |            |
|    approx_kl            | 0.17372796 |
|    clip_fraction        | 0.454      |
|    clip_range           | 0.2        |
|    entropy_loss         | -18.2      |
|    explained_variance   | 0.812      |
|    learning_rate        | 0.0003     |
|    loss                 | 0.539      |
|    n_updates            | 15410      |
|    policy_gradient_loss | -0.076     |
|    std                  | 4.73       |
|    value_loss           | 2.89       |
----------------------------------------
----------------------------------------
| manipularl/             |            |
|    collision_rate       | 0.76       |
|    grasp_failure_rate   | 0.92       |
|    insert_depth_mean    | 0.0012     |
|    insert_tilt_deg_mean | 0.0147     |
|    success_rate         | 0          |
| rollout/                |            |
|    ep_len_mean          | 147        |
|    ep_rew_mean          | -4.95      |
| time/                   |            |
|    fps                  | 802        |
|    iterations           | 215        |
|    time_elapsed         | 1096       |
|    total_timesteps      | 880640     |
| train/                  |            |
|    approx_kl            | 0.13500553 |
|    clip_fraction        | 0.406      |
|    clip_range           | 0.2        |
|    entropy_loss         | -18.2      |
|    explained_variance   | 0.769      |
|    learning_rate        | 0.0003     |
|    loss                 | 0.499      |
|    n_updates            | 15420      |
|    policy_gradient_loss | -0.0725    |
|    std                  | 4.74       |
|    value_loss           | 2.94       |
----------------------------------------
--------------------------------------
| manipularl/             |          |
|    collision_rate       | 0.72     |
|    grasp_failure_rate   | 0.929    |
|    insert_depth_mean    | 0.0006   |
|    insert_tilt_deg_mean | 0.0205   |
|    success_rate         | 0        |
| rollout/                |          |
|    ep_len_mean          | 172      |
|    ep_rew_mean          | -6.78    |
| time/                   |          |
|    fps                  | 803      |
|    iterations           | 216      |
|    time_elapsed         | 1101     |
|    total_timesteps      | 884736   |
| train/                  |          |
|    approx_kl            | 0.11713  |
|    clip_fraction        | 0.366    |
|    clip_range           | 0.2      |
|    entropy_loss         | -18.2    |
|    explained_variance   | 0.857    |
|    learning_rate        | 0.0003   |
|    loss                 | 0.219    |
|    n_updates            | 15430    |
|    policy_gradient_loss | -0.0669  |
|    std                  | 4.75     |
|    value_loss           | 2.02     |
--------------------------------------
----------------------------------------
| manipularl/             |            |
|    collision_rate       | 0.68       |
|    grasp_failure_rate   | 0.94       |
|    insert_depth_mean    | 0.0018     |
|    insert_tilt_deg_mean | 0.0152     |
|    success_rate         | 0          |
| rollout/                |            |
|    ep_len_mean          | 189        |
|    ep_rew_mean          | -7.46      |
| time/                   |            |
|    fps                  | 803        |
|    iterations           | 217        |
|    time_elapsed         | 1106       |
|    total_timesteps      | 888832     |
| train/                  |            |
|    approx_kl            | 0.11926764 |
|    clip_fraction        | 0.405      |
|    clip_range           | 0.2        |
|    entropy_loss         | -18.3      |
|    explained_variance   | 0.84       |
|    learning_rate        | 0.0003     |
|    loss                 | 0.314      |
|    n_updates            | 15440      |
|    policy_gradient_loss | -0.0656    |
|    std                  | 4.76       |
|    value_loss           | 2.5        |
----------------------------------------
----------------------------------------
| manipularl/             |            |
|    collision_rate       | 0.68       |
|    grasp_failure_rate   | 0.942      |
|    insert_depth_mean    | 0.0018     |
|    insert_tilt_deg_mean | 0.0153     |
|    success_rate         | 0          |
| rollout/                |            |
|    ep_len_mean          | 189        |
|    ep_rew_mean          | -8.67      |
| time/                   |            |
|    fps                  | 803        |
|    iterations           | 218        |
|    time_elapsed         | 1111       |
|    total_timesteps      | 892928     |
| train/                  |            |
|    approx_kl            | 0.11581679 |
|    clip_fraction        | 0.385      |
|    clip_range           | 0.2        |
|    entropy_loss         | -18.3      |
|    explained_variance   | 0.724      |
|    learning_rate        | 0.0003     |
|    loss                 | 0.587      |
|    n_updates            | 15450      |
|    policy_gradient_loss | -0.0723    |
|    std                  | 4.77       |
|    value_loss           | 3.46       |
----------------------------------------
----------------------------------------
| manipularl/             |            |
|    collision_rate       | 0.78       |
|    grasp_failure_rate   | 0.929      |
|    insert_depth_mean    | 0.0018     |
|    insert_tilt_deg_mean | 0.0637     |
|    success_rate         | 0          |
| rollout/                |            |
|    ep_len_mean          | 144        |
|    ep_rew_mean          | -6.75      |
| time/                   |            |
|    fps                  | 803        |
|    iterations           | 219        |
|    time_elapsed         | 1116       |
|    total_timesteps      | 897024     |
| train/                  |            |
|    approx_kl            | 0.13067742 |
|    clip_fraction        | 0.41       |
|    clip_range           | 0.2        |
|    entropy_loss         | -18.3      |
|    explained_variance   | 0.808      |
|    learning_rate        | 0.0003     |
|    loss                 | 0.377      |
|    n_updates            | 15460      |
|    policy_gradient_loss | -0.0718    |
|    std                  | 4.79       |
|    value_loss           | 2.79       |
----------------------------------------
---------------------------------------
| manipularl/             |           |
|    collision_rate       | 0.82      |
|    grasp_failure_rate   | 0.912     |
|    insert_depth_mean    | 0.0006    |
|    insert_tilt_deg_mean | 0.0635    |
|    success_rate         | 0         |
| rollout/                |           |
|    ep_len_mean          | 120       |
|    ep_rew_mean          | -7.17     |
| time/                   |           |
|    fps                  | 803       |
|    iterations           | 220       |
|    time_elapsed         | 1121      |
|    total_timesteps      | 901120    |
| train/                  |           |
|    approx_kl            | 0.1480509 |
|    clip_fraction        | 0.442     |
|    clip_range           | 0.2       |
|    entropy_loss         | -18.3     |
|    explained_variance   | 0.726     |
|    learning_rate        | 0.0003    |
|    loss                 | 0.805     |
|    n_updates            | 15470     |
|    policy_gradient_loss | -0.0798   |
|    std                  | 4.8       |
|    value_loss           | 4.19      |
---------------------------------------
---------------------------------------
| manipularl/             |           |
|    collision_rate       | 0.77      |
|    grasp_failure_rate   | 0.918     |
|    insert_depth_mean    | 0.0006    |
|    insert_tilt_deg_mean | 0.504     |
|    success_rate         | 0         |
| rollout/                |           |
|    ep_len_mean          | 137       |
|    ep_rew_mean          | -7.08     |
| time/                   |           |
|    fps                  | 803       |
|    iterations           | 221       |
|    time_elapsed         | 1126      |
|    total_timesteps      | 905216    |
| train/                  |           |
|    approx_kl            | 0.0799111 |
|    clip_fraction        | 0.333     |
|    clip_range           | 0.2       |
|    entropy_loss         | -18.3     |
|    explained_variance   | 0.661     |
|    learning_rate        | 0.0003    |
|    loss                 | 0.71      |
|    n_updates            | 15480     |
|    policy_gradient_loss | -0.0651   |
|    std                  | 4.81      |
|    value_loss           | 3.6       |
---------------------------------------
----------------------------------------
| manipularl/             |            |
|    collision_rate       | 0.75       |
|    grasp_failure_rate   | 0.918      |
|    insert_depth_mean    | 0.0006     |
|    insert_tilt_deg_mean | 0.444      |
|    success_rate         | 0          |
| rollout/                |            |
|    ep_len_mean          | 147        |
|    ep_rew_mean          | -8.24      |
| time/                   |            |
|    fps                  | 803        |
|    iterations           | 222        |
|    time_elapsed         | 1132       |
|    total_timesteps      | 909312     |
| train/                  |            |
|    approx_kl            | 0.16869032 |
|    clip_fraction        | 0.427      |
|    clip_range           | 0.2        |
|    entropy_loss         | -18.3      |
|    explained_variance   | 0.861      |
|    learning_rate        | 0.0003     |
|    loss                 | 0.263      |
|    n_updates            | 15490      |
|    policy_gradient_loss | -0.0733    |
|    std                  | 4.81       |
|    value_loss           | 2.11       |
----------------------------------------
----------------------------------------
| manipularl/             |            |
|    collision_rate       | 0.75       |
|    grasp_failure_rate   | 0.922      |
|    insert_depth_mean    | 0          |
|    insert_tilt_deg_mean | 0.449      |
|    success_rate         | 0          |
| rollout/                |            |
|    ep_len_mean          | 156        |
|    ep_rew_mean          | -8.32      |
| time/                   |            |
|    fps                  | 803        |
|    iterations           | 223        |
|    time_elapsed         | 1136       |
|    total_timesteps      | 913408     |
| train/                  |            |
|    approx_kl            | 0.12680654 |
|    clip_fraction        | 0.405      |
|    clip_range           | 0.2        |
|    entropy_loss         | -18.3      |
|    explained_variance   | 0.785      |
|    learning_rate        | 0.0003     |
|    loss                 | 0.466      |
|    n_updates            | 15500      |
|    policy_gradient_loss | -0.0707    |
|    std                  | 4.82       |
|    value_loss           | 2.74       |
----------------------------------------
----------------------------------------
| manipularl/             |            |
|    collision_rate       | 0.74       |
|    grasp_failure_rate   | 0.927      |
|    insert_depth_mean    | 0          |
|    insert_tilt_deg_mean | 0.449      |
|    success_rate         | 0          |
| rollout/                |            |
|    ep_len_mean          | 165        |
|    ep_rew_mean          | -7.99      |
| time/                   |            |
|    fps                  | 803        |
|    iterations           | 224        |
|    time_elapsed         | 1141       |
|    total_timesteps      | 917504     |
| train/                  |            |
|    approx_kl            | 0.16386345 |
|    clip_fraction        | 0.452      |
|    clip_range           | 0.2        |
|    entropy_loss         | -18.3      |
|    explained_variance   | 0.751      |
|    learning_rate        | 0.0003     |
|    loss                 | 0.438      |
|    n_updates            | 15510      |
|    policy_gradient_loss | -0.0758    |
|    std                  | 4.84       |
|    value_loss           | 2.57       |
----------------------------------------
----------------------------------------
| manipularl/             |            |
|    collision_rate       | 0.77       |
|    grasp_failure_rate   | 0.921      |
|    insert_depth_mean    | 0          |
|    insert_tilt_deg_mean | 0.00818    |
|    success_rate         | 0          |
| rollout/                |            |
|    ep_len_mean          | 158        |
|    ep_rew_mean          | -9.18      |
| time/                   |            |
|    fps                  | 804        |
|    iterations           | 225        |
|    time_elapsed         | 1146       |
|    total_timesteps      | 921600     |
| train/                  |            |
|    approx_kl            | 0.11212662 |
|    clip_fraction        | 0.399      |
|    clip_range           | 0.2        |
|    entropy_loss         | -18.3      |
|    explained_variance   | 0.771      |
|    learning_rate        | 0.0003     |
|    loss                 | 0.677      |
|    n_updates            | 15520      |
|    policy_gradient_loss | -0.072     |
|    std                  | 4.84       |
|    value_loss           | 3.61       |
----------------------------------------
----------------------------------------
| manipularl/             |            |
|    collision_rate       | 0.77       |
|    grasp_failure_rate   | 0.921      |
|    insert_depth_mean    | 0          |
|    insert_tilt_deg_mean | 0.443      |
|    success_rate         | 0          |
| rollout/                |            |
|    ep_len_mean          | 164        |
|    ep_rew_mean          | -8.98      |
| time/                   |            |
|    fps                  | 804        |
|    iterations           | 226        |
|    time_elapsed         | 1150       |
|    total_timesteps      | 925696     |
| train/                  |            |
|    approx_kl            | 0.18689048 |
|    clip_fraction        | 0.447      |
|    clip_range           | 0.2        |
|    entropy_loss         | -18.3      |
|    explained_variance   | 0.819      |
|    learning_rate        | 0.0003     |
|    loss                 | 0.213      |
|    n_updates            | 15530      |
|    policy_gradient_loss | -0.077     |
|    std                  | 4.85       |
|    value_loss           | 2.19       |
----------------------------------------
----------------------------------------
| manipularl/             |            |
|    collision_rate       | 0.74       |
|    grasp_failure_rate   | 0.93       |
|    insert_depth_mean    | 0          |
|    insert_tilt_deg_mean | 0.438      |
|    success_rate         | 0          |
| rollout/                |            |
|    ep_len_mean          | 172        |
|    ep_rew_mean          | -8.56      |
| time/                   |            |
|    fps                  | 804        |
|    iterations           | 227        |
|    time_elapsed         | 1155       |
|    total_timesteps      | 929792     |
| train/                  |            |
|    approx_kl            | 0.17294607 |
|    clip_fraction        | 0.444      |
|    clip_range           | 0.2        |
|    entropy_loss         | -18.3      |
|    explained_variance   | 0.859      |
|    learning_rate        | 0.0003     |
|    loss                 | 0.406      |
|    n_updates            | 15540      |
|    policy_gradient_loss | -0.0742    |
|    std                  | 4.86       |
|    value_loss           | 2.5        |
----------------------------------------
----------------------------------------
| manipularl/             |            |
|    collision_rate       | 0.72       |
|    grasp_failure_rate   | 0.939      |
|    insert_depth_mean    | 0          |
|    insert_tilt_deg_mean | 0.438      |
|    success_rate         | 0          |
| rollout/                |            |
|    ep_len_mean          | 169        |
|    ep_rew_mean          | -9.14      |
| time/                   |            |
|    fps                  | 805        |
|    iterations           | 228        |
|    time_elapsed         | 1160       |
|    total_timesteps      | 933888     |
| train/                  |            |
|    approx_kl            | 0.10064341 |
|    clip_fraction        | 0.375      |
|    clip_range           | 0.2        |
|    entropy_loss         | -18.3      |
|    explained_variance   | 0.854      |
|    learning_rate        | 0.0003     |
|    loss                 | 0.437      |
|    n_updates            | 15550      |
|    policy_gradient_loss | -0.0666    |
|    std                  | 4.87       |
|    value_loss           | 2.7        |
----------------------------------------
---------------------------------------
| manipularl/             |           |
|    collision_rate       | 0.73      |
|    grasp_failure_rate   | 0.932     |
|    insert_depth_mean    | 0         |
|    insert_tilt_deg_mean | 0.5       |
|    success_rate         | 0         |
| rollout/                |           |
|    ep_len_mean          | 173       |
|    ep_rew_mean          | -8.36     |
| time/                   |           |
|    fps                  | 805       |
|    iterations           | 229       |
|    time_elapsed         | 1164      |
|    total_timesteps      | 937984    |
| train/                  |           |
|    approx_kl            | 0.1174256 |
|    clip_fraction        | 0.389     |
|    clip_range           | 0.2       |
|    entropy_loss         | -18.3     |
|    explained_variance   | 0.77      |
|    learning_rate        | 0.0003    |
|    loss                 | 0.577     |
|    n_updates            | 15560     |
|    policy_gradient_loss | -0.0732   |
|    std                  | 4.86      |
|    value_loss           | 3.45      |
---------------------------------------
----------------------------------------
| manipularl/             |            |
|    collision_rate       | 0.76       |
|    grasp_failure_rate   | 0.933      |
|    insert_depth_mean    | 0          |
|    insert_tilt_deg_mean | 0.139      |
|    success_rate         | 0          |
| rollout/                |            |
|    ep_len_mean          | 153        |
|    ep_rew_mean          | -7.94      |
| time/                   |            |
|    fps                  | 805        |
|    iterations           | 230        |
|    time_elapsed         | 1168       |
|    total_timesteps      | 942080     |
| train/                  |            |
|    approx_kl            | 0.11497905 |
|    clip_fraction        | 0.376      |
|    clip_range           | 0.2        |
|    entropy_loss         | -18.3      |
|    explained_variance   | 0.79       |
|    learning_rate        | 0.0003     |
|    loss                 | 0.605      |
|    n_updates            | 15570      |
|    policy_gradient_loss | -0.0725    |
|    std                  | 4.87       |
|    value_loss           | 3.67       |
----------------------------------------
----------------------------------------
| manipularl/             |            |
|    collision_rate       | 0.77       |
|    grasp_failure_rate   | 0.93       |
|    insert_depth_mean    | 0          |
|    insert_tilt_deg_mean | 0.139      |
|    success_rate         | 0          |
| rollout/                |            |
|    ep_len_mean          | 147        |
|    ep_rew_mean          | -8.41      |
| time/                   |            |
|    fps                  | 806        |
|    iterations           | 231        |
|    time_elapsed         | 1173       |
|    total_timesteps      | 946176     |
| train/                  |            |
|    approx_kl            | 0.11004782 |
|    clip_fraction        | 0.361      |
|    clip_range           | 0.2        |
|    entropy_loss         | -18.3      |
|    explained_variance   | 0.895      |
|    learning_rate        | 0.0003     |
|    loss                 | 0.412      |
|    n_updates            | 15580      |
|    policy_gradient_loss | -0.0625    |
|    std                  | 4.88       |
|    value_loss           | 2.45       |
----------------------------------------
----------------------------------------
| manipularl/             |            |
|    collision_rate       | 0.76       |
|    grasp_failure_rate   | 0.929      |
|    insert_depth_mean    | 0.000307   |
|    insert_tilt_deg_mean | 0.139      |
|    success_rate         | 0          |
| rollout/                |            |
|    ep_len_mean          | 156        |
|    ep_rew_mean          | -9.6       |
| time/                   |            |
|    fps                  | 806        |
|    iterations           | 232        |
|    time_elapsed         | 1178       |
|    total_timesteps      | 950272     |
| train/                  |            |
|    approx_kl            | 0.15459272 |
|    clip_fraction        | 0.444      |
|    clip_range           | 0.2        |
|    entropy_loss         | -18.3      |
|    explained_variance   | 0.806      |
|    learning_rate        | 0.0003     |
|    loss                 | 0.55       |
|    n_updates            | 15590      |
|    policy_gradient_loss | -0.0719    |
|    std                  | 4.89       |
|    value_loss           | 2.93       |
----------------------------------------
----------------------------------------
| manipularl/             |            |
|    collision_rate       | 0.74       |
|    grasp_failure_rate   | 0.939      |
|    insert_depth_mean    | 0.000307   |
|    insert_tilt_deg_mean | 0.0771     |
|    success_rate         | 0          |
| rollout/                |            |
|    ep_len_mean          | 162        |
|    ep_rew_mean          | -9.56      |
| time/                   |            |
|    fps                  | 806        |
|    iterations           | 233        |
|    time_elapsed         | 1183       |
|    total_timesteps      | 954368     |
| train/                  |            |
|    approx_kl            | 0.13365552 |
|    clip_fraction        | 0.42       |
|    clip_range           | 0.2        |
|    entropy_loss         | -18.3      |
|    explained_variance   | 0.833      |
|    learning_rate        | 0.0003     |
|    loss                 | 0.351      |
|    n_updates            | 15600      |
|    policy_gradient_loss | -0.0726    |
|    std                  | 4.89       |
|    value_loss           | 2.69       |
----------------------------------------
---------------------------------------
| manipularl/             |           |
|    collision_rate       | 0.72      |
|    grasp_failure_rate   | 0.931     |
|    insert_depth_mean    | 0.000307  |
|    insert_tilt_deg_mean | 0.00286   |
|    success_rate         | 0         |
| rollout/                |           |
|    ep_len_mean          | 168       |
|    ep_rew_mean          | -8.93     |
| time/                   |           |
|    fps                  | 807       |
|    iterations           | 234       |
|    time_elapsed         | 1187      |
|    total_timesteps      | 958464    |
| train/                  |           |
|    approx_kl            | 0.1259994 |
|    clip_fraction        | 0.417     |
|    clip_range           | 0.2       |
|    entropy_loss         | -18.3     |
|    explained_variance   | 0.82      |
|    learning_rate        | 0.0003    |
|    loss                 | 0.659     |
|    n_updates            | 15610     |
|    policy_gradient_loss | -0.0709   |
|    std                  | 4.91      |
|    value_loss           | 3.44      |
---------------------------------------
----------------------------------------
| manipularl/             |            |
|    collision_rate       | 0.73       |
|    grasp_failure_rate   | 0.938      |
|    insert_depth_mean    | 0.000307   |
|    insert_tilt_deg_mean | 0.00278    |
|    success_rate         | 0          |
| rollout/                |            |
|    ep_len_mean          | 168        |
|    ep_rew_mean          | -7.48      |
| time/                   |            |
|    fps                  | 807        |
|    iterations           | 235        |
|    time_elapsed         | 1192       |
|    total_timesteps      | 962560     |
| train/                  |            |
|    approx_kl            | 0.17873976 |
|    clip_fraction        | 0.455      |
|    clip_range           | 0.2        |
|    entropy_loss         | -18.3      |
|    explained_variance   | 0.855      |
|    learning_rate        | 0.0003     |
|    loss                 | 0.226      |
|    n_updates            | 15620      |
|    policy_gradient_loss | -0.0802    |
|    std                  | 4.91       |
|    value_loss           | 1.98       |
----------------------------------------
----------------------------------------
| manipularl/             |            |
|    collision_rate       | 0.76       |
|    grasp_failure_rate   | 0.935      |
|    insert_depth_mean    | 0          |
|    insert_tilt_deg_mean | 0.00249    |
|    success_rate         | 0          |
| rollout/                |            |
|    ep_len_mean          | 156        |
|    ep_rew_mean          | -7.55      |
| time/                   |            |
|    fps                  | 807        |
|    iterations           | 236        |
|    time_elapsed         | 1197       |
|    total_timesteps      | 966656     |
| train/                  |            |
|    approx_kl            | 0.14645016 |
|    clip_fraction        | 0.448      |
|    clip_range           | 0.2        |
|    entropy_loss         | -18.3      |
|    explained_variance   | 0.747      |
|    learning_rate        | 0.0003     |
|    loss                 | 0.353      |
|    n_updates            | 15630      |
|    policy_gradient_loss | -0.0759    |
|    std                  | 4.93       |
|    value_loss           | 2.59       |
----------------------------------------
----------------------------------------
| manipularl/             |            |
|    collision_rate       | 0.7        |
|    grasp_failure_rate   | 0.94       |
|    insert_depth_mean    | 0          |
|    insert_tilt_deg_mean | 0.159      |
|    success_rate         | 0          |
| rollout/                |            |
|    ep_len_mean          | 168        |
|    ep_rew_mean          | -7.1       |
| time/                   |            |
|    fps                  | 807        |
|    iterations           | 237        |
|    time_elapsed         | 1202       |
|    total_timesteps      | 970752     |
| train/                  |            |
|    approx_kl            | 0.16456082 |
|    clip_fraction        | 0.453      |
|    clip_range           | 0.2        |
|    entropy_loss         | -18.3      |
|    explained_variance   | 0.798      |
|    learning_rate        | 0.0003     |
|    loss                 | 0.287      |
|    n_updates            | 15640      |
|    policy_gradient_loss | -0.0732    |
|    std                  | 4.94       |
|    value_loss           | 2.18       |
----------------------------------------
----------------------------------------
| manipularl/             |            |
|    collision_rate       | 0.68       |
|    grasp_failure_rate   | 0.939      |
|    insert_depth_mean    | 0          |
|    insert_tilt_deg_mean | 0.159      |
|    success_rate         | 0          |
| rollout/                |            |
|    ep_len_mean          | 174        |
|    ep_rew_mean          | -7.6       |
| time/                   |            |
|    fps                  | 807        |
|    iterations           | 238        |
|    time_elapsed         | 1207       |
|    total_timesteps      | 974848     |
| train/                  |            |
|    approx_kl            | 0.14095032 |
|    clip_fraction        | 0.432      |
|    clip_range           | 0.2        |
|    entropy_loss         | -18.3      |
|    explained_variance   | 0.894      |
|    learning_rate        | 0.0003     |
|    loss                 | 0.172      |
|    n_updates            | 15650      |
|    policy_gradient_loss | -0.0735    |
|    std                  | 4.95       |
|    value_loss           | 1.92       |
----------------------------------------
----------------------------------------
| manipularl/             |            |
|    collision_rate       | 0.69       |
|    grasp_failure_rate   | 0.932      |
|    insert_depth_mean    | 0.0012     |
|    insert_tilt_deg_mean | 0.16       |
|    success_rate         | 0          |
| rollout/                |            |
|    ep_len_mean          | 167        |
|    ep_rew_mean          | -7.82      |
| time/                   |            |
|    fps                  | 807        |
|    iterations           | 239        |
|    time_elapsed         | 1213       |
|    total_timesteps      | 978944     |
| train/                  |            |
|    approx_kl            | 0.13047695 |
|    clip_fraction        | 0.422      |
|    clip_range           | 0.2        |
|    entropy_loss         | -18.4      |
|    explained_variance   | 0.866      |
|    learning_rate        | 0.0003     |
|    loss                 | 0.391      |
|    n_updates            | 15660      |
|    policy_gradient_loss | -0.0713    |
|    std                  | 4.96       |
|    value_loss           | 2.4        |
----------------------------------------
----------------------------------------
| manipularl/             |            |
|    collision_rate       | 0.73       |
|    grasp_failure_rate   | 0.934      |
|    insert_depth_mean    | 0.0012     |
|    insert_tilt_deg_mean | 0.16       |
|    success_rate         | 0          |
| rollout/                |            |
|    ep_len_mean          | 152        |
|    ep_rew_mean          | -6.7       |
| time/                   |            |
|    fps                  | 807        |
|    iterations           | 240        |
|    time_elapsed         | 1218       |
|    total_timesteps      | 983040     |
| train/                  |            |
|    approx_kl            | 0.15560827 |
|    clip_fraction        | 0.408      |
|    clip_range           | 0.2        |
|    entropy_loss         | -18.4      |
|    explained_variance   | 0.881      |
|    learning_rate        | 0.0003     |
|    loss                 | 0.68       |
|    n_updates            | 15670      |
|    policy_gradient_loss | -0.0629    |
|    std                  | 4.96       |
|    value_loss           | 3.2        |
----------------------------------------
----------------------------------------
| manipularl/             |            |
|    collision_rate       | 0.76       |
|    grasp_failure_rate   | 0.936      |
|    insert_depth_mean    | 0.0012     |
|    insert_tilt_deg_mean | 0.00336    |
|    success_rate         | 0          |
| rollout/                |            |
|    ep_len_mean          | 144        |
|    ep_rew_mean          | -6.2       |
| time/                   |            |
|    fps                  | 807        |
|    iterations           | 241        |
|    time_elapsed         | 1222       |
|    total_timesteps      | 987136     |
| train/                  |            |
|    approx_kl            | 0.14647695 |
|    clip_fraction        | 0.436      |
|    clip_range           | 0.2        |
|    entropy_loss         | -18.4      |
|    explained_variance   | 0.805      |
|    learning_rate        | 0.0003     |
|    loss                 | 0.491      |
|    n_updates            | 15680      |
|    policy_gradient_loss | -0.0808    |
|    std                  | 4.97       |
|    value_loss           | 3.17       |
----------------------------------------
----------------------------------------
| manipularl/             |            |
|    collision_rate       | 0.77       |
|    grasp_failure_rate   | 0.926      |
|    insert_depth_mean    | 0.0012     |
|    insert_tilt_deg_mean | 0.00345    |
|    success_rate         | 0          |
| rollout/                |            |
|    ep_len_mean          | 145        |
|    ep_rew_mean          | -6.06      |
| time/                   |            |
|    fps                  | 807        |
|    iterations           | 242        |
|    time_elapsed         | 1228       |
|    total_timesteps      | 991232     |
| train/                  |            |
|    approx_kl            | 0.19462903 |
|    clip_fraction        | 0.441      |
|    clip_range           | 0.2        |
|    entropy_loss         | -18.4      |
|    explained_variance   | 0.886      |
|    learning_rate        | 0.0003     |
|    loss                 | 0.135      |
|    n_updates            | 15690      |
|    policy_gradient_loss | -0.0703    |
|    std                  | 4.97       |
|    value_loss           | 1.66       |
----------------------------------------
---------------------------------------
| manipularl/             |           |
|    collision_rate       | 0.75      |
|    grasp_failure_rate   | 0.921     |
|    insert_depth_mean    | 0         |
|    insert_tilt_deg_mean | 0.00334   |
|    success_rate         | 0         |
| rollout/                |           |
|    ep_len_mean          | 150       |
|    ep_rew_mean          | -6.48     |
| time/                   |           |
|    fps                  | 806       |
|    iterations           | 243       |
|    time_elapsed         | 1233      |
|    total_timesteps      | 995328    |
| train/                  |           |
|    approx_kl            | 0.1378559 |
|    clip_fraction        | 0.44      |
|    clip_range           | 0.2       |
|    entropy_loss         | -18.4     |
|    explained_variance   | 0.789     |
|    learning_rate        | 0.0003    |
|    loss                 | 0.504     |
|    n_updates            | 15700     |
|    policy_gradient_loss | -0.0747   |
|    std                  | 4.99      |
|    value_loss           | 3.01      |
---------------------------------------
----------------------------------------
| manipularl/             |            |
|    collision_rate       | 0.71       |
|    grasp_failure_rate   | 0.927      |
|    insert_depth_mean    | 0          |
|    insert_tilt_deg_mean | 0.747      |
|    success_rate         | 0          |
| rollout/                |            |
|    ep_len_mean          | 170        |
|    ep_rew_mean          | -7.18      |
| time/                   |            |
|    fps                  | 806        |
|    iterations           | 244        |
|    time_elapsed         | 1238       |
|    total_timesteps      | 999424     |
| train/                  |            |
|    approx_kl            | 0.17704596 |
|    clip_fraction        | 0.46       |
|    clip_range           | 0.2        |
|    entropy_loss         | -18.4      |
|    explained_variance   | 0.829      |
|    learning_rate        | 0.0003     |
|    loss                 | 0.297      |
|    n_updates            | 15710      |
|    policy_gradient_loss | -0.0761    |
|    std                  | 4.99       |
|    value_loss           | 2.38       |
----------------------------------------
Eval num_timesteps=1000000, episode_reward=-5.26 +/- 13.49
Episode length: 135.05 +/- 156.92
----------------------------------------
| eval/                   |            |
|    mean_ep_length       | 135        |
|    mean_reward          | -5.26      |
| manipularl/             |            |
|    collision_rate       | 0.73       |
|    grasp_failure_rate   | 0.92       |
|    insert_depth_mean    | 0          |
|    insert_tilt_deg_mean | 0.747      |
|    success_rate         | 0          |
| time/                   |            |
|    total_timesteps      | 1000000    |
| train/                  |            |
|    approx_kl            | 0.17142724 |
|    clip_fraction        | 0.448      |
|    clip_range           | 0.2        |
|    entropy_loss         | -18.3      |
|    explained_variance   | 0.838      |
|    learning_rate        | 0.0003     |
|    loss                 | 0.296      |
|    n_updates            | 15720      |
|    policy_gradient_loss | -0.0743    |
|    std                  | 4.99       |
|    value_loss           | 2.25       |
----------------------------------------
--------------------------------------
| manipularl/             |          |
|    collision_rate       | 0.77     |
|    grasp_failure_rate   | 0.908    |
|    insert_depth_mean    | 0        |
|    insert_tilt_deg_mean | 0.747    |
|    success_rate         | 0        |
| rollout/                |          |
|    ep_len_mean          | 149      |
|    ep_rew_mean          | -7.43    |
| time/                   |          |
|    fps                  | 801      |
|    iterations           | 245      |
|    time_elapsed         | 1251     |
|    total_timesteps      | 1003520  |
--------------------------------------
----------------------------------------
| manipularl/             |            |
|    collision_rate       | 0.77       |
|    grasp_failure_rate   | 0.927      |
|    insert_depth_mean    | 0          |
|    insert_tilt_deg_mean | 0.746      |
|    success_rate         | 0          |
| rollout/                |            |
|    ep_len_mean          | 145        |
|    ep_rew_mean          | -7.17      |
| time/                   |            |
|    fps                  | 801        |
|    iterations           | 246        |
|    time_elapsed         | 1256       |
|    total_timesteps      | 1007616    |
| train/                  |            |
|    approx_kl            | 0.17127559 |
|    clip_fraction        | 0.453      |
|    clip_range           | 0.2        |
|    entropy_loss         | -18.3      |
|    explained_variance   | 0.823      |
|    learning_rate        | 0.0003     |
|    loss                 | 0.303      |
|    n_updates            | 15730      |
|    policy_gradient_loss | -0.0779    |
|    std                  | 5          |
|    value_loss           | 2.28       |
----------------------------------------
----------------------------------------
| manipularl/             |            |
|    collision_rate       | 0.77       |
|    grasp_failure_rate   | 0.937      |
|    insert_depth_mean    | 0.0018     |
|    insert_tilt_deg_mean | 0.375      |
|    success_rate         | 0          |
| rollout/                |            |
|    ep_len_mean          | 143        |
|    ep_rew_mean          | -7.27      |
| time/                   |            |
|    fps                  | 801        |
|    iterations           | 247        |
|    time_elapsed         | 1261       |
|    total_timesteps      | 1011712    |
| train/                  |            |
|    approx_kl            | 0.17700489 |
|    clip_fraction        | 0.446      |
|    clip_range           | 0.2        |
|    entropy_loss         | -18.3      |
|    explained_variance   | 0.767      |
|    learning_rate        | 0.0003     |
|    loss                 | 0.331      |
|    n_updates            | 15740      |
|    policy_gradient_loss | -0.0745    |
|    std                  | 5          |
|    value_loss           | 2.65       |
----------------------------------------
----------------------------------------
| manipularl/             |            |
|    collision_rate       | 0.77       |
|    grasp_failure_rate   | 0.953      |
|    insert_depth_mean    | 0.0018     |
|    insert_tilt_deg_mean | 0.00243    |
|    success_rate         | 0          |
| rollout/                |            |
|    ep_len_mean          | 136        |
|    ep_rew_mean          | -6.91      |
| time/                   |            |
|    fps                  | 801        |
|    iterations           | 248        |
|    time_elapsed         | 1266       |
|    total_timesteps      | 1015808    |
| train/                  |            |
|    approx_kl            | 0.15952751 |
|    clip_fraction        | 0.396      |
|    clip_range           | 0.2        |
|    entropy_loss         | -18.3      |
|    explained_variance   | 0.736      |
|    learning_rate        | 0.0003     |
|    loss                 | 0.615      |
|    n_updates            | 15750      |
|    policy_gradient_loss | -0.0613    |
|    std                  | 5          |
|    value_loss           | 3.08       |
----------------------------------------
----------------------------------------
| manipularl/             |            |
|    collision_rate       | 0.76       |
|    grasp_failure_rate   | 0.956      |
|    insert_depth_mean    | 0.0024     |
|    insert_tilt_deg_mean | 0.00309    |
|    success_rate         | 0          |
| rollout/                |            |
|    ep_len_mean          | 141        |
|    ep_rew_mean          | -7.35      |
| time/                   |            |
|    fps                  | 802        |
|    iterations           | 249        |
|    time_elapsed         | 1271       |
|    total_timesteps      | 1019904    |
| train/                  |            |
|    approx_kl            | 0.17206225 |
|    clip_fraction        | 0.435      |
|    clip_range           | 0.2        |
|    entropy_loss         | -18.3      |
|    explained_variance   | 0.828      |
|    learning_rate        | 0.0003     |
|    loss                 | 0.216      |
|    n_updates            | 15760      |
|    policy_gradient_loss | -0.0777    |
|    std                  | 5.01       |
|    value_loss           | 2.01       |
----------------------------------------
----------------------------------------
| manipularl/             |            |
|    collision_rate       | 0.73       |
|    grasp_failure_rate   | 0.956      |
|    insert_depth_mean    | 0.0018     |
|    insert_tilt_deg_mean | 0.00305    |
|    success_rate         | 0          |
| rollout/                |            |
|    ep_len_mean          | 155        |
|    ep_rew_mean          | -6.63      |
| time/                   |            |
|    fps                  | 801        |
|    iterations           | 250        |
|    time_elapsed         | 1276       |
|    total_timesteps      | 1024000    |
| train/                  |            |
|    approx_kl            | 0.15716928 |
|    clip_fraction        | 0.427      |
|    clip_range           | 0.2        |
|    entropy_loss         | -18.3      |
|    explained_variance   | 0.874      |
|    learning_rate        | 0.0003     |
|    loss                 | 0.0868     |
|    n_updates            | 15770      |
|    policy_gradient_loss | -0.0689    |
|    std                  | 5.02       |
|    value_loss           | 1.66       |
----------------------------------------
----------------------------------------
| manipularl/             |            |
|    collision_rate       | 0.76       |
|    grasp_failure_rate   | 0.947      |
|    insert_depth_mean    | 0.000601   |
|    insert_tilt_deg_mean | 0.375      |
|    success_rate         | 0          |
| rollout/                |            |
|    ep_len_mean          | 147        |
|    ep_rew_mean          | -5.18      |
| time/                   |            |
|    fps                  | 801        |
|    iterations           | 251        |
|    time_elapsed         | 1282       |
|    total_timesteps      | 1028096    |
| train/                  |            |
|    approx_kl            | 0.16073364 |
|    clip_fraction        | 0.464      |
|    clip_range           | 0.2        |
|    entropy_loss         | -18.3      |
|    explained_variance   | 0.861      |
|    learning_rate        | 0.0003     |
|    loss                 | 0.323      |
|    n_updates            | 15780      |
|    policy_gradient_loss | -0.0774    |
|    std                  | 5.03       |
|    value_loss           | 2.31       |
----------------------------------------
----------------------------------------
| manipularl/             |            |
|    collision_rate       | 0.74       |
|    grasp_failure_rate   | 0.941      |
|    insert_depth_mean    | 0.000885   |
|    insert_tilt_deg_mean | 0.375      |
|    success_rate         | 0          |
| rollout/                |            |
|    ep_len_mean          | 155        |
|    ep_rew_mean          | -5.28      |
| time/                   |            |
|    fps                  | 801        |
|    iterations           | 252        |
|    time_elapsed         | 1287       |
|    total_timesteps      | 1032192    |
| train/                  |            |
|    approx_kl            | 0.15444276 |
|    clip_fraction        | 0.431      |
|    clip_range           | 0.2        |
|    entropy_loss         | -18.3      |
|    explained_variance   | 0.765      |
|    learning_rate        | 0.0003     |
|    loss                 | 0.374      |
|    n_updates            | 15790      |
|    policy_gradient_loss | -0.0749    |
|    std                  | 5.04       |
|    value_loss           | 2.97       |
----------------------------------------
----------------------------------------
| manipularl/             |            |
|    collision_rate       | 0.77       |
|    grasp_failure_rate   | 0.925      |
|    insert_depth_mean    | 0.000284   |
|    insert_tilt_deg_mean | 0.375      |
|    success_rate         | 0          |
| rollout/                |            |
|    ep_len_mean          | 150        |
|    ep_rew_mean          | -4.83      |
| time/                   |            |
|    fps                  | 801        |
|    iterations           | 253        |
|    time_elapsed         | 1292       |
|    total_timesteps      | 1036288    |
| train/                  |            |
|    approx_kl            | 0.19190904 |
|    clip_fraction        | 0.454      |
|    clip_range           | 0.2        |
|    entropy_loss         | -18.4      |
|    explained_variance   | 0.827      |
|    learning_rate        | 0.0003     |
|    loss                 | 0.207      |
|    n_updates            | 15800      |
|    policy_gradient_loss | -0.0728    |
|    std                  | 5.05       |
|    value_loss           | 1.9        |
----------------------------------------
----------------------------------------
| manipularl/             |            |
|    collision_rate       | 0.73       |
|    grasp_failure_rate   | 0.933      |
|    insert_depth_mean    | 0.000885   |
|    insert_tilt_deg_mean | 1.12       |
|    success_rate         | 0          |
| rollout/                |            |
|    ep_len_mean          | 156        |
|    ep_rew_mean          | -5.42      |
| time/                   |            |
|    fps                  | 801        |
|    iterations           | 254        |
|    time_elapsed         | 1297       |
|    total_timesteps      | 1040384    |
| train/                  |            |
|    approx_kl            | 0.17382343 |
|    clip_fraction        | 0.46       |
|    clip_range           | 0.2        |
|    entropy_loss         | -18.4      |
|    explained_variance   | 0.774      |
|    learning_rate        | 0.0003     |
|    loss                 | 0.353      |
|    n_updates            | 15810      |
|    policy_gradient_loss | -0.0795    |
|    std                  | 5.06       |
|    value_loss           | 2.58       |
----------------------------------------
----------------------------------------
| manipularl/             |            |
|    collision_rate       | 0.75       |
|    grasp_failure_rate   | 0.925      |
|    insert_depth_mean    | 0.000601   |
|    insert_tilt_deg_mean | 1.12       |
|    success_rate         | 0          |
| rollout/                |            |
|    ep_len_mean          | 149        |
|    ep_rew_mean          | -4.78      |
| time/                   |            |
|    fps                  | 801        |
|    iterations           | 255        |
|    time_elapsed         | 1302       |
|    total_timesteps      | 1044480    |
| train/                  |            |
|    approx_kl            | 0.15837224 |
|    clip_fraction        | 0.446      |
|    clip_range           | 0.2        |
|    entropy_loss         | -18.4      |
|    explained_variance   | 0.821      |
|    learning_rate        | 0.0003     |
|    loss                 | 0.341      |
|    n_updates            | 15820      |
|    policy_gradient_loss | -0.0714    |
|    std                  | 5.08       |
|    value_loss           | 2.58       |
----------------------------------------
----------------------------------------
| manipularl/             |            |
|    collision_rate       | 0.78       |
|    grasp_failure_rate   | 0.918      |
|    insert_depth_mean    | 0.000645   |
|    insert_tilt_deg_mean | 1.12       |
|    success_rate         | 0          |
| rollout/                |            |
|    ep_len_mean          | 136        |
|    ep_rew_mean          | -5.01      |
| time/                   |            |
|    fps                  | 801        |
|    iterations           | 256        |
|    time_elapsed         | 1307       |
|    total_timesteps      | 1048576    |
| train/                  |            |
|    approx_kl            | 0.14121313 |
|    clip_fraction        | 0.428      |
|    clip_range           | 0.2        |
|    entropy_loss         | -18.4      |
|    explained_variance   | 0.79       |
|    learning_rate        | 0.0003     |
|    loss                 | 0.347      |
|    n_updates            | 15830      |
|    policy_gradient_loss | -0.0749    |
|    std                  | 5.09       |
|    value_loss           | 2.84       |
----------------------------------------
----------------------------------------
| manipularl/             |            |
|    collision_rate       | 0.77       |
|    grasp_failure_rate   | 0.928      |
|    insert_depth_mean    | 0.000811   |
|    insert_tilt_deg_mean | 0.747      |
|    success_rate         | 0          |
| rollout/                |            |
|    ep_len_mean          | 148        |
|    ep_rew_mean          | -6.14      |
| time/                   |            |
|    fps                  | 800        |
|    iterations           | 257        |
|    time_elapsed         | 1314       |
|    total_timesteps      | 1052672    |
| train/                  |            |
|    approx_kl            | 0.17349249 |
|    clip_fraction        | 0.467      |
|    clip_range           | 0.2        |
|    entropy_loss         | -18.4      |
|    explained_variance   | 0.842      |
|    learning_rate        | 0.0003     |
|    loss                 | 0.191      |
|    n_updates            | 15840      |
|    policy_gradient_loss | -0.0789    |
|    std                  | 5.11       |
|    value_loss           | 1.92       |
----------------------------------------
----------------------------------------
| manipularl/             |            |
|    collision_rate       | 0.76       |
|    grasp_failure_rate   | 0.923      |
|    insert_depth_mean    | 0.000811   |
|    insert_tilt_deg_mean | 0.395      |
|    success_rate         | 0          |
| rollout/                |            |
|    ep_len_mean          | 154        |
|    ep_rew_mean          | -6.59      |
| time/                   |            |
|    fps                  | 800        |
|    iterations           | 258        |
|    time_elapsed         | 1320       |
|    total_timesteps      | 1056768    |
| train/                  |            |
|    approx_kl            | 0.15719265 |
|    clip_fraction        | 0.437      |
|    clip_range           | 0.2        |
|    entropy_loss         | -18.4      |
|    explained_variance   | 0.8        |
|    learning_rate        | 0.0003     |
|    loss                 | 0.393      |
|    n_updates            | 15850      |
|    policy_gradient_loss | -0.0687    |
|    std                  | 5.12       |
|    value_loss           | 2.59       |
----------------------------------------
----------------------------------------
| manipularl/             |            |
|    collision_rate       | 0.77       |
|    grasp_failure_rate   | 0.938      |
|    insert_depth_mean    | 0.000811   |
|    insert_tilt_deg_mean | 0.0229     |
|    success_rate         | 0          |
| rollout/                |            |
|    ep_len_mean          | 147        |
|    ep_rew_mean          | -6.77      |
| time/                   |            |
|    fps                  | 798        |
|    iterations           | 259        |
|    time_elapsed         | 1327       |
|    total_timesteps      | 1060864    |
| train/                  |            |
|    approx_kl            | 0.15899247 |
|    clip_fraction        | 0.431      |
|    clip_range           | 0.2        |
|    entropy_loss         | -18.4      |
|    explained_variance   | 0.821      |
|    learning_rate        | 0.0003     |
|    loss                 | 0.411      |
|    n_updates            | 15860      |
|    policy_gradient_loss | -0.0729    |
|    std                  | 5.13       |
|    value_loss           | 2.79       |
----------------------------------------
----------------------------------------
| manipularl/             |            |
|    collision_rate       | 0.78       |
|    grasp_failure_rate   | 0.931      |
|    insert_depth_mean    | 0.000766   |
|    insert_tilt_deg_mean | 0.395      |
|    success_rate         | 0          |
| rollout/                |            |
|    ep_len_mean          | 143        |
|    ep_rew_mean          | -5.49      |
| time/                   |            |
|    fps                  | 798        |
|    iterations           | 260        |
|    time_elapsed         | 1333       |
|    total_timesteps      | 1064960    |
| train/                  |            |
|    approx_kl            | 0.18703651 |
|    clip_fraction        | 0.459      |
|    clip_range           | 0.2        |
|    entropy_loss         | -18.4      |
|    explained_variance   | 0.829      |
|    learning_rate        | 0.0003     |
|    loss                 | 0.28       |
|    n_updates            | 15870      |
|    policy_gradient_loss | -0.0801    |
|    std                  | 5.14       |
|    value_loss           | 2.63       |
----------------------------------------
----------------------------------------
| manipularl/             |            |
|    collision_rate       | 0.78       |
|    grasp_failure_rate   | 0.933      |
|    insert_depth_mean    | 0          |
|    insert_tilt_deg_mean | 0.43       |
|    success_rate         | 0          |
| rollout/                |            |
|    ep_len_mean          | 139        |
|    ep_rew_mean          | -4.64      |
| time/                   |            |
|    fps                  | 797        |
|    iterations           | 261        |
|    time_elapsed         | 1339       |
|    total_timesteps      | 1069056    |
| train/                  |            |
|    approx_kl            | 0.18271852 |
|    clip_fraction        | 0.452      |
|    clip_range           | 0.2        |
|    entropy_loss         | -18.4      |
|    explained_variance   | 0.819      |
|    learning_rate        | 0.0003     |
|    loss                 | 0.334      |
|    n_updates            | 15880      |
|    policy_gradient_loss | -0.0693    |
|    std                  | 5.15       |
|    value_loss           | 2.64       |
----------------------------------------
----------------------------------------
| manipularl/             |            |
|    collision_rate       | 0.79       |
|    grasp_failure_rate   | 0.921      |
|    insert_depth_mean    | 0          |
|    insert_tilt_deg_mean | 0.41       |
|    success_rate         | 0          |
| rollout/                |            |
|    ep_len_mean          | 138        |
|    ep_rew_mean          | -3.27      |
| time/                   |            |
|    fps                  | 797        |
|    iterations           | 262        |
|    time_elapsed         | 1345       |
|    total_timesteps      | 1073152    |
| train/                  |            |
|    approx_kl            | 0.17972344 |
|    clip_fraction        | 0.466      |
|    clip_range           | 0.2        |
|    entropy_loss         | -18.4      |
|    explained_variance   | 0.784      |
|    learning_rate        | 0.0003     |
|    loss                 | 0.226      |
|    n_updates            | 15890      |
|    policy_gradient_loss | -0.0725    |
|    std                  | 5.16       |
|    value_loss           | 2.11       |
----------------------------------------
----------------------------------------
| manipularl/             |            |
|    collision_rate       | 0.76       |
|    grasp_failure_rate   | 0.923      |
|    insert_depth_mean    | 0          |
|    insert_tilt_deg_mean | 0.781      |
|    success_rate         | 0          |
| rollout/                |            |
|    ep_len_mean          | 155        |
|    ep_rew_mean          | -3.75      |
| time/                   |            |
|    fps                  | 797        |
|    iterations           | 263        |
|    time_elapsed         | 1351       |
|    total_timesteps      | 1077248    |
| train/                  |            |
|    approx_kl            | 0.14518026 |
|    clip_fraction        | 0.439      |
|    clip_range           | 0.2        |
|    entropy_loss         | -18.4      |
|    explained_variance   | 0.804      |
|    learning_rate        | 0.0003     |
|    loss                 | 0.336      |
|    n_updates            | 15900      |
|    policy_gradient_loss | -0.071     |
|    std                  | 5.17       |
|    value_loss           | 2.25       |
----------------------------------------
---------------------------------------
| manipularl/             |           |
|    collision_rate       | 0.77      |
|    grasp_failure_rate   | 0.924     |
|    insert_depth_mean    | 0         |
|    insert_tilt_deg_mean | 0.409     |
|    success_rate         | 0         |
| rollout/                |           |
|    ep_len_mean          | 149       |
|    ep_rew_mean          | -4.37     |
| time/                   |           |
|    fps                  | 796       |
|    iterations           | 264       |
|    time_elapsed         | 1357      |
|    total_timesteps      | 1081344   |
| train/                  |           |
|    approx_kl            | 0.1588045 |
|    clip_fraction        | 0.442     |
|    clip_range           | 0.2       |
|    entropy_loss         | -18.4     |
|    explained_variance   | 0.818     |
|    learning_rate        | 0.0003    |
|    loss                 | 0.305     |
|    n_updates            | 15910     |
|    policy_gradient_loss | -0.0722   |
|    std                  | 5.17      |
|    value_loss           | 2.43      |
---------------------------------------
----------------------------------------
| manipularl/             |            |
|    collision_rate       | 0.78       |
|    grasp_failure_rate   | 0.921      |
|    insert_depth_mean    | 0          |
|    insert_tilt_deg_mean | 0.38       |
|    success_rate         | 0          |
| rollout/                |            |
|    ep_len_mean          | 139        |
|    ep_rew_mean          | -3.74      |
| time/                   |            |
|    fps                  | 796        |
|    iterations           | 265        |
|    time_elapsed         | 1363       |
|    total_timesteps      | 1085440    |
| train/                  |            |
|    approx_kl            | 0.17721644 |
|    clip_fraction        | 0.466      |
|    clip_range           | 0.2        |
|    entropy_loss         | -18.4      |
|    explained_variance   | 0.867      |
|    learning_rate        | 0.0003     |
|    loss                 | 0.152      |
|    n_updates            | 15920      |
|    policy_gradient_loss | -0.0727    |
|    std                  | 5.19       |
|    value_loss           | 1.89       |
----------------------------------------
----------------------------------------
| manipularl/             |            |
|    collision_rate       | 0.76       |
|    grasp_failure_rate   | 0.926      |
|    insert_depth_mean    | 0          |
|    insert_tilt_deg_mean | 0.38       |
|    success_rate         | 0          |
| rollout/                |            |
|    ep_len_mean          | 148        |
|    ep_rew_mean          | -4.71      |
| time/                   |            |
|    fps                  | 795        |
|    iterations           | 266        |
|    time_elapsed         | 1369       |
|    total_timesteps      | 1089536    |
| train/                  |            |
|    approx_kl            | 0.14679238 |
|    clip_fraction        | 0.45       |
|    clip_range           | 0.2        |
|    entropy_loss         | -18.5      |
|    explained_variance   | 0.807      |
|    learning_rate        | 0.0003     |
|    loss                 | 0.289      |
|    n_updates            | 15930      |
|    policy_gradient_loss | -0.0748    |
|    std                  | 5.22       |
|    value_loss           | 2.28       |
----------------------------------------
----------------------------------------
| manipularl/             |            |
|    collision_rate       | 0.72       |
|    grasp_failure_rate   | 0.934      |
|    insert_depth_mean    | 0          |
|    insert_tilt_deg_mean | 0.00811    |
|    success_rate         | 0          |
| rollout/                |            |
|    ep_len_mean          | 162        |
|    ep_rew_mean          | -7.88      |
| time/                   |            |
|    fps                  | 795        |
|    iterations           | 267        |
|    time_elapsed         | 1374       |
|    total_timesteps      | 1093632    |
| train/                  |            |
|    approx_kl            | 0.15494129 |
|    clip_fraction        | 0.42       |
|    clip_range           | 0.2        |
|    entropy_loss         | -18.5      |
|    explained_variance   | 0.825      |
|    learning_rate        | 0.0003     |
|    loss                 | 0.379      |
|    n_updates            | 15940      |
|    policy_gradient_loss | -0.0717    |
|    std                  | 5.23       |
|    value_loss           | 2.59       |
----------------------------------------
-----------------------------------------
| manipularl/             |             |
|    collision_rate       | 0.72        |
|    grasp_failure_rate   | 0.942       |
|    insert_depth_mean    | 0           |
|    insert_tilt_deg_mean | 0.0487      |
|    success_rate         | 0           |
| rollout/                |             |
|    ep_len_mean          | 160         |
|    ep_rew_mean          | -7.88       |
| time/                   |             |
|    fps                  | 795         |
|    iterations           | 268         |
|    time_elapsed         | 1380        |
|    total_timesteps      | 1097728     |
| train/                  |             |
|    approx_kl            | 0.112099335 |
|    clip_fraction        | 0.428       |
|    clip_range           | 0.2         |
|    entropy_loss         | -18.5       |
|    explained_variance   | 0.897       |
|    learning_rate        | 0.0003      |
|    loss                 | 0.379       |
|    n_updates            | 15950       |
|    policy_gradient_loss | -0.0628     |
|    std                  | 5.23        |
|    value_loss           | 2.15        |
-----------------------------------------
----------------------------------------
| manipularl/             |            |
|    collision_rate       | 0.71       |
|    grasp_failure_rate   | 0.944      |
|    insert_depth_mean    | 0          |
|    insert_tilt_deg_mean | 0.0672     |
|    success_rate         | 0          |
| rollout/                |            |
|    ep_len_mean          | 168        |
|    ep_rew_mean          | -8.53      |
| time/                   |            |
|    fps                  | 794        |
|    iterations           | 269        |
|    time_elapsed         | 1386       |
|    total_timesteps      | 1101824    |
| train/                  |            |
|    approx_kl            | 0.16812214 |
|    clip_fraction        | 0.451      |
|    clip_range           | 0.2        |
|    entropy_loss         | -18.5      |
|    explained_variance   | 0.833      |
|    learning_rate        | 0.0003     |
|    loss                 | 0.264      |
|    n_updates            | 15960      |
|    policy_gradient_loss | -0.0767    |
|    std                  | 5.25       |
|    value_loss           | 2.14       |
----------------------------------------
----------------------------------------
| manipularl/             |            |
|    collision_rate       | 0.73       |
|    grasp_failure_rate   | 0.944      |
|    insert_depth_mean    | 0          |
|    insert_tilt_deg_mean | 0.0872     |
|    success_rate         | 0          |
| rollout/                |            |
|    ep_len_mean          | 160        |
|    ep_rew_mean          | -9.67      |
| time/                   |            |
|    fps                  | 794        |
|    iterations           | 270        |
|    time_elapsed         | 1391       |
|    total_timesteps      | 1105920    |
| train/                  |            |
|    approx_kl            | 0.10465148 |
|    clip_fraction        | 0.362      |
|    clip_range           | 0.2        |
|    entropy_loss         | -18.5      |
|    explained_variance   | 0.828      |
|    learning_rate        | 0.0003     |
|    loss                 | 0.338      |
|    n_updates            | 15970      |
|    policy_gradient_loss | -0.0665    |
|    std                  | 5.26       |
|    value_loss           | 2.51       |
----------------------------------------
-----------------------------------------
| manipularl/             |             |
|    collision_rate       | 0.72        |
|    grasp_failure_rate   | 0.945       |
|    insert_depth_mean    | 0           |
|    insert_tilt_deg_mean | 0.0873      |
|    success_rate         | 0           |
| rollout/                |             |
|    ep_len_mean          | 158         |
|    ep_rew_mean          | -7.05       |
| time/                   |             |
|    fps                  | 794         |
|    iterations           | 271         |
|    time_elapsed         | 1397        |
|    total_timesteps      | 1110016     |
| train/                  |             |
|    approx_kl            | 0.121173084 |
|    clip_fraction        | 0.414       |
|    clip_range           | 0.2         |
|    entropy_loss         | -18.5       |
|    explained_variance   | 0.789       |
|    learning_rate        | 0.0003      |
|    loss                 | 0.335       |
|    n_updates            | 15980       |
|    policy_gradient_loss | -0.0709     |
|    std                  | 5.27        |
|    value_loss           | 2.12        |
-----------------------------------------
---------------------------------------
| manipularl/             |           |
|    collision_rate       | 0.69      |
|    grasp_failure_rate   | 0.947     |
|    insert_depth_mean    | 0         |
|    insert_tilt_deg_mean | 0.0874    |
|    success_rate         | 0         |
| rollout/                |           |
|    ep_len_mean          | 168       |
|    ep_rew_mean          | -7.86     |
| time/                   |           |
|    fps                  | 793       |
|    iterations           | 272       |
|    time_elapsed         | 1403      |
|    total_timesteps      | 1114112   |
| train/                  |           |
|    approx_kl            | 0.1580416 |
|    clip_fraction        | 0.449     |
|    clip_range           | 0.2       |
|    entropy_loss         | -18.5     |
|    explained_variance   | 0.85      |
|    learning_rate        | 0.0003    |
|    loss                 | 0.159     |
|    n_updates            | 15990     |
|    policy_gradient_loss | -0.0748   |
|    std                  | 5.27      |
|    value_loss           | 1.88      |
---------------------------------------
----------------------------------------
| manipularl/             |            |
|    collision_rate       | 0.69       |
|    grasp_failure_rate   | 0.951      |
|    insert_depth_mean    | 0          |
|    insert_tilt_deg_mean | 0.0634     |
|    success_rate         | 0          |
| rollout/                |            |
|    ep_len_mean          | 168        |
|    ep_rew_mean          | -9.69      |
| time/                   |            |
|    fps                  | 793        |
|    iterations           | 273        |
|    time_elapsed         | 1409       |
|    total_timesteps      | 1118208    |
| train/                  |            |
|    approx_kl            | 0.19757277 |
|    clip_fraction        | 0.479      |
|    clip_range           | 0.2        |
|    entropy_loss         | -18.5      |
|    explained_variance   | 0.894      |
|    learning_rate        | 0.0003     |
|    loss                 | 0.0992     |
|    n_updates            | 16000      |
|    policy_gradient_loss | -0.0752    |
|    std                  | 5.29       |
|    value_loss           | 1.6        |
----------------------------------------
----------------------------------------
| manipularl/             |            |
|    collision_rate       | 0.69       |
|    grasp_failure_rate   | 0.949      |
|    insert_depth_mean    | 0          |
|    insert_tilt_deg_mean | 0.075      |
|    success_rate         | 0          |
| rollout/                |            |
|    ep_len_mean          | 166        |
|    ep_rew_mean          | -8.13      |
| time/                   |            |
|    fps                  | 793        |
|    iterations           | 274        |
|    time_elapsed         | 1414       |
|    total_timesteps      | 1122304    |
| train/                  |            |
|    approx_kl            | 0.13847943 |
|    clip_fraction        | 0.402      |
|    clip_range           | 0.2        |
|    entropy_loss         | -18.5      |
|    explained_variance   | 0.84       |
|    learning_rate        | 0.0003     |
|    loss                 | 0.539      |
|    n_updates            | 16010      |
|    policy_gradient_loss | -0.0694    |
|    std                  | 5.3        |
|    value_loss           | 2.81       |
----------------------------------------
----------------------------------------
| manipularl/             |            |
|    collision_rate       | 0.73       |
|    grasp_failure_rate   | 0.938      |
|    insert_depth_mean    | 0          |
|    insert_tilt_deg_mean | 0.0751     |
|    success_rate         | 0          |
| rollout/                |            |
|    ep_len_mean          | 154        |
|    ep_rew_mean          | -6.93      |
| time/                   |            |
|    fps                  | 792        |
|    iterations           | 275        |
|    time_elapsed         | 1421       |
|    total_timesteps      | 1126400    |
| train/                  |            |
|    approx_kl            | 0.17919344 |
|    clip_fraction        | 0.431      |
|    clip_range           | 0.2        |
|    entropy_loss         | -18.6      |
|    explained_variance   | 0.817      |
|    learning_rate        | 0.0003     |
|    loss                 | 0.226      |
|    n_updates            | 16020      |
|    policy_gradient_loss | -0.0778    |
|    std                  | 5.32       |
|    value_loss           | 2.17       |
----------------------------------------
----------------------------------------
| manipularl/             |            |
|    collision_rate       | 0.75       |
|    grasp_failure_rate   | 0.933      |
|    insert_depth_mean    | 0          |
|    insert_tilt_deg_mean | 0.0749     |
|    success_rate         | 0          |
| rollout/                |            |
|    ep_len_mean          | 153        |
|    ep_rew_mean          | -8.41      |
| time/                   |            |
|    fps                  | 792        |
|    iterations           | 276        |
|    time_elapsed         | 1426       |
|    total_timesteps      | 1130496    |
| train/                  |            |
|    approx_kl            | 0.18669707 |
|    clip_fraction        | 0.479      |
|    clip_range           | 0.2        |
|    entropy_loss         | -18.6      |
|    explained_variance   | 0.851      |
|    learning_rate        | 0.0003     |
|    loss                 | 0.384      |
|    n_updates            | 16030      |
|    policy_gradient_loss | -0.0721    |
|    std                  | 5.33       |
|    value_loss           | 2.5        |
----------------------------------------
----------------------------------------
| manipularl/             |            |
|    collision_rate       | 0.72       |
|    grasp_failure_rate   | 0.935      |
|    insert_depth_mean    | 0.000225   |
|    insert_tilt_deg_mean | 0.0749     |
|    success_rate         | 0          |
| rollout/                |            |
|    ep_len_mean          | 163        |
|    ep_rew_mean          | -8.5       |
| time/                   |            |
|    fps                  | 792        |
|    iterations           | 277        |
|    time_elapsed         | 1432       |
|    total_timesteps      | 1134592    |
| train/                  |            |
|    approx_kl            | 0.12521972 |
|    clip_fraction        | 0.392      |
|    clip_range           | 0.2        |
|    entropy_loss         | -18.5      |
|    explained_variance   | 0.743      |
|    learning_rate        | 0.0003     |
|    loss                 | 0.401      |
|    n_updates            | 16040      |
|    policy_gradient_loss | -0.0705    |
|    std                  | 5.33       |
|    value_loss           | 2.94       |
----------------------------------------
----------------------------------------
| manipularl/             |            |
|    collision_rate       | 0.69       |
|    grasp_failure_rate   | 0.938      |
|    insert_depth_mean    | 0.000225   |
|    insert_tilt_deg_mean | 0.12       |
|    success_rate         | 0          |
| rollout/                |            |
|    ep_len_mean          | 167        |
|    ep_rew_mean          | -9.36      |
| time/                   |            |
|    fps                  | 792        |
|    iterations           | 278        |
|    time_elapsed         | 1437       |
|    total_timesteps      | 1138688    |
| train/                  |            |
|    approx_kl            | 0.13563015 |
|    clip_fraction        | 0.393      |
|    clip_range           | 0.2        |
|    entropy_loss         | -18.6      |
|    explained_variance   | 0.889      |
|    learning_rate        | 0.0003     |
|    loss                 | 0.216      |
|    n_updates            | 16050      |
|    policy_gradient_loss | -0.0677    |
|    std                  | 5.34       |
|    value_loss           | 1.82       |
----------------------------------------
----------------------------------------
| manipularl/             |            |
|    collision_rate       | 0.71       |
|    grasp_failure_rate   | 0.939      |
|    insert_depth_mean    | 0.000225   |
|    insert_tilt_deg_mean | 0.079      |
|    success_rate         | 0          |
| rollout/                |            |
|    ep_len_mean          | 161        |
|    ep_rew_mean          | -10.6      |
| time/                   |            |
|    fps                  | 791        |
|    iterations           | 279        |
|    time_elapsed         | 1443       |
|    total_timesteps      | 1142784    |
| train/                  |            |
|    approx_kl            | 0.17026708 |
|    clip_fraction        | 0.465      |
|    clip_range           | 0.2        |
|    entropy_loss         | -18.6      |
|    explained_variance   | 0.893      |
|    learning_rate        | 0.0003     |
|    loss                 | 0.174      |
|    n_updates            | 16060      |
|    policy_gradient_loss | -0.0712    |
|    std                  | 5.35       |
|    value_loss           | 1.7        |
----------------------------------------
----------------------------------------
| manipularl/             |            |
|    collision_rate       | 0.68       |
|    grasp_failure_rate   | 0.945      |
|    insert_depth_mean    | 0.000225   |
|    insert_tilt_deg_mean | 0.079      |
|    success_rate         | 0          |
| rollout/                |            |
|    ep_len_mean          | 164        |
|    ep_rew_mean          | -9.68      |
| time/                   |            |
|    fps                  | 791        |
|    iterations           | 280        |
|    time_elapsed         | 1448       |
|    total_timesteps      | 1146880    |
| train/                  |            |
|    approx_kl            | 0.12743782 |
|    clip_fraction        | 0.406      |
|    clip_range           | 0.2        |
|    entropy_loss         | -18.6      |
|    explained_variance   | 0.798      |
|    learning_rate        | 0.0003     |
|    loss                 | 0.483      |
|    n_updates            | 16070      |
|    policy_gradient_loss | -0.0697    |
|    std                  | 5.36       |
|    value_loss           | 2.9        |
----------------------------------------
----------------------------------------
| manipularl/             |            |
|    collision_rate       | 0.72       |
|    grasp_failure_rate   | 0.949      |
|    insert_depth_mean    | 0          |
|    insert_tilt_deg_mean | 0.118      |
|    success_rate         | 0          |
| rollout/                |            |
|    ep_len_mean          | 151        |
|    ep_rew_mean          | -7.22      |
| time/                   |            |
|    fps                  | 791        |
|    iterations           | 281        |
|    time_elapsed         | 1453       |
|    total_timesteps      | 1150976    |
| train/                  |            |
|    approx_kl            | 0.15410112 |
|    clip_fraction        | 0.406      |
|    clip_range           | 0.2        |
|    entropy_loss         | -18.6      |
|    explained_variance   | 0.87       |
|    learning_rate        | 0.0003     |
|    loss                 | 0.233      |
|    n_updates            | 16080      |
|    policy_gradient_loss | -0.0702    |
|    std                  | 5.38       |
|    value_loss           | 1.75       |
----------------------------------------
----------------------------------------
| manipularl/             |            |
|    collision_rate       | 0.75       |
|    grasp_failure_rate   | 0.952      |
|    insert_depth_mean    | 0          |
|    insert_tilt_deg_mean | 0.0852     |
|    success_rate         | 0          |
| rollout/                |            |
|    ep_len_mean          | 145        |
|    ep_rew_mean          | -7.87      |
| time/                   |            |
|    fps                  | 791        |
|    iterations           | 282        |
|    time_elapsed         | 1459       |
|    total_timesteps      | 1155072    |
| train/                  |            |
|    approx_kl            | 0.18128802 |
|    clip_fraction        | 0.475      |
|    clip_range           | 0.2        |
|    entropy_loss         | -18.6      |
|    explained_variance   | 0.886      |
|    learning_rate        | 0.0003     |
|    loss                 | 0.233      |
|    n_updates            | 16090      |
|    policy_gradient_loss | -0.0788    |
|    std                  | 5.39       |
|    value_loss           | 2.06       |
----------------------------------------
----------------------------------------
| manipularl/             |            |
|    collision_rate       | 0.76       |
|    grasp_failure_rate   | 0.95       |
|    insert_depth_mean    | 0          |
|    insert_tilt_deg_mean | 0.0852     |
|    success_rate         | 0          |
| rollout/                |            |
|    ep_len_mean          | 147        |
|    ep_rew_mean          | -7         |
| time/                   |            |
|    fps                  | 791        |
|    iterations           | 283        |
|    time_elapsed         | 1463       |
|    total_timesteps      | 1159168    |
| train/                  |            |
|    approx_kl            | 0.14369406 |
|    clip_fraction        | 0.456      |
|    clip_range           | 0.2        |
|    entropy_loss         | -18.6      |
|    explained_variance   | 0.819      |
|    learning_rate        | 0.0003     |
|    loss                 | 0.59       |
|    n_updates            | 16100      |
|    policy_gradient_loss | -0.077     |
|    std                  | 5.39       |
|    value_loss           | 3.49       |
----------------------------------------
----------------------------------------
| manipularl/             |            |
|    collision_rate       | 0.8        |
|    grasp_failure_rate   | 0.96       |
|    insert_depth_mean    | 0          |
|    insert_tilt_deg_mean | 0.126      |
|    success_rate         | 0          |
| rollout/                |            |
|    ep_len_mean          | 137        |
|    ep_rew_mean          | -7.2       |
| time/                   |            |
|    fps                  | 792        |
|    iterations           | 284        |
|    time_elapsed         | 1468       |
|    total_timesteps      | 1163264    |
| train/                  |            |
|    approx_kl            | 0.09631101 |
|    clip_fraction        | 0.345      |
|    clip_range           | 0.2        |
|    entropy_loss         | -18.6      |
|    explained_variance   | 0.752      |
|    learning_rate        | 0.0003     |
|    loss                 | 0.514      |
|    n_updates            | 16110      |
|    policy_gradient_loss | -0.0638    |
|    std                  | 5.4        |
|    value_loss           | 3.11       |
----------------------------------------
----------------------------------------
| manipularl/             |            |
|    collision_rate       | 0.75       |
|    grasp_failure_rate   | 0.966      |
|    insert_depth_mean    | 0          |
|    insert_tilt_deg_mean | 0.0444     |
|    success_rate         | 0          |
| rollout/                |            |
|    ep_len_mean          | 153        |
|    ep_rew_mean          | -7.2       |
| time/                   |            |
|    fps                  | 792        |
|    iterations           | 285        |
|    time_elapsed         | 1472       |
|    total_timesteps      | 1167360    |
| train/                  |            |
|    approx_kl            | 0.17215982 |
|    clip_fraction        | 0.446      |
|    clip_range           | 0.2        |
|    entropy_loss         | -18.6      |
|    explained_variance   | 0.892      |
|    learning_rate        | 0.0003     |
|    loss                 | 0.101      |
|    n_updates            | 16120      |
|    policy_gradient_loss | -0.0725    |
|    std                  | 5.41       |
|    value_loss           | 1.64       |
----------------------------------------
----------------------------------------
| manipularl/             |            |
|    collision_rate       | 0.76       |
|    grasp_failure_rate   | 0.957      |
|    insert_depth_mean    | 0          |
|    insert_tilt_deg_mean | 0.043      |
|    success_rate         | 0          |
| rollout/                |            |
|    ep_len_mean          | 149        |
|    ep_rew_mean          | -6.07      |
| time/                   |            |
|    fps                  | 793        |
|    iterations           | 286        |
|    time_elapsed         | 1477       |
|    total_timesteps      | 1171456    |
| train/                  |            |
|    approx_kl            | 0.16867465 |
|    clip_fraction        | 0.457      |
|    clip_range           | 0.2        |
|    entropy_loss         | -18.6      |
|    explained_variance   | 0.848      |
|    learning_rate        | 0.0003     |
|    loss                 | 0.307      |
|    n_updates            | 16130      |
|    policy_gradient_loss | -0.0738    |
|    std                  | 5.43       |
|    value_loss           | 2.08       |
----------------------------------------
----------------------------------------
| manipularl/             |            |
|    collision_rate       | 0.78       |
|    grasp_failure_rate   | 0.94       |
|    insert_depth_mean    | 0          |
|    insert_tilt_deg_mean | 0.0434     |
|    success_rate         | 0          |
| rollout/                |            |
|    ep_len_mean          | 139        |
|    ep_rew_mean          | -5.81      |
| time/                   |            |
|    fps                  | 793        |
|    iterations           | 287        |
|    time_elapsed         | 1481       |
|    total_timesteps      | 1175552    |
| train/                  |            |
|    approx_kl            | 0.14891846 |
|    clip_fraction        | 0.429      |
|    clip_range           | 0.2        |
|    entropy_loss         | -18.6      |
|    explained_variance   | 0.773      |
|    learning_rate        | 0.0003     |
|    loss                 | 0.608      |
|    n_updates            | 16140      |
|    policy_gradient_loss | -0.0773    |
|    std                  | 5.44       |
|    value_loss           | 3.42       |
----------------------------------------
----------------------------------------
| manipularl/             |            |
|    collision_rate       | 0.81       |
|    grasp_failure_rate   | 0.934      |
|    insert_depth_mean    | 0          |
|    insert_tilt_deg_mean | 0.00297    |
|    success_rate         | 0          |
| rollout/                |            |
|    ep_len_mean          | 131        |
|    ep_rew_mean          | -5.22      |
| time/                   |            |
|    fps                  | 793        |
|    iterations           | 288        |
|    time_elapsed         | 1486       |
|    total_timesteps      | 1179648    |
| train/                  |            |
|    approx_kl            | 0.15613723 |
|    clip_fraction        | 0.438      |
|    clip_range           | 0.2        |
|    entropy_loss         | -18.6      |
|    explained_variance   | 0.843      |
|    learning_rate        | 0.0003     |
|    loss                 | 0.396      |
|    n_updates            | 16150      |
|    policy_gradient_loss | -0.0746    |
|    std                  | 5.45       |
|    value_loss           | 2.63       |
----------------------------------------
----------------------------------------
| manipularl/             |            |
|    collision_rate       | 0.78       |
|    grasp_failure_rate   | 0.937      |
|    insert_depth_mean    | 0          |
|    insert_tilt_deg_mean | 0.0439     |
|    success_rate         | 0          |
| rollout/                |            |
|    ep_len_mean          | 137        |
|    ep_rew_mean          | -4.88      |
| time/                   |            |
|    fps                  | 794        |
|    iterations           | 289        |
|    time_elapsed         | 1490       |
|    total_timesteps      | 1183744    |
| train/                  |            |
|    approx_kl            | 0.18515325 |
|    clip_fraction        | 0.473      |
|    clip_range           | 0.2        |
|    entropy_loss         | -18.6      |
|    explained_variance   | 0.848      |
|    learning_rate        | 0.0003     |
|    loss                 | 0.189      |
|    n_updates            | 16160      |
|    policy_gradient_loss | -0.0778    |
|    std                  | 5.46       |
|    value_loss           | 2.07       |
----------------------------------------
----------------------------------------
| manipularl/             |            |
|    collision_rate       | 0.78       |
|    grasp_failure_rate   | 0.947      |
|    insert_depth_mean    | 0          |
|    insert_tilt_deg_mean | 0.0438     |
|    success_rate         | 0          |
| rollout/                |            |
|    ep_len_mean          | 130        |
|    ep_rew_mean          | -4.17      |
| time/                   |            |
|    fps                  | 794        |
|    iterations           | 290        |
|    time_elapsed         | 1494       |
|    total_timesteps      | 1187840    |
| train/                  |            |
|    approx_kl            | 0.18365864 |
|    clip_fraction        | 0.448      |
|    clip_range           | 0.2        |
|    entropy_loss         | -18.6      |
|    explained_variance   | 0.854      |
|    learning_rate        | 0.0003     |
|    loss                 | 0.166      |
|    n_updates            | 16170      |
|    policy_gradient_loss | -0.0723    |
|    std                  | 5.47       |
|    value_loss           | 2.05       |
----------------------------------------
----------------------------------------
| manipularl/             |            |
|    collision_rate       | 0.82       |
|    grasp_failure_rate   | 0.939      |
|    insert_depth_mean    | 0          |
|    insert_tilt_deg_mean | 0.0438     |
|    success_rate         | 0          |
| rollout/                |            |
|    ep_len_mean          | 121        |
|    ep_rew_mean          | -5.13      |
| time/                   |            |
|    fps                  | 795        |
|    iterations           | 291        |
|    time_elapsed         | 1499       |
|    total_timesteps      | 1191936    |
| train/                  |            |
|    approx_kl            | 0.13791114 |
|    clip_fraction        | 0.406      |
|    clip_range           | 0.2        |
|    entropy_loss         | -18.6      |
|    explained_variance   | 0.778      |
|    learning_rate        | 0.0003     |
|    loss                 | 0.34       |
|    n_updates            | 16180      |
|    policy_gradient_loss | -0.0605    |
|    std                  | 5.47       |
|    value_loss           | 2.53       |
----------------------------------------
----------------------------------------
| manipularl/             |            |
|    collision_rate       | 0.83       |
|    grasp_failure_rate   | 0.944      |
|    insert_depth_mean    | 0.000245   |
|    insert_tilt_deg_mean | 0.00286    |
|    success_rate         | 0          |
| rollout/                |            |
|    ep_len_mean          | 119        |
|    ep_rew_mean          | -5.49      |
| time/                   |            |
|    fps                  | 795        |
|    iterations           | 292        |
|    time_elapsed         | 1503       |
|    total_timesteps      | 1196032    |
| train/                  |            |
|    approx_kl            | 0.15979233 |
|    clip_fraction        | 0.444      |
|    clip_range           | 0.2        |
|    entropy_loss         | -18.6      |
|    explained_variance   | 0.739      |
|    learning_rate        | 0.0003     |
|    loss                 | 0.369      |
|    n_updates            | 16190      |
|    policy_gradient_loss | -0.0803    |
|    std                  | 5.48       |
|    value_loss           | 2.66       |
----------------------------------------
Eval num_timesteps=1200000, episode_reward=-4.43 +/- 14.95
Episode length: 87.70 +/- 114.65
----------------------------------------
| eval/                   |            |
|    mean_ep_length       | 87.7       |
|    mean_reward          | -4.43      |
| manipularl/             |            |
|    collision_rate       | 0.8        |
|    grasp_failure_rate   | 0.95       |
|    insert_depth_mean    | 0.000245   |
|    insert_tilt_deg_mean | 0.00283    |
|    success_rate         | 0          |
| time/                   |            |
|    total_timesteps      | 1200000    |
| train/                  |            |
|    approx_kl            | 0.14155576 |
|    clip_fraction        | 0.425      |
|    clip_range           | 0.2        |
|    entropy_loss         | -18.6      |
|    explained_variance   | 0.811      |
|    learning_rate        | 0.0003     |
|    loss                 | 0.314      |
|    n_updates            | 16200      |
|    policy_gradient_loss | -0.079     |
|    std                  | 5.49       |
|    value_loss           | 2.49       |
----------------------------------------
--------------------------------------
| manipularl/             |          |
|    collision_rate       | 0.81     |
|    grasp_failure_rate   | 0.949    |
|    insert_depth_mean    | 0.000245 |
|    insert_tilt_deg_mean | 0.00286  |
|    success_rate         | 0        |
| rollout/                |          |
|    ep_len_mean          | 133      |
|    ep_rew_mean          | -6.21    |
| time/                   |          |
|    fps                  | 793      |
|    iterations           | 293      |
|    time_elapsed         | 1511     |
|    total_timesteps      | 1200128  |
--------------------------------------
----------------------------------------
| manipularl/             |            |
|    collision_rate       | 0.78       |
|    grasp_failure_rate   | 0.953      |
|    insert_depth_mean    | 0.000245   |
|    insert_tilt_deg_mean | 0.003      |
|    success_rate         | 0          |
| rollout/                |            |
|    ep_len_mean          | 144        |
|    ep_rew_mean          | -5.6       |
| time/                   |            |
|    fps                  | 794        |
|    iterations           | 294        |
|    time_elapsed         | 1516       |
|    total_timesteps      | 1204224    |
| train/                  |            |
|    approx_kl            | 0.17945412 |
|    clip_fraction        | 0.474      |
|    clip_range           | 0.2        |
|    entropy_loss         | -18.6      |
|    explained_variance   | 0.848      |
|    learning_rate        | 0.0003     |
|    loss                 | 0.144      |
|    n_updates            | 16210      |
|    policy_gradient_loss | -0.0767    |
|    std                  | 5.5        |
|    value_loss           | 1.74       |
----------------------------------------
----------------------------------------
| manipularl/             |            |
|    collision_rate       | 0.8        |
|    grasp_failure_rate   | 0.946      |
|    insert_depth_mean    | 0          |
|    insert_tilt_deg_mean | 0.00302    |
|    success_rate         | 0          |
| rollout/                |            |
|    ep_len_mean          | 136        |
|    ep_rew_mean          | -5.25      |
| time/                   |            |
|    fps                  | 794        |
|    iterations           | 295        |
|    time_elapsed         | 1520       |
|    total_timesteps      | 1208320    |
| train/                  |            |
|    approx_kl            | 0.14370775 |
|    clip_fraction        | 0.421      |
|    clip_range           | 0.2        |
|    entropy_loss         | -18.6      |
|    explained_variance   | 0.827      |
|    learning_rate        | 0.0003     |
|    loss                 | 0.344      |
|    n_updates            | 16220      |
|    policy_gradient_loss | -0.0695    |
|    std                  | 5.51       |
|    value_loss           | 2.34       |
----------------------------------------
----------------------------------------
| manipularl/             |            |
|    collision_rate       | 0.73       |
|    grasp_failure_rate   | 0.947      |
|    insert_depth_mean    | 0          |
|    insert_tilt_deg_mean | 0.00307    |
|    success_rate         | 0          |
| rollout/                |            |
|    ep_len_mean          | 159        |
|    ep_rew_mean          | -5.74      |
| time/                   |            |
|    fps                  | 795        |
|    iterations           | 296        |
|    time_elapsed         | 1524       |
|    total_timesteps      | 1212416    |
| train/                  |            |
|    approx_kl            | 0.15973261 |
|    clip_fraction        | 0.447      |
|    clip_range           | 0.2        |
|    entropy_loss         | -18.6      |
|    explained_variance   | 0.781      |
|    learning_rate        | 0.0003     |
|    loss                 | 0.325      |
|    n_updates            | 16230      |
|    policy_gradient_loss | -0.0784    |
|    std                  | 5.53       |
|    value_loss           | 2.55       |
----------------------------------------
----------------------------------------
| manipularl/             |            |
|    collision_rate       | 0.76       |
|    grasp_failure_rate   | 0.949      |
|    insert_depth_mean    | 0          |
|    insert_tilt_deg_mean | 0.00305    |
|    success_rate         | 0          |
| rollout/                |            |
|    ep_len_mean          | 150        |
|    ep_rew_mean          | -5.65      |
| time/                   |            |
|    fps                  | 795        |
|    iterations           | 297        |
|    time_elapsed         | 1528       |
|    total_timesteps      | 1216512    |
| train/                  |            |
|    approx_kl            | 0.16042067 |
|    clip_fraction        | 0.425      |
|    clip_range           | 0.2        |
|    entropy_loss         | -18.6      |
|    explained_variance   | 0.792      |
|    learning_rate        | 0.0003     |
|    loss                 | 0.223      |
|    n_updates            | 16240      |
|    policy_gradient_loss | -0.0748    |
|    std                  | 5.55       |
|    value_loss           | 2          |
----------------------------------------
----------------------------------------
| manipularl/             |            |
|    collision_rate       | 0.75       |
|    grasp_failure_rate   | 0.95       |
|    insert_depth_mean    | 0          |
|    insert_tilt_deg_mean | 0.00313    |
|    success_rate         | 0          |
| rollout/                |            |
|    ep_len_mean          | 147        |
|    ep_rew_mean          | -4.62      |
| time/                   |            |
|    fps                  | 796        |
|    iterations           | 298        |
|    time_elapsed         | 1532       |
|    total_timesteps      | 1220608    |
| train/                  |            |
|    approx_kl            | 0.17435323 |
|    clip_fraction        | 0.453      |
|    clip_range           | 0.2        |
|    entropy_loss         | -18.6      |
|    explained_variance   | 0.82       |
|    learning_rate        | 0.0003     |
|    loss                 | 0.205      |
|    n_updates            | 16250      |
|    policy_gradient_loss | -0.0681    |
|    std                  | 5.56       |
|    value_loss           | 2.1        |
----------------------------------------
----------------------------------------
| manipularl/             |            |
|    collision_rate       | 0.79       |
|    grasp_failure_rate   | 0.947      |
|    insert_depth_mean    | 0          |
|    insert_tilt_deg_mean | 0.00335    |
|    success_rate         | 0          |
| rollout/                |            |
|    ep_len_mean          | 130        |
|    ep_rew_mean          | -4.5       |
| time/                   |            |
|    fps                  | 797        |
|    iterations           | 299        |
|    time_elapsed         | 1536       |
|    total_timesteps      | 1224704    |
| train/                  |            |
|    approx_kl            | 0.16887411 |
|    clip_fraction        | 0.473      |
|    clip_range           | 0.2        |
|    entropy_loss         | -18.6      |
|    explained_variance   | 0.824      |
|    learning_rate        | 0.0003     |
|    loss                 | 0.158      |
|    n_updates            | 16260      |
|    policy_gradient_loss | -0.0714    |
|    std                  | 5.58       |
|    value_loss           | 2.17       |
----------------------------------------
-----------------------------------------
| manipularl/             |             |
|    collision_rate       | 0.78        |
|    grasp_failure_rate   | 0.944       |
|    insert_depth_mean    | 0           |
|    insert_tilt_deg_mean | 0.00374     |
|    success_rate         | 0           |
| rollout/                |             |
|    ep_len_mean          | 131         |
|    ep_rew_mean          | -5.35       |
| time/                   |             |
|    fps                  | 797         |
|    iterations           | 300         |
|    time_elapsed         | 1540        |
|    total_timesteps      | 1228800     |
| train/                  |             |
|    approx_kl            | 0.122385964 |
|    clip_fraction        | 0.41        |
|    clip_range           | 0.2         |
|    entropy_loss         | -18.6       |
|    explained_variance   | 0.789       |
|    learning_rate        | 0.0003      |
|    loss                 | 0.29        |
|    n_updates            | 16270       |
|    policy_gradient_loss | -0.07       |
|    std                  | 5.59        |
|    value_loss           | 2.62        |
-----------------------------------------
----------------------------------------
| manipularl/             |            |
|    collision_rate       | 0.78       |
|    grasp_failure_rate   | 0.936      |
|    insert_depth_mean    | 0.000669   |
|    insert_tilt_deg_mean | 0.00377    |
|    success_rate         | 0          |
| rollout/                |            |
|    ep_len_mean          | 133        |
|    ep_rew_mean          | -6.48      |
| time/                   |            |
|    fps                  | 798        |
|    iterations           | 301        |
|    time_elapsed         | 1544       |
|    total_timesteps      | 1232896    |
| train/                  |            |
|    approx_kl            | 0.11618402 |
|    clip_fraction        | 0.362      |
|    clip_range           | 0.2        |
|    entropy_loss         | -18.6      |
|    explained_variance   | 0.781      |
|    learning_rate        | 0.0003     |
|    loss                 | 0.286      |
|    n_updates            | 16280      |
|    policy_gradient_loss | -0.066     |
|    std                  | 5.6        |
|    value_loss           | 2.37       |
----------------------------------------
---------------------------------------
| manipularl/             |           |
|    collision_rate       | 0.72      |
|    grasp_failure_rate   | 0.934     |
|    insert_depth_mean    | 0.000709  |
|    insert_tilt_deg_mean | 0.00344   |
|    success_rate         | 0         |
| rollout/                |           |
|    ep_len_mean          | 165       |
|    ep_rew_mean          | -6.98     |
| time/                   |           |
|    fps                  | 798       |
|    iterations           | 302       |
|    time_elapsed         | 1549      |
|    total_timesteps      | 1236992   |
| train/                  |           |
|    approx_kl            | 0.1341723 |
|    clip_fraction        | 0.415     |
|    clip_range           | 0.2       |
|    entropy_loss         | -18.6     |
|    explained_variance   | 0.864     |
|    learning_rate        | 0.0003    |
|    loss                 | 0.231     |
|    n_updates            | 16290     |
|    policy_gradient_loss | -0.0739   |
|    std                  | 5.61      |
|    value_loss           | 2.08      |
---------------------------------------
----------------------------------------
| manipularl/             |            |
|    collision_rate       | 0.69       |
|    grasp_failure_rate   | 0.936      |
|    insert_depth_mean    | 0.000709   |
|    insert_tilt_deg_mean | 0.00351    |
|    success_rate         | 0          |
| rollout/                |            |
|    ep_len_mean          | 177        |
|    ep_rew_mean          | -7.43      |
| time/                   |            |
|    fps                  | 799        |
|    iterations           | 303        |
|    time_elapsed         | 1553       |
|    total_timesteps      | 1241088    |
| train/                  |            |
|    approx_kl            | 0.16933417 |
|    clip_fraction        | 0.431      |
|    clip_range           | 0.2        |
|    entropy_loss         | -18.6      |
|    explained_variance   | 0.873      |
|    learning_rate        | 0.0003     |
|    loss                 | 0.264      |
|    n_updates            | 16300      |
|    policy_gradient_loss | -0.079     |
|    std                  | 5.62       |
|    value_loss           | 2.11       |
----------------------------------------
---------------------------------------
| manipularl/             |           |
|    collision_rate       | 0.69      |
|    grasp_failure_rate   | 0.937     |
|    insert_depth_mean    | 0.000883  |
|    insert_tilt_deg_mean | 0.00337   |
|    success_rate         | 0         |
| rollout/                |           |
|    ep_len_mean          | 175       |
|    ep_rew_mean          | -6.47     |
| time/                   |           |
|    fps                  | 799       |
|    iterations           | 304       |
|    time_elapsed         | 1557      |
|    total_timesteps      | 1245184   |
| train/                  |           |
|    approx_kl            | 0.1860743 |
|    clip_fraction        | 0.456     |
|    clip_range           | 0.2       |
|    entropy_loss         | -18.6     |
|    explained_variance   | 0.866     |
|    learning_rate        | 0.0003    |
|    loss                 | 0.231     |
|    n_updates            | 16310     |
|    policy_gradient_loss | -0.0772   |
|    std                  | 5.64      |
|    value_loss           | 2.1       |
---------------------------------------
----------------------------------------
| manipularl/             |            |
|    collision_rate       | 0.7        |
|    grasp_failure_rate   | 0.947      |
|    insert_depth_mean    | 0.000815   |
|    insert_tilt_deg_mean | 0.00317    |
|    success_rate         | 0          |
| rollout/                |            |
|    ep_len_mean          | 178        |
|    ep_rew_mean          | -7.21      |
| time/                   |            |
|    fps                  | 800        |
|    iterations           | 305        |
|    time_elapsed         | 1561       |
|    total_timesteps      | 1249280    |
| train/                  |            |
|    approx_kl            | 0.19867226 |
|    clip_fraction        | 0.465      |
|    clip_range           | 0.2        |
|    entropy_loss         | -18.6      |
|    explained_variance   | 0.857      |
|    learning_rate        | 0.0003     |
|    loss                 | 0.0984     |
|    n_updates            | 16320      |
|    policy_gradient_loss | -0.0676    |
|    std                  | 5.66       |
|    value_loss           | 1.64       |
----------------------------------------
----------------------------------------
| manipularl/             |            |
|    collision_rate       | 0.75       |
|    grasp_failure_rate   | 0.946      |
|    insert_depth_mean    | 0.000774   |
|    insert_tilt_deg_mean | 0.00335    |
|    success_rate         | 0          |
| rollout/                |            |
|    ep_len_mean          | 162        |
|    ep_rew_mean          | -7.58      |
| time/                   |            |
|    fps                  | 800        |
|    iterations           | 306        |
|    time_elapsed         | 1565       |
|    total_timesteps      | 1253376    |
| train/                  |            |
|    approx_kl            | 0.15931346 |
|    clip_fraction        | 0.407      |
|    clip_range           | 0.2        |
|    entropy_loss         | -18.6      |
|    explained_variance   | 0.831      |
|    learning_rate        | 0.0003     |
|    loss                 | 0.321      |
|    n_updates            | 16330      |
|    policy_gradient_loss | -0.0694    |
|    std                  | 5.66       |
|    value_loss           | 2.18       |
----------------------------------------
----------------------------------------
| manipularl/             |            |
|    collision_rate       | 0.75       |
|    grasp_failure_rate   | 0.943      |
|    insert_depth_mean    | 0.000774   |
|    insert_tilt_deg_mean | 0.0033     |
|    success_rate         | 0          |
| rollout/                |            |
|    ep_len_mean          | 163        |
|    ep_rew_mean          | -7.35      |
| time/                   |            |
|    fps                  | 801        |
|    iterations           | 307        |
|    time_elapsed         | 1569       |
|    total_timesteps      | 1257472    |
| train/                  |            |
|    approx_kl            | 0.16430083 |
|    clip_fraction        | 0.471      |
|    clip_range           | 0.2        |
|    entropy_loss         | -18.6      |
|    explained_variance   | 0.801      |
|    learning_rate        | 0.0003     |
|    loss                 | 0.6        |
|    n_updates            | 16340      |
|    policy_gradient_loss | -0.0813    |
|    std                  | 5.68       |
|    value_loss           | 3.17       |
----------------------------------------
----------------------------------------
| manipularl/             |            |
|    collision_rate       | 0.81       |
|    grasp_failure_rate   | 0.944      |
|    insert_depth_mean    | 0.0012     |
|    insert_tilt_deg_mean | 0.177      |
|    success_rate         | 0          |
| rollout/                |            |
|    ep_len_mean          | 145        |
|    ep_rew_mean          | -6.41      |
| time/                   |            |
|    fps                  | 801        |
|    iterations           | 308        |
|    time_elapsed         | 1573       |
|    total_timesteps      | 1261568    |
| train/                  |            |
|    approx_kl            | 0.17187755 |
|    clip_fraction        | 0.458      |
|    clip_range           | 0.2        |
|    entropy_loss         | -18.6      |
|    explained_variance   | 0.832      |
|    learning_rate        | 0.0003     |
|    loss                 | 0.207      |
|    n_updates            | 16350      |
|    policy_gradient_loss | -0.0797    |
|    std                  | 5.7        |
|    value_loss           | 1.96       |
----------------------------------------
----------------------------------------
| manipularl/             |            |
|    collision_rate       | 0.82       |
|    grasp_failure_rate   | 0.941      |
|    insert_depth_mean    | 0.0006     |
|    insert_tilt_deg_mean | 0.177      |
|    success_rate         | 0          |
| rollout/                |            |
|    ep_len_mean          | 132        |
|    ep_rew_mean          | -5.47      |
| time/                   |            |
|    fps                  | 802        |
|    iterations           | 309        |
|    time_elapsed         | 1577       |
|    total_timesteps      | 1265664    |
| train/                  |            |
|    approx_kl            | 0.12619114 |
|    clip_fraction        | 0.4        |
|    clip_range           | 0.2        |
|    entropy_loss         | -18.6      |
|    explained_variance   | 0.835      |
|    learning_rate        | 0.0003     |
|    loss                 | 0.322      |
|    n_updates            | 16360      |
|    policy_gradient_loss | -0.0717    |
|    std                  | 5.71       |
|    value_loss           | 2.57       |
----------------------------------------
----------------------------------------
| manipularl/             |            |
|    collision_rate       | 0.8        |
|    grasp_failure_rate   | 0.942      |
|    insert_depth_mean    | 0.0006     |
|    insert_tilt_deg_mean | 0.351      |
|    success_rate         | 0          |
| rollout/                |            |
|    ep_len_mean          | 136        |
|    ep_rew_mean          | -5.64      |
| time/                   |            |
|    fps                  | 802        |
|    iterations           | 310        |
|    time_elapsed         | 1581       |
|    total_timesteps      | 1269760    |
| train/                  |            |
|    approx_kl            | 0.16497952 |
|    clip_fraction        | 0.447      |
|    clip_range           | 0.2        |
|    entropy_loss         | -18.6      |
|    explained_variance   | 0.768      |
|    learning_rate        | 0.0003     |
|    loss                 | 0.417      |
|    n_updates            | 16370      |
|    policy_gradient_loss | -0.0759    |
|    std                  | 5.72       |
|    value_loss           | 2.87       |
----------------------------------------
----------------------------------------
| manipularl/             |            |
|    collision_rate       | 0.83       |
|    grasp_failure_rate   | 0.931      |
|    insert_depth_mean    | 0.0018     |
|    insert_tilt_deg_mean | 0.177      |
|    success_rate         | 0          |
| rollout/                |            |
|    ep_len_mean          | 125        |
|    ep_rew_mean          | -5.01      |
| time/                   |            |
|    fps                  | 803        |
|    iterations           | 311        |
|    time_elapsed         | 1585       |
|    total_timesteps      | 1273856    |
| train/                  |            |
|    approx_kl            | 0.16978553 |
|    clip_fraction        | 0.437      |
|    clip_range           | 0.2        |
|    entropy_loss         | -18.6      |
|    explained_variance   | 0.822      |
|    learning_rate        | 0.0003     |
|    loss                 | 0.396      |
|    n_updates            | 16380      |
|    policy_gradient_loss | -0.0676    |
|    std                  | 5.73       |
|    value_loss           | 2.36       |
----------------------------------------
----------------------------------------
| manipularl/             |            |
|    collision_rate       | 0.78       |
|    grasp_failure_rate   | 0.932      |
|    insert_depth_mean    | 0.0018     |
|    insert_tilt_deg_mean | 0.177      |
|    success_rate         | 0          |
| rollout/                |            |
|    ep_len_mean          | 146        |
|    ep_rew_mean          | -6.23      |
| time/                   |            |
|    fps                  | 803        |
|    iterations           | 312        |
|    time_elapsed         | 1589       |
|    total_timesteps      | 1277952    |
| train/                  |            |
|    approx_kl            | 0.17265904 |
|    clip_fraction        | 0.486      |
|    clip_range           | 0.2        |
|    entropy_loss         | -18.6      |
|    explained_variance   | 0.829      |
|    learning_rate        | 0.0003     |
|    loss                 | 0.438      |
|    n_updates            | 16390      |
|    policy_gradient_loss | -0.08      |
|    std                  | 5.74       |
|    value_loss           | 2.46       |
----------------------------------------
----------------------------------------
| manipularl/             |            |
|    collision_rate       | 0.77       |
|    grasp_failure_rate   | 0.93       |
|    insert_depth_mean    | 0.0018     |
|    insert_tilt_deg_mean | 0.177      |
|    success_rate         | 0          |
| rollout/                |            |
|    ep_len_mean          | 155        |
|    ep_rew_mean          | -5.94      |
| time/                   |            |
|    fps                  | 804        |
|    iterations           | 313        |
|    time_elapsed         | 1593       |
|    total_timesteps      | 1282048    |
| train/                  |            |
|    approx_kl            | 0.22009091 |
|    clip_fraction        | 0.448      |
|    clip_range           | 0.2        |
|    entropy_loss         | -18.6      |
|    explained_variance   | 0.899      |
|    learning_rate        | 0.0003     |
|    loss                 | 0.175      |
|    n_updates            | 16400      |
|    policy_gradient_loss | -0.0734    |
|    std                  | 5.75       |
|    value_loss           | 1.82       |
----------------------------------------
----------------------------------------
| manipularl/             |            |
|    collision_rate       | 0.77       |
|    grasp_failure_rate   | 0.938      |
|    insert_depth_mean    | 0.0018     |
|    insert_tilt_deg_mean | 0.00335    |
|    success_rate         | 0          |
| rollout/                |            |
|    ep_len_mean          | 161        |
|    ep_rew_mean          | -5.75      |
| time/                   |            |
|    fps                  | 805        |
|    iterations           | 314        |
|    time_elapsed         | 1597       |
|    total_timesteps      | 1286144    |
| train/                  |            |
|    approx_kl            | 0.16965598 |
|    clip_fraction        | 0.455      |
|    clip_range           | 0.2        |
|    entropy_loss         | -18.6      |
|    explained_variance   | 0.865      |
|    learning_rate        | 0.0003     |
|    loss                 | 0.203      |
|    n_updates            | 16410      |
|    policy_gradient_loss | -0.074     |
|    std                  | 5.75       |
|    value_loss           | 2.03       |
----------------------------------------
----------------------------------------
| manipularl/             |            |
|    collision_rate       | 0.73       |
|    grasp_failure_rate   | 0.926      |
|    insert_depth_mean    | 0.000892   |
|    insert_tilt_deg_mean | 0.00294    |
|    success_rate         | 0          |
| rollout/                |            |
|    ep_len_mean          | 179        |
|    ep_rew_mean          | -6.06      |
| time/                   |            |
|    fps                  | 805        |
|    iterations           | 315        |
|    time_elapsed         | 1601       |
|    total_timesteps      | 1290240    |
| train/                  |            |
|    approx_kl            | 0.17879254 |
|    clip_fraction        | 0.465      |
|    clip_range           | 0.2        |
|    entropy_loss         | -18.6      |
|    explained_variance   | 0.892      |
|    learning_rate        | 0.0003     |
|    loss                 | 0.138      |
|    n_updates            | 16420      |
|    policy_gradient_loss | -0.0689    |
|    std                  | 5.76       |
|    value_loss           | 1.57       |
----------------------------------------
----------------------------------------
| manipularl/             |            |
|    collision_rate       | 0.71       |
|    grasp_failure_rate   | 0.935      |
|    insert_depth_mean    | 0.000892   |
|    insert_tilt_deg_mean | 0.177      |
|    success_rate         | 0          |
| rollout/                |            |
|    ep_len_mean          | 189        |
|    ep_rew_mean          | -7.12      |
| time/                   |            |
|    fps                  | 806        |
|    iterations           | 316        |
|    time_elapsed         | 1605       |
|    total_timesteps      | 1294336    |
| train/                  |            |
|    approx_kl            | 0.19481936 |
|    clip_fraction        | 0.481      |
|    clip_range           | 0.2        |
|    entropy_loss         | -18.6      |
|    explained_variance   | 0.849      |
|    learning_rate        | 0.0003     |
|    loss                 | 0.325      |
|    n_updates            | 16430      |
|    policy_gradient_loss | -0.0841    |
|    std                  | 5.77       |
|    value_loss           | 2.32       |
----------------------------------------
----------------------------------------
| manipularl/             |            |
|    collision_rate       | 0.74       |
|    grasp_failure_rate   | 0.932      |
|    insert_depth_mean    | 0.000892   |
|    insert_tilt_deg_mean | 0.351      |
|    success_rate         | 0          |
| rollout/                |            |
|    ep_len_mean          | 172        |
|    ep_rew_mean          | -7.35      |
| time/                   |            |
|    fps                  | 806        |
|    iterations           | 317        |
|    time_elapsed         | 1609       |
|    total_timesteps      | 1298432    |
| train/                  |            |
|    approx_kl            | 0.15957804 |
|    clip_fraction        | 0.446      |
|    clip_range           | 0.2        |
|    entropy_loss         | -18.6      |
|    explained_variance   | 0.876      |
|    learning_rate        | 0.0003     |
|    loss                 | 0.0992     |
|    n_updates            | 16440      |
|    policy_gradient_loss | -0.0682    |
|    std                  | 5.77       |
|    value_loss           | 1.64       |
----------------------------------------
---------------------------------------
| manipularl/             |           |
|    collision_rate       | 0.76      |
|    grasp_failure_rate   | 0.92      |
|    insert_depth_mean    | 0.000892  |
|    insert_tilt_deg_mean | 0.7       |
|    success_rate         | 0         |
| rollout/                |           |
|    ep_len_mean          | 153       |
|    ep_rew_mean          | -6.9      |
| time/                   |           |
|    fps                  | 807       |
|    iterations           | 318       |
|    time_elapsed         | 1613      |
|    total_timesteps      | 1302528   |
| train/                  |           |
|    approx_kl            | 0.2246378 |
|    clip_fraction        | 0.509     |
|    clip_range           | 0.2       |
|    entropy_loss         | -18.6     |
|    explained_variance   | 0.791     |
|    learning_rate        | 0.0003    |
|    loss                 | 0.392     |
|    n_updates            | 16450     |
|    policy_gradient_loss | -0.0721   |
|    std                  | 5.78      |
|    value_loss           | 2.46      |
---------------------------------------
----------------------------------------
| manipularl/             |            |
|    collision_rate       | 0.77       |
|    grasp_failure_rate   | 0.926      |
|    insert_depth_mean    | 0.0006     |
|    insert_tilt_deg_mean | 0.699      |
|    success_rate         | 0          |
| rollout/                |            |
|    ep_len_mean          | 143        |
|    ep_rew_mean          | -5.76      |
| time/                   |            |
|    fps                  | 808        |
|    iterations           | 319        |
|    time_elapsed         | 1616       |
|    total_timesteps      | 1306624    |
| train/                  |            |
|    approx_kl            | 0.17944664 |
|    clip_fraction        | 0.452      |
|    clip_range           | 0.2        |
|    entropy_loss         | -18.6      |
|    explained_variance   | 0.836      |
|    learning_rate        | 0.0003     |
|    loss                 | 0.197      |
|    n_updates            | 16460      |
|    policy_gradient_loss | -0.0756    |
|    std                  | 5.79       |
|    value_loss           | 1.87       |
----------------------------------------
----------------------------------------
| manipularl/             |            |
|    collision_rate       | 0.77       |
|    grasp_failure_rate   | 0.926      |
|    insert_depth_mean    | 0.0006     |
|    insert_tilt_deg_mean | 0.586      |
|    success_rate         | 0          |
| rollout/                |            |
|    ep_len_mean          | 139        |
|    ep_rew_mean          | -5.11      |
| time/                   |            |
|    fps                  | 808        |
|    iterations           | 320        |
|    time_elapsed         | 1620       |
|    total_timesteps      | 1310720    |
| train/                  |            |
|    approx_kl            | 0.17319378 |
|    clip_fraction        | 0.454      |
|    clip_range           | 0.2        |
|    entropy_loss         | -18.6      |
|    explained_variance   | 0.804      |
|    learning_rate        | 0.0003     |
|    loss                 | 0.295      |
|    n_updates            | 16470      |
|    policy_gradient_loss | -0.0742    |
|    std                  | 5.8        |
|    value_loss           | 2.29       |
----------------------------------------
---------------------------------------
| manipularl/             |           |
|    collision_rate       | 0.71      |
|    grasp_failure_rate   | 0.926     |
|    insert_depth_mean    | 0.0006    |
|    insert_tilt_deg_mean | 0.411     |
|    success_rate         | 0         |
| rollout/                |           |
|    ep_len_mean          | 163       |
|    ep_rew_mean          | -5.36     |
| time/                   |           |
|    fps                  | 809       |
|    iterations           | 321       |
|    time_elapsed         | 1624      |
|    total_timesteps      | 1314816   |
| train/                  |           |
|    approx_kl            | 0.1236715 |
|    clip_fraction        | 0.387     |
|    clip_range           | 0.2       |
|    entropy_loss         | -18.6     |
|    explained_variance   | 0.808     |
|    learning_rate        | 0.0003    |
|    loss                 | 0.618     |
|    n_updates            | 16480     |
|    policy_gradient_loss | -0.0606   |
|    std                  | 5.8       |
|    value_loss           | 3.5       |
---------------------------------------
----------------------------------------
| manipularl/             |            |
|    collision_rate       | 0.7        |
|    grasp_failure_rate   | 0.93       |
|    insert_depth_mean    | 0.0006     |
|    insert_tilt_deg_mean | 0.063      |
|    success_rate         | 0          |
| rollout/                |            |
|    ep_len_mean          | 171        |
|    ep_rew_mean          | -5.59      |
| time/                   |            |
|    fps                  | 810        |
|    iterations           | 322        |
|    time_elapsed         | 1627       |
|    total_timesteps      | 1318912    |
| train/                  |            |
|    approx_kl            | 0.22087896 |
|    clip_fraction        | 0.462      |
|    clip_range           | 0.2        |
|    entropy_loss         | -18.6      |
|    explained_variance   | 0.891      |
|    learning_rate        | 0.0003     |
|    loss                 | 0.132      |
|    n_updates            | 16490      |
|    policy_gradient_loss | -0.0713    |
|    std                  | 5.82       |
|    value_loss           | 1.65       |
----------------------------------------
----------------------------------------
| manipularl/             |            |
|    collision_rate       | 0.7        |
|    grasp_failure_rate   | 0.937      |
|    insert_depth_mean    | 0.0006     |
|    insert_tilt_deg_mean | 0.0631     |
|    success_rate         | 0          |
| rollout/                |            |
|    ep_len_mean          | 174        |
|    ep_rew_mean          | -6.9       |
| time/                   |            |
|    fps                  | 810        |
|    iterations           | 323        |
|    time_elapsed         | 1631       |
|    total_timesteps      | 1323008    |
| train/                  |            |
|    approx_kl            | 0.16394083 |
|    clip_fraction        | 0.463      |
|    clip_range           | 0.2        |
|    entropy_loss         | -18.6      |
|    explained_variance   | 0.778      |
|    learning_rate        | 0.0003     |
|    loss                 | 0.334      |
|    n_updates            | 16500      |
|    policy_gradient_loss | -0.0741    |
|    std                  | 5.84       |
|    value_loss           | 2.15       |
----------------------------------------
----------------------------------------
| manipularl/             |            |
|    collision_rate       | 0.67       |
|    grasp_failure_rate   | 0.945      |
|    insert_depth_mean    | 0          |
|    insert_tilt_deg_mean | 0.486      |
|    success_rate         | 0          |
| rollout/                |            |
|    ep_len_mean          | 182        |
|    ep_rew_mean          | -7.71      |
| time/                   |            |
|    fps                  | 811        |
|    iterations           | 324        |
|    time_elapsed         | 1635       |
|    total_timesteps      | 1327104    |
| train/                  |            |
|    approx_kl            | 0.14864549 |
|    clip_fraction        | 0.423      |
|    clip_range           | 0.2        |
|    entropy_loss         | -18.6      |
|    explained_variance   | 0.788      |
|    learning_rate        | 0.0003     |
|    loss                 | 0.329      |
|    n_updates            | 16510      |
|    policy_gradient_loss | -0.075     |
|    std                  | 5.84       |
|    value_loss           | 2.6        |
----------------------------------------
----------------------------------------
| manipularl/             |            |
|    collision_rate       | 0.73       |
|    grasp_failure_rate   | 0.945      |
|    insert_depth_mean    | 0          |
|    insert_tilt_deg_mean | 0.6        |
|    success_rate         | 0          |
| rollout/                |            |
|    ep_len_mean          | 162        |
|    ep_rew_mean          | -6.69      |
| time/                   |            |
|    fps                  | 811        |
|    iterations           | 325        |
|    time_elapsed         | 1639       |
|    total_timesteps      | 1331200    |
| train/                  |            |
|    approx_kl            | 0.19130796 |
|    clip_fraction        | 0.452      |
|    clip_range           | 0.2        |
|    entropy_loss         | -18.6      |
|    explained_variance   | 0.876      |
|    learning_rate        | 0.0003     |
|    loss                 | 0.123      |
|    n_updates            | 16520      |
|    policy_gradient_loss | -0.0724    |
|    std                  | 5.84       |
|    value_loss           | 1.62       |
----------------------------------------
----------------------------------------
| manipularl/             |            |
|    collision_rate       | 0.7        |
|    grasp_failure_rate   | 0.955      |
|    insert_depth_mean    | 0          |
|    insert_tilt_deg_mean | 0.774      |
|    success_rate         | 0          |
| rollout/                |            |
|    ep_len_mean          | 169        |
|    ep_rew_mean          | -6.72      |
| time/                   |            |
|    fps                  | 812        |
|    iterations           | 326        |
|    time_elapsed         | 1643       |
|    total_timesteps      | 1335296    |
| train/                  |            |
|    approx_kl            | 0.19384056 |
|    clip_fraction        | 0.479      |
|    clip_range           | 0.2        |
|    entropy_loss         | -18.6      |
|    explained_variance   | 0.871      |
|    learning_rate        | 0.0003     |
|    loss                 | 0.188      |
|    n_updates            | 16530      |
|    policy_gradient_loss | -0.0739    |
|    std                  | 5.85       |
|    value_loss           | 1.91       |
----------------------------------------
----------------------------------------
| manipularl/             |            |
|    collision_rate       | 0.66       |
|    grasp_failure_rate   | 0.951      |
|    insert_depth_mean    | 0          |
|    insert_tilt_deg_mean | 0.774      |
|    success_rate         | 0          |
| rollout/                |            |
|    ep_len_mean          | 179        |
|    ep_rew_mean          | -5.78      |
| time/                   |            |
|    fps                  | 813        |
|    iterations           | 327        |
|    time_elapsed         | 1647       |
|    total_timesteps      | 1339392    |
| train/                  |            |
|    approx_kl            | 0.17032652 |
|    clip_fraction        | 0.45       |
|    clip_range           | 0.2        |
|    entropy_loss         | -18.7      |
|    explained_variance   | 0.863      |
|    learning_rate        | 0.0003     |
|    loss                 | 0.119      |
|    n_updates            | 16540      |
|    policy_gradient_loss | -0.0724    |
|    std                  | 5.86       |
|    value_loss           | 1.74       |
----------------------------------------
----------------------------------------
| manipularl/             |            |
|    collision_rate       | 0.66       |
|    grasp_failure_rate   | 0.945      |
|    insert_depth_mean    | 0          |
|    insert_tilt_deg_mean | 0.773      |
|    success_rate         | 0          |
| rollout/                |            |
|    ep_len_mean          | 176        |
|    ep_rew_mean          | -4.67      |
| time/                   |            |
|    fps                  | 813        |
|    iterations           | 328        |
|    time_elapsed         | 1650       |
|    total_timesteps      | 1343488    |
| train/                  |            |
|    approx_kl            | 0.20292939 |
|    clip_fraction        | 0.459      |
|    clip_range           | 0.2        |
|    entropy_loss         | -18.7      |
|    explained_variance   | 0.903      |
|    learning_rate        | 0.0003     |
|    loss                 | 0.0198     |
|    n_updates            | 16550      |
|    policy_gradient_loss | -0.071     |
|    std                  | 5.87       |
|    value_loss           | 1.28       |
----------------------------------------
----------------------------------------
| manipularl/             |            |
|    collision_rate       | 0.64       |
|    grasp_failure_rate   | 0.936      |
|    insert_depth_mean    | 0          |
|    insert_tilt_deg_mean | 0.773      |
|    success_rate         | 0          |
| rollout/                |            |
|    ep_len_mean          | 185        |
|    ep_rew_mean          | -4.73      |
| time/                   |            |
|    fps                  | 814        |
|    iterations           | 329        |
|    time_elapsed         | 1654       |
|    total_timesteps      | 1347584    |
| train/                  |            |
|    approx_kl            | 0.22984311 |
|    clip_fraction        | 0.49       |
|    clip_range           | 0.2        |
|    entropy_loss         | -18.7      |
|    explained_variance   | 0.892      |
|    learning_rate        | 0.0003     |
|    loss                 | 0.107      |
|    n_updates            | 16560      |
|    policy_gradient_loss | -0.0721    |
|    std                  | 5.89       |
|    value_loss           | 1.72       |
----------------------------------------
----------------------------------------
| manipularl/             |            |
|    collision_rate       | 0.63       |
|    grasp_failure_rate   | 0.934      |
|    insert_depth_mean    | 0          |
|    insert_tilt_deg_mean | 0.6        |
|    success_rate         | 0          |
| rollout/                |            |
|    ep_len_mean          | 193        |
|    ep_rew_mean          | -5.81      |
| time/                   |            |
|    fps                  | 815        |
|    iterations           | 330        |
|    time_elapsed         | 1658       |
|    total_timesteps      | 1351680    |
| train/                  |            |
|    approx_kl            | 0.18383667 |
|    clip_fraction        | 0.448      |
|    clip_range           | 0.2        |
|    entropy_loss         | -18.7      |
|    explained_variance   | 0.829      |
|    learning_rate        | 0.0003     |
|    loss                 | 0.199      |
|    n_updates            | 16570      |
|    policy_gradient_loss | -0.0738    |
|    std                  | 5.9        |
|    value_loss           | 2.17       |
----------------------------------------
----------------------------------------
| manipularl/             |            |
|    collision_rate       | 0.69       |
|    grasp_failure_rate   | 0.922      |
|    insert_depth_mean    | 0          |
|    insert_tilt_deg_mean | 1.27       |
|    success_rate         | 0          |
| rollout/                |            |
|    ep_len_mean          | 175        |
|    ep_rew_mean          | -4.31      |
| time/                   |            |
|    fps                  | 815        |
|    iterations           | 331        |
|    time_elapsed         | 1662       |
|    total_timesteps      | 1355776    |
| train/                  |            |
|    approx_kl            | 0.17013326 |
|    clip_fraction        | 0.45       |
|    clip_range           | 0.2        |
|    entropy_loss         | -18.7      |
|    explained_variance   | 0.812      |
|    learning_rate        | 0.0003     |
|    loss                 | 0.35       |
|    n_updates            | 16580      |
|    policy_gradient_loss | -0.0781    |
|    std                  | 5.9        |
|    value_loss           | 2.4        |
----------------------------------------
----------------------------------------
| manipularl/             |            |
|    collision_rate       | 0.73       |
|    grasp_failure_rate   | 0.921      |
|    insert_depth_mean    | 0          |
|    insert_tilt_deg_mean | 1.27       |
|    success_rate         | 0          |
| rollout/                |            |
|    ep_len_mean          | 163        |
|    ep_rew_mean          | -4.37      |
| time/                   |            |
|    fps                  | 816        |
|    iterations           | 332        |
|    time_elapsed         | 1666       |
|    total_timesteps      | 1359872    |
| train/                  |            |
|    approx_kl            | 0.15395895 |
|    clip_fraction        | 0.463      |
|    clip_range           | 0.2        |
|    entropy_loss         | -18.7      |
|    explained_variance   | 0.818      |
|    learning_rate        | 0.0003     |
|    loss                 | 0.426      |
|    n_updates            | 16590      |
|    policy_gradient_loss | -0.0764    |
|    std                  | 5.9        |
|    value_loss           | 2.51       |
----------------------------------------
----------------------------------------
| manipularl/             |            |
|    collision_rate       | 0.75       |
|    grasp_failure_rate   | 0.93       |
|    insert_depth_mean    | 0          |
|    insert_tilt_deg_mean | 1.27       |
|    success_rate         | 0          |
| rollout/                |            |
|    ep_len_mean          | 156        |
|    ep_rew_mean          | -3.81      |
| time/                   |            |
|    fps                  | 816        |
|    iterations           | 333        |
|    time_elapsed         | 1669       |
|    total_timesteps      | 1363968    |
| train/                  |            |
|    approx_kl            | 0.19760987 |
|    clip_fraction        | 0.457      |
|    clip_range           | 0.2        |
|    entropy_loss         | -18.7      |
|    explained_variance   | 0.84       |
|    learning_rate        | 0.0003     |
|    loss                 | 0.159      |
|    n_updates            | 16600      |
|    policy_gradient_loss | -0.0729    |
|    std                  | 5.92       |
|    value_loss           | 1.98       |
----------------------------------------
----------------------------------------
| manipularl/             |            |
|    collision_rate       | 0.75       |
|    grasp_failure_rate   | 0.934      |
|    insert_depth_mean    | 0          |
|    insert_tilt_deg_mean | 1.27       |
|    success_rate         | 0          |
| rollout/                |            |
|    ep_len_mean          | 155        |
|    ep_rew_mean          | -3.12      |
| time/                   |            |
|    fps                  | 817        |
|    iterations           | 334        |
|    time_elapsed         | 1673       |
|    total_timesteps      | 1368064    |
| train/                  |            |
|    approx_kl            | 0.21064055 |
|    clip_fraction        | 0.482      |
|    clip_range           | 0.2        |
|    entropy_loss         | -18.7      |
|    explained_variance   | 0.846      |
|    learning_rate        | 0.0003     |
|    loss                 | 0.24       |
|    n_updates            | 16610      |
|    policy_gradient_loss | -0.0789    |
|    std                  | 5.94       |
|    value_loss           | 2.16       |
----------------------------------------
----------------------------------------
| manipularl/             |            |
|    collision_rate       | 0.74       |
|    grasp_failure_rate   | 0.943      |
|    insert_depth_mean    | 0          |
|    insert_tilt_deg_mean | 0.426      |
|    success_rate         | 0          |
| rollout/                |            |
|    ep_len_mean          | 161        |
|    ep_rew_mean          | -3.82      |
| time/                   |            |
|    fps                  | 818        |
|    iterations           | 335        |
|    time_elapsed         | 1677       |
|    total_timesteps      | 1372160    |
| train/                  |            |
|    approx_kl            | 0.15211216 |
|    clip_fraction        | 0.433      |
|    clip_range           | 0.2        |
|    entropy_loss         | -18.7      |
|    explained_variance   | 0.738      |
|    learning_rate        | 0.0003     |
|    loss                 | 0.341      |
|    n_updates            | 16620      |
|    policy_gradient_loss | -0.0751    |
|    std                  | 5.95       |
|    value_loss           | 2.7        |
----------------------------------------
---------------------------------------
| manipularl/             |           |
|    collision_rate       | 0.74      |
|    grasp_failure_rate   | 0.934     |
|    insert_depth_mean    | 0         |
|    insert_tilt_deg_mean | 0.00289   |
|    success_rate         | 0         |
| rollout/                |           |
|    ep_len_mean          | 164       |
|    ep_rew_mean          | -3.07     |
| time/                   |           |
|    fps                  | 818       |
|    iterations           | 336       |
|    time_elapsed         | 1680      |
|    total_timesteps      | 1376256   |
| train/                  |           |
|    approx_kl            | 0.1692348 |
|    clip_fraction        | 0.432     |
|    clip_range           | 0.2       |
|    entropy_loss         | -18.7     |
|    explained_variance   | 0.872     |
|    learning_rate        | 0.0003    |
|    loss                 | 0.166     |
|    n_updates            | 16630     |
|    policy_gradient_loss | -0.0671   |
|    std                  | 5.96      |
|    value_loss           | 1.82      |
---------------------------------------
----------------------------------------
| manipularl/             |            |
|    collision_rate       | 0.73       |
|    grasp_failure_rate   | 0.931      |
|    insert_depth_mean    | 0          |
|    insert_tilt_deg_mean | 0.00285    |
|    success_rate         | 0          |
| rollout/                |            |
|    ep_len_mean          | 169        |
|    ep_rew_mean          | -3.82      |
| time/                   |            |
|    fps                  | 819        |
|    iterations           | 337        |
|    time_elapsed         | 1684       |
|    total_timesteps      | 1380352    |
| train/                  |            |
|    approx_kl            | 0.15772158 |
|    clip_fraction        | 0.479      |
|    clip_range           | 0.2        |
|    entropy_loss         | -18.7      |
|    explained_variance   | 0.821      |
|    learning_rate        | 0.0003     |
|    loss                 | 0.327      |
|    n_updates            | 16640      |
|    policy_gradient_loss | -0.0768    |
|    std                  | 5.98       |
|    value_loss           | 2.37       |
----------------------------------------
---------------------------------------
| manipularl/             |           |
|    collision_rate       | 0.76      |
|    grasp_failure_rate   | 0.921     |
|    insert_depth_mean    | 0         |
|    insert_tilt_deg_mean | 0.274     |
|    success_rate         | 0         |
| rollout/                |           |
|    ep_len_mean          | 162       |
|    ep_rew_mean          | -4.6      |
| time/                   |           |
|    fps                  | 819       |
|    iterations           | 338       |
|    time_elapsed         | 1688      |
|    total_timesteps      | 1384448   |
| train/                  |           |
|    approx_kl            | 0.1668616 |
|    clip_fraction        | 0.452     |
|    clip_range           | 0.2       |
|    entropy_loss         | -18.7     |
|    explained_variance   | 0.799     |
|    learning_rate        | 0.0003    |
|    loss                 | 0.338     |
|    n_updates            | 16650     |
|    policy_gradient_loss | -0.0789   |
|    std                  | 6         |
|    value_loss           | 2.45      |
---------------------------------------
----------------------------------------
| manipularl/             |            |
|    collision_rate       | 0.78       |
|    grasp_failure_rate   | 0.92       |
|    insert_depth_mean    | 0          |
|    insert_tilt_deg_mean | 0.616      |
|    success_rate         | 0          |
| rollout/                |            |
|    ep_len_mean          | 148        |
|    ep_rew_mean          | -4.25      |
| time/                   |            |
|    fps                  | 820        |
|    iterations           | 339        |
|    time_elapsed         | 1692       |
|    total_timesteps      | 1388544    |
| train/                  |            |
|    approx_kl            | 0.15321264 |
|    clip_fraction        | 0.427      |
|    clip_range           | 0.2        |
|    entropy_loss         | -18.7      |
|    explained_variance   | 0.755      |
|    learning_rate        | 0.0003     |
|    loss                 | 0.406      |
|    n_updates            | 16660      |
|    policy_gradient_loss | -0.0768    |
|    std                  | 6.01       |
|    value_loss           | 2.63       |
----------------------------------------
----------------------------------------
| manipularl/             |            |
|    collision_rate       | 0.71       |
|    grasp_failure_rate   | 0.928      |
|    insert_depth_mean    | 0          |
|    insert_tilt_deg_mean | 0.616      |
|    success_rate         | 0          |
| rollout/                |            |
|    ep_len_mean          | 172        |
|    ep_rew_mean          | -5.68      |
| time/                   |            |
|    fps                  | 821        |
|    iterations           | 340        |
|    time_elapsed         | 1696       |
|    total_timesteps      | 1392640    |
| train/                  |            |
|    approx_kl            | 0.24233514 |
|    clip_fraction        | 0.471      |
|    clip_range           | 0.2        |
|    entropy_loss         | -18.7      |
|    explained_variance   | 0.882      |
|    learning_rate        | 0.0003     |
|    loss                 | 0.0133     |
|    n_updates            | 16670      |
|    policy_gradient_loss | -0.0755    |
|    std                  | 6.04       |
|    value_loss           | 1.28       |
----------------------------------------
----------------------------------------
| manipularl/             |            |
|    collision_rate       | 0.74       |
|    grasp_failure_rate   | 0.937      |
|    insert_depth_mean    | 0          |
|    insert_tilt_deg_mean | 0.619      |
|    success_rate         | 0          |
| rollout/                |            |
|    ep_len_mean          | 160        |
|    ep_rew_mean          | -6.89      |
| time/                   |            |
|    fps                  | 821        |
|    iterations           | 341        |
|    time_elapsed         | 1700       |
|    total_timesteps      | 1396736    |
| train/                  |            |
|    approx_kl            | 0.10814677 |
|    clip_fraction        | 0.382      |
|    clip_range           | 0.2        |
|    entropy_loss         | -18.7      |
|    explained_variance   | 0.828      |
|    learning_rate        | 0.0003     |
|    loss                 | 0.228      |
|    n_updates            | 16680      |
|    policy_gradient_loss | -0.0613    |
|    std                  | 6.05       |
|    value_loss           | 2.28       |
----------------------------------------
Eval num_timesteps=1400000, episode_reward=-4.60 +/- 10.12
Episode length: 170.75 +/- 163.21
----------------------------------------
| eval/                   |            |
|    mean_ep_length       | 171        |
|    mean_reward          | -4.6       |
| manipularl/             |            |
|    collision_rate       | 0.7        |
|    grasp_failure_rate   | 0.934      |
|    insert_depth_mean    | 0          |
|    insert_tilt_deg_mean | 0.619      |
|    success_rate         | 0          |
| time/                   |            |
|    total_timesteps      | 1400000    |
| train/                  |            |
|    approx_kl            | 0.15845147 |
|    clip_fraction        | 0.448      |
|    clip_range           | 0.2        |
|    entropy_loss         | -18.7      |
|    explained_variance   | 0.841      |
|    learning_rate        | 0.0003     |
|    loss                 | 0.478      |
|    n_updates            | 16690      |
|    policy_gradient_loss | -0.077     |
|    std                  | 6.05       |
|    value_loss           | 2.74       |
----------------------------------------
--------------------------------------
| manipularl/             |          |
|    collision_rate       | 0.69     |
|    grasp_failure_rate   | 0.932    |
|    insert_depth_mean    | 0        |
|    insert_tilt_deg_mean | 0.348    |
|    success_rate         | 0        |
| rollout/                |          |
|    ep_len_mean          | 173      |
|    ep_rew_mean          | -6.5     |
| time/                   |          |
|    fps                  | 817      |
|    iterations           | 342      |
|    time_elapsed         | 1712     |
|    total_timesteps      | 1400832  |
--------------------------------------
----------------------------------------
| manipularl/             |            |
|    collision_rate       | 0.71       |
|    grasp_failure_rate   | 0.922      |
|    insert_depth_mean    | 0          |
|    insert_tilt_deg_mean | 0.0058     |
|    success_rate         | 0          |
| rollout/                |            |
|    ep_len_mean          | 175        |
|    ep_rew_mean          | -6.87      |
| time/                   |            |
|    fps                  | 818        |
|    iterations           | 343        |
|    time_elapsed         | 1716       |
|    total_timesteps      | 1404928    |
| train/                  |            |
|    approx_kl            | 0.22122583 |
|    clip_fraction        | 0.432      |
|    clip_range           | 0.2        |
|    entropy_loss         | -18.7      |
|    explained_variance   | 0.835      |
|    learning_rate        | 0.0003     |
|    loss                 | 0.147      |
|    n_updates            | 16700      |
|    policy_gradient_loss | -0.0666    |
|    std                  | 6.06       |
|    value_loss           | 1.86       |
----------------------------------------
---------------------------------------
| manipularl/             |           |
|    collision_rate       | 0.75      |
|    grasp_failure_rate   | 0.916     |
|    insert_depth_mean    | 0         |
|    insert_tilt_deg_mean | 0.00584   |
|    success_rate         | 0         |
| rollout/                |           |
|    ep_len_mean          | 163       |
|    ep_rew_mean          | -7.02     |
| time/                   |           |
|    fps                  | 819       |
|    iterations           | 344       |
|    time_elapsed         | 1720      |
|    total_timesteps      | 1409024   |
| train/                  |           |
|    approx_kl            | 0.1698842 |
|    clip_fraction        | 0.448     |
|    clip_range           | 0.2       |
|    entropy_loss         | -18.7     |
|    explained_variance   | 0.851     |
|    learning_rate        | 0.0003    |
|    loss                 | 0.415     |
|    n_updates            | 16710     |
|    policy_gradient_loss | -0.071    |
|    std                  | 6.08      |
|    value_loss           | 2.76      |
---------------------------------------
----------------------------------------
| manipularl/             |            |
|    collision_rate       | 0.7        |
|    grasp_failure_rate   | 0.914      |
|    insert_depth_mean    | 0          |
|    insert_tilt_deg_mean | 0.00582    |
|    success_rate         | 0          |
| rollout/                |            |
|    ep_len_mean          | 166        |
|    ep_rew_mean          | -6.1       |
| time/                   |            |
|    fps                  | 819        |
|    iterations           | 345        |
|    time_elapsed         | 1724       |
|    total_timesteps      | 1413120    |
| train/                  |            |
|    approx_kl            | 0.20654432 |
|    clip_fraction        | 0.457      |
|    clip_range           | 0.2        |
|    entropy_loss         | -18.7      |
|    explained_variance   | 0.881      |
|    learning_rate        | 0.0003     |
|    loss                 | 0.121      |
|    n_updates            | 16720      |
|    policy_gradient_loss | -0.0716    |
|    std                  | 6.09       |
|    value_loss           | 1.54       |
----------------------------------------
----------------------------------------
| manipularl/             |            |
|    collision_rate       | 0.73       |
|    grasp_failure_rate   | 0.919      |
|    insert_depth_mean    | 0.000261   |
|    insert_tilt_deg_mean | 0.0154     |
|    success_rate         | 0          |
| rollout/                |            |
|    ep_len_mean          | 153        |
|    ep_rew_mean          | -7.07      |
| time/                   |            |
|    fps                  | 820        |
|    iterations           | 346        |
|    time_elapsed         | 1727       |
|    total_timesteps      | 1417216    |
| train/                  |            |
|    approx_kl            | 0.10529348 |
|    clip_fraction        | 0.367      |
|    clip_range           | 0.2        |
|    entropy_loss         | -18.7      |
|    explained_variance   | 0.825      |
|    learning_rate        | 0.0003     |
|    loss                 | 0.385      |
|    n_updates            | 16730      |
|    policy_gradient_loss | -0.0546    |
|    std                  | 6.11       |
|    value_loss           | 2.32       |
----------------------------------------
----------------------------------------
| manipularl/             |            |
|    collision_rate       | 0.71       |
|    grasp_failure_rate   | 0.929      |
|    insert_depth_mean    | 0.00043    |
|    insert_tilt_deg_mean | 0.0252     |
|    success_rate         | 0          |
| rollout/                |            |
|    ep_len_mean          | 157        |
|    ep_rew_mean          | -7.6       |
| time/                   |            |
|    fps                  | 820        |
|    iterations           | 347        |
|    time_elapsed         | 1731       |
|    total_timesteps      | 1421312    |
| train/                  |            |
|    approx_kl            | 0.24269283 |
|    clip_fraction        | 0.482      |
|    clip_range           | 0.2        |
|    entropy_loss         | -18.7      |
|    explained_variance   | 0.864      |
|    learning_rate        | 0.0003     |
|    loss                 | 0.245      |
|    n_updates            | 16740      |
|    policy_gradient_loss | -0.0799    |
|    std                  | 6.13       |
|    value_loss           | 2.07       |
----------------------------------------
----------------------------------------
| manipularl/             |            |
|    collision_rate       | 0.77       |
|    grasp_failure_rate   | 0.936      |
|    insert_depth_mean    | 0.000452   |
|    insert_tilt_deg_mean | 0.0224     |
|    success_rate         | 0          |
| rollout/                |            |
|    ep_len_mean          | 140        |
|    ep_rew_mean          | -6.71      |
| time/                   |            |
|    fps                  | 821        |
|    iterations           | 348        |
|    time_elapsed         | 1735       |
|    total_timesteps      | 1425408    |
| train/                  |            |
|    approx_kl            | 0.12504396 |
|    clip_fraction        | 0.374      |
|    clip_range           | 0.2        |
|    entropy_loss         | -18.7      |
|    explained_variance   | 0.791      |
|    learning_rate        | 0.0003     |
|    loss                 | 0.308      |
|    n_updates            | 16750      |
|    policy_gradient_loss | -0.0674    |
|    std                  | 6.14       |
|    value_loss           | 2.51       |
----------------------------------------
----------------------------------------
| manipularl/             |            |
|    collision_rate       | 0.76       |
|    grasp_failure_rate   | 0.932      |
|    insert_depth_mean    | 0.000452   |
|    insert_tilt_deg_mean | 0.0224     |
|    success_rate         | 0          |
| rollout/                |            |
|    ep_len_mean          | 147        |
|    ep_rew_mean          | -6.01      |
| time/                   |            |
|    fps                  | 821        |
|    iterations           | 349        |
|    time_elapsed         | 1739       |
|    total_timesteps      | 1429504    |
| train/                  |            |
|    approx_kl            | 0.19981882 |
|    clip_fraction        | 0.463      |
|    clip_range           | 0.2        |
|    entropy_loss         | -18.7      |
|    explained_variance   | 0.791      |
|    learning_rate        | 0.0003     |
|    loss                 | 0.454      |
|    n_updates            | 16760      |
|    policy_gradient_loss | -0.0807    |
|    std                  | 6.14       |
|    value_loss           | 2.48       |
----------------------------------------
----------------------------------------
| manipularl/             |            |
|    collision_rate       | 0.72       |
|    grasp_failure_rate   | 0.935      |
|    insert_depth_mean    | 0.000192   |
|    insert_tilt_deg_mean | 0.013      |
|    success_rate         | 0          |
| rollout/                |            |
|    ep_len_mean          | 169        |
|    ep_rew_mean          | -6.9       |
| time/                   |            |
|    fps                  | 822        |
|    iterations           | 350        |
|    time_elapsed         | 1743       |
|    total_timesteps      | 1433600    |
| train/                  |            |
|    approx_kl            | 0.18128133 |
|    clip_fraction        | 0.446      |
|    clip_range           | 0.2        |
|    entropy_loss         | -18.7      |
|    explained_variance   | 0.804      |
|    learning_rate        | 0.0003     |
|    loss                 | 0.315      |
|    n_updates            | 16770      |
|    policy_gradient_loss | -0.0702    |
|    std                  | 6.16       |
|    value_loss           | 2.41       |
----------------------------------------
----------------------------------------
| manipularl/             |            |
|    collision_rate       | 0.72       |
|    grasp_failure_rate   | 0.934      |
|    insert_depth_mean    | 0.000116   |
|    insert_tilt_deg_mean | 0.0126     |
|    success_rate         | 0          |
| rollout/                |            |
|    ep_len_mean          | 171        |
|    ep_rew_mean          | -6.94      |
| time/                   |            |
|    fps                  | 822        |
|    iterations           | 351        |
|    time_elapsed         | 1746       |
|    total_timesteps      | 1437696    |
| train/                  |            |
|    approx_kl            | 0.20719397 |
|    clip_fraction        | 0.481      |
|    clip_range           | 0.2        |
|    entropy_loss         | -18.8      |
|    explained_variance   | 0.857      |
|    learning_rate        | 0.0003     |
|    loss                 | 0.411      |
|    n_updates            | 16780      |
|    policy_gradient_loss | -0.0676    |
|    std                  | 6.18       |
|    value_loss           | 2.25       |
----------------------------------------
----------------------------------------
| manipularl/             |            |
|    collision_rate       | 0.67       |
|    grasp_failure_rate   | 0.93       |
|    insert_depth_mean    | 9.39e-05   |
|    insert_tilt_deg_mean | 0.0126     |
|    success_rate         | 0          |
| rollout/                |            |
|    ep_len_mean          | 182        |
|    ep_rew_mean          | -7.33      |
| time/                   |            |
|    fps                  | 823        |
|    iterations           | 352        |
|    time_elapsed         | 1750       |
|    total_timesteps      | 1441792    |
| train/                  |            |
|    approx_kl            | 0.22222634 |
|    clip_fraction        | 0.477      |
|    clip_range           | 0.2        |
|    entropy_loss         | -18.8      |
|    explained_variance   | 0.889      |
|    learning_rate        | 0.0003     |
|    loss                 | 0.117      |
|    n_updates            | 16790      |
|    policy_gradient_loss | -0.079     |
|    std                  | 6.19       |
|    value_loss           | 1.76       |
----------------------------------------
----------------------------------------
| manipularl/             |            |
|    collision_rate       | 0.65       |
|    grasp_failure_rate   | 0.941      |
|    insert_depth_mean    | 0.00129    |
|    insert_tilt_deg_mean | 0.0131     |
|    success_rate         | 0          |
| rollout/                |            |
|    ep_len_mean          | 184        |
|    ep_rew_mean          | -8.47      |
| time/                   |            |
|    fps                  | 823        |
|    iterations           | 353        |
|    time_elapsed         | 1754       |
|    total_timesteps      | 1445888    |
| train/                  |            |
|    approx_kl            | 0.17328507 |
|    clip_fraction        | 0.45       |
|    clip_range           | 0.2        |
|    entropy_loss         | -18.8      |
|    explained_variance   | 0.869      |
|    learning_rate        | 0.0003     |
|    loss                 | 0.303      |
|    n_updates            | 16800      |
|    policy_gradient_loss | -0.0715    |
|    std                  | 6.21       |
|    value_loss           | 2.28       |
----------------------------------------
----------------------------------------
| manipularl/             |            |
|    collision_rate       | 0.7        |
|    grasp_failure_rate   | 0.94       |
|    insert_depth_mean    | 0.00129    |
|    insert_tilt_deg_mean | 0.013      |
|    success_rate         | 0          |
| rollout/                |            |
|    ep_len_mean          | 169        |
|    ep_rew_mean          | -8.16      |
| time/                   |            |
|    fps                  | 824        |
|    iterations           | 354        |
|    time_elapsed         | 1758       |
|    total_timesteps      | 1449984    |
| train/                  |            |
|    approx_kl            | 0.14001144 |
|    clip_fraction        | 0.414      |
|    clip_range           | 0.2        |
|    entropy_loss         | -18.8      |
|    explained_variance   | 0.902      |
|    learning_rate        | 0.0003     |
|    loss                 | 0.162      |
|    n_updates            | 16810      |
|    policy_gradient_loss | -0.0652    |
|    std                  | 6.22       |
|    value_loss           | 1.8        |
----------------------------------------
----------------------------------------
| manipularl/             |            |
|    collision_rate       | 0.74       |
|    grasp_failure_rate   | 0.938      |
|    insert_depth_mean    | 0.0012     |
|    insert_tilt_deg_mean | 0.016      |
|    success_rate         | 0          |
| rollout/                |            |
|    ep_len_mean          | 153        |
|    ep_rew_mean          | -7.51      |
| time/                   |            |
|    fps                  | 825        |
|    iterations           | 355        |
|    time_elapsed         | 1761       |
|    total_timesteps      | 1454080    |
| train/                  |            |
|    approx_kl            | 0.15364365 |
|    clip_fraction        | 0.424      |
|    clip_range           | 0.2        |
|    entropy_loss         | -18.8      |
|    explained_variance   | 0.835      |
|    learning_rate        | 0.0003     |
|    loss                 | 0.241      |
|    n_updates            | 16820      |
|    policy_gradient_loss | -0.0749    |
|    std                  | 6.23       |
|    value_loss           | 2.18       |
----------------------------------------
----------------------------------------
| manipularl/             |            |
|    collision_rate       | 0.75       |
|    grasp_failure_rate   | 0.931      |
|    insert_depth_mean    | 0.0006     |
|    insert_tilt_deg_mean | 0.0158     |
|    success_rate         | 0          |
| rollout/                |            |
|    ep_len_mean          | 150        |
|    ep_rew_mean          | -7.44      |
| time/                   |            |
|    fps                  | 825        |
|    iterations           | 356        |
|    time_elapsed         | 1765       |
|    total_timesteps      | 1458176    |
| train/                  |            |
|    approx_kl            | 0.18522106 |
|    clip_fraction        | 0.467      |
|    clip_range           | 0.2        |
|    entropy_loss         | -18.8      |
|    explained_variance   | 0.871      |
|    learning_rate        | 0.0003     |
|    loss                 | 0.18       |
|    n_updates            | 16830      |
|    policy_gradient_loss | -0.0793    |
|    std                  | 6.24       |
|    value_loss           | 1.98       |
----------------------------------------
---------------------------------------
| manipularl/             |           |
|    collision_rate       | 0.76      |
|    grasp_failure_rate   | 0.935     |
|    insert_depth_mean    | 0         |
|    insert_tilt_deg_mean | 0.0157    |
|    success_rate         | 0         |
| rollout/                |           |
|    ep_len_mean          | 148       |
|    ep_rew_mean          | -6.98     |
| time/                   |           |
|    fps                  | 826       |
|    iterations           | 357       |
|    time_elapsed         | 1769      |
|    total_timesteps      | 1462272   |
| train/                  |           |
|    approx_kl            | 0.1884127 |
|    clip_fraction        | 0.46      |
|    clip_range           | 0.2       |
|    entropy_loss         | -18.8     |
|    explained_variance   | 0.88      |
|    learning_rate        | 0.0003    |
|    loss                 | 0.298     |
|    n_updates            | 16840     |
|    policy_gradient_loss | -0.073    |
|    std                  | 6.26      |
|    value_loss           | 2.25      |
---------------------------------------
--------------------------------------
| manipularl/             |          |
|    collision_rate       | 0.75     |
|    grasp_failure_rate   | 0.938    |
|    insert_depth_mean    | 0.0006   |
|    insert_tilt_deg_mean | 0.00676  |
|    success_rate         | 0        |
| rollout/                |          |
|    ep_len_mean          | 151      |
|    ep_rew_mean          | -6.39    |
| time/                   |          |
|    fps                  | 827      |
|    iterations           | 358      |
|    time_elapsed         | 1773     |
|    total_timesteps      | 1466368  |
| train/                  |          |
|    approx_kl            | 0.162996 |
|    clip_fraction        | 0.434    |
|    clip_range           | 0.2      |
|    entropy_loss         | -18.8    |
|    explained_variance   | 0.809    |
|    learning_rate        | 0.0003   |
|    loss                 | 0.365    |
|    n_updates            | 16850    |
|    policy_gradient_loss | -0.0784  |
|    std                  | 6.27     |
|    value_loss           | 2.6      |
--------------------------------------
----------------------------------------
| manipularl/             |            |
|    collision_rate       | 0.74       |
|    grasp_failure_rate   | 0.93       |
|    insert_depth_mean    | 0.0012     |
|    insert_tilt_deg_mean | 0.00449    |
|    success_rate         | 0          |
| rollout/                |            |
|    ep_len_mean          | 158        |
|    ep_rew_mean          | -7.61      |
| time/                   |            |
|    fps                  | 827        |
|    iterations           | 359        |
|    time_elapsed         | 1777       |
|    total_timesteps      | 1470464    |
| train/                  |            |
|    approx_kl            | 0.20284235 |
|    clip_fraction        | 0.46       |
|    clip_range           | 0.2        |
|    entropy_loss         | -18.8      |
|    explained_variance   | 0.865      |
|    learning_rate        | 0.0003     |
|    loss                 | 0.223      |
|    n_updates            | 16860      |
|    policy_gradient_loss | -0.0713    |
|    std                  | 6.28       |
|    value_loss           | 1.76       |
----------------------------------------
----------------------------------------
| manipularl/             |            |
|    collision_rate       | 0.73       |
|    grasp_failure_rate   | 0.936      |
|    insert_depth_mean    | 0.0018     |
|    insert_tilt_deg_mean | 0.00481    |
|    success_rate         | 0          |
| rollout/                |            |
|    ep_len_mean          | 168        |
|    ep_rew_mean          | -8.68      |
| time/                   |            |
|    fps                  | 828        |
|    iterations           | 360        |
|    time_elapsed         | 1780       |
|    total_timesteps      | 1474560    |
| train/                  |            |
|    approx_kl            | 0.11553657 |
|    clip_fraction        | 0.392      |
|    clip_range           | 0.2        |
|    entropy_loss         | -18.8      |
|    explained_variance   | 0.831      |
|    learning_rate        | 0.0003     |
|    loss                 | 0.46       |
|    n_updates            | 16870      |
|    policy_gradient_loss | -0.0646    |
|    std                  | 6.3        |
|    value_loss           | 2.68       |
----------------------------------------
----------------------------------------
| manipularl/             |            |
|    collision_rate       | 0.71       |
|    grasp_failure_rate   | 0.936      |
|    insert_depth_mean    | 0.0018     |
|    insert_tilt_deg_mean | 0.00479    |
|    success_rate         | 0          |
| rollout/                |            |
|    ep_len_mean          | 175        |
|    ep_rew_mean          | -8.97      |
| time/                   |            |
|    fps                  | 828        |
|    iterations           | 361        |
|    time_elapsed         | 1784       |
|    total_timesteps      | 1478656    |
| train/                  |            |
|    approx_kl            | 0.17315146 |
|    clip_fraction        | 0.439      |
|    clip_range           | 0.2        |
|    entropy_loss         | -18.8      |
|    explained_variance   | 0.874      |
|    learning_rate        | 0.0003     |
|    loss                 | 0.274      |
|    n_updates            | 16880      |
|    policy_gradient_loss | -0.0798    |
|    std                  | 6.3        |
|    value_loss           | 2.32       |
----------------------------------------
----------------------------------------
| manipularl/             |            |
|    collision_rate       | 0.69       |
|    grasp_failure_rate   | 0.934      |
|    insert_depth_mean    | 0.0012     |
|    insert_tilt_deg_mean | 0.00468    |
|    success_rate         | 0          |
| rollout/                |            |
|    ep_len_mean          | 179        |
|    ep_rew_mean          | -9.41      |
| time/                   |            |
|    fps                  | 828        |
|    iterations           | 362        |
|    time_elapsed         | 1788       |
|    total_timesteps      | 1482752    |
| train/                  |            |
|    approx_kl            | 0.19181006 |
|    clip_fraction        | 0.434      |
|    clip_range           | 0.2        |
|    entropy_loss         | -18.8      |
|    explained_variance   | 0.909      |
|    learning_rate        | 0.0003     |
|    loss                 | 0.188      |
|    n_updates            | 16890      |
|    policy_gradient_loss | -0.0736    |
|    std                  | 6.31       |
|    value_loss           | 2.17       |
----------------------------------------
----------------------------------------
| manipularl/             |            |
|    collision_rate       | 0.71       |
|    grasp_failure_rate   | 0.928      |
|    insert_depth_mean    | 0.0006     |
|    insert_tilt_deg_mean | 0.154      |
|    success_rate         | 0          |
| rollout/                |            |
|    ep_len_mean          | 169        |
|    ep_rew_mean          | -7.42      |
| time/                   |            |
|    fps                  | 829        |
|    iterations           | 363        |
|    time_elapsed         | 1792       |
|    total_timesteps      | 1486848    |
| train/                  |            |
|    approx_kl            | 0.17356884 |
|    clip_fraction        | 0.452      |
|    clip_range           | 0.2        |
|    entropy_loss         | -18.8      |
|    explained_variance   | 0.929      |
|    learning_rate        | 0.0003     |
|    loss                 | 0.105      |
|    n_updates            | 16900      |
|    policy_gradient_loss | -0.0726    |
|    std                  | 6.32       |
|    value_loss           | 1.54       |
----------------------------------------
----------------------------------------
| manipularl/             |            |
|    collision_rate       | 0.71       |
|    grasp_failure_rate   | 0.929      |
|    insert_depth_mean    | 0.000227   |
|    insert_tilt_deg_mean | 0.154      |
|    success_rate         | 0          |
| rollout/                |            |
|    ep_len_mean          | 165        |
|    ep_rew_mean          | -6.76      |
| time/                   |            |
|    fps                  | 830        |
|    iterations           | 364        |
|    time_elapsed         | 1795       |
|    total_timesteps      | 1490944    |
| train/                  |            |
|    approx_kl            | 0.16141713 |
|    clip_fraction        | 0.45       |
|    clip_range           | 0.2        |
|    entropy_loss         | -18.8      |
|    explained_variance   | 0.81       |
|    learning_rate        | 0.0003     |
|    loss                 | 0.371      |
|    n_updates            | 16910      |
|    policy_gradient_loss | -0.0791    |
|    std                  | 6.34       |
|    value_loss           | 2.5        |
----------------------------------------
----------------------------------------
| manipularl/             |            |
|    collision_rate       | 0.76       |
|    grasp_failure_rate   | 0.918      |
|    insert_depth_mean    | 0.00103    |
|    insert_tilt_deg_mean | 0.304      |
|    success_rate         | 0          |
| rollout/                |            |
|    ep_len_mean          | 149        |
|    ep_rew_mean          | -5.72      |
| time/                   |            |
|    fps                  | 830        |
|    iterations           | 365        |
|    time_elapsed         | 1799       |
|    total_timesteps      | 1495040    |
| train/                  |            |
|    approx_kl            | 0.15263344 |
|    clip_fraction        | 0.422      |
|    clip_range           | 0.2        |
|    entropy_loss         | -18.8      |
|    explained_variance   | 0.729      |
|    learning_rate        | 0.0003     |
|    loss                 | 0.389      |
|    n_updates            | 16920      |
|    policy_gradient_loss | -0.0695    |
|    std                  | 6.34       |
|    value_loss           | 2.7        |
----------------------------------------
----------------------------------------
| manipularl/             |            |
|    collision_rate       | 0.78       |
|    grasp_failure_rate   | 0.925      |
|    insert_depth_mean    | 0.00103    |
|    insert_tilt_deg_mean | 0.303      |
|    success_rate         | 0          |
| rollout/                |            |
|    ep_len_mean          | 148        |
|    ep_rew_mean          | -6.68      |
| time/                   |            |
|    fps                  | 831        |
|    iterations           | 366        |
|    time_elapsed         | 1803       |
|    total_timesteps      | 1499136    |
| train/                  |            |
|    approx_kl            | 0.14824288 |
|    clip_fraction        | 0.416      |
|    clip_range           | 0.2        |
|    entropy_loss         | -18.8      |
|    explained_variance   | 0.783      |
|    learning_rate        | 0.0003     |
|    loss                 | 0.31       |
|    n_updates            | 16930      |
|    policy_gradient_loss | -0.0759    |
|    std                  | 6.35       |
|    value_loss           | 2.49       |
----------------------------------------
---------------------------------------
| manipularl/             |           |
|    collision_rate       | 0.78      |
|    grasp_failure_rate   | 0.926     |
|    insert_depth_mean    | 0.00163   |
|    insert_tilt_deg_mean | 0.154     |
|    success_rate         | 0         |
| rollout/                |           |
|    ep_len_mean          | 146       |
|    ep_rew_mean          | -7.98     |
| time/                   |           |
|    fps                  | 831       |
|    iterations           | 367       |
|    time_elapsed         | 1807      |
|    total_timesteps      | 1503232   |
| train/                  |           |
|    approx_kl            | 0.1690872 |
|    clip_fraction        | 0.426     |
|    clip_range           | 0.2       |
|    entropy_loss         | -18.8     |
|    explained_variance   | 0.8       |
|    learning_rate        | 0.0003    |
|    loss                 | 0.511     |
|    n_updates            | 16940     |
|    policy_gradient_loss | -0.0758   |
|    std                  | 6.35      |
|    value_loss           | 2.69      |
---------------------------------------
----------------------------------------
| manipularl/             |            |
|    collision_rate       | 0.75       |
|    grasp_failure_rate   | 0.939      |
|    insert_depth_mean    | 0.0012     |
|    insert_tilt_deg_mean | 0.304      |
|    success_rate         | 0          |
| rollout/                |            |
|    ep_len_mean          | 154        |
|    ep_rew_mean          | -7.72      |
| time/                   |            |
|    fps                  | 831        |
|    iterations           | 368        |
|    time_elapsed         | 1811       |
|    total_timesteps      | 1507328    |
| train/                  |            |
|    approx_kl            | 0.13657257 |
|    clip_fraction        | 0.429      |
|    clip_range           | 0.2        |
|    entropy_loss         | -18.8      |
|    explained_variance   | 0.737      |
|    learning_rate        | 0.0003     |
|    loss                 | 0.536      |
|    n_updates            | 16950      |
|    policy_gradient_loss | -0.0649    |
|    std                  | 6.36       |
|    value_loss           | 3.1        |
----------------------------------------
----------------------------------------
| manipularl/             |            |
|    collision_rate       | 0.75       |
|    grasp_failure_rate   | 0.941      |
|    insert_depth_mean    | 0.0012     |
|    insert_tilt_deg_mean | 0.154      |
|    success_rate         | 0          |
| rollout/                |            |
|    ep_len_mean          | 148        |
|    ep_rew_mean          | -7         |
| time/                   |            |
|    fps                  | 832        |
|    iterations           | 369        |
|    time_elapsed         | 1815       |
|    total_timesteps      | 1511424    |
| train/                  |            |
|    approx_kl            | 0.22515538 |
|    clip_fraction        | 0.488      |
|    clip_range           | 0.2        |
|    entropy_loss         | -18.8      |
|    explained_variance   | 0.901      |
|    learning_rate        | 0.0003     |
|    loss                 | 0.0692     |
|    n_updates            | 16960      |
|    policy_gradient_loss | -0.0782    |
|    std                  | 6.38       |
|    value_loss           | 1.49       |
----------------------------------------
----------------------------------------
| manipularl/             |            |
|    collision_rate       | 0.75       |
|    grasp_failure_rate   | 0.934      |
|    insert_depth_mean    | 0.0012     |
|    insert_tilt_deg_mean | 0.154      |
|    success_rate         | 0          |
| rollout/                |            |
|    ep_len_mean          | 156        |
|    ep_rew_mean          | -7.83      |
| time/                   |            |
|    fps                  | 833        |
|    iterations           | 370        |
|    time_elapsed         | 1819       |
|    total_timesteps      | 1515520    |
| train/                  |            |
|    approx_kl            | 0.17067572 |
|    clip_fraction        | 0.468      |
|    clip_range           | 0.2        |
|    entropy_loss         | -18.8      |
|    explained_variance   | 0.876      |
|    learning_rate        | 0.0003     |
|    loss                 | 0.298      |
|    n_updates            | 16970      |
|    policy_gradient_loss | -0.0728    |
|    std                  | 6.39       |
|    value_loss           | 2.31       |
----------------------------------------
----------------------------------------
| manipularl/             |            |
|    collision_rate       | 0.72       |
|    grasp_failure_rate   | 0.932      |
|    insert_depth_mean    | 0.0006     |
|    insert_tilt_deg_mean | 0.153      |
|    success_rate         | 0          |
| rollout/                |            |
|    ep_len_mean          | 165        |
|    ep_rew_mean          | -6.56      |
| time/                   |            |
|    fps                  | 833        |
|    iterations           | 371        |
|    time_elapsed         | 1822       |
|    total_timesteps      | 1519616    |
| train/                  |            |
|    approx_kl            | 0.15818086 |
|    clip_fraction        | 0.458      |
|    clip_range           | 0.2        |
|    entropy_loss         | -18.8      |
|    explained_variance   | 0.858      |
|    learning_rate        | 0.0003     |
|    loss                 | 0.358      |
|    n_updates            | 16980      |
|    policy_gradient_loss | -0.0797    |
|    std                  | 6.4        |
|    value_loss           | 2.45       |
----------------------------------------
----------------------------------------
| manipularl/             |            |
|    collision_rate       | 0.75       |
|    grasp_failure_rate   | 0.935      |
|    insert_depth_mean    | 0.0006     |
|    insert_tilt_deg_mean | 0.153      |
|    success_rate         | 0          |
| rollout/                |            |
|    ep_len_mean          | 155        |
|    ep_rew_mean          | -6.87      |
| time/                   |            |
|    fps                  | 834        |
|    iterations           | 372        |
|    time_elapsed         | 1826       |
|    total_timesteps      | 1523712    |
| train/                  |            |
|    approx_kl            | 0.21195413 |
|    clip_fraction        | 0.47       |
|    clip_range           | 0.2        |
|    entropy_loss         | -18.8      |
|    explained_variance   | 0.878      |
|    learning_rate        | 0.0003     |
|    loss                 | 0.0983     |
|    n_updates            | 16990      |
|    policy_gradient_loss | -0.0672    |
|    std                  | 6.4        |
|    value_loss           | 1.51       |
----------------------------------------
---------------------------------------
| manipularl/             |           |
|    collision_rate       | 0.74      |
|    grasp_failure_rate   | 0.938     |
|    insert_depth_mean    | 0.000354  |
|    insert_tilt_deg_mean | 0.302     |
|    success_rate         | 0         |
| rollout/                |           |
|    ep_len_mean          | 169       |
|    ep_rew_mean          | -7.95     |
| time/                   |           |
|    fps                  | 834       |
|    iterations           | 373       |
|    time_elapsed         | 1830      |
|    total_timesteps      | 1527808   |
| train/                  |           |
|    approx_kl            | 0.1263198 |
|    clip_fraction        | 0.389     |
|    clip_range           | 0.2       |
|    entropy_loss         | -18.8     |
|    explained_variance   | 0.702     |
|    learning_rate        | 0.0003    |
|    loss                 | 0.371     |
|    n_updates            | 17000     |
|    policy_gradient_loss | -0.0693   |
|    std                  | 6.41      |
|    value_loss           | 2.86      |
---------------------------------------
---------------------------------------
| manipularl/             |           |
|    collision_rate       | 0.74      |
|    grasp_failure_rate   | 0.938     |
|    insert_depth_mean    | 0.000354  |
|    insert_tilt_deg_mean | 0.303     |
|    success_rate         | 0         |
| rollout/                |           |
|    ep_len_mean          | 165       |
|    ep_rew_mean          | -7.71     |
| time/                   |           |
|    fps                  | 835       |
|    iterations           | 374       |
|    time_elapsed         | 1834      |
|    total_timesteps      | 1531904   |
| train/                  |           |
|    approx_kl            | 0.1394589 |
|    clip_fraction        | 0.399     |
|    clip_range           | 0.2       |
|    entropy_loss         | -18.8     |
|    explained_variance   | 0.832     |
|    learning_rate        | 0.0003    |
|    loss                 | 0.309     |
|    n_updates            | 17010     |
|    policy_gradient_loss | -0.0715   |
|    std                  | 6.42      |
|    value_loss           | 2.47      |
---------------------------------------
----------------------------------------
| manipularl/             |            |
|    collision_rate       | 0.77       |
|    grasp_failure_rate   | 0.935      |
|    insert_depth_mean    | 0.000354   |
|    insert_tilt_deg_mean | 0.302      |
|    success_rate         | 0          |
| rollout/                |            |
|    ep_len_mean          | 153        |
|    ep_rew_mean          | -7.42      |
| time/                   |            |
|    fps                  | 835        |
|    iterations           | 375        |
|    time_elapsed         | 1838       |
|    total_timesteps      | 1536000    |
| train/                  |            |
|    approx_kl            | 0.17137325 |
|    clip_fraction        | 0.372      |
|    clip_range           | 0.2        |
|    entropy_loss         | -18.8      |
|    explained_variance   | 0.878      |
|    learning_rate        | 0.0003     |
|    loss                 | 0.442      |
|    n_updates            | 17020      |
|    policy_gradient_loss | -0.0685    |
|    std                  | 6.43       |
|    value_loss           | 2.79       |
----------------------------------------
----------------------------------------
| manipularl/             |            |
|    collision_rate       | 0.74       |
|    grasp_failure_rate   | 0.93       |
|    insert_depth_mean    | 0.000416   |
|    insert_tilt_deg_mean | 0.302      |
|    success_rate         | 0          |
| rollout/                |            |
|    ep_len_mean          | 169        |
|    ep_rew_mean          | -7.6       |
| time/                   |            |
|    fps                  | 836        |
|    iterations           | 376        |
|    time_elapsed         | 1841       |
|    total_timesteps      | 1540096    |
| train/                  |            |
|    approx_kl            | 0.18941444 |
|    clip_fraction        | 0.44       |
|    clip_range           | 0.2        |
|    entropy_loss         | -18.8      |
|    explained_variance   | 0.864      |
|    learning_rate        | 0.0003     |
|    loss                 | 0.242      |
|    n_updates            | 17030      |
|    policy_gradient_loss | -0.0725    |
|    std                  | 6.45       |
|    value_loss           | 2.1        |
----------------------------------------
----------------------------------------
| manipularl/             |            |
|    collision_rate       | 0.71       |
|    grasp_failure_rate   | 0.927      |
|    insert_depth_mean    | 0.000416   |
|    insert_tilt_deg_mean | 0.00353    |
|    success_rate         | 0          |
| rollout/                |            |
|    ep_len_mean          | 178        |
|    ep_rew_mean          | -7.12      |
| time/                   |            |
|    fps                  | 836        |
|    iterations           | 377        |
|    time_elapsed         | 1845       |
|    total_timesteps      | 1544192    |
| train/                  |            |
|    approx_kl            | 0.14425078 |
|    clip_fraction        | 0.43       |
|    clip_range           | 0.2        |
|    entropy_loss         | -18.8      |
|    explained_variance   | 0.821      |
|    learning_rate        | 0.0003     |
|    loss                 | 0.381      |
|    n_updates            | 17040      |
|    policy_gradient_loss | -0.0731    |
|    std                  | 6.46       |
|    value_loss           | 3.05       |
----------------------------------------
----------------------------------------
| manipularl/             |            |
|    collision_rate       | 0.69       |
|    grasp_failure_rate   | 0.927      |
|    insert_depth_mean    | 6.23e-05   |
|    insert_tilt_deg_mean | 0.00394    |
|    success_rate         | 0          |
| rollout/                |            |
|    ep_len_mean          | 180        |
|    ep_rew_mean          | -6.48      |
| time/                   |            |
|    fps                  | 837        |
|    iterations           | 378        |
|    time_elapsed         | 1849       |
|    total_timesteps      | 1548288    |
| train/                  |            |
|    approx_kl            | 0.20332226 |
|    clip_fraction        | 0.463      |
|    clip_range           | 0.2        |
|    entropy_loss         | -18.8      |
|    explained_variance   | 0.862      |
|    learning_rate        | 0.0003     |
|    loss                 | 0.158      |
|    n_updates            | 17050      |
|    policy_gradient_loss | -0.0709    |
|    std                  | 6.47       |
|    value_loss           | 1.77       |
----------------------------------------
-----------------------------------------
| manipularl/             |             |
|    collision_rate       | 0.69        |
|    grasp_failure_rate   | 0.936       |
|    insert_depth_mean    | 6.23e-05    |
|    insert_tilt_deg_mean | 0.152       |
|    success_rate         | 0           |
| rollout/                |             |
|    ep_len_mean          | 180         |
|    ep_rew_mean          | -7.44       |
| time/                   |             |
|    fps                  | 837         |
|    iterations           | 379         |
|    time_elapsed         | 1853        |
|    total_timesteps      | 1552384     |
| train/                  |             |
|    approx_kl            | 0.107512504 |
|    clip_fraction        | 0.389       |
|    clip_range           | 0.2         |
|    entropy_loss         | -18.8       |
|    explained_variance   | 0.851       |
|    learning_rate        | 0.0003      |
|    loss                 | 0.321       |
|    n_updates            | 17060       |
|    policy_gradient_loss | -0.0633     |
|    std                  | 6.5         |
|    value_loss           | 2.12        |
-----------------------------------------
----------------------------------------
| manipularl/             |            |
|    collision_rate       | 0.72       |
|    grasp_failure_rate   | 0.935      |
|    insert_depth_mean    | 0          |
|    insert_tilt_deg_mean | 0.302      |
|    success_rate         | 0          |
| rollout/                |            |
|    ep_len_mean          | 161        |
|    ep_rew_mean          | -6.37      |
| time/                   |            |
|    fps                  | 837        |
|    iterations           | 380        |
|    time_elapsed         | 1857       |
|    total_timesteps      | 1556480    |
| train/                  |            |
|    approx_kl            | 0.15373787 |
|    clip_fraction        | 0.429      |
|    clip_range           | 0.2        |
|    entropy_loss         | -18.8      |
|    explained_variance   | 0.814      |
|    learning_rate        | 0.0003     |
|    loss                 | 0.347      |
|    n_updates            | 17070      |
|    policy_gradient_loss | -0.0718    |
|    std                  | 6.51       |
|    value_loss           | 2.19       |
----------------------------------------
----------------------------------------
| manipularl/             |            |
|    collision_rate       | 0.76       |
|    grasp_failure_rate   | 0.939      |
|    insert_depth_mean    | 0          |
|    insert_tilt_deg_mean | 0.302      |
|    success_rate         | 0          |
| rollout/                |            |
|    ep_len_mean          | 143        |
|    ep_rew_mean          | -6.56      |
| time/                   |            |
|    fps                  | 838        |
|    iterations           | 381        |
|    time_elapsed         | 1861       |
|    total_timesteps      | 1560576    |
| train/                  |            |
|    approx_kl            | 0.22147149 |
|    clip_fraction        | 0.475      |
|    clip_range           | 0.2        |
|    entropy_loss         | -18.8      |
|    explained_variance   | 0.901      |
|    learning_rate        | 0.0003     |
|    loss                 | 0.285      |
|    n_updates            | 17080      |
|    policy_gradient_loss | -0.0753    |
|    std                  | 6.52       |
|    value_loss           | 2.11       |
----------------------------------------
----------------------------------------
| manipularl/             |            |
|    collision_rate       | 0.75       |
|    grasp_failure_rate   | 0.937      |
|    insert_depth_mean    | 0.000149   |
|    insert_tilt_deg_mean | 0.302      |
|    success_rate         | 0          |
| rollout/                |            |
|    ep_len_mean          | 147        |
|    ep_rew_mean          | -5.64      |
| time/                   |            |
|    fps                  | 838        |
|    iterations           | 382        |
|    time_elapsed         | 1865       |
|    total_timesteps      | 1564672    |
| train/                  |            |
|    approx_kl            | 0.18806326 |
|    clip_fraction        | 0.456      |
|    clip_range           | 0.2        |
|    entropy_loss         | -18.8      |
|    explained_variance   | 0.864      |
|    learning_rate        | 0.0003     |
|    loss                 | 0.252      |
|    n_updates            | 17090      |
|    policy_gradient_loss | -0.0711    |
|    std                  | 6.54       |
|    value_loss           | 1.91       |
----------------------------------------
----------------------------------------
| manipularl/             |            |
|    collision_rate       | 0.77       |
|    grasp_failure_rate   | 0.928      |
|    insert_depth_mean    | 0.000149   |
|    insert_tilt_deg_mean | 0.302      |
|    success_rate         | 0          |
| rollout/                |            |
|    ep_len_mean          | 145        |
|    ep_rew_mean          | -5.26      |
| time/                   |            |
|    fps                  | 839        |
|    iterations           | 383        |
|    time_elapsed         | 1869       |
|    total_timesteps      | 1568768    |
| train/                  |            |
|    approx_kl            | 0.19184822 |
|    clip_fraction        | 0.489      |
|    clip_range           | 0.2        |
|    entropy_loss         | -18.8      |
|    explained_variance   | 0.814      |
|    learning_rate        | 0.0003     |
|    loss                 | 0.418      |
|    n_updates            | 17100      |
|    policy_gradient_loss | -0.0711    |
|    std                  | 6.54       |
|    value_loss           | 2.48       |
----------------------------------------
----------------------------------------
| manipularl/             |            |
|    collision_rate       | 0.77       |
|    grasp_failure_rate   | 0.928      |
|    insert_depth_mean    | 0.000149   |
|    insert_tilt_deg_mean | 0.153      |
|    success_rate         | 0          |
| rollout/                |            |
|    ep_len_mean          | 145        |
|    ep_rew_mean          | -4.74      |
| time/                   |            |
|    fps                  | 839        |
|    iterations           | 384        |
|    time_elapsed         | 1873       |
|    total_timesteps      | 1572864    |
| train/                  |            |
|    approx_kl            | 0.21604377 |
|    clip_fraction        | 0.485      |
|    clip_range           | 0.2        |
|    entropy_loss         | -18.8      |
|    explained_variance   | 0.897      |
|    learning_rate        | 0.0003     |
|    loss                 | 0.0507     |
|    n_updates            | 17110      |
|    policy_gradient_loss | -0.0738    |
|    std                  | 6.55       |
|    value_loss           | 1.48       |
----------------------------------------
----------------------------------------
| manipularl/             |            |
|    collision_rate       | 0.76       |
|    grasp_failure_rate   | 0.923      |
|    insert_depth_mean    | 0.000149   |
|    insert_tilt_deg_mean | 0.153      |
|    success_rate         | 0          |
| rollout/                |            |
|    ep_len_mean          | 152        |
|    ep_rew_mean          | -4.19      |
| time/                   |            |
|    fps                  | 839        |
|    iterations           | 385        |
|    time_elapsed         | 1877       |
|    total_timesteps      | 1576960    |
| train/                  |            |
|    approx_kl            | 0.16106355 |
|    clip_fraction        | 0.44       |
|    clip_range           | 0.2        |
|    entropy_loss         | -18.8      |
|    explained_variance   | 0.84       |
|    learning_rate        | 0.0003     |
|    loss                 | 0.254      |
|    n_updates            | 17120      |
|    policy_gradient_loss | -0.0685    |
|    std                  | 6.56       |
|    value_loss           | 2.1        |
----------------------------------------
----------------------------------------
| manipularl/             |            |
|    collision_rate       | 0.76       |
|    grasp_failure_rate   | 0.926      |
|    insert_depth_mean    | 0          |
|    insert_tilt_deg_mean | 0.153      |
|    success_rate         | 0          |
| rollout/                |            |
|    ep_len_mean          | 162        |
|    ep_rew_mean          | -6.82      |
| time/                   |            |
|    fps                  | 840        |
|    iterations           | 386        |
|    time_elapsed         | 1881       |
|    total_timesteps      | 1581056    |
| train/                  |            |
|    approx_kl            | 0.14749429 |
|    clip_fraction        | 0.439      |
|    clip_range           | 0.2        |
|    entropy_loss         | -18.8      |
|    explained_variance   | 0.822      |
|    learning_rate        | 0.0003     |
|    loss                 | 0.357      |
|    n_updates            | 17130      |
|    policy_gradient_loss | -0.0648    |
|    std                  | 6.56       |
|    value_loss           | 2.7        |
----------------------------------------
----------------------------------------
| manipularl/             |            |
|    collision_rate       | 0.77       |
|    grasp_failure_rate   | 0.922      |
|    insert_depth_mean    | 0          |
|    insert_tilt_deg_mean | 0.00261    |
|    success_rate         | 0          |
| rollout/                |            |
|    ep_len_mean          | 163        |
|    ep_rew_mean          | -7.25      |
| time/                   |            |
|    fps                  | 840        |
|    iterations           | 387        |
|    time_elapsed         | 1885       |
|    total_timesteps      | 1585152    |
| train/                  |            |
|    approx_kl            | 0.15330833 |
|    clip_fraction        | 0.447      |
|    clip_range           | 0.2        |
|    entropy_loss         | -18.8      |
|    explained_variance   | 0.859      |
|    learning_rate        | 0.0003     |
|    loss                 | 0.193      |
|    n_updates            | 17140      |
|    policy_gradient_loss | -0.0757    |
|    std                  | 6.57       |
|    value_loss           | 1.98       |
----------------------------------------
----------------------------------------
| manipularl/             |            |
|    collision_rate       | 0.76       |
|    grasp_failure_rate   | 0.922      |
|    insert_depth_mean    | 0          |
|    insert_tilt_deg_mean | 0.00253    |
|    success_rate         | 0          |
| rollout/                |            |
|    ep_len_mean          | 172        |
|    ep_rew_mean          | -8.08      |
| time/                   |            |
|    fps                  | 841        |
|    iterations           | 388        |
|    time_elapsed         | 1889       |
|    total_timesteps      | 1589248    |
| train/                  |            |
|    approx_kl            | 0.15094191 |
|    clip_fraction        | 0.451      |
|    clip_range           | 0.2        |
|    entropy_loss         | -18.8      |
|    explained_variance   | 0.787      |
|    learning_rate        | 0.0003     |
|    loss                 | 0.487      |
|    n_updates            | 17150      |
|    policy_gradient_loss | -0.0776    |
|    std                  | 6.58       |
|    value_loss           | 3.1        |
----------------------------------------
----------------------------------------
| manipularl/             |            |
|    collision_rate       | 0.74       |
|    grasp_failure_rate   | 0.914      |
|    insert_depth_mean    | 0          |
|    insert_tilt_deg_mean | 0.00261    |
|    success_rate         | 0          |
| rollout/                |            |
|    ep_len_mean          | 180        |
|    ep_rew_mean          | -7.1       |
| time/                   |            |
|    fps                  | 841        |
|    iterations           | 389        |
|    time_elapsed         | 1893       |
|    total_timesteps      | 1593344    |
| train/                  |            |
|    approx_kl            | 0.25613642 |
|    clip_fraction        | 0.502      |
|    clip_range           | 0.2        |
|    entropy_loss         | -18.8      |
|    explained_variance   | 0.848      |
|    learning_rate        | 0.0003     |
|    loss                 | 0.166      |
|    n_updates            | 17160      |
|    policy_gradient_loss | -0.0793    |
|    std                  | 6.59       |
|    value_loss           | 1.92       |
----------------------------------------
----------------------------------------
| manipularl/             |            |
|    collision_rate       | 0.69       |
|    grasp_failure_rate   | 0.916      |
|    insert_depth_mean    | 0          |
|    insert_tilt_deg_mean | 0.00264    |
|    success_rate         | 0          |
| rollout/                |            |
|    ep_len_mean          | 187        |
|    ep_rew_mean          | -5.4       |
| time/                   |            |
|    fps                  | 841        |
|    iterations           | 390        |
|    time_elapsed         | 1897       |
|    total_timesteps      | 1597440    |
| train/                  |            |
|    approx_kl            | 0.22885388 |
|    clip_fraction        | 0.474      |
|    clip_range           | 0.2        |
|    entropy_loss         | -18.8      |
|    explained_variance   | 0.871      |
|    learning_rate        | 0.0003     |
|    loss                 | 0.0149     |
|    n_updates            | 17170      |
|    policy_gradient_loss | -0.0742    |
|    std                  | 6.62       |
|    value_loss           | 1.38       |
----------------------------------------
Eval num_timesteps=1600000, episode_reward=-14.02 +/- 24.12
Episode length: 140.50 +/- 135.64
----------------------------------------
| eval/                   |            |
|    mean_ep_length       | 140        |
|    mean_reward          | -14        |
| manipularl/             |            |
|    collision_rate       | 0.68       |
|    grasp_failure_rate   | 0.914      |
|    insert_depth_mean    | 0          |
|    insert_tilt_deg_mean | 0.00275    |
|    success_rate         | 0          |
| time/                   |            |
|    total_timesteps      | 1600000    |
| train/                  |            |
|    approx_kl            | 0.23019972 |
|    clip_fraction        | 0.463      |
|    clip_range           | 0.2        |
|    entropy_loss         | -18.8      |
|    explained_variance   | 0.894      |
|    learning_rate        | 0.0003     |
|    loss                 | 0.11       |
|    n_updates            | 17180      |
|    policy_gradient_loss | -0.0692    |
|    std                  | 6.64       |
|    value_loss           | 1.6        |
----------------------------------------
--------------------------------------
| manipularl/             |          |
|    collision_rate       | 0.68     |
|    grasp_failure_rate   | 0.91     |
|    insert_depth_mean    | 0        |
|    insert_tilt_deg_mean | 0.00282  |
|    success_rate         | 0        |
| rollout/                |          |
|    ep_len_mean          | 185      |
|    ep_rew_mean          | -4.25    |
| time/                   |          |
|    fps                  | 839      |
|    iterations           | 391      |
|    time_elapsed         | 1908     |
|    total_timesteps      | 1601536  |
--------------------------------------
----------------------------------------
| manipularl/             |            |
|    collision_rate       | 0.62       |
|    grasp_failure_rate   | 0.918      |
|    insert_depth_mean    | 0.000102   |
|    insert_tilt_deg_mean | 0.00261    |
|    success_rate         | 0          |
| rollout/                |            |
|    ep_len_mean          | 210        |
|    ep_rew_mean          | -4.31      |
| time/                   |            |
|    fps                  | 839        |
|    iterations           | 392        |
|    time_elapsed         | 1911       |
|    total_timesteps      | 1605632    |
| train/                  |            |
|    approx_kl            | 0.23572019 |
|    clip_fraction        | 0.482      |
|    clip_range           | 0.2        |
|    entropy_loss         | -18.9      |
|    explained_variance   | 0.877      |
|    learning_rate        | 0.0003     |
|    loss                 | 0.314      |
|    n_updates            | 17190      |
|    policy_gradient_loss | -0.0717    |
|    std                  | 6.67       |
|    value_loss           | 2.09       |
----------------------------------------
----------------------------------------
| manipularl/             |            |
|    collision_rate       | 0.6        |
|    grasp_failure_rate   | 0.924      |
|    insert_depth_mean    | 0.000102   |
|    insert_tilt_deg_mean | 0.0026     |
|    success_rate         | 0          |
| rollout/                |            |
|    ep_len_mean          | 218        |
|    ep_rew_mean          | -5.68      |
| time/                   |            |
|    fps                  | 840        |
|    iterations           | 393        |
|    time_elapsed         | 1915       |
|    total_timesteps      | 1609728    |
| train/                  |            |
|    approx_kl            | 0.15110937 |
|    clip_fraction        | 0.436      |
|    clip_range           | 0.2        |
|    entropy_loss         | -18.9      |
|    explained_variance   | 0.896      |
|    learning_rate        | 0.0003     |
|    loss                 | 0.117      |
|    n_updates            | 17200      |
|    policy_gradient_loss | -0.0631    |
|    std                  | 6.68       |
|    value_loss           | 1.53       |
----------------------------------------
----------------------------------------
| manipularl/             |            |
|    collision_rate       | 0.59       |
|    grasp_failure_rate   | 0.931      |
|    insert_depth_mean    | 0.000102   |
|    insert_tilt_deg_mean | 0.00281    |
|    success_rate         | 0          |
| rollout/                |            |
|    ep_len_mean          | 223        |
|    ep_rew_mean          | -7.34      |
| time/                   |            |
|    fps                  | 840        |
|    iterations           | 394        |
|    time_elapsed         | 1919       |
|    total_timesteps      | 1613824    |
| train/                  |            |
|    approx_kl            | 0.14584906 |
|    clip_fraction        | 0.434      |
|    clip_range           | 0.2        |
|    entropy_loss         | -18.9      |
|    explained_variance   | 0.829      |
|    learning_rate        | 0.0003     |
|    loss                 | 0.665      |
|    n_updates            | 17210      |
|    policy_gradient_loss | -0.0681    |
|    std                  | 6.69       |
|    value_loss           | 3.11       |
----------------------------------------
----------------------------------------
| manipularl/             |            |
|    collision_rate       | 0.63       |
|    grasp_failure_rate   | 0.929      |
|    insert_depth_mean    | 0.000102   |
|    insert_tilt_deg_mean | 0.00305    |
|    success_rate         | 0          |
| rollout/                |            |
|    ep_len_mean          | 208        |
|    ep_rew_mean          | -9.2       |
| time/                   |            |
|    fps                  | 841        |
|    iterations           | 395        |
|    time_elapsed         | 1923       |
|    total_timesteps      | 1617920    |
| train/                  |            |
|    approx_kl            | 0.29796985 |
|    clip_fraction        | 0.477      |
|    clip_range           | 0.2        |
|    entropy_loss         | -18.9      |
|    explained_variance   | 0.876      |
|    learning_rate        | 0.0003     |
|    loss                 | 0.271      |
|    n_updates            | 17220      |
|    policy_gradient_loss | -0.0715    |
|    std                  | 6.7        |
|    value_loss           | 2.15       |
----------------------------------------
--------------------------------------
| manipularl/             |          |
|    collision_rate       | 0.63     |
|    grasp_failure_rate   | 0.936    |
|    insert_depth_mean    | 0.000102 |
|    insert_tilt_deg_mean | 0.00291  |
|    success_rate         | 0        |
| rollout/                |          |
|    ep_len_mean          | 210      |
|    ep_rew_mean          | -9.63    |
| time/                   |          |
|    fps                  | 841      |
|    iterations           | 396      |
|    time_elapsed         | 1927     |
|    total_timesteps      | 1622016  |
| train/                  |          |
|    approx_kl            | 0.143067 |
|    clip_fraction        | 0.377    |
|    clip_range           | 0.2      |
|    entropy_loss         | -18.9    |
|    explained_variance   | 0.889    |
|    learning_rate        | 0.0003   |
|    loss                 | 0.375    |
|    n_updates            | 17230    |
|    policy_gradient_loss | -0.0646  |
|    std                  | 6.72     |
|    value_loss           | 2.75     |
--------------------------------------
----------------------------------------
| manipularl/             |            |
|    collision_rate       | 0.68       |
|    grasp_failure_rate   | 0.933      |
|    insert_depth_mean    | 0          |
|    insert_tilt_deg_mean | 0.00287    |
|    success_rate         | 0          |
| rollout/                |            |
|    ep_len_mean          | 187        |
|    ep_rew_mean          | -10.7      |
| time/                   |            |
|    fps                  | 841        |
|    iterations           | 397        |
|    time_elapsed         | 1931       |
|    total_timesteps      | 1626112    |
| train/                  |            |
|    approx_kl            | 0.18222892 |
|    clip_fraction        | 0.453      |
|    clip_range           | 0.2        |
|    entropy_loss         | -18.9      |
|    explained_variance   | 0.828      |
|    learning_rate        | 0.0003     |
|    loss                 | 0.359      |
|    n_updates            | 17240      |
|    policy_gradient_loss | -0.0774    |
|    std                  | 6.73       |
|    value_loss           | 2.51       |
----------------------------------------
----------------------------------------
| manipularl/             |            |
|    collision_rate       | 0.73       |
|    grasp_failure_rate   | 0.922      |
|    insert_depth_mean    | 0          |
|    insert_tilt_deg_mean | 0.0026     |
|    success_rate         | 0          |
| rollout/                |            |
|    ep_len_mean          | 172        |
|    ep_rew_mean          | -8.51      |
| time/                   |            |
|    fps                  | 842        |
|    iterations           | 398        |
|    time_elapsed         | 1935       |
|    total_timesteps      | 1630208    |
| train/                  |            |
|    approx_kl            | 0.13075137 |
|    clip_fraction        | 0.393      |
|    clip_range           | 0.2        |
|    entropy_loss         | -18.9      |
|    explained_variance   | 0.755      |
|    learning_rate        | 0.0003     |
|    loss                 | 0.466      |
|    n_updates            | 17250      |
|    policy_gradient_loss | -0.0684    |
|    std                  | 6.75       |
|    value_loss           | 3.06       |
----------------------------------------
----------------------------------------
| manipularl/             |            |
|    collision_rate       | 0.8        |
|    grasp_failure_rate   | 0.926      |
|    insert_depth_mean    | 3.21e-05   |
|    insert_tilt_deg_mean | 0.435      |
|    success_rate         | 0          |
| rollout/                |            |
|    ep_len_mean          | 152        |
|    ep_rew_mean          | -7.85      |
| time/                   |            |
|    fps                  | 842        |
|    iterations           | 399        |
|    time_elapsed         | 1939       |
|    total_timesteps      | 1634304    |
| train/                  |            |
|    approx_kl            | 0.18240078 |
|    clip_fraction        | 0.458      |
|    clip_range           | 0.2        |
|    entropy_loss         | -18.9      |
|    explained_variance   | 0.748      |
|    learning_rate        | 0.0003     |
|    loss                 | 0.518      |
|    n_updates            | 17260      |
|    policy_gradient_loss | -0.0819    |
|    std                  | 6.75       |
|    value_loss           | 3.53       |
----------------------------------------
----------------------------------------
| manipularl/             |            |
|    collision_rate       | 0.8        |
|    grasp_failure_rate   | 0.931      |
|    insert_depth_mean    | 3.21e-05   |
|    insert_tilt_deg_mean | 0.435      |
|    success_rate         | 0          |
| rollout/                |            |
|    ep_len_mean          | 153        |
|    ep_rew_mean          | -8.63      |
| time/                   |            |
|    fps                  | 843        |
|    iterations           | 400        |
|    time_elapsed         | 1943       |
|    total_timesteps      | 1638400    |
| train/                  |            |
|    approx_kl            | 0.15357418 |
|    clip_fraction        | 0.42       |
|    clip_range           | 0.2        |
|    entropy_loss         | -18.9      |
|    explained_variance   | 0.74       |
|    learning_rate        | 0.0003     |
|    loss                 | 0.643      |
|    n_updates            | 17270      |
|    policy_gradient_loss | -0.0688    |
|    std                  | 6.76       |
|    value_loss           | 3.41       |
----------------------------------------
----------------------------------------
| manipularl/             |            |
|    collision_rate       | 0.8        |
|    grasp_failure_rate   | 0.929      |
|    insert_depth_mean    | 3.21e-05   |
|    insert_tilt_deg_mean | 0.435      |
|    success_rate         | 0          |
| rollout/                |            |
|    ep_len_mean          | 153        |
|    ep_rew_mean          | -7.99      |
| time/                   |            |
|    fps                  | 843        |
|    iterations           | 401        |
|    time_elapsed         | 1947       |
|    total_timesteps      | 1642496    |
| train/                  |            |
|    approx_kl            | 0.14745423 |
|    clip_fraction        | 0.428      |
|    clip_range           | 0.2        |
|    entropy_loss         | -18.9      |
|    explained_variance   | 0.809      |
|    learning_rate        | 0.0003     |
|    loss                 | 0.258      |
|    n_updates            | 17280      |
|    policy_gradient_loss | -0.0714    |
|    std                  | 6.75       |
|    value_loss           | 2.14       |
----------------------------------------
----------------------------------------
| manipularl/             |            |
|    collision_rate       | 0.74       |
|    grasp_failure_rate   | 0.945      |
|    insert_depth_mean    | 3.21e-05   |
|    insert_tilt_deg_mean | 1.3        |
|    success_rate         | 0          |
| rollout/                |            |
|    ep_len_mean          | 174        |
|    ep_rew_mean          | -8.74      |
| time/                   |            |
|    fps                  | 844        |
|    iterations           | 402        |
|    time_elapsed         | 1950       |
|    total_timesteps      | 1646592    |
| train/                  |            |
|    approx_kl            | 0.13861749 |
|    clip_fraction        | 0.426      |
|    clip_range           | 0.2        |
|    entropy_loss         | -18.9      |
|    explained_variance   | 0.751      |
|    learning_rate        | 0.0003     |
|    loss                 | 0.444      |
|    n_updates            | 17290      |
|    policy_gradient_loss | -0.0649    |
|    std                  | 6.76       |
|    value_loss           | 2.74       |
----------------------------------------
----------------------------------------
| manipularl/             |            |
|    collision_rate       | 0.74       |
|    grasp_failure_rate   | 0.941      |
|    insert_depth_mean    | 0          |
|    insert_tilt_deg_mean | 1.3        |
|    success_rate         | 0          |
| rollout/                |            |
|    ep_len_mean          | 169        |
|    ep_rew_mean          | -8.52      |
| time/                   |            |
|    fps                  | 844        |
|    iterations           | 403        |
|    time_elapsed         | 1954       |
|    total_timesteps      | 1650688    |
| train/                  |            |
|    approx_kl            | 0.22864987 |
|    clip_fraction        | 0.451      |
|    clip_range           | 0.2        |
|    entropy_loss         | -18.9      |
|    explained_variance   | 0.912      |
|    learning_rate        | 0.0003     |
|    loss                 | 0.0633     |
|    n_updates            | 17300      |
|    policy_gradient_loss | -0.0636    |
|    std                  | 6.76       |
|    value_loss           | 1.21       |
----------------------------------------
----------------------------------------
| manipularl/             |            |
|    collision_rate       | 0.68       |
|    grasp_failure_rate   | 0.941      |
|    insert_depth_mean    | 3.22e-05   |
|    insert_tilt_deg_mean | 1.3        |
|    success_rate         | 0          |
| rollout/                |            |
|    ep_len_mean          | 185        |
|    ep_rew_mean          | -8.16      |
| time/                   |            |
|    fps                  | 844        |
|    iterations           | 404        |
|    time_elapsed         | 1958       |
|    total_timesteps      | 1654784    |
| train/                  |            |
|    approx_kl            | 0.19616109 |
|    clip_fraction        | 0.465      |
|    clip_range           | 0.2        |
|    entropy_loss         | -18.9      |
|    explained_variance   | 0.824      |
|    learning_rate        | 0.0003     |
|    loss                 | 0.332      |
|    n_updates            | 17310      |
|    policy_gradient_loss | -0.0734    |
|    std                  | 6.79       |
|    value_loss           | 2.33       |
----------------------------------------
----------------------------------------
| manipularl/             |            |
|    collision_rate       | 0.66       |
|    grasp_failure_rate   | 0.948      |
|    insert_depth_mean    | 3.22e-05   |
|    insert_tilt_deg_mean | 1.3        |
|    success_rate         | 0          |
| rollout/                |            |
|    ep_len_mean          | 189        |
|    ep_rew_mean          | -8.34      |
| time/                   |            |
|    fps                  | 845        |
|    iterations           | 405        |
|    time_elapsed         | 1962       |
|    total_timesteps      | 1658880    |
| train/                  |            |
|    approx_kl            | 0.17932439 |
|    clip_fraction        | 0.453      |
|    clip_range           | 0.2        |
|    entropy_loss         | -18.9      |
|    explained_variance   | 0.787      |
|    learning_rate        | 0.0003     |
|    loss                 | 0.43       |
|    n_updates            | 17320      |
|    policy_gradient_loss | -0.0661    |
|    std                  | 6.81       |
|    value_loss           | 2.65       |
----------------------------------------
----------------------------------------
| manipularl/             |            |
|    collision_rate       | 0.67       |
|    grasp_failure_rate   | 0.943      |
|    insert_depth_mean    | 3.22e-05   |
|    insert_tilt_deg_mean | 1.3        |
|    success_rate         | 0          |
| rollout/                |            |
|    ep_len_mean          | 184        |
|    ep_rew_mean          | -7.98      |
| time/                   |            |
|    fps                  | 845        |
|    iterations           | 406        |
|    time_elapsed         | 1966       |
|    total_timesteps      | 1662976    |
| train/                  |            |
|    approx_kl            | 0.18304594 |
|    clip_fraction        | 0.458      |
|    clip_range           | 0.2        |
|    entropy_loss         | -18.9      |
|    explained_variance   | 0.805      |
|    learning_rate        | 0.0003     |
|    loss                 | 0.37       |
|    n_updates            | 17330      |
|    policy_gradient_loss | -0.0772    |
|    std                  | 6.83       |
|    value_loss           | 2.39       |
----------------------------------------
----------------------------------------
| manipularl/             |            |
|    collision_rate       | 0.66       |
|    grasp_failure_rate   | 0.948      |
|    insert_depth_mean    | 3.22e-05   |
|    insert_tilt_deg_mean | 0.436      |
|    success_rate         | 0          |
| rollout/                |            |
|    ep_len_mean          | 186        |
|    ep_rew_mean          | -8.4       |
| time/                   |            |
|    fps                  | 845        |
|    iterations           | 407        |
|    time_elapsed         | 1970       |
|    total_timesteps      | 1667072    |
| train/                  |            |
|    approx_kl            | 0.15859984 |
|    clip_fraction        | 0.426      |
|    clip_range           | 0.2        |
|    entropy_loss         | -18.9      |
|    explained_variance   | 0.84       |
|    learning_rate        | 0.0003     |
|    loss                 | 0.198      |
|    n_updates            | 17340      |
|    policy_gradient_loss | -0.0712    |
|    std                  | 6.83       |
|    value_loss           | 1.94       |
----------------------------------------
---------------------------------------
| manipularl/             |           |
|    collision_rate       | 0.64      |
|    grasp_failure_rate   | 0.94      |
|    insert_depth_mean    | 0.000147  |
|    insert_tilt_deg_mean | 0.436     |
|    success_rate         | 0         |
| rollout/                |           |
|    ep_len_mean          | 195       |
|    ep_rew_mean          | -8.3      |
| time/                   |           |
|    fps                  | 846       |
|    iterations           | 408       |
|    time_elapsed         | 1974      |
|    total_timesteps      | 1671168   |
| train/                  |           |
|    approx_kl            | 0.2139475 |
|    clip_fraction        | 0.465     |
|    clip_range           | 0.2       |
|    entropy_loss         | -18.9     |
|    explained_variance   | 0.864     |
|    learning_rate        | 0.0003    |
|    loss                 | 0.238     |
|    n_updates            | 17350     |
|    policy_gradient_loss | -0.0673   |
|    std                  | 6.85      |
|    value_loss           | 1.84      |
---------------------------------------
----------------------------------------
| manipularl/             |            |
|    collision_rate       | 0.68       |
|    grasp_failure_rate   | 0.939      |
|    insert_depth_mean    | 0.000147   |
|    insert_tilt_deg_mean | 0.436      |
|    success_rate         | 0          |
| rollout/                |            |
|    ep_len_mean          | 186        |
|    ep_rew_mean          | -7.81      |
| time/                   |            |
|    fps                  | 846        |
|    iterations           | 409        |
|    time_elapsed         | 1978       |
|    total_timesteps      | 1675264    |
| train/                  |            |
|    approx_kl            | 0.16919309 |
|    clip_fraction        | 0.438      |
|    clip_range           | 0.2        |
|    entropy_loss         | -18.9      |
|    explained_variance   | 0.837      |
|    learning_rate        | 0.0003     |
|    loss                 | 0.195      |
|    n_updates            | 17360      |
|    policy_gradient_loss | -0.0701    |
|    std                  | 6.87       |
|    value_loss           | 2.19       |
----------------------------------------
----------------------------------------
| manipularl/             |            |
|    collision_rate       | 0.67       |
|    grasp_failure_rate   | 0.931      |
|    insert_depth_mean    | 0.000147   |
|    insert_tilt_deg_mean | 0.436      |
|    success_rate         | 0          |
| rollout/                |            |
|    ep_len_mean          | 187        |
|    ep_rew_mean          | -8.14      |
| time/                   |            |
|    fps                  | 847        |
|    iterations           | 410        |
|    time_elapsed         | 1982       |
|    total_timesteps      | 1679360    |
| train/                  |            |
|    approx_kl            | 0.19682103 |
|    clip_fraction        | 0.45       |
|    clip_range           | 0.2        |
|    entropy_loss         | -18.9      |
|    explained_variance   | 0.806      |
|    learning_rate        | 0.0003     |
|    loss                 | 0.43       |
|    n_updates            | 17370      |
|    policy_gradient_loss | -0.07      |
|    std                  | 6.88       |
|    value_loss           | 2.84       |
----------------------------------------
----------------------------------------
| manipularl/             |            |
|    collision_rate       | 0.67       |
|    grasp_failure_rate   | 0.928      |
|    insert_depth_mean    | 0.000262   |
|    insert_tilt_deg_mean | 0.00257    |
|    success_rate         | 0          |
| rollout/                |            |
|    ep_len_mean          | 196        |
|    ep_rew_mean          | -8.41      |
| time/                   |            |
|    fps                  | 847        |
|    iterations           | 411        |
|    time_elapsed         | 1985       |
|    total_timesteps      | 1683456    |
| train/                  |            |
|    approx_kl            | 0.19208926 |
|    clip_fraction        | 0.465      |
|    clip_range           | 0.2        |
|    entropy_loss         | -18.9      |
|    explained_variance   | 0.835      |
|    learning_rate        | 0.0003     |
|    loss                 | 0.227      |
|    n_updates            | 17380      |
|    policy_gradient_loss | -0.0727    |
|    std                  | 6.91       |
|    value_loss           | 2.5        |
----------------------------------------
----------------------------------------
| manipularl/             |            |
|    collision_rate       | 0.68       |
|    grasp_failure_rate   | 0.934      |
|    insert_depth_mean    | 0.000115   |
|    insert_tilt_deg_mean | 0.00251    |
|    success_rate         | 0          |
| rollout/                |            |
|    ep_len_mean          | 195        |
|    ep_rew_mean          | -8.71      |
| time/                   |            |
|    fps                  | 848        |
|    iterations           | 412        |
|    time_elapsed         | 1989       |
|    total_timesteps      | 1687552    |
| train/                  |            |
|    approx_kl            | 0.19371128 |
|    clip_fraction        | 0.471      |
|    clip_range           | 0.2        |
|    entropy_loss         | -19        |
|    explained_variance   | 0.834      |
|    learning_rate        | 0.0003     |
|    loss                 | 0.323      |
|    n_updates            | 17390      |
|    policy_gradient_loss | -0.0737    |
|    std                  | 6.93       |
|    value_loss           | 2.24       |
----------------------------------------
----------------------------------------
| manipularl/             |            |
|    collision_rate       | 0.68       |
|    grasp_failure_rate   | 0.934      |
|    insert_depth_mean    | 0.000115   |
|    insert_tilt_deg_mean | 0.00227    |
|    success_rate         | 0          |
| rollout/                |            |
|    ep_len_mean          | 199        |
|    ep_rew_mean          | -8.95      |
| time/                   |            |
|    fps                  | 848        |
|    iterations           | 413        |
|    time_elapsed         | 1993       |
|    total_timesteps      | 1691648    |
| train/                  |            |
|    approx_kl            | 0.13464774 |
|    clip_fraction        | 0.427      |
|    clip_range           | 0.2        |
|    entropy_loss         | -19        |
|    explained_variance   | 0.846      |
|    learning_rate        | 0.0003     |
|    loss                 | 0.453      |
|    n_updates            | 17400      |
|    policy_gradient_loss | -0.0685    |
|    std                  | 6.95       |
|    value_loss           | 2.77       |
----------------------------------------
----------------------------------------
| manipularl/             |            |
|    collision_rate       | 0.67       |
|    grasp_failure_rate   | 0.939      |
|    insert_depth_mean    | 0.000115   |
|    insert_tilt_deg_mean | 0.00205    |
|    success_rate         | 0          |
| rollout/                |            |
|    ep_len_mean          | 196        |
|    ep_rew_mean          | -10.4      |
| time/                   |            |
|    fps                  | 848        |
|    iterations           | 414        |
|    time_elapsed         | 1997       |
|    total_timesteps      | 1695744    |
| train/                  |            |
|    approx_kl            | 0.23729423 |
|    clip_fraction        | 0.478      |
|    clip_range           | 0.2        |
|    entropy_loss         | -19        |
|    explained_variance   | 0.882      |
|    learning_rate        | 0.0003     |
|    loss                 | 0.0503     |
|    n_updates            | 17410      |
|    policy_gradient_loss | -0.0794    |
|    std                  | 6.96       |
|    value_loss           | 1.36       |
----------------------------------------
----------------------------------------
| manipularl/             |            |
|    collision_rate       | 0.69       |
|    grasp_failure_rate   | 0.944      |
|    insert_depth_mean    | 0.000115   |
|    insert_tilt_deg_mean | 0.00205    |
|    success_rate         | 0          |
| rollout/                |            |
|    ep_len_mean          | 193        |
|    ep_rew_mean          | -11.1      |
| time/                   |            |
|    fps                  | 849        |
|    iterations           | 415        |
|    time_elapsed         | 2001       |
|    total_timesteps      | 1699840    |
| train/                  |            |
|    approx_kl            | 0.11965074 |
|    clip_fraction        | 0.41       |
|    clip_range           | 0.2        |
|    entropy_loss         | -19        |
|    explained_variance   | 0.792      |
|    learning_rate        | 0.0003     |
|    loss                 | 0.366      |
|    n_updates            | 17420      |
|    policy_gradient_loss | -0.0645    |
|    std                  | 6.97       |
|    value_loss           | 2.67       |
----------------------------------------
----------------------------------------
| manipularl/             |            |
|    collision_rate       | 0.7        |
|    grasp_failure_rate   | 0.939      |
|    insert_depth_mean    | 0          |
|    insert_tilt_deg_mean | 0.435      |
|    success_rate         | 0          |
| rollout/                |            |
|    ep_len_mean          | 187        |
|    ep_rew_mean          | -10.8      |
| time/                   |            |
|    fps                  | 849        |
|    iterations           | 416        |
|    time_elapsed         | 2005       |
|    total_timesteps      | 1703936    |
| train/                  |            |
|    approx_kl            | 0.15343365 |
|    clip_fraction        | 0.432      |
|    clip_range           | 0.2        |
|    entropy_loss         | -19        |
|    explained_variance   | 0.839      |
|    learning_rate        | 0.0003     |
|    loss                 | 0.371      |
|    n_updates            | 17430      |
|    policy_gradient_loss | -0.0717    |
|    std                  | 6.98       |
|    value_loss           | 2.49       |
----------------------------------------
----------------------------------------
| manipularl/             |            |
|    collision_rate       | 0.73       |
|    grasp_failure_rate   | 0.949      |
|    insert_depth_mean    | 0          |
|    insert_tilt_deg_mean | 0.877      |
|    success_rate         | 0          |
| rollout/                |            |
|    ep_len_mean          | 176        |
|    ep_rew_mean          | -10.2      |
| time/                   |            |
|    fps                  | 849        |
|    iterations           | 417        |
|    time_elapsed         | 2009       |
|    total_timesteps      | 1708032    |
| train/                  |            |
|    approx_kl            | 0.19927141 |
|    clip_fraction        | 0.458      |
|    clip_range           | 0.2        |
|    entropy_loss         | -19        |
|    explained_variance   | 0.826      |
|    learning_rate        | 0.0003     |
|    loss                 | 0.386      |
|    n_updates            | 17440      |
|    policy_gradient_loss | -0.075     |
|    std                  | 6.99       |
|    value_loss           | 2.69       |
----------------------------------------
----------------------------------------
| manipularl/             |            |
|    collision_rate       | 0.73       |
|    grasp_failure_rate   | 0.945      |
|    insert_depth_mean    | 0          |
|    insert_tilt_deg_mean | 0.886      |
|    success_rate         | 0          |
| rollout/                |            |
|    ep_len_mean          | 178        |
|    ep_rew_mean          | -11        |
| time/                   |            |
|    fps                  | 850        |
|    iterations           | 418        |
|    time_elapsed         | 2013       |
|    total_timesteps      | 1712128    |
| train/                  |            |
|    approx_kl            | 0.18748155 |
|    clip_fraction        | 0.458      |
|    clip_range           | 0.2        |
|    entropy_loss         | -18.9      |
|    explained_variance   | 0.815      |
|    learning_rate        | 0.0003     |
|    loss                 | 0.261      |
|    n_updates            | 17450      |
|    policy_gradient_loss | -0.0699    |
|    std                  | 7          |
|    value_loss           | 2.16       |
----------------------------------------
----------------------------------------
| manipularl/             |            |
|    collision_rate       | 0.74       |
|    grasp_failure_rate   | 0.933      |
|    insert_depth_mean    | 0          |
|    insert_tilt_deg_mean | 1.32       |
|    success_rate         | 0          |
| rollout/                |            |
|    ep_len_mean          | 166        |
|    ep_rew_mean          | -10.7      |
| time/                   |            |
|    fps                  | 850        |
|    iterations           | 419        |
|    time_elapsed         | 2017       |
|    total_timesteps      | 1716224    |
| train/                  |            |
|    approx_kl            | 0.12594101 |
|    clip_fraction        | 0.385      |
|    clip_range           | 0.2        |
|    entropy_loss         | -19        |
|    explained_variance   | 0.699      |
|    learning_rate        | 0.0003     |
|    loss                 | 0.628      |
|    n_updates            | 17460      |
|    policy_gradient_loss | -0.0661    |
|    std                  | 7.01       |
|    value_loss           | 3.63       |
----------------------------------------
----------------------------------------
| manipularl/             |            |
|    collision_rate       | 0.75       |
|    grasp_failure_rate   | 0.937      |
|    insert_depth_mean    | 0          |
|    insert_tilt_deg_mean | 0.886      |
|    success_rate         | 0          |
| rollout/                |            |
|    ep_len_mean          | 161        |
|    ep_rew_mean          | -11.1      |
| time/                   |            |
|    fps                  | 851        |
|    iterations           | 420        |
|    time_elapsed         | 2021       |
|    total_timesteps      | 1720320    |
| train/                  |            |
|    approx_kl            | 0.14853223 |
|    clip_fraction        | 0.427      |
|    clip_range           | 0.2        |
|    entropy_loss         | -19        |
|    explained_variance   | 0.825      |
|    learning_rate        | 0.0003     |
|    loss                 | 0.418      |
|    n_updates            | 17470      |
|    policy_gradient_loss | -0.074     |
|    std                  | 7.03       |
|    value_loss           | 2.7        |
----------------------------------------
----------------------------------------
| manipularl/             |            |
|    collision_rate       | 0.72       |
|    grasp_failure_rate   | 0.935      |
|    insert_depth_mean    | 0          |
|    insert_tilt_deg_mean | 0.453      |
|    success_rate         | 0          |
| rollout/                |            |
|    ep_len_mean          | 167        |
|    ep_rew_mean          | -11.9      |
| time/                   |            |
|    fps                  | 851        |
|    iterations           | 421        |
|    time_elapsed         | 2025       |
|    total_timesteps      | 1724416    |
| train/                  |            |
|    approx_kl            | 0.22644036 |
|    clip_fraction        | 0.462      |
|    clip_range           | 0.2        |
|    entropy_loss         | -19        |
|    explained_variance   | 0.865      |
|    learning_rate        | 0.0003     |
|    loss                 | 0.291      |
|    n_updates            | 17480      |
|    policy_gradient_loss | -0.0748    |
|    std                  | 7.05       |
|    value_loss           | 2.29       |
----------------------------------------
----------------------------------------
| manipularl/             |            |
|    collision_rate       | 0.74       |
|    grasp_failure_rate   | 0.93       |
|    insert_depth_mean    | 0          |
|    insert_tilt_deg_mean | 0.453      |
|    success_rate         | 0          |
| rollout/                |            |
|    ep_len_mean          | 158        |
|    ep_rew_mean          | -9.01      |
| time/                   |            |
|    fps                  | 851        |
|    iterations           | 422        |
|    time_elapsed         | 2029       |
|    total_timesteps      | 1728512    |
| train/                  |            |
|    approx_kl            | 0.14730686 |
|    clip_fraction        | 0.429      |
|    clip_range           | 0.2        |
|    entropy_loss         | -19        |
|    explained_variance   | 0.788      |
|    learning_rate        | 0.0003     |
|    loss                 | 0.355      |
|    n_updates            | 17490      |
|    policy_gradient_loss | -0.0712    |
|    std                  | 7.05       |
|    value_loss           | 2.4        |
----------------------------------------
----------------------------------------
| manipularl/             |            |
|    collision_rate       | 0.75       |
|    grasp_failure_rate   | 0.943      |
|    insert_depth_mean    | 0          |
|    insert_tilt_deg_mean | 0.0288     |
|    success_rate         | 0          |
| rollout/                |            |
|    ep_len_mean          | 155        |
|    ep_rew_mean          | -7.37      |
| time/                   |            |
|    fps                  | 852        |
|    iterations           | 423        |
|    time_elapsed         | 2033       |
|    total_timesteps      | 1732608    |
| train/                  |            |
|    approx_kl            | 0.20413293 |
|    clip_fraction        | 0.458      |
|    clip_range           | 0.2        |
|    entropy_loss         | -19        |
|    explained_variance   | 0.869      |
|    learning_rate        | 0.0003     |
|    loss                 | 0.249      |
|    n_updates            | 17500      |
|    policy_gradient_loss | -0.0802    |
|    std                  | 7.06       |
|    value_loss           | 2.31       |
----------------------------------------
----------------------------------------
| manipularl/             |            |
|    collision_rate       | 0.75       |
|    grasp_failure_rate   | 0.941      |
|    insert_depth_mean    | 0          |
|    insert_tilt_deg_mean | 0.0289     |
|    success_rate         | 0          |
| rollout/                |            |
|    ep_len_mean          | 158        |
|    ep_rew_mean          | -7.03      |
| time/                   |            |
|    fps                  | 852        |
|    iterations           | 424        |
|    time_elapsed         | 2037       |
|    total_timesteps      | 1736704    |
| train/                  |            |
|    approx_kl            | 0.21376121 |
|    clip_fraction        | 0.488      |
|    clip_range           | 0.2        |
|    entropy_loss         | -19        |
|    explained_variance   | 0.779      |
|    learning_rate        | 0.0003     |
|    loss                 | 0.281      |
|    n_updates            | 17510      |
|    policy_gradient_loss | -0.0717    |
|    std                  | 7.09       |
|    value_loss           | 2.52       |
----------------------------------------
----------------------------------------
| manipularl/             |            |
|    collision_rate       | 0.78       |
|    grasp_failure_rate   | 0.939      |
|    insert_depth_mean    | 0          |
|    insert_tilt_deg_mean | 0.02       |
|    success_rate         | 0          |
| rollout/                |            |
|    ep_len_mean          | 150        |
|    ep_rew_mean          | -6.03      |
| time/                   |            |
|    fps                  | 852        |
|    iterations           | 425        |
|    time_elapsed         | 2041       |
|    total_timesteps      | 1740800    |
| train/                  |            |
|    approx_kl            | 0.15464646 |
|    clip_fraction        | 0.459      |
|    clip_range           | 0.2        |
|    entropy_loss         | -19        |
|    explained_variance   | 0.765      |
|    learning_rate        | 0.0003     |
|    loss                 | 0.414      |
|    n_updates            | 17520      |
|    policy_gradient_loss | -0.0687    |
|    std                  | 7.11       |
|    value_loss           | 2.65       |
----------------------------------------
----------------------------------------
| manipularl/             |            |
|    collision_rate       | 0.77       |
|    grasp_failure_rate   | 0.932      |
|    insert_depth_mean    | 0          |
|    insert_tilt_deg_mean | 0.0112     |
|    success_rate         | 0          |
| rollout/                |            |
|    ep_len_mean          | 156        |
|    ep_rew_mean          | -6.37      |
| time/                   |            |
|    fps                  | 853        |
|    iterations           | 426        |
|    time_elapsed         | 2045       |
|    total_timesteps      | 1744896    |
| train/                  |            |
|    approx_kl            | 0.22905323 |
|    clip_fraction        | 0.489      |
|    clip_range           | 0.2        |
|    entropy_loss         | -19        |
|    explained_variance   | 0.831      |
|    learning_rate        | 0.0003     |
|    loss                 | 0.179      |
|    n_updates            | 17530      |
|    policy_gradient_loss | -0.08      |
|    std                  | 7.13       |
|    value_loss           | 1.92       |
----------------------------------------
----------------------------------------
| manipularl/             |            |
|    collision_rate       | 0.76       |
|    grasp_failure_rate   | 0.935      |
|    insert_depth_mean    | 0          |
|    insert_tilt_deg_mean | 0.00242    |
|    success_rate         | 0          |
| rollout/                |            |
|    ep_len_mean          | 169        |
|    ep_rew_mean          | -9.46      |
| time/                   |            |
|    fps                  | 853        |
|    iterations           | 427        |
|    time_elapsed         | 2049       |
|    total_timesteps      | 1748992    |
| train/                  |            |
|    approx_kl            | 0.18337813 |
|    clip_fraction        | 0.463      |
|    clip_range           | 0.2        |
|    entropy_loss         | -19        |
|    explained_variance   | 0.831      |
|    learning_rate        | 0.0003     |
|    loss                 | 0.421      |
|    n_updates            | 17540      |
|    policy_gradient_loss | -0.075     |
|    std                  | 7.15       |
|    value_loss           | 2.79       |
----------------------------------------
----------------------------------------
| manipularl/             |            |
|    collision_rate       | 0.78       |
|    grasp_failure_rate   | 0.923      |
|    insert_depth_mean    | 0          |
|    insert_tilt_deg_mean | 1.39       |
|    success_rate         | 0          |
| rollout/                |            |
|    ep_len_mean          | 163        |
|    ep_rew_mean          | -9.99      |
| time/                   |            |
|    fps                  | 853        |
|    iterations           | 428        |
|    time_elapsed         | 2053       |
|    total_timesteps      | 1753088    |
| train/                  |            |
|    approx_kl            | 0.11653133 |
|    clip_fraction        | 0.409      |
|    clip_range           | 0.2        |
|    entropy_loss         | -19        |
|    explained_variance   | 0.765      |
|    learning_rate        | 0.0003     |
|    loss                 | 0.577      |
|    n_updates            | 17550      |
|    policy_gradient_loss | -0.069     |
|    std                  | 7.17       |
|    value_loss           | 3.24       |
----------------------------------------
----------------------------------------
| manipularl/             |            |
|    collision_rate       | 0.74       |
|    grasp_failure_rate   | 0.931      |
|    insert_depth_mean    | 0          |
|    insert_tilt_deg_mean | 1.39       |
|    success_rate         | 0          |
| rollout/                |            |
|    ep_len_mean          | 179        |
|    ep_rew_mean          | -12.7      |
| time/                   |            |
|    fps                  | 853        |
|    iterations           | 429        |
|    time_elapsed         | 2057       |
|    total_timesteps      | 1757184    |
| train/                  |            |
|    approx_kl            | 0.18822369 |
|    clip_fraction        | 0.452      |
|    clip_range           | 0.2        |
|    entropy_loss         | -19        |
|    explained_variance   | 0.796      |
|    learning_rate        | 0.0003     |
|    loss                 | 0.323      |
|    n_updates            | 17560      |
|    policy_gradient_loss | -0.0786    |
|    std                  | 7.18       |
|    value_loss           | 2.64       |
----------------------------------------
----------------------------------------
| manipularl/             |            |
|    collision_rate       | 0.76       |
|    grasp_failure_rate   | 0.931      |
|    insert_depth_mean    | 0          |
|    insert_tilt_deg_mean | 2.08       |
|    success_rate         | 0          |
| rollout/                |            |
|    ep_len_mean          | 170        |
|    ep_rew_mean          | -13.2      |
| time/                   |            |
|    fps                  | 854        |
|    iterations           | 430        |
|    time_elapsed         | 2061       |
|    total_timesteps      | 1761280    |
| train/                  |            |
|    approx_kl            | 0.13930678 |
|    clip_fraction        | 0.395      |
|    clip_range           | 0.2        |
|    entropy_loss         | -19        |
|    explained_variance   | 0.855      |
|    learning_rate        | 0.0003     |
|    loss                 | 0.344      |
|    n_updates            | 17570      |
|    policy_gradient_loss | -0.0619    |
|    std                  | 7.19       |
|    value_loss           | 2.83       |
----------------------------------------
----------------------------------------
| manipularl/             |            |
|    collision_rate       | 0.75       |
|    grasp_failure_rate   | 0.934      |
|    insert_depth_mean    | 0          |
|    insert_tilt_deg_mean | 2.09       |
|    success_rate         | 0          |
| rollout/                |            |
|    ep_len_mean          | 174        |
|    ep_rew_mean          | -13.3      |
| time/                   |            |
|    fps                  | 854        |
|    iterations           | 431        |
|    time_elapsed         | 2065       |
|    total_timesteps      | 1765376    |
| train/                  |            |
|    approx_kl            | 0.18665925 |
|    clip_fraction        | 0.47       |
|    clip_range           | 0.2        |
|    entropy_loss         | -19        |
|    explained_variance   | 0.856      |
|    learning_rate        | 0.0003     |
|    loss                 | 0.489      |
|    n_updates            | 17580      |
|    policy_gradient_loss | -0.0793    |
|    std                  | 7.21       |
|    value_loss           | 2.92       |
----------------------------------------
----------------------------------------
| manipularl/             |            |
|    collision_rate       | 0.72       |
|    grasp_failure_rate   | 0.938      |
|    insert_depth_mean    | 0          |
|    insert_tilt_deg_mean | 2.09       |
|    success_rate         | 0          |
| rollout/                |            |
|    ep_len_mean          | 177        |
|    ep_rew_mean          | -12.3      |
| time/                   |            |
|    fps                  | 854        |
|    iterations           | 432        |
|    time_elapsed         | 2069       |
|    total_timesteps      | 1769472    |
| train/                  |            |
|    approx_kl            | 0.21949115 |
|    clip_fraction        | 0.487      |
|    clip_range           | 0.2        |
|    entropy_loss         | -19        |
|    explained_variance   | 0.825      |
|    learning_rate        | 0.0003     |
|    loss                 | 0.464      |
|    n_updates            | 17590      |
|    policy_gradient_loss | -0.0779    |
|    std                  | 7.23       |
|    value_loss           | 2.88       |
----------------------------------------
----------------------------------------
| manipularl/             |            |
|    collision_rate       | 0.74       |
|    grasp_failure_rate   | 0.941      |
|    insert_depth_mean    | 0          |
|    insert_tilt_deg_mean | 2.09       |
|    success_rate         | 0          |
| rollout/                |            |
|    ep_len_mean          | 161        |
|    ep_rew_mean          | -9.26      |
| time/                   |            |
|    fps                  | 855        |
|    iterations           | 433        |
|    time_elapsed         | 2073       |
|    total_timesteps      | 1773568    |
| train/                  |            |
|    approx_kl            | 0.18570286 |
|    clip_fraction        | 0.412      |
|    clip_range           | 0.2        |
|    entropy_loss         | -19        |
|    explained_variance   | 0.88       |
|    learning_rate        | 0.0003     |
|    loss                 | 0.191      |
|    n_updates            | 17600      |
|    policy_gradient_loss | -0.0654    |
|    std                  | 7.24       |
|    value_loss           | 2.26       |
----------------------------------------
----------------------------------------
| manipularl/             |            |
|    collision_rate       | 0.75       |
|    grasp_failure_rate   | 0.934      |
|    insert_depth_mean    | 0          |
|    insert_tilt_deg_mean | 1.4        |
|    success_rate         | 0          |
| rollout/                |            |
|    ep_len_mean          | 166        |
|    ep_rew_mean          | -10.9      |
| time/                   |            |
|    fps                  | 855        |
|    iterations           | 434        |
|    time_elapsed         | 2077       |
|    total_timesteps      | 1777664    |
| train/                  |            |
|    approx_kl            | 0.18456212 |
|    clip_fraction        | 0.454      |
|    clip_range           | 0.2        |
|    entropy_loss         | -19        |
|    explained_variance   | 0.843      |
|    learning_rate        | 0.0003     |
|    loss                 | 0.489      |
|    n_updates            | 17610      |
|    policy_gradient_loss | -0.0787    |
|    std                  | 7.26       |
|    value_loss           | 3.24       |
----------------------------------------
--------------------------------------
| manipularl/             |          |
|    collision_rate       | 0.72     |
|    grasp_failure_rate   | 0.937    |
|    insert_depth_mean    | 0        |
|    insert_tilt_deg_mean | 1.39     |
|    success_rate         | 0        |
| rollout/                |          |
|    ep_len_mean          | 172      |
|    ep_rew_mean          | -9.59    |
| time/                   |          |
|    fps                  | 855      |
|    iterations           | 435      |
|    time_elapsed         | 2082     |
|    total_timesteps      | 1781760  |
| train/                  |          |
|    approx_kl            | 0.206805 |
|    clip_fraction        | 0.487    |
|    clip_range           | 0.2      |
|    entropy_loss         | -19      |
|    explained_variance   | 0.829    |
|    learning_rate        | 0.0003   |
|    loss                 | 0.567    |
|    n_updates            | 17620    |
|    policy_gradient_loss | -0.0682  |
|    std                  | 7.27     |
|    value_loss           | 3.12     |
--------------------------------------
----------------------------------------
| manipularl/             |            |
|    collision_rate       | 0.81       |
|    grasp_failure_rate   | 0.931      |
|    insert_depth_mean    | 0.0006     |
|    insert_tilt_deg_mean | 1.4        |
|    success_rate         | 0          |
| rollout/                |            |
|    ep_len_mean          | 141        |
|    ep_rew_mean          | -8.04      |
| time/                   |            |
|    fps                  | 855        |
|    iterations           | 436        |
|    time_elapsed         | 2086       |
|    total_timesteps      | 1785856    |
| train/                  |            |
|    approx_kl            | 0.17500967 |
|    clip_fraction        | 0.436      |
|    clip_range           | 0.2        |
|    entropy_loss         | -19        |
|    explained_variance   | 0.825      |
|    learning_rate        | 0.0003     |
|    loss                 | 0.264      |
|    n_updates            | 17630      |
|    policy_gradient_loss | -0.0704    |
|    std                  | 7.27       |
|    value_loss           | 2.37       |
----------------------------------------
----------------------------------------
| manipularl/             |            |
|    collision_rate       | 0.77       |
|    grasp_failure_rate   | 0.932      |
|    insert_depth_mean    | 0.0018     |
|    insert_tilt_deg_mean | 0.0209     |
|    success_rate         | 0          |
| rollout/                |            |
|    ep_len_mean          | 158        |
|    ep_rew_mean          | -8.4       |
| time/                   |            |
|    fps                  | 856        |
|    iterations           | 437        |
|    time_elapsed         | 2090       |
|    total_timesteps      | 1789952    |
| train/                  |            |
|    approx_kl            | 0.17851311 |
|    clip_fraction        | 0.442      |
|    clip_range           | 0.2        |
|    entropy_loss         | -19        |
|    explained_variance   | 0.773      |
|    learning_rate        | 0.0003     |
|    loss                 | 0.624      |
|    n_updates            | 17640      |
|    policy_gradient_loss | -0.0737    |
|    std                  | 7.28       |
|    value_loss           | 3.23       |
----------------------------------------
----------------------------------------
| manipularl/             |            |
|    collision_rate       | 0.76       |
|    grasp_failure_rate   | 0.944      |
|    insert_depth_mean    | 0.0018     |
|    insert_tilt_deg_mean | 0.0208     |
|    success_rate         | 0          |
| rollout/                |            |
|    ep_len_mean          | 157        |
|    ep_rew_mean          | -7.49      |
| time/                   |            |
|    fps                  | 856        |
|    iterations           | 438        |
|    time_elapsed         | 2094       |
|    total_timesteps      | 1794048    |
| train/                  |            |
|    approx_kl            | 0.18671674 |
|    clip_fraction        | 0.454      |
|    clip_range           | 0.2        |
|    entropy_loss         | -19        |
|    explained_variance   | 0.803      |
|    learning_rate        | 0.0003     |
|    loss                 | 0.39       |
|    n_updates            | 17650      |
|    policy_gradient_loss | -0.0664    |
|    std                  | 7.29       |
|    value_loss           | 2.55       |
----------------------------------------
----------------------------------------
| manipularl/             |            |
|    collision_rate       | 0.75       |
|    grasp_failure_rate   | 0.946      |
|    insert_depth_mean    | 0.0018     |
|    insert_tilt_deg_mean | 0.0207     |
|    success_rate         | 0          |
| rollout/                |            |
|    ep_len_mean          | 156        |
|    ep_rew_mean          | -7.05      |
| time/                   |            |
|    fps                  | 857        |
|    iterations           | 439        |
|    time_elapsed         | 2097       |
|    total_timesteps      | 1798144    |
| train/                  |            |
|    approx_kl            | 0.19967008 |
|    clip_fraction        | 0.47       |
|    clip_range           | 0.2        |
|    entropy_loss         | -19        |
|    explained_variance   | 0.867      |
|    learning_rate        | 0.0003     |
|    loss                 | 0.356      |
|    n_updates            | 17660      |
|    policy_gradient_loss | -0.0727    |
|    std                  | 7.3        |
|    value_loss           | 2.43       |
----------------------------------------
Eval num_timesteps=1800000, episode_reward=-6.10 +/- 13.49
Episode length: 195.15 +/- 165.37
----------------------------------------
| eval/                   |            |
|    mean_ep_length       | 195        |
|    mean_reward          | -6.1       |
| manipularl/             |            |
|    collision_rate       | 0.73       |
|    grasp_failure_rate   | 0.95       |
|    insert_depth_mean    | 0.0018     |
|    insert_tilt_deg_mean | 0.704      |
|    success_rate         | 0          |
| time/                   |            |
|    total_timesteps      | 1800000    |
| train/                  |            |
|    approx_kl            | 0.22697376 |
|    clip_fraction        | 0.474      |
|    clip_range           | 0.2        |
|    entropy_loss         | -19        |
|    explained_variance   | 0.862      |
|    learning_rate        | 0.0003     |
|    loss                 | 0.187      |
|    n_updates            | 17670      |
|    policy_gradient_loss | -0.0735    |
|    std                  | 7.31       |
|    value_loss           | 1.93       |
----------------------------------------
--------------------------------------
| manipularl/             |          |
|    collision_rate       | 0.72     |
|    grasp_failure_rate   | 0.944    |
|    insert_depth_mean    | 0.0012   |
|    insert_tilt_deg_mean | 0.703    |
|    success_rate         | 0        |
| rollout/                |          |
|    ep_len_mean          | 169      |
|    ep_rew_mean          | -7.32    |
| time/                   |          |
|    fps                  | 854      |
|    iterations           | 440      |
|    time_elapsed         | 2110     |
|    total_timesteps      | 1802240  |
--------------------------------------
----------------------------------------
| manipularl/             |            |
|    collision_rate       | 0.73       |
|    grasp_failure_rate   | 0.937      |
|    insert_depth_mean    | 0.0006     |
|    insert_tilt_deg_mean | 0.694      |
|    success_rate         | 0          |
| rollout/                |            |
|    ep_len_mean          | 170        |
|    ep_rew_mean          | -6.65      |
| time/                   |            |
|    fps                  | 854        |
|    iterations           | 441        |
|    time_elapsed         | 2114       |
|    total_timesteps      | 1806336    |
| train/                  |            |
|    approx_kl            | 0.19662638 |
|    clip_fraction        | 0.464      |
|    clip_range           | 0.2        |
|    entropy_loss         | -19        |
|    explained_variance   | 0.82       |
|    learning_rate        | 0.0003     |
|    loss                 | 0.358      |
|    n_updates            | 17680      |
|    policy_gradient_loss | -0.0771    |
|    std                  | 7.33       |
|    value_loss           | 2.19       |
----------------------------------------
----------------------------------------
| manipularl/             |            |
|    collision_rate       | 0.77       |
|    grasp_failure_rate   | 0.926      |
|    insert_depth_mean    | 0.0012     |
|    insert_tilt_deg_mean | 0.695      |
|    success_rate         | 0          |
| rollout/                |            |
|    ep_len_mean          | 155        |
|    ep_rew_mean          | -4.42      |
| time/                   |            |
|    fps                  | 854        |
|    iterations           | 442        |
|    time_elapsed         | 2117       |
|    total_timesteps      | 1810432    |
| train/                  |            |
|    approx_kl            | 0.49264306 |
|    clip_fraction        | 0.49       |
|    clip_range           | 0.2        |
|    entropy_loss         | -19        |
|    explained_variance   | 0.851      |
|    learning_rate        | 0.0003     |
|    loss                 | 0.26       |
|    n_updates            | 17690      |
|    policy_gradient_loss | -0.0779    |
|    std                  | 7.35       |
|    value_loss           | 2.22       |
----------------------------------------
----------------------------------------
| manipularl/             |            |
|    collision_rate       | 0.77       |
|    grasp_failure_rate   | 0.921      |
|    insert_depth_mean    | 0.0012     |
|    insert_tilt_deg_mean | 0.695      |
|    success_rate         | 0          |
| rollout/                |            |
|    ep_len_mean          | 160        |
|    ep_rew_mean          | -4.98      |
| time/                   |            |
|    fps                  | 855        |
|    iterations           | 443        |
|    time_elapsed         | 2121       |
|    total_timesteps      | 1814528    |
| train/                  |            |
|    approx_kl            | 0.26131237 |
|    clip_fraction        | 0.515      |
|    clip_range           | 0.2        |
|    entropy_loss         | -19        |
|    explained_variance   | 0.873      |
|    learning_rate        | 0.0003     |
|    loss                 | 0.266      |
|    n_updates            | 17700      |
|    policy_gradient_loss | -0.0788    |
|    std                  | 7.37       |
|    value_loss           | 1.88       |
----------------------------------------
----------------------------------------
| manipularl/             |            |
|    collision_rate       | 0.75       |
|    grasp_failure_rate   | 0.929      |
|    insert_depth_mean    | 0.0012     |
|    insert_tilt_deg_mean | 0.00323    |
|    success_rate         | 0          |
| rollout/                |            |
|    ep_len_mean          | 164        |
|    ep_rew_mean          | -3.81      |
| time/                   |            |
|    fps                  | 855        |
|    iterations           | 444        |
|    time_elapsed         | 2125       |
|    total_timesteps      | 1818624    |
| train/                  |            |
|    approx_kl            | 0.21115041 |
|    clip_fraction        | 0.463      |
|    clip_range           | 0.2        |
|    entropy_loss         | -19.1      |
|    explained_variance   | 0.853      |
|    learning_rate        | 0.0003     |
|    loss                 | 0.103      |
|    n_updates            | 17710      |
|    policy_gradient_loss | -0.0719    |
|    std                  | 7.39       |
|    value_loss           | 1.58       |
----------------------------------------
----------------------------------------
| manipularl/             |            |
|    collision_rate       | 0.72       |
|    grasp_failure_rate   | 0.931      |
|    insert_depth_mean    | 0.0006     |
|    insert_tilt_deg_mean | 0.00302    |
|    success_rate         | 0          |
| rollout/                |            |
|    ep_len_mean          | 163        |
|    ep_rew_mean          | -4.74      |
| time/                   |            |
|    fps                  | 856        |
|    iterations           | 445        |
|    time_elapsed         | 2129       |
|    total_timesteps      | 1822720    |
| train/                  |            |
|    approx_kl            | 0.27290058 |
|    clip_fraction        | 0.519      |
|    clip_range           | 0.2        |
|    entropy_loss         | -19.1      |
|    explained_variance   | 0.895      |
|    learning_rate        | 0.0003     |
|    loss                 | 0.036      |
|    n_updates            | 17720      |
|    policy_gradient_loss | -0.0765    |
|    std                  | 7.43       |
|    value_loss           | 1.43       |
----------------------------------------
--------------------------------------
| manipularl/             |          |
|    collision_rate       | 0.68     |
|    grasp_failure_rate   | 0.936    |
|    insert_depth_mean    | 0.0006   |
|    insert_tilt_deg_mean | 0.695    |
|    success_rate         | 0        |
| rollout/                |          |
|    ep_len_mean          | 172      |
|    ep_rew_mean          | -5.51    |
| time/                   |          |
|    fps                  | 856      |
|    iterations           | 446      |
|    time_elapsed         | 2132     |
|    total_timesteps      | 1826816  |
| train/                  |          |
|    approx_kl            | 0.341004 |
|    clip_fraction        | 0.513    |
|    clip_range           | 0.2      |
|    entropy_loss         | -19.1    |
|    explained_variance   | 0.88     |
|    learning_rate        | 0.0003   |
|    loss                 | 0.335    |
|    n_updates            | 17730    |
|    policy_gradient_loss | -0.0656  |
|    std                  | 7.45     |
|    value_loss           | 2.44     |
--------------------------------------
---------------------------------------
| manipularl/             |           |
|    collision_rate       | 0.65      |
|    grasp_failure_rate   | 0.941     |
|    insert_depth_mean    | 0         |
|    insert_tilt_deg_mean | 0.694     |
|    success_rate         | 0         |
| rollout/                |           |
|    ep_len_mean          | 188       |
|    ep_rew_mean          | -6.43     |
| time/                   |           |
|    fps                  | 856       |
|    iterations           | 447       |
|    time_elapsed         | 2136      |
|    total_timesteps      | 1830912   |
| train/                  |           |
|    approx_kl            | 0.2126901 |
|    clip_fraction        | 0.486     |
|    clip_range           | 0.2       |
|    entropy_loss         | -19.1     |
|    explained_variance   | 0.818     |
|    learning_rate        | 0.0003    |
|    loss                 | 0.206     |
|    n_updates            | 17740     |
|    policy_gradient_loss | -0.0684   |
|    std                  | 7.46      |
|    value_loss           | 1.77      |
---------------------------------------
---------------------------------------
| manipularl/             |           |
|    collision_rate       | 0.68      |
|    grasp_failure_rate   | 0.925     |
|    insert_depth_mean    | 0.000244  |
|    insert_tilt_deg_mean | 1.39      |
|    success_rate         | 0         |
| rollout/                |           |
|    ep_len_mean          | 167       |
|    ep_rew_mean          | -7.05     |
| time/                   |           |
|    fps                  | 857       |
|    iterations           | 448       |
|    time_elapsed         | 2140      |
|    total_timesteps      | 1835008   |
| train/                  |           |
|    approx_kl            | 0.1874198 |
|    clip_fraction        | 0.475     |
|    clip_range           | 0.2       |
|    entropy_loss         | -19.1     |
|    explained_variance   | 0.941     |
|    learning_rate        | 0.0003    |
|    loss                 | 0.0859    |
|    n_updates            | 17750     |
|    policy_gradient_loss | -0.0664   |
|    std                  | 7.48      |
|    value_loss           | 1.32      |
---------------------------------------
----------------------------------------
| manipularl/             |            |
|    collision_rate       | 0.72       |
|    grasp_failure_rate   | 0.929      |
|    insert_depth_mean    | 0.000337   |
|    insert_tilt_deg_mean | 1.39       |
|    success_rate         | 0          |
| rollout/                |            |
|    ep_len_mean          | 163        |
|    ep_rew_mean          | -7.23      |
| time/                   |            |
|    fps                  | 857        |
|    iterations           | 449        |
|    time_elapsed         | 2144       |
|    total_timesteps      | 1839104    |
| train/                  |            |
|    approx_kl            | 0.21915078 |
|    clip_fraction        | 0.506      |
|    clip_range           | 0.2        |
|    entropy_loss         | -19.1      |
|    explained_variance   | 0.89       |
|    learning_rate        | 0.0003     |
|    loss                 | 0.291      |
|    n_updates            | 17760      |
|    policy_gradient_loss | -0.076     |
|    std                  | 7.51       |
|    value_loss           | 2.31       |
----------------------------------------
----------------------------------------
| manipularl/             |            |
|    collision_rate       | 0.77       |
|    grasp_failure_rate   | 0.924      |
|    insert_depth_mean    | 0.000937   |
|    insert_tilt_deg_mean | 0.695      |
|    success_rate         | 0          |
| rollout/                |            |
|    ep_len_mean          | 151        |
|    ep_rew_mean          | -6.91      |
| time/                   |            |
|    fps                  | 857        |
|    iterations           | 450        |
|    time_elapsed         | 2148       |
|    total_timesteps      | 1843200    |
| train/                  |            |
|    approx_kl            | 0.22209528 |
|    clip_fraction        | 0.5        |
|    clip_range           | 0.2        |
|    entropy_loss         | -19.1      |
|    explained_variance   | 0.862      |
|    learning_rate        | 0.0003     |
|    loss                 | 0.259      |
|    n_updates            | 17770      |
|    policy_gradient_loss | -0.0753    |
|    std                  | 7.53       |
|    value_loss           | 2.18       |
----------------------------------------
---------------------------------------
| manipularl/             |           |
|    collision_rate       | 0.82      |
|    grasp_failure_rate   | 0.919     |
|    insert_depth_mean    | 0.000937  |
|    insert_tilt_deg_mean | 0.695     |
|    success_rate         | 0         |
| rollout/                |           |
|    ep_len_mean          | 139       |
|    ep_rew_mean          | -5.62     |
| time/                   |           |
|    fps                  | 858       |
|    iterations           | 451       |
|    time_elapsed         | 2152      |
|    total_timesteps      | 1847296   |
| train/                  |           |
|    approx_kl            | 0.2307224 |
|    clip_fraction        | 0.432     |
|    clip_range           | 0.2       |
|    entropy_loss         | -19.1     |
|    explained_variance   | 0.845     |
|    learning_rate        | 0.0003    |
|    loss                 | 0.229     |
|    n_updates            | 17780     |
|    policy_gradient_loss | -0.0674   |
|    std                  | 7.54      |
|    value_loss           | 2.19      |
---------------------------------------
----------------------------------------
| manipularl/             |            |
|    collision_rate       | 0.79       |
|    grasp_failure_rate   | 0.934      |
|    insert_depth_mean    | 0.000694   |
|    insert_tilt_deg_mean | 0.00346    |
|    success_rate         | 0          |
| rollout/                |            |
|    ep_len_mean          | 158        |
|    ep_rew_mean          | -6.03      |
| time/                   |            |
|    fps                  | 858        |
|    iterations           | 452        |
|    time_elapsed         | 2156       |
|    total_timesteps      | 1851392    |
| train/                  |            |
|    approx_kl            | 0.24920365 |
|    clip_fraction        | 0.498      |
|    clip_range           | 0.2        |
|    entropy_loss         | -19.1      |
|    explained_variance   | 0.808      |
|    learning_rate        | 0.0003     |
|    loss                 | 0.457      |
|    n_updates            | 17790      |
|    policy_gradient_loss | -0.0818    |
|    std                  | 7.55       |
|    value_loss           | 2.58       |
----------------------------------------
----------------------------------------
| manipularl/             |            |
|    collision_rate       | 0.77       |
|    grasp_failure_rate   | 0.936      |
|    insert_depth_mean    | 0          |
|    insert_tilt_deg_mean | 0.00298    |
|    success_rate         | 0          |
| rollout/                |            |
|    ep_len_mean          | 158        |
|    ep_rew_mean          | -5.24      |
| time/                   |            |
|    fps                  | 858        |
|    iterations           | 453        |
|    time_elapsed         | 2160       |
|    total_timesteps      | 1855488    |
| train/                  |            |
|    approx_kl            | 0.27773738 |
|    clip_fraction        | 0.496      |
|    clip_range           | 0.2        |
|    entropy_loss         | -19.1      |
|    explained_variance   | 0.875      |
|    learning_rate        | 0.0003     |
|    loss                 | 0.117      |
|    n_updates            | 17800      |
|    policy_gradient_loss | -0.0694    |
|    std                  | 7.58       |
|    value_loss           | 1.73       |
----------------------------------------
----------------------------------------
| manipularl/             |            |
|    collision_rate       | 0.73       |
|    grasp_failure_rate   | 0.933      |
|    insert_depth_mean    | 0.000458   |
|    insert_tilt_deg_mean | 0.00293    |
|    success_rate         | 0          |
| rollout/                |            |
|    ep_len_mean          | 166        |
|    ep_rew_mean          | -5.12      |
| time/                   |            |
|    fps                  | 858        |
|    iterations           | 454        |
|    time_elapsed         | 2165       |
|    total_timesteps      | 1859584    |
| train/                  |            |
|    approx_kl            | 0.19233161 |
|    clip_fraction        | 0.473      |
|    clip_range           | 0.2        |
|    entropy_loss         | -19.1      |
|    explained_variance   | 0.804      |
|    learning_rate        | 0.0003     |
|    loss                 | 0.416      |
|    n_updates            | 17810      |
|    policy_gradient_loss | -0.075     |
|    std                  | 7.6        |
|    value_loss           | 2.49       |
----------------------------------------
----------------------------------------
| manipularl/             |            |
|    collision_rate       | 0.71       |
|    grasp_failure_rate   | 0.938      |
|    insert_depth_mean    | 0.00166    |
|    insert_tilt_deg_mean | 0.447      |
|    success_rate         | 0          |
| rollout/                |            |
|    ep_len_mean          | 171        |
|    ep_rew_mean          | -4.72      |
| time/                   |            |
|    fps                  | 859        |
|    iterations           | 455        |
|    time_elapsed         | 2169       |
|    total_timesteps      | 1863680    |
| train/                  |            |
|    approx_kl            | 0.24296826 |
|    clip_fraction        | 0.506      |
|    clip_range           | 0.2        |
|    entropy_loss         | -19.1      |
|    explained_variance   | 0.846      |
|    learning_rate        | 0.0003     |
|    loss                 | 0.14       |
|    n_updates            | 17820      |
|    policy_gradient_loss | -0.08      |
|    std                  | 7.64       |
|    value_loss           | 1.73       |
----------------------------------------
---------------------------------------
| manipularl/             |           |
|    collision_rate       | 0.72      |
|    grasp_failure_rate   | 0.933     |
|    insert_depth_mean    | 0.00166   |
|    insert_tilt_deg_mean | 1.33      |
|    success_rate         | 0         |
| rollout/                |           |
|    ep_len_mean          | 159       |
|    ep_rew_mean          | -4.39     |
| time/                   |           |
|    fps                  | 859       |
|    iterations           | 456       |
|    time_elapsed         | 2173      |
|    total_timesteps      | 1867776   |
| train/                  |           |
|    approx_kl            | 0.2319752 |
|    clip_fraction        | 0.462     |
|    clip_range           | 0.2       |
|    entropy_loss         | -19.1     |
|    explained_variance   | 0.856     |
|    learning_rate        | 0.0003    |
|    loss                 | 0.2       |
|    n_updates            | 17830     |
|    policy_gradient_loss | -0.0758   |
|    std                  | 7.66      |
|    value_loss           | 1.77      |
---------------------------------------
----------------------------------------
| manipularl/             |            |
|    collision_rate       | 0.72       |
|    grasp_failure_rate   | 0.933      |
|    insert_depth_mean    | 0.00166    |
|    insert_tilt_deg_mean | 1.33       |
|    success_rate         | 0          |
| rollout/                |            |
|    ep_len_mean          | 164        |
|    ep_rew_mean          | -5.54      |
| time/                   |            |
|    fps                  | 859        |
|    iterations           | 457        |
|    time_elapsed         | 2176       |
|    total_timesteps      | 1871872    |
| train/                  |            |
|    approx_kl            | 0.13637409 |
|    clip_fraction        | 0.391      |
|    clip_range           | 0.2        |
|    entropy_loss         | -19.1      |
|    explained_variance   | 0.78       |
|    learning_rate        | 0.0003     |
|    loss                 | 0.306      |
|    n_updates            | 17840      |
|    policy_gradient_loss | -0.0604    |
|    std                  | 7.66       |
|    value_loss           | 2.35       |
----------------------------------------
----------------------------------------
| manipularl/             |            |
|    collision_rate       | 0.77       |
|    grasp_failure_rate   | 0.944      |
|    insert_depth_mean    | 0.0012     |
|    insert_tilt_deg_mean | 2.22       |
|    success_rate         | 0          |
| rollout/                |            |
|    ep_len_mean          | 147        |
|    ep_rew_mean          | -6.35      |
| time/                   |            |
|    fps                  | 860        |
|    iterations           | 458        |
|    time_elapsed         | 2180       |
|    total_timesteps      | 1875968    |
| train/                  |            |
|    approx_kl            | 0.18867178 |
|    clip_fraction        | 0.426      |
|    clip_range           | 0.2        |
|    entropy_loss         | -19.1      |
|    explained_variance   | 0.84       |
|    learning_rate        | 0.0003     |
|    loss                 | 0.333      |
|    n_updates            | 17850      |
|    policy_gradient_loss | -0.0699    |
|    std                  | 7.67       |
|    value_loss           | 2.44       |
----------------------------------------
----------------------------------------
| manipularl/             |            |
|    collision_rate       | 0.76       |
|    grasp_failure_rate   | 0.95       |
|    insert_depth_mean    | 0          |
|    insert_tilt_deg_mean | 1.33       |
|    success_rate         | 0          |
| rollout/                |            |
|    ep_len_mean          | 154        |
|    ep_rew_mean          | -6.34      |
| time/                   |            |
|    fps                  | 860        |
|    iterations           | 459        |
|    time_elapsed         | 2184       |
|    total_timesteps      | 1880064    |
| train/                  |            |
|    approx_kl            | 0.17055899 |
|    clip_fraction        | 0.441      |
|    clip_range           | 0.2        |
|    entropy_loss         | -19.1      |
|    explained_variance   | 0.744      |
|    learning_rate        | 0.0003     |
|    loss                 | 0.46       |
|    n_updates            | 17860      |
|    policy_gradient_loss | -0.0657    |
|    std                  | 7.68       |
|    value_loss           | 2.89       |
----------------------------------------
----------------------------------------
| manipularl/             |            |
|    collision_rate       | 0.75       |
|    grasp_failure_rate   | 0.95       |
|    insert_depth_mean    | 0          |
|    insert_tilt_deg_mean | 0.891      |
|    success_rate         | 0          |
| rollout/                |            |
|    ep_len_mean          | 166        |
|    ep_rew_mean          | -7.41      |
| time/                   |            |
|    fps                  | 861        |
|    iterations           | 460        |
|    time_elapsed         | 2188       |
|    total_timesteps      | 1884160    |
| train/                  |            |
|    approx_kl            | 0.23532993 |
|    clip_fraction        | 0.504      |
|    clip_range           | 0.2        |
|    entropy_loss         | -19.1      |
|    explained_variance   | 0.871      |
|    learning_rate        | 0.0003     |
|    loss                 | 0.216      |
|    n_updates            | 17870      |
|    policy_gradient_loss | -0.0712    |
|    std                  | 7.69       |
|    value_loss           | 2.04       |
----------------------------------------
----------------------------------------
| manipularl/             |            |
|    collision_rate       | 0.71       |
|    grasp_failure_rate   | 0.945      |
|    insert_depth_mean    | 0          |
|    insert_tilt_deg_mean | 0.891      |
|    success_rate         | 0          |
| rollout/                |            |
|    ep_len_mean          | 177        |
|    ep_rew_mean          | -5.71      |
| time/                   |            |
|    fps                  | 861        |
|    iterations           | 461        |
|    time_elapsed         | 2192       |
|    total_timesteps      | 1888256    |
| train/                  |            |
|    approx_kl            | 0.22370107 |
|    clip_fraction        | 0.485      |
|    clip_range           | 0.2        |
|    entropy_loss         | -19.1      |
|    explained_variance   | 0.762      |
|    learning_rate        | 0.0003     |
|    loss                 | 0.247      |
|    n_updates            | 17880      |
|    policy_gradient_loss | -0.0741    |
|    std                  | 7.73       |
|    value_loss           | 2.49       |
----------------------------------------
----------------------------------------
| manipularl/             |            |
|    collision_rate       | 0.73       |
|    grasp_failure_rate   | 0.936      |
|    insert_depth_mean    | 0          |
|    insert_tilt_deg_mean | 0.447      |
|    success_rate         | 0          |
| rollout/                |            |
|    ep_len_mean          | 171        |
|    ep_rew_mean          | -6.59      |
| time/                   |            |
|    fps                  | 861        |
|    iterations           | 462        |
|    time_elapsed         | 2196       |
|    total_timesteps      | 1892352    |
| train/                  |            |
|    approx_kl            | 0.16259827 |
|    clip_fraction        | 0.424      |
|    clip_range           | 0.2        |
|    entropy_loss         | -19.1      |
|    explained_variance   | 0.825      |
|    learning_rate        | 0.0003     |
|    loss                 | 0.28       |
|    n_updates            | 17890      |
|    policy_gradient_loss | -0.066     |
|    std                  | 7.76       |
|    value_loss           | 2.36       |
----------------------------------------
----------------------------------------
| manipularl/             |            |
|    collision_rate       | 0.74       |
|    grasp_failure_rate   | 0.93       |
|    insert_depth_mean    | 0          |
|    insert_tilt_deg_mean | 0.00373    |
|    success_rate         | 0          |
| rollout/                |            |
|    ep_len_mean          | 169        |
|    ep_rew_mean          | -5.28      |
| time/                   |            |
|    fps                  | 861        |
|    iterations           | 463        |
|    time_elapsed         | 2200       |
|    total_timesteps      | 1896448    |
| train/                  |            |
|    approx_kl            | 0.22054148 |
|    clip_fraction        | 0.497      |
|    clip_range           | 0.2        |
|    entropy_loss         | -19.2      |
|    explained_variance   | 0.876      |
|    learning_rate        | 0.0003     |
|    loss                 | 0.26       |
|    n_updates            | 17900      |
|    policy_gradient_loss | -0.0701    |
|    std                  | 7.77       |
|    value_loss           | 2.05       |
----------------------------------------
----------------------------------------
| manipularl/             |            |
|    collision_rate       | 0.69       |
|    grasp_failure_rate   | 0.931      |
|    insert_depth_mean    | 0          |
|    insert_tilt_deg_mean | 0.00364    |
|    success_rate         | 0          |
| rollout/                |            |
|    ep_len_mean          | 180        |
|    ep_rew_mean          | -5.65      |
| time/                   |            |
|    fps                  | 862        |
|    iterations           | 464        |
|    time_elapsed         | 2204       |
|    total_timesteps      | 1900544    |
| train/                  |            |
|    approx_kl            | 0.24320593 |
|    clip_fraction        | 0.51       |
|    clip_range           | 0.2        |
|    entropy_loss         | -19.2      |
|    explained_variance   | 0.829      |
|    learning_rate        | 0.0003     |
|    loss                 | 0.158      |
|    n_updates            | 17910      |
|    policy_gradient_loss | -0.0821    |
|    std                  | 7.8        |
|    value_loss           | 1.93       |
----------------------------------------
----------------------------------------
| manipularl/             |            |
|    collision_rate       | 0.72       |
|    grasp_failure_rate   | 0.943      |
|    insert_depth_mean    | 0          |
|    insert_tilt_deg_mean | 0.00345    |
|    success_rate         | 0          |
| rollout/                |            |
|    ep_len_mean          | 174        |
|    ep_rew_mean          | -6.1       |
| time/                   |            |
|    fps                  | 862        |
|    iterations           | 465        |
|    time_elapsed         | 2207       |
|    total_timesteps      | 1904640    |
| train/                  |            |
|    approx_kl            | 0.21153258 |
|    clip_fraction        | 0.509      |
|    clip_range           | 0.2        |
|    entropy_loss         | -19.2      |
|    explained_variance   | 0.889      |
|    learning_rate        | 0.0003     |
|    loss                 | 0.124      |
|    n_updates            | 17920      |
|    policy_gradient_loss | -0.0701    |
|    std                  | 7.81       |
|    value_loss           | 1.5        |
----------------------------------------
----------------------------------------
| manipularl/             |            |
|    collision_rate       | 0.74       |
|    grasp_failure_rate   | 0.946      |
|    insert_depth_mean    | 0          |
|    insert_tilt_deg_mean | 0.00311    |
|    success_rate         | 0          |
| rollout/                |            |
|    ep_len_mean          | 170        |
|    ep_rew_mean          | -6.65      |
| time/                   |            |
|    fps                  | 862        |
|    iterations           | 466        |
|    time_elapsed         | 2211       |
|    total_timesteps      | 1908736    |
| train/                  |            |
|    approx_kl            | 0.15800619 |
|    clip_fraction        | 0.439      |
|    clip_range           | 0.2        |
|    entropy_loss         | -19.2      |
|    explained_variance   | 0.775      |
|    learning_rate        | 0.0003     |
|    loss                 | 0.278      |
|    n_updates            | 17930      |
|    policy_gradient_loss | -0.0697    |
|    std                  | 7.84       |
|    value_loss           | 2.5        |
----------------------------------------
---------------------------------------
| manipularl/             |           |
|    collision_rate       | 0.69      |
|    grasp_failure_rate   | 0.95      |
|    insert_depth_mean    | 0         |
|    insert_tilt_deg_mean | 0.00305   |
|    success_rate         | 0         |
| rollout/                |           |
|    ep_len_mean          | 188       |
|    ep_rew_mean          | -8.43     |
| time/                   |           |
|    fps                  | 863       |
|    iterations           | 467       |
|    time_elapsed         | 2215      |
|    total_timesteps      | 1912832   |
| train/                  |           |
|    approx_kl            | 0.1813564 |
|    clip_fraction        | 0.466     |
|    clip_range           | 0.2       |
|    entropy_loss         | -19.2     |
|    explained_variance   | 0.871     |
|    learning_rate        | 0.0003    |
|    loss                 | 0.414     |
|    n_updates            | 17940     |
|    policy_gradient_loss | -0.0762   |
|    std                  | 7.86      |
|    value_loss           | 2.74      |
---------------------------------------
----------------------------------------
| manipularl/             |            |
|    collision_rate       | 0.69       |
|    grasp_failure_rate   | 0.951      |
|    insert_depth_mean    | 0          |
|    insert_tilt_deg_mean | 0.447      |
|    success_rate         | 0          |
| rollout/                |            |
|    ep_len_mean          | 188        |
|    ep_rew_mean          | -9.34      |
| time/                   |            |
|    fps                  | 863        |
|    iterations           | 468        |
|    time_elapsed         | 2219       |
|    total_timesteps      | 1916928    |
| train/                  |            |
|    approx_kl            | 0.19361798 |
|    clip_fraction        | 0.451      |
|    clip_range           | 0.2        |
|    entropy_loss         | -19.2      |
|    explained_variance   | 0.861      |
|    learning_rate        | 0.0003     |
|    loss                 | 0.207      |
|    n_updates            | 17950      |
|    policy_gradient_loss | -0.0728    |
|    std                  | 7.88       |
|    value_loss           | 1.8        |
----------------------------------------
---------------------------------------
| manipularl/             |           |
|    collision_rate       | 0.72      |
|    grasp_failure_rate   | 0.947     |
|    insert_depth_mean    | 0.0006    |
|    insert_tilt_deg_mean | 0.447     |
|    success_rate         | 0         |
| rollout/                |           |
|    ep_len_mean          | 177       |
|    ep_rew_mean          | -9.13     |
| time/                   |           |
|    fps                  | 864       |
|    iterations           | 469       |
|    time_elapsed         | 2223      |
|    total_timesteps      | 1921024   |
| train/                  |           |
|    approx_kl            | 0.2200073 |
|    clip_fraction        | 0.468     |
|    clip_range           | 0.2       |
|    entropy_loss         | -19.2     |
|    explained_variance   | 0.894     |
|    learning_rate        | 0.0003    |
|    loss                 | 0.306     |
|    n_updates            | 17960     |
|    policy_gradient_loss | -0.0624   |
|    std                  | 7.9       |
|    value_loss           | 1.72      |
---------------------------------------
----------------------------------------
| manipularl/             |            |
|    collision_rate       | 0.74       |
|    grasp_failure_rate   | 0.949      |
|    insert_depth_mean    | 0.00218    |
|    insert_tilt_deg_mean | 0.447      |
|    success_rate         | 0          |
| rollout/                |            |
|    ep_len_mean          | 157        |
|    ep_rew_mean          | -6.78      |
| time/                   |            |
|    fps                  | 864        |
|    iterations           | 470        |
|    time_elapsed         | 2227       |
|    total_timesteps      | 1925120    |
| train/                  |            |
|    approx_kl            | 0.23952466 |
|    clip_fraction        | 0.49       |
|    clip_range           | 0.2        |
|    entropy_loss         | -19.2      |
|    explained_variance   | 0.824      |
|    learning_rate        | 0.0003     |
|    loss                 | 0.298      |
|    n_updates            | 17970      |
|    policy_gradient_loss | -0.0773    |
|    std                  | 7.91       |
|    value_loss           | 2.25       |
----------------------------------------
----------------------------------------
| manipularl/             |            |
|    collision_rate       | 0.78       |
|    grasp_failure_rate   | 0.953      |
|    insert_depth_mean    | 0.00278    |
|    insert_tilt_deg_mean | 0.004      |
|    success_rate         | 0          |
| rollout/                |            |
|    ep_len_mean          | 133        |
|    ep_rew_mean          | -5.4       |
| time/                   |            |
|    fps                  | 864        |
|    iterations           | 471        |
|    time_elapsed         | 2231       |
|    total_timesteps      | 1929216    |
| train/                  |            |
|    approx_kl            | 0.22103193 |
|    clip_fraction        | 0.469      |
|    clip_range           | 0.2        |
|    entropy_loss         | -19.2      |
|    explained_variance   | 0.857      |
|    learning_rate        | 0.0003     |
|    loss                 | 0.195      |
|    n_updates            | 17980      |
|    policy_gradient_loss | -0.0712    |
|    std                  | 7.92       |
|    value_loss           | 2.06       |
----------------------------------------
----------------------------------------
| manipularl/             |            |
|    collision_rate       | 0.79       |
|    grasp_failure_rate   | 0.955      |
|    insert_depth_mean    | 0.00278    |
|    insert_tilt_deg_mean | 0.00415    |
|    success_rate         | 0          |
| rollout/                |            |
|    ep_len_mean          | 126        |
|    ep_rew_mean          | -5.73      |
| time/                   |            |
|    fps                  | 865        |
|    iterations           | 472        |
|    time_elapsed         | 2235       |
|    total_timesteps      | 1933312    |
| train/                  |            |
|    approx_kl            | 0.19742118 |
|    clip_fraction        | 0.492      |
|    clip_range           | 0.2        |
|    entropy_loss         | -19.2      |
|    explained_variance   | 0.778      |
|    learning_rate        | 0.0003     |
|    loss                 | 0.446      |
|    n_updates            | 17990      |
|    policy_gradient_loss | -0.0679    |
|    std                  | 7.94       |
|    value_loss           | 2.69       |
----------------------------------------
----------------------------------------
| manipularl/             |            |
|    collision_rate       | 0.78       |
|    grasp_failure_rate   | 0.945      |
|    insert_depth_mean    | 0.00183    |
|    insert_tilt_deg_mean | 0.447      |
|    success_rate         | 0          |
| rollout/                |            |
|    ep_len_mean          | 133        |
|    ep_rew_mean          | -5.31      |
| time/                   |            |
|    fps                  | 865        |
|    iterations           | 473        |
|    time_elapsed         | 2238       |
|    total_timesteps      | 1937408    |
| train/                  |            |
|    approx_kl            | 0.21809103 |
|    clip_fraction        | 0.441      |
|    clip_range           | 0.2        |
|    entropy_loss         | -19.2      |
|    explained_variance   | 0.77       |
|    learning_rate        | 0.0003     |
|    loss                 | 0.511      |
|    n_updates            | 18000      |
|    policy_gradient_loss | -0.0697    |
|    std                  | 7.95       |
|    value_loss           | 3.1        |
----------------------------------------
----------------------------------------
| manipularl/             |            |
|    collision_rate       | 0.76       |
|    grasp_failure_rate   | 0.942      |
|    insert_depth_mean    | 0.00123    |
|    insert_tilt_deg_mean | 0.891      |
|    success_rate         | 0          |
| rollout/                |            |
|    ep_len_mean          | 145        |
|    ep_rew_mean          | -6.58      |
| time/                   |            |
|    fps                  | 865        |
|    iterations           | 474        |
|    time_elapsed         | 2242       |
|    total_timesteps      | 1941504    |
| train/                  |            |
|    approx_kl            | 0.17972216 |
|    clip_fraction        | 0.467      |
|    clip_range           | 0.2        |
|    entropy_loss         | -19.2      |
|    explained_variance   | 0.778      |
|    learning_rate        | 0.0003     |
|    loss                 | 0.517      |
|    n_updates            | 18010      |
|    policy_gradient_loss | -0.0724    |
|    std                  | 7.95       |
|    value_loss           | 3.01       |
----------------------------------------
----------------------------------------
| manipularl/             |            |
|    collision_rate       | 0.74       |
|    grasp_failure_rate   | 0.934      |
|    insert_depth_mean    | 0.000626   |
|    insert_tilt_deg_mean | 0.89       |
|    success_rate         | 0          |
| rollout/                |            |
|    ep_len_mean          | 161        |
|    ep_rew_mean          | -7.06      |
| time/                   |            |
|    fps                  | 865        |
|    iterations           | 475        |
|    time_elapsed         | 2246       |
|    total_timesteps      | 1945600    |
| train/                  |            |
|    approx_kl            | 0.20018771 |
|    clip_fraction        | 0.458      |
|    clip_range           | 0.2        |
|    entropy_loss         | -19.2      |
|    explained_variance   | 0.824      |
|    learning_rate        | 0.0003     |
|    loss                 | 0.211      |
|    n_updates            | 18020      |
|    policy_gradient_loss | -0.0759    |
|    std                  | 7.97       |
|    value_loss           | 2.07       |
----------------------------------------
---------------------------------------
| manipularl/             |           |
|    collision_rate       | 0.74      |
|    grasp_failure_rate   | 0.925     |
|    insert_depth_mean    | 2.52e-05  |
|    insert_tilt_deg_mean | 0.89      |
|    success_rate         | 0         |
| rollout/                |           |
|    ep_len_mean          | 160       |
|    ep_rew_mean          | -6.95     |
| time/                   |           |
|    fps                  | 866       |
|    iterations           | 476       |
|    time_elapsed         | 2250      |
|    total_timesteps      | 1949696   |
| train/                  |           |
|    approx_kl            | 0.2655086 |
|    clip_fraction        | 0.509     |
|    clip_range           | 0.2       |
|    entropy_loss         | -19.2     |
|    explained_variance   | 0.795     |
|    learning_rate        | 0.0003    |
|    loss                 | 0.362     |
|    n_updates            | 18030     |
|    policy_gradient_loss | -0.079    |
|    std                  | 7.99      |
|    value_loss           | 2.52      |
---------------------------------------
---------------------------------------
| manipularl/             |           |
|    collision_rate       | 0.7       |
|    grasp_failure_rate   | 0.935     |
|    insert_depth_mean    | 0         |
|    insert_tilt_deg_mean | 0.447     |
|    success_rate         | 0         |
| rollout/                |           |
|    ep_len_mean          | 175       |
|    ep_rew_mean          | -7.81     |
| time/                   |           |
|    fps                  | 866       |
|    iterations           | 477       |
|    time_elapsed         | 2254      |
|    total_timesteps      | 1953792   |
| train/                  |           |
|    approx_kl            | 0.3739262 |
|    clip_fraction        | 0.497     |
|    clip_range           | 0.2       |
|    entropy_loss         | -19.2     |
|    explained_variance   | 0.813     |
|    learning_rate        | 0.0003    |
|    loss                 | 0.221     |
|    n_updates            | 18040     |
|    policy_gradient_loss | -0.0775   |
|    std                  | 8.01      |
|    value_loss           | 2.13      |
---------------------------------------
----------------------------------------
| manipularl/             |            |
|    collision_rate       | 0.71       |
|    grasp_failure_rate   | 0.931      |
|    insert_depth_mean    | 0          |
|    insert_tilt_deg_mean | 0.00306    |
|    success_rate         | 0          |
| rollout/                |            |
|    ep_len_mean          | 179        |
|    ep_rew_mean          | -7.09      |
| time/                   |            |
|    fps                  | 866        |
|    iterations           | 478        |
|    time_elapsed         | 2258       |
|    total_timesteps      | 1957888    |
| train/                  |            |
|    approx_kl            | 0.22914775 |
|    clip_fraction        | 0.487      |
|    clip_range           | 0.2        |
|    entropy_loss         | -19.2      |
|    explained_variance   | 0.869      |
|    learning_rate        | 0.0003     |
|    loss                 | 0.182      |
|    n_updates            | 18050      |
|    policy_gradient_loss | -0.0684    |
|    std                  | 8.04       |
|    value_loss           | 1.93       |
----------------------------------------
----------------------------------------
| manipularl/             |            |
|    collision_rate       | 0.69       |
|    grasp_failure_rate   | 0.938      |
|    insert_depth_mean    | 0          |
|    insert_tilt_deg_mean | 0.00319    |
|    success_rate         | 0          |
| rollout/                |            |
|    ep_len_mean          | 181        |
|    ep_rew_mean          | -5.88      |
| time/                   |            |
|    fps                  | 867        |
|    iterations           | 479        |
|    time_elapsed         | 2262       |
|    total_timesteps      | 1961984    |
| train/                  |            |
|    approx_kl            | 0.24515212 |
|    clip_fraction        | 0.492      |
|    clip_range           | 0.2        |
|    entropy_loss         | -19.2      |
|    explained_variance   | 0.847      |
|    learning_rate        | 0.0003     |
|    loss                 | 0.21       |
|    n_updates            | 18060      |
|    policy_gradient_loss | -0.076     |
|    std                  | 8.08       |
|    value_loss           | 1.91       |
----------------------------------------
----------------------------------------
| manipularl/             |            |
|    collision_rate       | 0.67       |
|    grasp_failure_rate   | 0.949      |
|    insert_depth_mean    | 0.00065    |
|    insert_tilt_deg_mean | 0.763      |
|    success_rate         | 0          |
| rollout/                |            |
|    ep_len_mean          | 185        |
|    ep_rew_mean          | -7.4       |
| time/                   |            |
|    fps                  | 867        |
|    iterations           | 480        |
|    time_elapsed         | 2266       |
|    total_timesteps      | 1966080    |
| train/                  |            |
|    approx_kl            | 0.19757101 |
|    clip_fraction        | 0.415      |
|    clip_range           | 0.2        |
|    entropy_loss         | -19.2      |
|    explained_variance   | 0.801      |
|    learning_rate        | 0.0003     |
|    loss                 | 0.202      |
|    n_updates            | 18070      |
|    policy_gradient_loss | -0.0654    |
|    std                  | 8.1        |
|    value_loss           | 2.42       |
----------------------------------------
---------------------------------------
| manipularl/             |           |
|    collision_rate       | 0.65      |
|    grasp_failure_rate   | 0.947     |
|    insert_depth_mean    | 0.00065   |
|    insert_tilt_deg_mean | 0.763     |
|    success_rate         | 0         |
| rollout/                |           |
|    ep_len_mean          | 192       |
|    ep_rew_mean          | -7.09     |
| time/                   |           |
|    fps                  | 867       |
|    iterations           | 481       |
|    time_elapsed         | 2270      |
|    total_timesteps      | 1970176   |
| train/                  |           |
|    approx_kl            | 0.2401056 |
|    clip_fraction        | 0.506     |
|    clip_range           | 0.2       |
|    entropy_loss         | -19.2     |
|    explained_variance   | 0.831     |
|    learning_rate        | 0.0003    |
|    loss                 | 0.457     |
|    n_updates            | 18080     |
|    policy_gradient_loss | -0.0782   |
|    std                  | 8.11      |
|    value_loss           | 2.58      |
---------------------------------------
----------------------------------------
| manipularl/             |            |
|    collision_rate       | 0.71       |
|    grasp_failure_rate   | 0.946      |
|    insert_depth_mean    | 0.00065    |
|    insert_tilt_deg_mean | 1.52       |
|    success_rate         | 0          |
| rollout/                |            |
|    ep_len_mean          | 167        |
|    ep_rew_mean          | -7.12      |
| time/                   |            |
|    fps                  | 868        |
|    iterations           | 482        |
|    time_elapsed         | 2274       |
|    total_timesteps      | 1974272    |
| train/                  |            |
|    approx_kl            | 0.29054144 |
|    clip_fraction        | 0.491      |
|    clip_range           | 0.2        |
|    entropy_loss         | -19.2      |
|    explained_variance   | 0.848      |
|    learning_rate        | 0.0003     |
|    loss                 | 0.277      |
|    n_updates            | 18090      |
|    policy_gradient_loss | -0.0729    |
|    std                  | 8.13       |
|    value_loss           | 2.1        |
----------------------------------------
----------------------------------------
| manipularl/             |            |
|    collision_rate       | 0.72       |
|    grasp_failure_rate   | 0.942      |
|    insert_depth_mean    | 0.00065    |
|    insert_tilt_deg_mean | 1.58       |
|    success_rate         | 0          |
| rollout/                |            |
|    ep_len_mean          | 165        |
|    ep_rew_mean          | -7.29      |
| time/                   |            |
|    fps                  | 868        |
|    iterations           | 483        |
|    time_elapsed         | 2277       |
|    total_timesteps      | 1978368    |
| train/                  |            |
|    approx_kl            | 0.23611951 |
|    clip_fraction        | 0.5        |
|    clip_range           | 0.2        |
|    entropy_loss         | -19.2      |
|    explained_variance   | 0.781      |
|    learning_rate        | 0.0003     |
|    loss                 | 0.509      |
|    n_updates            | 18100      |
|    policy_gradient_loss | -0.0798    |
|    std                  | 8.15       |
|    value_loss           | 2.79       |
----------------------------------------
----------------------------------------
| manipularl/             |            |
|    collision_rate       | 0.75       |
|    grasp_failure_rate   | 0.937      |
|    insert_depth_mean    | 0          |
|    insert_tilt_deg_mean | 0.863      |
|    success_rate         | 0          |
| rollout/                |            |
|    ep_len_mean          | 164        |
|    ep_rew_mean          | -6.35      |
| time/                   |            |
|    fps                  | 868        |
|    iterations           | 484        |
|    time_elapsed         | 2281       |
|    total_timesteps      | 1982464    |
| train/                  |            |
|    approx_kl            | 0.25719422 |
|    clip_fraction        | 0.51       |
|    clip_range           | 0.2        |
|    entropy_loss         | -19.2      |
|    explained_variance   | 0.896      |
|    learning_rate        | 0.0003     |
|    loss                 | 0.163      |
|    n_updates            | 18110      |
|    policy_gradient_loss | -0.0782    |
|    std                  | 8.17       |
|    value_loss           | 1.76       |
----------------------------------------
----------------------------------------
| manipularl/             |            |
|    collision_rate       | 0.79       |
|    grasp_failure_rate   | 0.93       |
|    insert_depth_mean    | 0.0006     |
|    insert_tilt_deg_mean | 0.863      |
|    success_rate         | 0          |
| rollout/                |            |
|    ep_len_mean          | 151        |
|    ep_rew_mean          | -5.67      |
| time/                   |            |
|    fps                  | 869        |
|    iterations           | 485        |
|    time_elapsed         | 2285       |
|    total_timesteps      | 1986560    |
| train/                  |            |
|    approx_kl            | 0.23638085 |
|    clip_fraction        | 0.497      |
|    clip_range           | 0.2        |
|    entropy_loss         | -19.2      |
|    explained_variance   | 0.748      |
|    learning_rate        | 0.0003     |
|    loss                 | 0.629      |
|    n_updates            | 18120      |
|    policy_gradient_loss | -0.0698    |
|    std                  | 8.2        |
|    value_loss           | 3.37       |
----------------------------------------
----------------------------------------
| manipularl/             |            |
|    collision_rate       | 0.84       |
|    grasp_failure_rate   | 0.929      |
|    insert_depth_mean    | 0.0012     |
|    insert_tilt_deg_mean | 0.805      |
|    success_rate         | 0          |
| rollout/                |            |
|    ep_len_mean          | 137        |
|    ep_rew_mean          | -5.5       |
| time/                   |            |
|    fps                  | 869        |
|    iterations           | 486        |
|    time_elapsed         | 2289       |
|    total_timesteps      | 1990656    |
| train/                  |            |
|    approx_kl            | 0.25144488 |
|    clip_fraction        | 0.479      |
|    clip_range           | 0.2        |
|    entropy_loss         | -19.2      |
|    explained_variance   | 0.808      |
|    learning_rate        | 0.0003     |
|    loss                 | 0.218      |
|    n_updates            | 18130      |
|    policy_gradient_loss | -0.0669    |
|    std                  | 8.21       |
|    value_loss           | 2.06       |
----------------------------------------
----------------------------------------
| manipularl/             |            |
|    collision_rate       | 0.84       |
|    grasp_failure_rate   | 0.929      |
|    insert_depth_mean    | 0.00133    |
|    insert_tilt_deg_mean | 0.763      |
|    success_rate         | 0          |
| rollout/                |            |
|    ep_len_mean          | 132        |
|    ep_rew_mean          | -6.35      |
| time/                   |            |
|    fps                  | 869        |
|    iterations           | 487        |
|    time_elapsed         | 2293       |
|    total_timesteps      | 1994752    |
| train/                  |            |
|    approx_kl            | 0.19855174 |
|    clip_fraction        | 0.475      |
|    clip_range           | 0.2        |
|    entropy_loss         | -19.2      |
|    explained_variance   | 0.711      |
|    learning_rate        | 0.0003     |
|    loss                 | 0.543      |
|    n_updates            | 18140      |
|    policy_gradient_loss | -0.0729    |
|    std                  | 8.23       |
|    value_loss           | 3.15       |
----------------------------------------
----------------------------------------
| manipularl/             |            |
|    collision_rate       | 0.84       |
|    grasp_failure_rate   | 0.935      |
|    insert_depth_mean    | 0.00136    |
|    insert_tilt_deg_mean | 0.763      |
|    success_rate         | 0          |
| rollout/                |            |
|    ep_len_mean          | 128        |
|    ep_rew_mean          | -7.1       |
| time/                   |            |
|    fps                  | 869        |
|    iterations           | 488        |
|    time_elapsed         | 2297       |
|    total_timesteps      | 1998848    |
| train/                  |            |
|    approx_kl            | 0.22778165 |
|    clip_fraction        | 0.475      |
|    clip_range           | 0.2        |
|    entropy_loss         | -19.2      |
|    explained_variance   | 0.767      |
|    learning_rate        | 0.0003     |
|    loss                 | 0.414      |
|    n_updates            | 18150      |
|    policy_gradient_loss | -0.0807    |
|    std                  | 8.25       |
|    value_loss           | 2.84       |
----------------------------------------
Eval num_timesteps=2000000, episode_reward=-1.10 +/- 4.82
Episode length: 140.45 +/- 151.22
----------------------------------------
| eval/                   |            |
|    mean_ep_length       | 140        |
|    mean_reward          | -1.1       |
| manipularl/             |            |
|    collision_rate       | 0.86       |
|    grasp_failure_rate   | 0.937      |
|    insert_depth_mean    | 0.00076    |
|    insert_tilt_deg_mean | 0.762      |
|    success_rate         | 0          |
| time/                   |            |
|    total_timesteps      | 2000000    |
| train/                  |            |
|    approx_kl            | 0.15404804 |
|    clip_fraction        | 0.423      |
|    clip_range           | 0.2        |
|    entropy_loss         | -19.2      |
|    explained_variance   | 0.722      |
|    learning_rate        | 0.0003     |
|    loss                 | 0.782      |
|    n_updates            | 18160      |
|    policy_gradient_loss | -0.0784    |
|    std                  | 8.26       |
|    value_loss           | 3.9        |
----------------------------------------
New best mean reward!
--------------------------------------
| manipularl/             |          |
|    collision_rate       | 0.83     |
|    grasp_failure_rate   | 0.93     |
|    insert_depth_mean    | 0.000159 |
|    insert_tilt_deg_mean | 0.00256  |
|    success_rate         | 0        |
| rollout/                |          |
|    ep_len_mean          | 136      |
|    ep_rew_mean          | -8.73    |
| time/                   |          |
|    fps                  | 867      |
|    iterations           | 489      |
|    time_elapsed         | 2307     |
|    total_timesteps      | 2002944  |
--------------------------------------
[train] saved runs/phase4_task1_align/model.zip and runs/phase4_task1_align/vecnormalize.pkl
>>> 18:42:43 Task1 rc=0 OK
pybullet build time: Nov 28 2023 23:45:17
[       in_dist] success=0.000 collision=0.720 steps=167 path_eff=0.32 depth=0.001 tilt=0.1
[eval] wrote results/eval_phase4_task1_align.csv
>>> 18:44:39 Task1 eval: 4,in_dist,200,0.0,0.72,166.955,0.31842382829405524,0.32469871791483085,0.9296959117144127,0.0009005170006651579,0.10542280883003112
