>>> 18:36:27 TRAIN phase3 Run A (grasp-miss penalty only)
pybullet build time: Nov 28 2023 23:45:17
[train] phase=3 algo=ppo n_envs=14 steps=2,500,000 frame_stack=3 -> runs/phase3_ppo_v3a_penaltyonly
pybullet build time: Nov 28 2023 23:45:17
pybullet build time: Nov 28 2023 23:45:17
pybullet build time: Nov 28 2023 23:45:17
pybullet build time: Nov 28 2023 23:45:17
pybullet build time: Nov 28 2023 23:45:17
pybullet build time: Nov 28 2023 23:45:17
pybullet build time: Nov 28 2023 23:45:17
pybullet build time: Nov 28 2023 23:45:17
pybullet build time: Nov 28 2023 23:45:17
pybullet build time: Nov 28 2023 23:45:17
pybullet build time: Nov 28 2023 23:45:17
pybullet build time: Nov 28 2023 23:45:17
pybullet build time: Nov 28 2023 23:45:17
pybullet build time: Nov 28 2023 23:45:17
[train] warm-starting from runs/phase3_ppo/model.zip
[train] grasp-curriculum anneal 0.35 -> 0.0 over 50% of training
[train] obstacle-count curriculum (0, 1) -> (2, 5) over 50% of training
Logging to runs/phase3_ppo_v3a_penaltyonly/tb/PPO_1
------------------------------------
| manipularl/           |          |
|    collision_rate     | 0.136    |
|    grasp_curriculum   | 0.348    |
|    grasp_failure_rate | 0.636    |
|    insert_depth_mean  | 0        |
|    obstacle_range_hi  | 1        |
|    obstacle_range_lo  | 0        |
|    success_rate       | 0.614    |
| rollout/              |          |
|    ep_len_mean        | 134      |
|    ep_rew_mean        | 35.5     |
| time/                 |          |
|    fps                | 445      |
|    iterations         | 1        |
|    time_elapsed       | 16       |
|    total_timesteps    | 7168     |
------------------------------------
-----------------------------------------
| manipularl/             |             |
|    collision_rate       | 0.16        |
|    grasp_curriculum     | 0.346       |
|    grasp_failure_rate   | 0.53        |
|    insert_depth_mean    | 0           |
|    obstacle_range_hi    | 1           |
|    obstacle_range_lo    | 0           |
|    success_rate         | 0.67        |
| rollout/                |             |
|    ep_len_mean          | 132         |
|    ep_rew_mean          | 36.3        |
| time/                   |             |
|    fps                  | 455         |
|    iterations           | 2           |
|    time_elapsed         | 31          |
|    total_timesteps      | 14336       |
| train/                  |             |
|    approx_kl            | 0.021973543 |
|    clip_fraction        | 0.174       |
|    clip_range           | 0.2         |
|    entropy_loss         | -15.3       |
|    explained_variance   | 0.804       |
|    learning_rate        | 0.0003      |
|    loss                 | 10.9        |
|    n_updates            | 6740        |
|    policy_gradient_loss | -0.0394     |
|    std                  | 1.68        |
|    value_loss           | 38.9        |
-----------------------------------------
-----------------------------------------
| manipularl/             |             |
|    collision_rate       | 0.06        |
|    grasp_curriculum     | 0.344       |
|    grasp_failure_rate   | 0.468       |
|    insert_depth_mean    | 0           |
|    obstacle_range_hi    | 1           |
|    obstacle_range_lo    | 0           |
|    success_rate         | 0.77        |
| rollout/                |             |
|    ep_len_mean          | 134         |
|    ep_rew_mean          | 40.2        |
| time/                   |             |
|    fps                  | 446         |
|    iterations           | 3           |
|    time_elapsed         | 48          |
|    total_timesteps      | 21504       |
| train/                  |             |
|    approx_kl            | 0.024684427 |
|    clip_fraction        | 0.196       |
|    clip_range           | 0.2         |
|    entropy_loss         | -15.3       |
|    explained_variance   | 0.69        |
|    learning_rate        | 0.0003      |
|    loss                 | 13.2        |
|    n_updates            | 6750        |
|    policy_gradient_loss | -0.0365     |
|    std                  | 1.69        |
|    value_loss           | 39.9        |
-----------------------------------------
----------------------------------------
| manipularl/             |            |
|    collision_rate       | 0          |
|    grasp_curriculum     | 0.342      |
|    grasp_failure_rate   | 0.515      |
|    insert_depth_mean    | 0          |
|    obstacle_range_hi    | 1          |
|    obstacle_range_lo    | 0          |
|    success_rate         | 0.8        |
| rollout/                |            |
|    ep_len_mean          | 129        |
|    ep_rew_mean          | 42.9       |
| time/                   |            |
|    fps                  | 471        |
|    iterations           | 4          |
|    time_elapsed         | 60         |
|    total_timesteps      | 28672      |
| train/                  |            |
|    approx_kl            | 0.02822508 |
|    clip_fraction        | 0.231      |
|    clip_range           | 0.2        |
|    entropy_loss         | -15.3      |
|    explained_variance   | 0.849      |
|    learning_rate        | 0.0003     |
|    loss                 | 8.82       |
|    n_updates            | 6760       |
|    policy_gradient_loss | -0.0504    |
|    std                  | 1.69       |
|    value_loss           | 26.6       |
----------------------------------------
-----------------------------------------
| manipularl/             |             |
|    collision_rate       | 0.01        |
|    grasp_curriculum     | 0.34        |
|    grasp_failure_rate   | 0.608       |
|    insert_depth_mean    | 0           |
|    obstacle_range_hi    | 1           |
|    obstacle_range_lo    | 0           |
|    success_rate         | 0.75        |
| rollout/                |             |
|    ep_len_mean          | 144         |
|    ep_rew_mean          | 41.2        |
| time/                   |             |
|    fps                  | 491         |
|    iterations           | 5           |
|    time_elapsed         | 72          |
|    total_timesteps      | 35840       |
| train/                  |             |
|    approx_kl            | 0.029084336 |
|    clip_fraction        | 0.237       |
|    clip_range           | 0.2         |
|    entropy_loss         | -15.3       |
|    explained_variance   | 0.864       |
|    learning_rate        | 0.0003      |
|    loss                 | 8.96        |
|    n_updates            | 6770        |
|    policy_gradient_loss | -0.0486     |
|    std                  | 1.69        |
|    value_loss           | 28.1        |
-----------------------------------------
-----------------------------------------
| manipularl/             |             |
|    collision_rate       | 0.03        |
|    grasp_curriculum     | 0.338       |
|    grasp_failure_rate   | 0.61        |
|    insert_depth_mean    | 0           |
|    obstacle_range_hi    | 1           |
|    obstacle_range_lo    | 0           |
|    success_rate         | 0.64        |
| rollout/                |             |
|    ep_len_mean          | 171         |
|    ep_rew_mean          | 31.8        |
| time/                   |             |
|    fps                  | 502         |
|    iterations           | 6           |
|    time_elapsed         | 85          |
|    total_timesteps      | 43008       |
| train/                  |             |
|    approx_kl            | 0.025919504 |
|    clip_fraction        | 0.224       |
|    clip_range           | 0.2         |
|    entropy_loss         | -15.3       |
|    explained_variance   | 0.833       |
|    learning_rate        | 0.0003      |
|    loss                 | 12          |
|    n_updates            | 6780        |
|    policy_gradient_loss | -0.0427     |
|    std                  | 1.69        |
|    value_loss           | 33.2        |
-----------------------------------------
-----------------------------------------
| manipularl/             |             |
|    collision_rate       | 0.04        |
|    grasp_curriculum     | 0.336       |
|    grasp_failure_rate   | 0.611       |
|    insert_depth_mean    | 0           |
|    obstacle_range_hi    | 1           |
|    obstacle_range_lo    | 0           |
|    success_rate         | 0.65        |
| rollout/                |             |
|    ep_len_mean          | 161         |
|    ep_rew_mean          | 30.2        |
| time/                   |             |
|    fps                  | 514         |
|    iterations           | 7           |
|    time_elapsed         | 97          |
|    total_timesteps      | 50176       |
| train/                  |             |
|    approx_kl            | 0.026389379 |
|    clip_fraction        | 0.224       |
|    clip_range           | 0.2         |
|    entropy_loss         | -15.4       |
|    explained_variance   | 0.851       |
|    learning_rate        | 0.0003      |
|    loss                 | 5.82        |
|    n_updates            | 6790        |
|    policy_gradient_loss | -0.043      |
|    std                  | 1.69        |
|    value_loss           | 21          |
-----------------------------------------
-----------------------------------------
| manipularl/             |             |
|    collision_rate       | 0.01        |
|    grasp_curriculum     | 0.334       |
|    grasp_failure_rate   | 0.578       |
|    insert_depth_mean    | 0           |
|    obstacle_range_hi    | 1           |
|    obstacle_range_lo    | 0           |
|    success_rate         | 0.83        |
| rollout/                |             |
|    ep_len_mean          | 111         |
|    ep_rew_mean          | 43.3        |
| time/                   |             |
|    fps                  | 514         |
|    iterations           | 8           |
|    time_elapsed         | 111         |
|    total_timesteps      | 57344       |
| train/                  |             |
|    approx_kl            | 0.023818832 |
|    clip_fraction        | 0.207       |
|    clip_range           | 0.2         |
|    entropy_loss         | -15.4       |
|    explained_variance   | 0.887       |
|    learning_rate        | 0.0003      |
|    loss                 | 4.57        |
|    n_updates            | 6800        |
|    policy_gradient_loss | -0.0391     |
|    std                  | 1.69        |
|    value_loss           | 17.1        |
-----------------------------------------
-----------------------------------------
| manipularl/             |             |
|    collision_rate       | 0.02        |
|    grasp_curriculum     | 0.332       |
|    grasp_failure_rate   | 0.566       |
|    insert_depth_mean    | 0           |
|    obstacle_range_hi    | 1           |
|    obstacle_range_lo    | 0           |
|    success_rate         | 0.87        |
| rollout/                |             |
|    ep_len_mean          | 104         |
|    ep_rew_mean          | 48.8        |
| time/                   |             |
|    fps                  | 512         |
|    iterations           | 9           |
|    time_elapsed         | 125         |
|    total_timesteps      | 64512       |
| train/                  |             |
|    approx_kl            | 0.023430593 |
|    clip_fraction        | 0.22        |
|    clip_range           | 0.2         |
|    entropy_loss         | -15.4       |
|    explained_variance   | 0.806       |
|    learning_rate        | 0.0003      |
|    loss                 | 12.5        |
|    n_updates            | 6810        |
|    policy_gradient_loss | -0.044      |
|    std                  | 1.69        |
|    value_loss           | 40.2        |
-----------------------------------------
-----------------------------------------
| manipularl/             |             |
|    collision_rate       | 0.02        |
|    grasp_curriculum     | 0.33        |
|    grasp_failure_rate   | 0.515       |
|    insert_depth_mean    | 0           |
|    obstacle_range_hi    | 1           |
|    obstacle_range_lo    | 0           |
|    success_rate         | 0.86        |
| rollout/                |             |
|    ep_len_mean          | 107         |
|    ep_rew_mean          | 48.3        |
| time/                   |             |
|    fps                  | 512         |
|    iterations           | 10          |
|    time_elapsed         | 139         |
|    total_timesteps      | 71680       |
| train/                  |             |
|    approx_kl            | 0.030416451 |
|    clip_fraction        | 0.241       |
|    clip_range           | 0.2         |
|    entropy_loss         | -15.4       |
|    explained_variance   | 0.85        |
|    learning_rate        | 0.0003      |
|    loss                 | 10.1        |
|    n_updates            | 6820        |
|    policy_gradient_loss | -0.0502     |
|    std                  | 1.69        |
|    value_loss           | 31.7        |
-----------------------------------------
-----------------------------------------
| manipularl/             |             |
|    collision_rate       | 0.02        |
|    grasp_curriculum     | 0.328       |
|    grasp_failure_rate   | 0.545       |
|    insert_depth_mean    | 0           |
|    obstacle_range_hi    | 1           |
|    obstacle_range_lo    | 0           |
|    success_rate         | 0.83        |
| rollout/                |             |
|    ep_len_mean          | 118         |
|    ep_rew_mean          | 45.5        |
| time/                   |             |
|    fps                  | 515         |
|    iterations           | 11          |
|    time_elapsed         | 152         |
|    total_timesteps      | 78848       |
| train/                  |             |
|    approx_kl            | 0.024569653 |
|    clip_fraction        | 0.202       |
|    clip_range           | 0.2         |
|    entropy_loss         | -15.4       |
|    explained_variance   | 0.862       |
|    learning_rate        | 0.0003      |
|    loss                 | 12.5        |
|    n_updates            | 6830        |
|    policy_gradient_loss | -0.0455     |
|    std                  | 1.7         |
|    value_loss           | 35.9        |
-----------------------------------------
-----------------------------------------
| manipularl/             |             |
|    collision_rate       | 0.03        |
|    grasp_curriculum     | 0.326       |
|    grasp_failure_rate   | 0.584       |
|    insert_depth_mean    | 0           |
|    obstacle_range_hi    | 1           |
|    obstacle_range_lo    | 0           |
|    success_rate         | 0.86        |
| rollout/                |             |
|    ep_len_mean          | 96.5        |
|    ep_rew_mean          | 49.1        |
| time/                   |             |
|    fps                  | 509         |
|    iterations           | 12          |
|    time_elapsed         | 168         |
|    total_timesteps      | 86016       |
| train/                  |             |
|    approx_kl            | 0.029500354 |
|    clip_fraction        | 0.241       |
|    clip_range           | 0.2         |
|    entropy_loss         | -15.4       |
|    explained_variance   | 0.86        |
|    learning_rate        | 0.0003      |
|    loss                 | 9.76        |
|    n_updates            | 6840        |
|    policy_gradient_loss | -0.0496     |
|    std                  | 1.7         |
|    value_loss           | 29          |
-----------------------------------------
-----------------------------------------
| manipularl/             |             |
|    collision_rate       | 0.02        |
|    grasp_curriculum     | 0.324       |
|    grasp_failure_rate   | 0.546       |
|    insert_depth_mean    | 0           |
|    obstacle_range_hi    | 1           |
|    obstacle_range_lo    | 0           |
|    success_rate         | 0.85        |
| rollout/                |             |
|    ep_len_mean          | 98.8        |
|    ep_rew_mean          | 48.7        |
| time/                   |             |
|    fps                  | 503         |
|    iterations           | 13          |
|    time_elapsed         | 185         |
|    total_timesteps      | 93184       |
| train/                  |             |
|    approx_kl            | 0.026375432 |
|    clip_fraction        | 0.234       |
|    clip_range           | 0.2         |
|    entropy_loss         | -15.4       |
|    explained_variance   | 0.816       |
|    learning_rate        | 0.0003      |
|    loss                 | 13.2        |
|    n_updates            | 6850        |
|    policy_gradient_loss | -0.0466     |
|    std                  | 1.7         |
|    value_loss           | 39.4        |
-----------------------------------------
-----------------------------------------
| manipularl/             |             |
|    collision_rate       | 0.04        |
|    grasp_curriculum     | 0.322       |
|    grasp_failure_rate   | 0.574       |
|    insert_depth_mean    | 0           |
|    obstacle_range_hi    | 1           |
|    obstacle_range_lo    | 0           |
|    success_rate         | 0.8         |
| rollout/                |             |
|    ep_len_mean          | 113         |
|    ep_rew_mean          | 45.5        |
| time/                   |             |
|    fps                  | 493         |
|    iterations           | 14          |
|    time_elapsed         | 203         |
|    total_timesteps      | 100352      |
| train/                  |             |
|    approx_kl            | 0.025102992 |
|    clip_fraction        | 0.22        |
|    clip_range           | 0.2         |
|    entropy_loss         | -15.4       |
|    explained_variance   | 0.861       |
|    learning_rate        | 0.0003      |
|    loss                 | 8.57        |
|    n_updates            | 6860        |
|    policy_gradient_loss | -0.0466     |
|    std                  | 1.7         |
|    value_loss           | 29.7        |
-----------------------------------------
-----------------------------------------
| manipularl/             |             |
|    collision_rate       | 0.01        |
|    grasp_curriculum     | 0.32        |
|    grasp_failure_rate   | 0.487       |
|    insert_depth_mean    | 0           |
|    obstacle_range_hi    | 1           |
|    obstacle_range_lo    | 0           |
|    success_rate         | 0.9         |
| rollout/                |             |
|    ep_len_mean          | 87.3        |
|    ep_rew_mean          | 51.1        |
| time/                   |             |
|    fps                  | 491         |
|    iterations           | 15          |
|    time_elapsed         | 218         |
|    total_timesteps      | 107520      |
| train/                  |             |
|    approx_kl            | 0.024227392 |
|    clip_fraction        | 0.222       |
|    clip_range           | 0.2         |
|    entropy_loss         | -15.4       |
|    explained_variance   | 0.869       |
|    learning_rate        | 0.0003      |
|    loss                 | 8.2         |
|    n_updates            | 6870        |
|    policy_gradient_loss | -0.0438     |
|    std                  | 1.7         |
|    value_loss           | 30          |
-----------------------------------------
-----------------------------------------
| manipularl/             |             |
|    collision_rate       | 0.01        |
|    grasp_curriculum     | 0.318       |
|    grasp_failure_rate   | 0.544       |
|    insert_depth_mean    | 0           |
|    obstacle_range_hi    | 1           |
|    obstacle_range_lo    | 0           |
|    success_rate         | 0.84        |
| rollout/                |             |
|    ep_len_mean          | 111         |
|    ep_rew_mean          | 47.2        |
| time/                   |             |
|    fps                  | 489         |
|    iterations           | 16          |
|    time_elapsed         | 234         |
|    total_timesteps      | 114688      |
| train/                  |             |
|    approx_kl            | 0.027643975 |
|    clip_fraction        | 0.221       |
|    clip_range           | 0.2         |
|    entropy_loss         | -15.4       |
|    explained_variance   | 0.856       |
|    learning_rate        | 0.0003      |
|    loss                 | 11          |
|    n_updates            | 6880        |
|    policy_gradient_loss | -0.0491     |
|    std                  | 1.7         |
|    value_loss           | 32.5        |
-----------------------------------------
-----------------------------------------
| manipularl/             |             |
|    collision_rate       | 0.02        |
|    grasp_curriculum     | 0.316       |
|    grasp_failure_rate   | 0.575       |
|    insert_depth_mean    | 0           |
|    obstacle_range_hi    | 1           |
|    obstacle_range_lo    | 0           |
|    success_rate         | 0.84        |
| rollout/                |             |
|    ep_len_mean          | 111         |
|    ep_rew_mean          | 46.1        |
| time/                   |             |
|    fps                  | 485         |
|    iterations           | 17          |
|    time_elapsed         | 250         |
|    total_timesteps      | 121856      |
| train/                  |             |
|    approx_kl            | 0.027152933 |
|    clip_fraction        | 0.223       |
|    clip_range           | 0.2         |
|    entropy_loss         | -15.4       |
|    explained_variance   | 0.871       |
|    learning_rate        | 0.0003      |
|    loss                 | 10.8        |
|    n_updates            | 6890        |
|    policy_gradient_loss | -0.0486     |
|    std                  | 1.7         |
|    value_loss           | 30.3        |
-----------------------------------------
-----------------------------------------
| manipularl/             |             |
|    collision_rate       | 0.04        |
|    grasp_curriculum     | 0.314       |
|    grasp_failure_rate   | 0.564       |
|    insert_depth_mean    | 0           |
|    obstacle_range_hi    | 1           |
|    obstacle_range_lo    | 0           |
|    success_rate         | 0.82        |
| rollout/                |             |
|    ep_len_mean          | 114         |
|    ep_rew_mean          | 45.1        |
| time/                   |             |
|    fps                  | 483         |
|    iterations           | 18          |
|    time_elapsed         | 266         |
|    total_timesteps      | 129024      |
| train/                  |             |
|    approx_kl            | 0.025682675 |
|    clip_fraction        | 0.229       |
|    clip_range           | 0.2         |
|    entropy_loss         | -15.4       |
|    explained_variance   | 0.836       |
|    learning_rate        | 0.0003      |
|    loss                 | 12.2        |
|    n_updates            | 6900        |
|    policy_gradient_loss | -0.0493     |
|    std                  | 1.7         |
|    value_loss           | 37          |
-----------------------------------------
----------------------------------------
| manipularl/             |            |
|    collision_rate       | 0.03       |
|    grasp_curriculum     | 0.312      |
|    grasp_failure_rate   | 0.536      |
|    insert_depth_mean    | 0          |
|    obstacle_range_hi    | 1          |
|    obstacle_range_lo    | 0          |
|    success_rate         | 0.81       |
| rollout/                |            |
|    ep_len_mean          | 110        |
|    ep_rew_mean          | 45.3       |
| time/                   |            |
|    fps                  | 482        |
|    iterations           | 19         |
|    time_elapsed         | 282        |
|    total_timesteps      | 136192     |
| train/                  |            |
|    approx_kl            | 0.02960121 |
|    clip_fraction        | 0.236      |
|    clip_range           | 0.2        |
|    entropy_loss         | -15.4      |
|    explained_variance   | 0.883      |
|    learning_rate        | 0.0003     |
|    loss                 | 11.6       |
|    n_updates            | 6910       |
|    policy_gradient_loss | -0.0501    |
|    std                  | 1.7        |
|    value_loss           | 30.9       |
----------------------------------------
----------------------------------------
| manipularl/             |            |
|    collision_rate       | 0.01       |
|    grasp_curriculum     | 0.31       |
|    grasp_failure_rate   | 0.523      |
|    insert_depth_mean    | 0          |
|    obstacle_range_hi    | 1          |
|    obstacle_range_lo    | 0          |
|    success_rate         | 0.84       |
| rollout/                |            |
|    ep_len_mean          | 103        |
|    ep_rew_mean          | 47.6       |
| time/                   |            |
|    fps                  | 480        |
|    iterations           | 20         |
|    time_elapsed         | 298        |
|    total_timesteps      | 143360     |
| train/                  |            |
|    approx_kl            | 0.02947357 |
|    clip_fraction        | 0.251      |
|    clip_range           | 0.2        |
|    entropy_loss         | -15.4      |
|    explained_variance   | 0.887      |
|    learning_rate        | 0.0003     |
|    loss                 | 7.45       |
|    n_updates            | 6920       |
|    policy_gradient_loss | -0.0509    |
|    std                  | 1.7        |
|    value_loss           | 27.8       |
----------------------------------------
-----------------------------------------
| manipularl/             |             |
|    collision_rate       | 0.02        |
|    grasp_curriculum     | 0.308       |
|    grasp_failure_rate   | 0.616       |
|    insert_depth_mean    | 0           |
|    obstacle_range_hi    | 1           |
|    obstacle_range_lo    | 0           |
|    success_rate         | 0.88        |
| rollout/                |             |
|    ep_len_mean          | 84.3        |
|    ep_rew_mean          | 52.5        |
| time/                   |             |
|    fps                  | 480         |
|    iterations           | 21          |
|    time_elapsed         | 313         |
|    total_timesteps      | 150528      |
| train/                  |             |
|    approx_kl            | 0.028168058 |
|    clip_fraction        | 0.246       |
|    clip_range           | 0.2         |
|    entropy_loss         | -15.4       |
|    explained_variance   | 0.841       |
|    learning_rate        | 0.0003      |
|    loss                 | 13.5        |
|    n_updates            | 6930        |
|    policy_gradient_loss | -0.0501     |
|    std                  | 1.7         |
|    value_loss           | 38.9        |
-----------------------------------------
-----------------------------------------
| manipularl/             |             |
|    collision_rate       | 0.05        |
|    grasp_curriculum     | 0.306       |
|    grasp_failure_rate   | 0.555       |
|    insert_depth_mean    | 0           |
|    obstacle_range_hi    | 2           |
|    obstacle_range_lo    | 0           |
|    success_rate         | 0.9         |
| rollout/                |             |
|    ep_len_mean          | 78.8        |
|    ep_rew_mean          | 52.8        |
| time/                   |             |
|    fps                  | 474         |
|    iterations           | 22          |
|    time_elapsed         | 332         |
|    total_timesteps      | 157696      |
| train/                  |             |
|    approx_kl            | 0.029625729 |
|    clip_fraction        | 0.24        |
|    clip_range           | 0.2         |
|    entropy_loss         | -15.4       |
|    explained_variance   | 0.918       |
|    learning_rate        | 0.0003      |
|    loss                 | 5.6         |
|    n_updates            | 6940        |
|    policy_gradient_loss | -0.0486     |
|    std                  | 1.7         |
|    value_loss           | 20.2        |
-----------------------------------------
----------------------------------------
| manipularl/             |            |
|    collision_rate       | 0.11       |
|    grasp_curriculum     | 0.304      |
|    grasp_failure_rate   | 0.484      |
|    insert_depth_mean    | 0          |
|    obstacle_range_hi    | 2          |
|    obstacle_range_lo    | 0          |
|    success_rate         | 0.85       |
| rollout/                |            |
|    ep_len_mean          | 81.1       |
|    ep_rew_mean          | 48.1       |
| time/                   |            |
|    fps                  | 473        |
|    iterations           | 23         |
|    time_elapsed         | 347        |
|    total_timesteps      | 164864     |
| train/                  |            |
|    approx_kl            | 0.02910449 |
|    clip_fraction        | 0.247      |
|    clip_range           | 0.2        |
|    entropy_loss         | -15.4      |
|    explained_variance   | 0.84       |
|    learning_rate        | 0.0003     |
|    loss                 | 12.3       |
|    n_updates            | 6950       |
|    policy_gradient_loss | -0.0493    |
|    std                  | 1.7        |
|    value_loss           | 33.1       |
----------------------------------------
-----------------------------------------
| manipularl/             |             |
|    collision_rate       | 0.19        |
|    grasp_curriculum     | 0.302       |
|    grasp_failure_rate   | 0.538       |
|    insert_depth_mean    | 0           |
|    obstacle_range_hi    | 2           |
|    obstacle_range_lo    | 0           |
|    success_rate         | 0.74        |
| rollout/                |             |
|    ep_len_mean          | 105         |
|    ep_rew_mean          | 39.3        |
| time/                   |             |
|    fps                  | 474         |
|    iterations           | 24          |
|    time_elapsed         | 362         |
|    total_timesteps      | 172032      |
| train/                  |             |
|    approx_kl            | 0.025300348 |
|    clip_fraction        | 0.187       |
|    clip_range           | 0.2         |
|    entropy_loss         | -15.4       |
|    explained_variance   | 0.862       |
|    learning_rate        | 0.0003      |
|    loss                 | 7.87        |
|    n_updates            | 6960        |
|    policy_gradient_loss | -0.0447     |
|    std                  | 1.71        |
|    value_loss           | 27.2        |
-----------------------------------------
-----------------------------------------
| manipularl/             |             |
|    collision_rate       | 0.07        |
|    grasp_curriculum     | 0.3         |
|    grasp_failure_rate   | 0.543       |
|    insert_depth_mean    | 0           |
|    obstacle_range_hi    | 2           |
|    obstacle_range_lo    | 0           |
|    success_rate         | 0.81        |
| rollout/                |             |
|    ep_len_mean          | 101         |
|    ep_rew_mean          | 45.5        |
| time/                   |             |
|    fps                  | 474         |
|    iterations           | 25          |
|    time_elapsed         | 378         |
|    total_timesteps      | 179200      |
| train/                  |             |
|    approx_kl            | 0.027921446 |
|    clip_fraction        | 0.226       |
|    clip_range           | 0.2         |
|    entropy_loss         | -15.4       |
|    explained_variance   | 0.837       |
|    learning_rate        | 0.0003      |
|    loss                 | 9.27        |
|    n_updates            | 6970        |
|    policy_gradient_loss | -0.0482     |
|    std                  | 1.71        |
|    value_loss           | 30.5        |
-----------------------------------------
-----------------------------------------
| manipularl/             |             |
|    collision_rate       | 0.05        |
|    grasp_curriculum     | 0.298       |
|    grasp_failure_rate   | 0.612       |
|    insert_depth_mean    | 0           |
|    obstacle_range_hi    | 2           |
|    obstacle_range_lo    | 0           |
|    success_rate         | 0.82        |
| rollout/                |             |
|    ep_len_mean          | 106         |
|    ep_rew_mean          | 46.6        |
| time/                   |             |
|    fps                  | 471         |
|    iterations           | 26          |
|    time_elapsed         | 395         |
|    total_timesteps      | 186368      |
| train/                  |             |
|    approx_kl            | 0.028420424 |
|    clip_fraction        | 0.224       |
|    clip_range           | 0.2         |
|    entropy_loss         | -15.4       |
|    explained_variance   | 0.849       |
|    learning_rate        | 0.0003      |
|    loss                 | 10          |
|    n_updates            | 6980        |
|    policy_gradient_loss | -0.0484     |
|    std                  | 1.71        |
|    value_loss           | 30.7        |
-----------------------------------------
----------------------------------------
| manipularl/             |            |
|    collision_rate       | 0.04       |
|    grasp_curriculum     | 0.296      |
|    grasp_failure_rate   | 0.589      |
|    insert_depth_mean    | 0          |
|    obstacle_range_hi    | 2          |
|    obstacle_range_lo    | 0          |
|    success_rate         | 0.85       |
| rollout/                |            |
|    ep_len_mean          | 96.2       |
|    ep_rew_mean          | 49         |
| time/                   |            |
|    fps                  | 468        |
|    iterations           | 27         |
|    time_elapsed         | 412        |
|    total_timesteps      | 193536     |
| train/                  |            |
|    approx_kl            | 0.02589894 |
|    clip_fraction        | 0.224      |
|    clip_range           | 0.2        |
|    entropy_loss         | -15.4      |
|    explained_variance   | 0.844      |
|    learning_rate        | 0.0003     |
|    loss                 | 11         |
|    n_updates            | 6990       |
|    policy_gradient_loss | -0.0446    |
|    std                  | 1.71       |
|    value_loss           | 31.7       |
----------------------------------------
----------------------------------------
| manipularl/             |            |
|    collision_rate       | 0.04       |
|    grasp_curriculum     | 0.294      |
|    grasp_failure_rate   | 0.532      |
|    insert_depth_mean    | 0          |
|    obstacle_range_hi    | 2          |
|    obstacle_range_lo    | 0          |
|    success_rate         | 0.86       |
| rollout/                |            |
|    ep_len_mean          | 86.3       |
|    ep_rew_mean          | 50.1       |
| time/                   |            |
|    fps                  | 467        |
|    iterations           | 28         |
|    time_elapsed         | 429        |
|    total_timesteps      | 200704     |
| train/                  |            |
|    approx_kl            | 0.02851944 |
|    clip_fraction        | 0.239      |
|    clip_range           | 0.2        |
|    entropy_loss         | -15.4      |
|    explained_variance   | 0.866      |
|    learning_rate        | 0.0003     |
|    loss                 | 9.96       |
|    n_updates            | 7000       |
|    policy_gradient_loss | -0.0516    |
|    std                  | 1.71       |
|    value_loss           | 34         |
----------------------------------------
-----------------------------------------
| manipularl/             |             |
|    collision_rate       | 0.05        |
|    grasp_curriculum     | 0.292       |
|    grasp_failure_rate   | 0.53        |
|    insert_depth_mean    | 0           |
|    obstacle_range_hi    | 2           |
|    obstacle_range_lo    | 0           |
|    success_rate         | 0.86        |
| rollout/                |             |
|    ep_len_mean          | 84.4        |
|    ep_rew_mean          | 49.8        |
| time/                   |             |
|    fps                  | 466         |
|    iterations           | 29          |
|    time_elapsed         | 445         |
|    total_timesteps      | 207872      |
| train/                  |             |
|    approx_kl            | 0.031129552 |
|    clip_fraction        | 0.242       |
|    clip_range           | 0.2         |
|    entropy_loss         | -15.4       |
|    explained_variance   | 0.879       |
|    learning_rate        | 0.0003      |
|    loss                 | 9.22        |
|    n_updates            | 7010        |
|    policy_gradient_loss | -0.0539     |
|    std                  | 1.71        |
|    value_loss           | 28          |
-----------------------------------------
-----------------------------------------
| manipularl/             |             |
|    collision_rate       | 0.13        |
|    grasp_curriculum     | 0.29        |
|    grasp_failure_rate   | 0.51        |
|    insert_depth_mean    | 0           |
|    obstacle_range_hi    | 2           |
|    obstacle_range_lo    | 0           |
|    success_rate         | 0.83        |
| rollout/                |             |
|    ep_len_mean          | 82.1        |
|    ep_rew_mean          | 47.8        |
| time/                   |             |
|    fps                  | 466         |
|    iterations           | 30          |
|    time_elapsed         | 460         |
|    total_timesteps      | 215040      |
| train/                  |             |
|    approx_kl            | 0.029791754 |
|    clip_fraction        | 0.255       |
|    clip_range           | 0.2         |
|    entropy_loss         | -15.4       |
|    explained_variance   | 0.888       |
|    learning_rate        | 0.0003      |
|    loss                 | 10.1        |
|    n_updates            | 7020        |
|    policy_gradient_loss | -0.0511     |
|    std                  | 1.71        |
|    value_loss           | 31          |
-----------------------------------------
----------------------------------------
| manipularl/             |            |
|    collision_rate       | 0.08       |
|    grasp_curriculum     | 0.288      |
|    grasp_failure_rate   | 0.517      |
|    insert_depth_mean    | 0          |
|    obstacle_range_hi    | 2          |
|    obstacle_range_lo    | 0          |
|    success_rate         | 0.85       |
| rollout/                |            |
|    ep_len_mean          | 87.7       |
|    ep_rew_mean          | 48         |
| time/                   |            |
|    fps                  | 465        |
|    iterations           | 31         |
|    time_elapsed         | 477        |
|    total_timesteps      | 222208     |
| train/                  |            |
|    approx_kl            | 0.02325621 |
|    clip_fraction        | 0.2        |
|    clip_range           | 0.2        |
|    entropy_loss         | -15.4      |
|    explained_variance   | 0.817      |
|    learning_rate        | 0.0003     |
|    loss                 | 15.5       |
|    n_updates            | 7030       |
|    policy_gradient_loss | -0.0459    |
|    std                  | 1.71       |
|    value_loss           | 44.2       |
----------------------------------------
-----------------------------------------
| manipularl/             |             |
|    collision_rate       | 0.07        |
|    grasp_curriculum     | 0.286       |
|    grasp_failure_rate   | 0.542       |
|    insert_depth_mean    | 0           |
|    obstacle_range_hi    | 2           |
|    obstacle_range_lo    | 0           |
|    success_rate         | 0.89        |
| rollout/                |             |
|    ep_len_mean          | 78.3        |
|    ep_rew_mean          | 53.2        |
| time/                   |             |
|    fps                  | 464         |
|    iterations           | 32          |
|    time_elapsed         | 493         |
|    total_timesteps      | 229376      |
| train/                  |             |
|    approx_kl            | 0.029231343 |
|    clip_fraction        | 0.24        |
|    clip_range           | 0.2         |
|    entropy_loss         | -15.4       |
|    explained_variance   | 0.845       |
|    learning_rate        | 0.0003      |
|    loss                 | 12.9        |
|    n_updates            | 7040        |
|    policy_gradient_loss | -0.0543     |
|    std                  | 1.71        |
|    value_loss           | 37          |
-----------------------------------------
-----------------------------------------
| manipularl/             |             |
|    collision_rate       | 0.04        |
|    grasp_curriculum     | 0.284       |
|    grasp_failure_rate   | 0.575       |
|    insert_depth_mean    | 0           |
|    obstacle_range_hi    | 2           |
|    obstacle_range_lo    | 0           |
|    success_rate         | 0.88        |
| rollout/                |             |
|    ep_len_mean          | 78.2        |
|    ep_rew_mean          | 52.6        |
| time/                   |             |
|    fps                  | 462         |
|    iterations           | 33          |
|    time_elapsed         | 511         |
|    total_timesteps      | 236544      |
| train/                  |             |
|    approx_kl            | 0.029764906 |
|    clip_fraction        | 0.25        |
|    clip_range           | 0.2         |
|    entropy_loss         | -15.4       |
|    explained_variance   | 0.833       |
|    learning_rate        | 0.0003      |
|    loss                 | 11.2        |
|    n_updates            | 7050        |
|    policy_gradient_loss | -0.0487     |
|    std                  | 1.71        |
|    value_loss           | 33.8        |
-----------------------------------------
-----------------------------------------
| manipularl/             |             |
|    collision_rate       | 0.06        |
|    grasp_curriculum     | 0.282       |
|    grasp_failure_rate   | 0.639       |
|    insert_depth_mean    | 0           |
|    obstacle_range_hi    | 2           |
|    obstacle_range_lo    | 0           |
|    success_rate         | 0.86        |
| rollout/                |             |
|    ep_len_mean          | 89.8        |
|    ep_rew_mean          | 50.9        |
| time/                   |             |
|    fps                  | 462         |
|    iterations           | 34          |
|    time_elapsed         | 527         |
|    total_timesteps      | 243712      |
| train/                  |             |
|    approx_kl            | 0.027496418 |
|    clip_fraction        | 0.241       |
|    clip_range           | 0.2         |
|    entropy_loss         | -15.4       |
|    explained_variance   | 0.849       |
|    learning_rate        | 0.0003      |
|    loss                 | 10.9        |
|    n_updates            | 7060        |
|    policy_gradient_loss | -0.0505     |
|    std                  | 1.71        |
|    value_loss           | 40.2        |
-----------------------------------------
Eval num_timesteps=249998, episode_reward=17.59 +/- 48.20
Episode length: 196.80 +/- 144.40
-----------------------------------------
| eval/                   |             |
|    mean_ep_length       | 197         |
|    mean_reward          | 17.6        |
| manipularl/             |             |
|    collision_rate       | 0.05        |
|    grasp_curriculum     | 0.28        |
|    grasp_failure_rate   | 0.59        |
|    insert_depth_mean    | 0           |
|    obstacle_range_hi    | 2           |
|    obstacle_range_lo    | 0           |
|    success_rate         | 0.9         |
| time/                   |             |
|    total_timesteps      | 249998      |
| train/                  |             |
|    approx_kl            | 0.031593513 |
|    clip_fraction        | 0.243       |
|    clip_range           | 0.2         |
|    entropy_loss         | -15.4       |
|    explained_variance   | 0.868       |
|    learning_rate        | 0.0003      |
|    loss                 | 8.67        |
|    n_updates            | 7070        |
|    policy_gradient_loss | -0.0546     |
|    std                  | 1.71        |
|    value_loss           | 26.1        |
-----------------------------------------
New best mean reward!
------------------------------------
| manipularl/           |          |
|    collision_rate     | 0.05     |
|    grasp_curriculum   | 0.28     |
|    grasp_failure_rate | 0.569    |
|    insert_depth_mean  | 0        |
|    obstacle_range_hi  | 2        |
|    obstacle_range_lo  | 0        |
|    success_rate       | 0.89     |
| rollout/              |          |
|    ep_len_mean        | 75.8     |
|    ep_rew_mean        | 52.5     |
| time/                 |          |
|    fps                | 447      |
|    iterations         | 35       |
|    time_elapsed       | 560      |
|    total_timesteps    | 250880   |
------------------------------------
----------------------------------------
| manipularl/             |            |
|    collision_rate       | 0.04       |
|    grasp_curriculum     | 0.278      |
|    grasp_failure_rate   | 0.577      |
|    insert_depth_mean    | 0          |
|    obstacle_range_hi    | 2          |
|    obstacle_range_lo    | 0          |
|    success_rate         | 0.89       |
| rollout/                |            |
|    ep_len_mean          | 81         |
|    ep_rew_mean          | 51.9       |
| time/                   |            |
|    fps                  | 445        |
|    iterations           | 36         |
|    time_elapsed         | 578        |
|    total_timesteps      | 258048     |
| train/                  |            |
|    approx_kl            | 0.02935237 |
|    clip_fraction        | 0.248      |
|    clip_range           | 0.2        |
|    entropy_loss         | -15.4      |
|    explained_variance   | 0.868      |
|    learning_rate        | 0.0003     |
|    loss                 | 12.4       |
|    n_updates            | 7080       |
|    policy_gradient_loss | -0.0531    |
|    std                  | 1.71       |
|    value_loss           | 37.9       |
----------------------------------------
----------------------------------------
| manipularl/             |            |
|    collision_rate       | 0.1        |
|    grasp_curriculum     | 0.276      |
|    grasp_failure_rate   | 0.572      |
|    insert_depth_mean    | 0          |
|    obstacle_range_hi    | 2          |
|    obstacle_range_lo    | 0          |
|    success_rate         | 0.81       |
| rollout/                |            |
|    ep_len_mean          | 91.9       |
|    ep_rew_mean          | 46.6       |
| time/                   |            |
|    fps                  | 443        |
|    iterations           | 37         |
|    time_elapsed         | 597        |
|    total_timesteps      | 265216     |
| train/                  |            |
|    approx_kl            | 0.02688284 |
|    clip_fraction        | 0.224      |
|    clip_range           | 0.2        |
|    entropy_loss         | -15.4      |
|    explained_variance   | 0.878      |
|    learning_rate        | 0.0003     |
|    loss                 | 9.84       |
|    n_updates            | 7090       |
|    policy_gradient_loss | -0.049     |
|    std                  | 1.7        |
|    value_loss           | 32         |
----------------------------------------
-----------------------------------------
| manipularl/             |             |
|    collision_rate       | 0.06        |
|    grasp_curriculum     | 0.274       |
|    grasp_failure_rate   | 0.548       |
|    insert_depth_mean    | 0           |
|    obstacle_range_hi    | 2           |
|    obstacle_range_lo    | 0           |
|    success_rate         | 0.84        |
| rollout/                |             |
|    ep_len_mean          | 92.1        |
|    ep_rew_mean          | 47.8        |
| time/                   |             |
|    fps                  | 442         |
|    iterations           | 38          |
|    time_elapsed         | 615         |
|    total_timesteps      | 272384      |
| train/                  |             |
|    approx_kl            | 0.031446166 |
|    clip_fraction        | 0.234       |
|    clip_range           | 0.2         |
|    entropy_loss         | -15.4       |
|    explained_variance   | 0.882       |
|    learning_rate        | 0.0003      |
|    loss                 | 7.81        |
|    n_updates            | 7100        |
|    policy_gradient_loss | -0.0497     |
|    std                  | 1.7         |
|    value_loss           | 29.8        |
-----------------------------------------
----------------------------------------
| manipularl/             |            |
|    collision_rate       | 0.06       |
|    grasp_curriculum     | 0.272      |
|    grasp_failure_rate   | 0.566      |
|    insert_depth_mean    | 0          |
|    obstacle_range_hi    | 2          |
|    obstacle_range_lo    | 0          |
|    success_rate         | 0.85       |
| rollout/                |            |
|    ep_len_mean          | 94         |
|    ep_rew_mean          | 47.9       |
| time/                   |            |
|    fps                  | 441        |
|    iterations           | 39         |
|    time_elapsed         | 632        |
|    total_timesteps      | 279552     |
| train/                  |            |
|    approx_kl            | 0.03016945 |
|    clip_fraction        | 0.232      |
|    clip_range           | 0.2        |
|    entropy_loss         | -15.4      |
|    explained_variance   | 0.895      |
|    learning_rate        | 0.0003     |
|    loss                 | 9.88       |
|    n_updates            | 7110       |
|    policy_gradient_loss | -0.0471    |
|    std                  | 1.7        |
|    value_loss           | 26.7       |
----------------------------------------
-----------------------------------------
| manipularl/             |             |
|    collision_rate       | 0.08        |
|    grasp_curriculum     | 0.27        |
|    grasp_failure_rate   | 0.622       |
|    insert_depth_mean    | 0           |
|    obstacle_range_hi    | 2           |
|    obstacle_range_lo    | 0           |
|    success_rate         | 0.81        |
| rollout/                |             |
|    ep_len_mean          | 98.5        |
|    ep_rew_mean          | 45.9        |
| time/                   |             |
|    fps                  | 438         |
|    iterations           | 40          |
|    time_elapsed         | 654         |
|    total_timesteps      | 286720      |
| train/                  |             |
|    approx_kl            | 0.026287751 |
|    clip_fraction        | 0.223       |
|    clip_range           | 0.2         |
|    entropy_loss         | -15.4       |
|    explained_variance   | 0.846       |
|    learning_rate        | 0.0003      |
|    loss                 | 14          |
|    n_updates            | 7120        |
|    policy_gradient_loss | -0.0463     |
|    std                  | 1.71        |
|    value_loss           | 38.7        |
-----------------------------------------
-----------------------------------------
| manipularl/             |             |
|    collision_rate       | 0.09        |
|    grasp_curriculum     | 0.268       |
|    grasp_failure_rate   | 0.58        |
|    insert_depth_mean    | 0           |
|    obstacle_range_hi    | 2           |
|    obstacle_range_lo    | 0           |
|    success_rate         | 0.84        |
| rollout/                |             |
|    ep_len_mean          | 93          |
|    ep_rew_mean          | 42.6        |
| time/                   |             |
|    fps                  | 436         |
|    iterations           | 41          |
|    time_elapsed         | 673         |
|    total_timesteps      | 293888      |
| train/                  |             |
|    approx_kl            | 0.027098035 |
|    clip_fraction        | 0.21        |
|    clip_range           | 0.2         |
|    entropy_loss         | -15.4       |
|    explained_variance   | 0.839       |
|    learning_rate        | 0.0003      |
|    loss                 | 9.48        |
|    n_updates            | 7130        |
|    policy_gradient_loss | -0.0479     |
|    std                  | 1.7         |
|    value_loss           | 33.6        |
-----------------------------------------
-----------------------------------------
| manipularl/             |             |
|    collision_rate       | 0.09        |
|    grasp_curriculum     | 0.266       |
|    grasp_failure_rate   | 0.635       |
|    insert_depth_mean    | 0           |
|    obstacle_range_hi    | 2           |
|    obstacle_range_lo    | 0           |
|    success_rate         | 0.81        |
| rollout/                |             |
|    ep_len_mean          | 109         |
|    ep_rew_mean          | 37.5        |
| time/                   |             |
|    fps                  | 436         |
|    iterations           | 42          |
|    time_elapsed         | 689         |
|    total_timesteps      | 301056      |
| train/                  |             |
|    approx_kl            | 0.027849939 |
|    clip_fraction        | 0.216       |
|    clip_range           | 0.2         |
|    entropy_loss         | -15.4       |
|    explained_variance   | 0.807       |
|    learning_rate        | 0.0003      |
|    loss                 | 11.2        |
|    n_updates            | 7140        |
|    policy_gradient_loss | -0.044      |
|    std                  | 1.7         |
|    value_loss           | 36.5        |
-----------------------------------------
----------------------------------------
| manipularl/             |            |
|    collision_rate       | 0.07       |
|    grasp_curriculum     | 0.264      |
|    grasp_failure_rate   | 0.639      |
|    insert_depth_mean    | 0          |
|    obstacle_range_hi    | 2          |
|    obstacle_range_lo    | 0          |
|    success_rate         | 0.83       |
| rollout/                |            |
|    ep_len_mean          | 90.9       |
|    ep_rew_mean          | 48.9       |
| time/                   |            |
|    fps                  | 435        |
|    iterations           | 43         |
|    time_elapsed         | 707        |
|    total_timesteps      | 308224     |
| train/                  |            |
|    approx_kl            | 0.02942326 |
|    clip_fraction        | 0.235      |
|    clip_range           | 0.2        |
|    entropy_loss         | -15.4      |
|    explained_variance   | 0.883      |
|    learning_rate        | 0.0003     |
|    loss                 | 10.6       |
|    n_updates            | 7150       |
|    policy_gradient_loss | -0.0511    |
|    std                  | 1.71       |
|    value_loss           | 30.2       |
----------------------------------------
-----------------------------------------
| manipularl/             |             |
|    collision_rate       | 0.07        |
|    grasp_curriculum     | 0.262       |
|    grasp_failure_rate   | 0.593       |
|    insert_depth_mean    | 0           |
|    obstacle_range_hi    | 2           |
|    obstacle_range_lo    | 1           |
|    success_rate         | 0.86        |
| rollout/                |             |
|    ep_len_mean          | 84.9        |
|    ep_rew_mean          | 46.1        |
| time/                   |             |
|    fps                  | 434         |
|    iterations           | 44          |
|    time_elapsed         | 725         |
|    total_timesteps      | 315392      |
| train/                  |             |
|    approx_kl            | 0.028227337 |
|    clip_fraction        | 0.228       |
|    clip_range           | 0.2         |
|    entropy_loss         | -15.4       |
|    explained_variance   | 0.859       |
|    learning_rate        | 0.0003      |
|    loss                 | 11          |
|    n_updates            | 7160        |
|    policy_gradient_loss | -0.0526     |
|    std                  | 1.71        |
|    value_loss           | 39.2        |
-----------------------------------------
-----------------------------------------
| manipularl/             |             |
|    collision_rate       | 0.04        |
|    grasp_curriculum     | 0.26        |
|    grasp_failure_rate   | 0.645       |
|    insert_depth_mean    | 0           |
|    obstacle_range_hi    | 2           |
|    obstacle_range_lo    | 1           |
|    success_rate         | 0.93        |
| rollout/                |             |
|    ep_len_mean          | 70.2        |
|    ep_rew_mean          | 55.2        |
| time/                   |             |
|    fps                  | 434         |
|    iterations           | 45          |
|    time_elapsed         | 741         |
|    total_timesteps      | 322560      |
| train/                  |             |
|    approx_kl            | 0.031880505 |
|    clip_fraction        | 0.241       |
|    clip_range           | 0.2         |
|    entropy_loss         | -15.4       |
|    explained_variance   | 0.865       |
|    learning_rate        | 0.0003      |
|    loss                 | 9.29        |
|    n_updates            | 7170        |
|    policy_gradient_loss | -0.0564     |
|    std                  | 1.71        |
|    value_loss           | 36.6        |
-----------------------------------------
----------------------------------------
| manipularl/             |            |
|    collision_rate       | 0.06       |
|    grasp_curriculum     | 0.258      |
|    grasp_failure_rate   | 0.618      |
|    insert_depth_mean    | 0          |
|    obstacle_range_hi    | 2          |
|    obstacle_range_lo    | 1          |
|    success_rate         | 0.85       |
| rollout/                |            |
|    ep_len_mean          | 91.1       |
|    ep_rew_mean          | 50         |
| time/                   |            |
|    fps                  | 434        |
|    iterations           | 46         |
|    time_elapsed         | 758        |
|    total_timesteps      | 329728     |
| train/                  |            |
|    approx_kl            | 0.03176826 |
|    clip_fraction        | 0.245      |
|    clip_range           | 0.2        |
|    entropy_loss         | -15.4      |
|    explained_variance   | 0.888      |
|    learning_rate        | 0.0003     |
|    loss                 | 10.1       |
|    n_updates            | 7180       |
|    policy_gradient_loss | -0.052     |
|    std                  | 1.7        |
|    value_loss           | 34.1       |
----------------------------------------
----------------------------------------
| manipularl/             |            |
|    collision_rate       | 0.11       |
|    grasp_curriculum     | 0.256      |
|    grasp_failure_rate   | 0.502      |
|    insert_depth_mean    | 0          |
|    obstacle_range_hi    | 2          |
|    obstacle_range_lo    | 1          |
|    success_rate         | 0.83       |
| rollout/                |            |
|    ep_len_mean          | 81.2       |
|    ep_rew_mean          | 47.2       |
| time/                   |            |
|    fps                  | 434        |
|    iterations           | 47         |
|    time_elapsed         | 775        |
|    total_timesteps      | 336896     |
| train/                  |            |
|    approx_kl            | 0.02726797 |
|    clip_fraction        | 0.225      |
|    clip_range           | 0.2        |
|    entropy_loss         | -15.4      |
|    explained_variance   | 0.87       |
|    learning_rate        | 0.0003     |
|    loss                 | 9.91       |
|    n_updates            | 7190       |
|    policy_gradient_loss | -0.0491    |
|    std                  | 1.7        |
|    value_loss           | 35.1       |
----------------------------------------
-----------------------------------------
| manipularl/             |             |
|    collision_rate       | 0.1         |
|    grasp_curriculum     | 0.254       |
|    grasp_failure_rate   | 0.562       |
|    insert_depth_mean    | 0           |
|    obstacle_range_hi    | 2           |
|    obstacle_range_lo    | 1           |
|    success_rate         | 0.85        |
| rollout/                |             |
|    ep_len_mean          | 79.4        |
|    ep_rew_mean          | 50.2        |
| time/                   |             |
|    fps                  | 434         |
|    iterations           | 48          |
|    time_elapsed         | 791         |
|    total_timesteps      | 344064      |
| train/                  |             |
|    approx_kl            | 0.028763473 |
|    clip_fraction        | 0.215       |
|    clip_range           | 0.2         |
|    entropy_loss         | -15.4       |
|    explained_variance   | 0.837       |
|    learning_rate        | 0.0003      |
|    loss                 | 10.7        |
|    n_updates            | 7200        |
|    policy_gradient_loss | -0.0499     |
|    std                  | 1.7         |
|    value_loss           | 38.7        |
-----------------------------------------
-----------------------------------------
| manipularl/             |             |
|    collision_rate       | 0.08        |
|    grasp_curriculum     | 0.252       |
|    grasp_failure_rate   | 0.625       |
|    insert_depth_mean    | 0           |
|    obstacle_range_hi    | 2           |
|    obstacle_range_lo    | 1           |
|    success_rate         | 0.85        |
| rollout/                |             |
|    ep_len_mean          | 88.8        |
|    ep_rew_mean          | 49.8        |
| time/                   |             |
|    fps                  | 434         |
|    iterations           | 49          |
|    time_elapsed         | 807         |
|    total_timesteps      | 351232      |
| train/                  |             |
|    approx_kl            | 0.032137766 |
|    clip_fraction        | 0.255       |
|    clip_range           | 0.2         |
|    entropy_loss         | -15.4       |
|    explained_variance   | 0.819       |
|    learning_rate        | 0.0003      |
|    loss                 | 13.6        |
|    n_updates            | 7210        |
|    policy_gradient_loss | -0.051      |
|    std                  | 1.7         |
|    value_loss           | 42.8        |
-----------------------------------------
-----------------------------------------
| manipularl/             |             |
|    collision_rate       | 0.1         |
|    grasp_curriculum     | 0.25        |
|    grasp_failure_rate   | 0.548       |
|    insert_depth_mean    | 0           |
|    obstacle_range_hi    | 2           |
|    obstacle_range_lo    | 1           |
|    success_rate         | 0.86        |
| rollout/                |             |
|    ep_len_mean          | 75.2        |
|    ep_rew_mean          | 48.2        |
| time/                   |             |
|    fps                  | 434         |
|    iterations           | 50          |
|    time_elapsed         | 825         |
|    total_timesteps      | 358400      |
| train/                  |             |
|    approx_kl            | 0.035290606 |
|    clip_fraction        | 0.276       |
|    clip_range           | 0.2         |
|    entropy_loss         | -15.4       |
|    explained_variance   | 0.884       |
|    learning_rate        | 0.0003      |
|    loss                 | 8.43        |
|    n_updates            | 7220        |
|    policy_gradient_loss | -0.0546     |
|    std                  | 1.7         |
|    value_loss           | 27.1        |
-----------------------------------------
-----------------------------------------
| manipularl/             |             |
|    collision_rate       | 0.08        |
|    grasp_curriculum     | 0.248       |
|    grasp_failure_rate   | 0.631       |
|    insert_depth_mean    | 0           |
|    obstacle_range_hi    | 2           |
|    obstacle_range_lo    | 1           |
|    success_rate         | 0.91        |
| rollout/                |             |
|    ep_len_mean          | 68          |
|    ep_rew_mean          | 55.7        |
| time/                   |             |
|    fps                  | 433         |
|    iterations           | 51          |
|    time_elapsed         | 843         |
|    total_timesteps      | 365568      |
| train/                  |             |
|    approx_kl            | 0.024959445 |
|    clip_fraction        | 0.221       |
|    clip_range           | 0.2         |
|    entropy_loss         | -15.4       |
|    explained_variance   | 0.778       |
|    learning_rate        | 0.0003      |
|    loss                 | 15.3        |
|    n_updates            | 7230        |
|    policy_gradient_loss | -0.0385     |
|    std                  | 1.7         |
|    value_loss           | 46.2        |
-----------------------------------------
-----------------------------------------
| manipularl/             |             |
|    collision_rate       | 0.07        |
|    grasp_curriculum     | 0.246       |
|    grasp_failure_rate   | 0.626       |
|    insert_depth_mean    | 0           |
|    obstacle_range_hi    | 2           |
|    obstacle_range_lo    | 1           |
|    success_rate         | 0.86        |
| rollout/                |             |
|    ep_len_mean          | 76          |
|    ep_rew_mean          | 50.4        |
| time/                   |             |
|    fps                  | 432         |
|    iterations           | 52          |
|    time_elapsed         | 861         |
|    total_timesteps      | 372736      |
| train/                  |             |
|    approx_kl            | 0.031179722 |
|    clip_fraction        | 0.254       |
|    clip_range           | 0.2         |
|    entropy_loss         | -15.4       |
|    explained_variance   | 0.835       |
|    learning_rate        | 0.0003      |
|    loss                 | 11.7        |
|    n_updates            | 7240        |
|    policy_gradient_loss | -0.0514     |
|    std                  | 1.7         |
|    value_loss           | 34.1        |
-----------------------------------------
-----------------------------------------
| manipularl/             |             |
|    collision_rate       | 0.13        |
|    grasp_curriculum     | 0.244       |
|    grasp_failure_rate   | 0.596       |
|    insert_depth_mean    | 0           |
|    obstacle_range_hi    | 2           |
|    obstacle_range_lo    | 1           |
|    success_rate         | 0.82        |
| rollout/                |             |
|    ep_len_mean          | 71.5        |
|    ep_rew_mean          | 47          |
| time/                   |             |
|    fps                  | 432         |
|    iterations           | 53          |
|    time_elapsed         | 878         |
|    total_timesteps      | 379904      |
| train/                  |             |
|    approx_kl            | 0.029043246 |
|    clip_fraction        | 0.238       |
|    clip_range           | 0.2         |
|    entropy_loss         | -15.4       |
|    explained_variance   | 0.848       |
|    learning_rate        | 0.0003      |
|    loss                 | 13.2        |
|    n_updates            | 7250        |
|    policy_gradient_loss | -0.0443     |
|    std                  | 1.7         |
|    value_loss           | 38          |
-----------------------------------------
-----------------------------------------
| manipularl/             |             |
|    collision_rate       | 0.12        |
|    grasp_curriculum     | 0.242       |
|    grasp_failure_rate   | 0.64        |
|    insert_depth_mean    | 0           |
|    obstacle_range_hi    | 2           |
|    obstacle_range_lo    | 1           |
|    success_rate         | 0.86        |
| rollout/                |             |
|    ep_len_mean          | 65.3        |
|    ep_rew_mean          | 49.2        |
| time/                   |             |
|    fps                  | 431         |
|    iterations           | 54          |
|    time_elapsed         | 896         |
|    total_timesteps      | 387072      |
| train/                  |             |
|    approx_kl            | 0.029831327 |
|    clip_fraction        | 0.226       |
|    clip_range           | 0.2         |
|    entropy_loss         | -15.4       |
|    explained_variance   | 0.824       |
|    learning_rate        | 0.0003      |
|    loss                 | 11.5        |
|    n_updates            | 7260        |
|    policy_gradient_loss | -0.0502     |
|    std                  | 1.7         |
|    value_loss           | 38.5        |
-----------------------------------------
-----------------------------------------
| manipularl/             |             |
|    collision_rate       | 0.08        |
|    grasp_curriculum     | 0.24        |
|    grasp_failure_rate   | 0.652       |
|    insert_depth_mean    | 0           |
|    obstacle_range_hi    | 2           |
|    obstacle_range_lo    | 1           |
|    success_rate         | 0.9         |
| rollout/                |             |
|    ep_len_mean          | 69          |
|    ep_rew_mean          | 53          |
| time/                   |             |
|    fps                  | 432         |
|    iterations           | 55          |
|    time_elapsed         | 912         |
|    total_timesteps      | 394240      |
| train/                  |             |
|    approx_kl            | 0.031814575 |
|    clip_fraction        | 0.259       |
|    clip_range           | 0.2         |
|    entropy_loss         | -15.4       |
|    explained_variance   | 0.855       |
|    learning_rate        | 0.0003      |
|    loss                 | 13          |
|    n_updates            | 7270        |
|    policy_gradient_loss | -0.0526     |
|    std                  | 1.71        |
|    value_loss           | 40.1        |
-----------------------------------------
-----------------------------------------
| manipularl/             |             |
|    collision_rate       | 0.12        |
|    grasp_curriculum     | 0.238       |
|    grasp_failure_rate   | 0.66        |
|    insert_depth_mean    | 0           |
|    obstacle_range_hi    | 2           |
|    obstacle_range_lo    | 1           |
|    success_rate         | 0.82        |
| rollout/                |             |
|    ep_len_mean          | 92.2        |
|    ep_rew_mean          | 43.7        |
| time/                   |             |
|    fps                  | 432         |
|    iterations           | 56          |
|    time_elapsed         | 928         |
|    total_timesteps      | 401408      |
| train/                  |             |
|    approx_kl            | 0.033165235 |
|    clip_fraction        | 0.265       |
|    clip_range           | 0.2         |
|    entropy_loss         | -15.4       |
|    explained_variance   | 0.893       |
|    learning_rate        | 0.0003      |
|    loss                 | 8.65        |
|    n_updates            | 7280        |
|    policy_gradient_loss | -0.051      |
|    std                  | 1.71        |
|    value_loss           | 32.4        |
-----------------------------------------
-----------------------------------------
| manipularl/             |             |
|    collision_rate       | 0.09        |
|    grasp_curriculum     | 0.236       |
|    grasp_failure_rate   | 0.613       |
|    insert_depth_mean    | 0           |
|    obstacle_range_hi    | 2           |
|    obstacle_range_lo    | 1           |
|    success_rate         | 0.84        |
| rollout/                |             |
|    ep_len_mean          | 78.7        |
|    ep_rew_mean          | 47.6        |
| time/                   |             |
|    fps                  | 431         |
|    iterations           | 57          |
|    time_elapsed         | 947         |
|    total_timesteps      | 408576      |
| train/                  |             |
|    approx_kl            | 0.030795595 |
|    clip_fraction        | 0.26        |
|    clip_range           | 0.2         |
|    entropy_loss         | -15.4       |
|    explained_variance   | 0.915       |
|    learning_rate        | 0.0003      |
|    loss                 | 9.71        |
|    n_updates            | 7290        |
|    policy_gradient_loss | -0.0513     |
|    std                  | 1.71        |
|    value_loss           | 31.3        |
-----------------------------------------
-----------------------------------------
| manipularl/             |             |
|    collision_rate       | 0.15        |
|    grasp_curriculum     | 0.234       |
|    grasp_failure_rate   | 0.618       |
|    insert_depth_mean    | 0           |
|    obstacle_range_hi    | 2           |
|    obstacle_range_lo    | 1           |
|    success_rate         | 0.77        |
| rollout/                |             |
|    ep_len_mean          | 87          |
|    ep_rew_mean          | 43.7        |
| time/                   |             |
|    fps                  | 430         |
|    iterations           | 58          |
|    time_elapsed         | 966         |
|    total_timesteps      | 415744      |
| train/                  |             |
|    approx_kl            | 0.028212443 |
|    clip_fraction        | 0.23        |
|    clip_range           | 0.2         |
|    entropy_loss         | -15.4       |
|    explained_variance   | 0.886       |
|    learning_rate        | 0.0003      |
|    loss                 | 13.9        |
|    n_updates            | 7300        |
|    policy_gradient_loss | -0.0469     |
|    std                  | 1.7         |
|    value_loss           | 38.3        |
-----------------------------------------
-----------------------------------------
| manipularl/             |             |
|    collision_rate       | 0.1         |
|    grasp_curriculum     | 0.232       |
|    grasp_failure_rate   | 0.619       |
|    insert_depth_mean    | 0           |
|    obstacle_range_hi    | 2           |
|    obstacle_range_lo    | 1           |
|    success_rate         | 0.84        |
| rollout/                |             |
|    ep_len_mean          | 75.6        |
|    ep_rew_mean          | 49.8        |
| time/                   |             |
|    fps                  | 429         |
|    iterations           | 59          |
|    time_elapsed         | 985         |
|    total_timesteps      | 422912      |
| train/                  |             |
|    approx_kl            | 0.031645812 |
|    clip_fraction        | 0.244       |
|    clip_range           | 0.2         |
|    entropy_loss         | -15.4       |
|    explained_variance   | 0.911       |
|    learning_rate        | 0.0003      |
|    loss                 | 8.84        |
|    n_updates            | 7310        |
|    policy_gradient_loss | -0.0519     |
|    std                  | 1.7         |
|    value_loss           | 30.1        |
-----------------------------------------
-----------------------------------------
| manipularl/             |             |
|    collision_rate       | 0.11        |
|    grasp_curriculum     | 0.23        |
|    grasp_failure_rate   | 0.583       |
|    insert_depth_mean    | 0           |
|    obstacle_range_hi    | 2           |
|    obstacle_range_lo    | 1           |
|    success_rate         | 0.82        |
| rollout/                |             |
|    ep_len_mean          | 86.1        |
|    ep_rew_mean          | 47.1        |
| time/                   |             |
|    fps                  | 428         |
|    iterations           | 60          |
|    time_elapsed         | 1003        |
|    total_timesteps      | 430080      |
| train/                  |             |
|    approx_kl            | 0.029296149 |
|    clip_fraction        | 0.252       |
|    clip_range           | 0.2         |
|    entropy_loss         | -15.4       |
|    explained_variance   | 0.875       |
|    learning_rate        | 0.0003      |
|    loss                 | 14.6        |
|    n_updates            | 7320        |
|    policy_gradient_loss | -0.0519     |
|    std                  | 1.71        |
|    value_loss           | 42.4        |
-----------------------------------------
-----------------------------------------
| manipularl/             |             |
|    collision_rate       | 0.11        |
|    grasp_curriculum     | 0.228       |
|    grasp_failure_rate   | 0.595       |
|    insert_depth_mean    | 0           |
|    obstacle_range_hi    | 2           |
|    obstacle_range_lo    | 1           |
|    success_rate         | 0.85        |
| rollout/                |             |
|    ep_len_mean          | 64.3        |
|    ep_rew_mean          | 50.3        |
| time/                   |             |
|    fps                  | 428         |
|    iterations           | 61          |
|    time_elapsed         | 1021        |
|    total_timesteps      | 437248      |
| train/                  |             |
|    approx_kl            | 0.029715218 |
|    clip_fraction        | 0.245       |
|    clip_range           | 0.2         |
|    entropy_loss         | -15.4       |
|    explained_variance   | 0.888       |
|    learning_rate        | 0.0003      |
|    loss                 | 10.5        |
|    n_updates            | 7330        |
|    policy_gradient_loss | -0.052      |
|    std                  | 1.71        |
|    value_loss           | 35.5        |
-----------------------------------------
-----------------------------------------
| manipularl/             |             |
|    collision_rate       | 0.06        |
|    grasp_curriculum     | 0.226       |
|    grasp_failure_rate   | 0.657       |
|    insert_depth_mean    | 0           |
|    obstacle_range_hi    | 2           |
|    obstacle_range_lo    | 1           |
|    success_rate         | 0.89        |
| rollout/                |             |
|    ep_len_mean          | 68.6        |
|    ep_rew_mean          | 54.8        |
| time/                   |             |
|    fps                  | 427         |
|    iterations           | 62          |
|    time_elapsed         | 1039        |
|    total_timesteps      | 444416      |
| train/                  |             |
|    approx_kl            | 0.032043766 |
|    clip_fraction        | 0.251       |
|    clip_range           | 0.2         |
|    entropy_loss         | -15.4       |
|    explained_variance   | 0.848       |
|    learning_rate        | 0.0003      |
|    loss                 | 14.8        |
|    n_updates            | 7340        |
|    policy_gradient_loss | -0.0554     |
|    std                  | 1.71        |
|    value_loss           | 41.6        |
-----------------------------------------
-----------------------------------------
| manipularl/             |             |
|    collision_rate       | 0.13        |
|    grasp_curriculum     | 0.224       |
|    grasp_failure_rate   | 0.671       |
|    insert_depth_mean    | 0           |
|    obstacle_range_hi    | 2           |
|    obstacle_range_lo    | 1           |
|    success_rate         | 0.83        |
| rollout/                |             |
|    ep_len_mean          | 69.8        |
|    ep_rew_mean          | 48.9        |
| time/                   |             |
|    fps                  | 427         |
|    iterations           | 63          |
|    time_elapsed         | 1056        |
|    total_timesteps      | 451584      |
| train/                  |             |
|    approx_kl            | 0.036470905 |
|    clip_fraction        | 0.281       |
|    clip_range           | 0.2         |
|    entropy_loss         | -15.4       |
|    explained_variance   | 0.875       |
|    learning_rate        | 0.0003      |
|    loss                 | 9.79        |
|    n_updates            | 7350        |
|    policy_gradient_loss | -0.0595     |
|    std                  | 1.71        |
|    value_loss           | 30.5        |
-----------------------------------------
----------------------------------------
| manipularl/             |            |
|    collision_rate       | 0.11       |
|    grasp_curriculum     | 0.222      |
|    grasp_failure_rate   | 0.628      |
|    insert_depth_mean    | 0          |
|    obstacle_range_hi    | 2          |
|    obstacle_range_lo    | 1          |
|    success_rate         | 0.84       |
| rollout/                |            |
|    ep_len_mean          | 70.6       |
|    ep_rew_mean          | 52.4       |
| time/                   |            |
|    fps                  | 426        |
|    iterations           | 64         |
|    time_elapsed         | 1075       |
|    total_timesteps      | 458752     |
| train/                  |            |
|    approx_kl            | 0.02811055 |
|    clip_fraction        | 0.238      |
|    clip_range           | 0.2        |
|    entropy_loss         | -15.4      |
|    explained_variance   | 0.87       |
|    learning_rate        | 0.0003     |
|    loss                 | 11.2       |
|    n_updates            | 7360       |
|    policy_gradient_loss | -0.0519    |
|    std                  | 1.71       |
|    value_loss           | 41.1       |
----------------------------------------
-----------------------------------------
| manipularl/             |             |
|    collision_rate       | 0.06        |
|    grasp_curriculum     | 0.22        |
|    grasp_failure_rate   | 0.594       |
|    insert_depth_mean    | 0           |
|    obstacle_range_hi    | 2           |
|    obstacle_range_lo    | 1           |
|    success_rate         | 0.9         |
| rollout/                |             |
|    ep_len_mean          | 66.4        |
|    ep_rew_mean          | 51.2        |
| time/                   |             |
|    fps                  | 426         |
|    iterations           | 65          |
|    time_elapsed         | 1092        |
|    total_timesteps      | 465920      |
| train/                  |             |
|    approx_kl            | 0.029729338 |
|    clip_fraction        | 0.244       |
|    clip_range           | 0.2         |
|    entropy_loss         | -15.4       |
|    explained_variance   | 0.849       |
|    learning_rate        | 0.0003      |
|    loss                 | 11.4        |
|    n_updates            | 7370        |
|    policy_gradient_loss | -0.0518     |
|    std                  | 1.71        |
|    value_loss           | 37          |
-----------------------------------------
-----------------------------------------
| manipularl/             |             |
|    collision_rate       | 0.14        |
|    grasp_curriculum     | 0.218       |
|    grasp_failure_rate   | 0.592       |
|    insert_depth_mean    | 0           |
|    obstacle_range_hi    | 3           |
|    obstacle_range_lo    | 1           |
|    success_rate         | 0.83        |
| rollout/                |             |
|    ep_len_mean          | 75.6        |
|    ep_rew_mean          | 45.4        |
| time/                   |             |
|    fps                  | 427         |
|    iterations           | 66          |
|    time_elapsed         | 1106        |
|    total_timesteps      | 473088      |
| train/                  |             |
|    approx_kl            | 0.029776696 |
|    clip_fraction        | 0.238       |
|    clip_range           | 0.2         |
|    entropy_loss         | -15.4       |
|    explained_variance   | 0.842       |
|    learning_rate        | 0.0003      |
|    loss                 | 11.8        |
|    n_updates            | 7380        |
|    policy_gradient_loss | -0.0488     |
|    std                  | 1.71        |
|    value_loss           | 40.8        |
-----------------------------------------
-----------------------------------------
| manipularl/             |             |
|    collision_rate       | 0.19        |
|    grasp_curriculum     | 0.216       |
|    grasp_failure_rate   | 0.688       |
|    insert_depth_mean    | 0           |
|    obstacle_range_hi    | 3           |
|    obstacle_range_lo    | 1           |
|    success_rate         | 0.77        |
| rollout/                |             |
|    ep_len_mean          | 95.3        |
|    ep_rew_mean          | 45.5        |
| time/                   |             |
|    fps                  | 426         |
|    iterations           | 67          |
|    time_elapsed         | 1124        |
|    total_timesteps      | 480256      |
| train/                  |             |
|    approx_kl            | 0.025674775 |
|    clip_fraction        | 0.216       |
|    clip_range           | 0.2         |
|    entropy_loss         | -15.4       |
|    explained_variance   | 0.86        |
|    learning_rate        | 0.0003      |
|    loss                 | 10.3        |
|    n_updates            | 7390        |
|    policy_gradient_loss | -0.049      |
|    std                  | 1.71        |
|    value_loss           | 40.2        |
-----------------------------------------
----------------------------------------
| manipularl/             |            |
|    collision_rate       | 0.2        |
|    grasp_curriculum     | 0.214      |
|    grasp_failure_rate   | 0.699      |
|    insert_depth_mean    | 0          |
|    obstacle_range_hi    | 3          |
|    obstacle_range_lo    | 1          |
|    success_rate         | 0.74       |
| rollout/                |            |
|    ep_len_mean          | 86.9       |
|    ep_rew_mean          | 43.9       |
| time/                   |            |
|    fps                  | 426        |
|    iterations           | 68         |
|    time_elapsed         | 1143       |
|    total_timesteps      | 487424     |
| train/                  |            |
|    approx_kl            | 0.03334439 |
|    clip_fraction        | 0.26       |
|    clip_range           | 0.2        |
|    entropy_loss         | -15.4      |
|    explained_variance   | 0.821      |
|    learning_rate        | 0.0003     |
|    loss                 | 11.6       |
|    n_updates            | 7400       |
|    policy_gradient_loss | -0.0537    |
|    std                  | 1.71       |
|    value_loss           | 41.4       |
----------------------------------------
-----------------------------------------
| manipularl/             |             |
|    collision_rate       | 0.08        |
|    grasp_curriculum     | 0.212       |
|    grasp_failure_rate   | 0.581       |
|    insert_depth_mean    | 0           |
|    obstacle_range_hi    | 3           |
|    obstacle_range_lo    | 1           |
|    success_rate         | 0.8         |
| rollout/                |             |
|    ep_len_mean          | 89.7        |
|    ep_rew_mean          | 47.1        |
| time/                   |             |
|    fps                  | 426         |
|    iterations           | 69          |
|    time_elapsed         | 1160        |
|    total_timesteps      | 494592      |
| train/                  |             |
|    approx_kl            | 0.026898561 |
|    clip_fraction        | 0.238       |
|    clip_range           | 0.2         |
|    entropy_loss         | -15.4       |
|    explained_variance   | 0.79        |
|    learning_rate        | 0.0003      |
|    loss                 | 15.2        |
|    n_updates            | 7410        |
|    policy_gradient_loss | -0.0518     |
|    std                  | 1.71        |
|    value_loss           | 48          |
-----------------------------------------
Eval num_timesteps=499996, episode_reward=17.94 +/- 65.81
Episode length: 135.90 +/- 122.68
-----------------------------------------
| eval/                   |             |
|    mean_ep_length       | 136         |
|    mean_reward          | 17.9        |
| manipularl/             |             |
|    collision_rate       | 0.11        |
|    grasp_curriculum     | 0.21        |
|    grasp_failure_rate   | 0.517       |
|    insert_depth_mean    | 0           |
|    obstacle_range_hi    | 3           |
|    obstacle_range_lo    | 1           |
|    success_rate         | 0.83        |
| time/                   |             |
|    total_timesteps      | 499996      |
| train/                  |             |
|    approx_kl            | 0.033819184 |
|    clip_fraction        | 0.258       |
|    clip_range           | 0.2         |
|    entropy_loss         | -15.4       |
|    explained_variance   | 0.868       |
|    learning_rate        | 0.0003      |
|    loss                 | 8.38        |
|    n_updates            | 7420        |
|    policy_gradient_loss | -0.0531     |
|    std                  | 1.71        |
|    value_loss           | 29.8        |
-----------------------------------------
New best mean reward!
------------------------------------
| manipularl/           |          |
|    collision_rate     | 0.14     |
|    grasp_curriculum   | 0.21     |
|    grasp_failure_rate | 0.558    |
|    insert_depth_mean  | 0        |
|    obstacle_range_hi  | 3        |
|    obstacle_range_lo  | 1        |
|    success_rate       | 0.81     |
| rollout/              |          |
|    ep_len_mean        | 86       |
|    ep_rew_mean        | 45.1     |
| time/                 |          |
|    fps                | 421      |
|    iterations         | 70       |
|    time_elapsed       | 1191     |
|    total_timesteps    | 501760   |
------------------------------------
-----------------------------------------
| manipularl/             |             |
|    collision_rate       | 0.15        |
|    grasp_curriculum     | 0.208       |
|    grasp_failure_rate   | 0.652       |
|    insert_depth_mean    | 0           |
|    obstacle_range_hi    | 3           |
|    obstacle_range_lo    | 1           |
|    success_rate         | 0.81        |
| rollout/                |             |
|    ep_len_mean          | 77          |
|    ep_rew_mean          | 48.2        |
| time/                   |             |
|    fps                  | 420         |
|    iterations           | 71          |
|    time_elapsed         | 1209        |
|    total_timesteps      | 508928      |
| train/                  |             |
|    approx_kl            | 0.029390229 |
|    clip_fraction        | 0.239       |
|    clip_range           | 0.2         |
|    entropy_loss         | -15.4       |
|    explained_variance   | 0.854       |
|    learning_rate        | 0.0003      |
|    loss                 | 11.5        |
|    n_updates            | 7430        |
|    policy_gradient_loss | -0.0525     |
|    std                  | 1.71        |
|    value_loss           | 38.9        |
-----------------------------------------
---------------------------------------
| manipularl/             |           |
|    collision_rate       | 0.13      |
|    grasp_curriculum     | 0.205     |
|    grasp_failure_rate   | 0.642     |
|    insert_depth_mean    | 0         |
|    obstacle_range_hi    | 3         |
|    obstacle_range_lo    | 1         |
|    success_rate         | 0.79      |
| rollout/                |           |
|    ep_len_mean          | 91.7      |
|    ep_rew_mean          | 47.1      |
| time/                   |           |
|    fps                  | 421       |
|    iterations           | 72        |
|    time_elapsed         | 1225      |
|    total_timesteps      | 516096    |
| train/                  |           |
|    approx_kl            | 0.0314937 |
|    clip_fraction        | 0.245     |
|    clip_range           | 0.2       |
|    entropy_loss         | -15.4     |
|    explained_variance   | 0.857     |
|    learning_rate        | 0.0003    |
|    loss                 | 10.9      |
|    n_updates            | 7440      |
|    policy_gradient_loss | -0.0548   |
|    std                  | 1.71      |
|    value_loss           | 37.7      |
---------------------------------------
-----------------------------------------
| manipularl/             |             |
|    collision_rate       | 0.11        |
|    grasp_curriculum     | 0.203       |
|    grasp_failure_rate   | 0.654       |
|    insert_depth_mean    | 0           |
|    obstacle_range_hi    | 3           |
|    obstacle_range_lo    | 1           |
|    success_rate         | 0.78        |
| rollout/                |             |
|    ep_len_mean          | 102         |
|    ep_rew_mean          | 46.3        |
| time/                   |             |
|    fps                  | 420         |
|    iterations           | 73          |
|    time_elapsed         | 1242        |
|    total_timesteps      | 523264      |
| train/                  |             |
|    approx_kl            | 0.032579772 |
|    clip_fraction        | 0.266       |
|    clip_range           | 0.2         |
|    entropy_loss         | -15.4       |
|    explained_variance   | 0.869       |
|    learning_rate        | 0.0003      |
|    loss                 | 9.34        |
|    n_updates            | 7450        |
|    policy_gradient_loss | -0.0489     |
|    std                  | 1.71        |
|    value_loss           | 31.7        |
-----------------------------------------
-----------------------------------------
| manipularl/             |             |
|    collision_rate       | 0.2         |
|    grasp_curriculum     | 0.201       |
|    grasp_failure_rate   | 0.656       |
|    insert_depth_mean    | 0           |
|    obstacle_range_hi    | 3           |
|    obstacle_range_lo    | 1           |
|    success_rate         | 0.75        |
| rollout/                |             |
|    ep_len_mean          | 103         |
|    ep_rew_mean          | 40.2        |
| time/                   |             |
|    fps                  | 420         |
|    iterations           | 74          |
|    time_elapsed         | 1260        |
|    total_timesteps      | 530432      |
| train/                  |             |
|    approx_kl            | 0.030962758 |
|    clip_fraction        | 0.233       |
|    clip_range           | 0.2         |
|    entropy_loss         | -15.4       |
|    explained_variance   | 0.883       |
|    learning_rate        | 0.0003      |
|    loss                 | 7.26        |
|    n_updates            | 7460        |
|    policy_gradient_loss | -0.0491     |
|    std                  | 1.71        |
|    value_loss           | 30.5        |
-----------------------------------------
-----------------------------------------
| manipularl/             |             |
|    collision_rate       | 0.13        |
|    grasp_curriculum     | 0.199       |
|    grasp_failure_rate   | 0.611       |
|    insert_depth_mean    | 0           |
|    obstacle_range_hi    | 3           |
|    obstacle_range_lo    | 1           |
|    success_rate         | 0.83        |
| rollout/                |             |
|    ep_len_mean          | 71.6        |
|    ep_rew_mean          | 49.9        |
| time/                   |             |
|    fps                  | 420         |
|    iterations           | 75          |
|    time_elapsed         | 1277        |
|    total_timesteps      | 537600      |
| train/                  |             |
|    approx_kl            | 0.027762378 |
|    clip_fraction        | 0.232       |
|    clip_range           | 0.2         |
|    entropy_loss         | -15.4       |
|    explained_variance   | 0.861       |
|    learning_rate        | 0.0003      |
|    loss                 | 8.5         |
|    n_updates            | 7470        |
|    policy_gradient_loss | -0.0499     |
|    std                  | 1.72        |
|    value_loss           | 36.5        |
-----------------------------------------
-----------------------------------------
| manipularl/             |             |
|    collision_rate       | 0.2         |
|    grasp_curriculum     | 0.197       |
|    grasp_failure_rate   | 0.647       |
|    insert_depth_mean    | 0           |
|    obstacle_range_hi    | 3           |
|    obstacle_range_lo    | 1           |
|    success_rate         | 0.77        |
| rollout/                |             |
|    ep_len_mean          | 90.4        |
|    ep_rew_mean          | 44.5        |
| time/                   |             |
|    fps                  | 421         |
|    iterations           | 76          |
|    time_elapsed         | 1293        |
|    total_timesteps      | 544768      |
| train/                  |             |
|    approx_kl            | 0.032383557 |
|    clip_fraction        | 0.253       |
|    clip_range           | 0.2         |
|    entropy_loss         | -15.4       |
|    explained_variance   | 0.848       |
|    learning_rate        | 0.0003      |
|    loss                 | 11          |
|    n_updates            | 7480        |
|    policy_gradient_loss | -0.0503     |
|    std                  | 1.72        |
|    value_loss           | 37.8        |
-----------------------------------------
-----------------------------------------
| manipularl/             |             |
|    collision_rate       | 0.18        |
|    grasp_curriculum     | 0.195       |
|    grasp_failure_rate   | 0.658       |
|    insert_depth_mean    | 0           |
|    obstacle_range_hi    | 3           |
|    obstacle_range_lo    | 1           |
|    success_rate         | 0.8         |
| rollout/                |             |
|    ep_len_mean          | 86.8        |
|    ep_rew_mean          | 45.7        |
| time/                   |             |
|    fps                  | 420         |
|    iterations           | 77          |
|    time_elapsed         | 1311        |
|    total_timesteps      | 551936      |
| train/                  |             |
|    approx_kl            | 0.032472022 |
|    clip_fraction        | 0.238       |
|    clip_range           | 0.2         |
|    entropy_loss         | -15.4       |
|    explained_variance   | 0.871       |
|    learning_rate        | 0.0003      |
|    loss                 | 10.6        |
|    n_updates            | 7490        |
|    policy_gradient_loss | -0.05       |
|    std                  | 1.72        |
|    value_loss           | 35.2        |
-----------------------------------------
-----------------------------------------
| manipularl/             |             |
|    collision_rate       | 0.15        |
|    grasp_curriculum     | 0.193       |
|    grasp_failure_rate   | 0.672       |
|    insert_depth_mean    | 0           |
|    obstacle_range_hi    | 3           |
|    obstacle_range_lo    | 1           |
|    success_rate         | 0.76        |
| rollout/                |             |
|    ep_len_mean          | 91.8        |
|    ep_rew_mean          | 45.8        |
| time/                   |             |
|    fps                  | 419         |
|    iterations           | 78          |
|    time_elapsed         | 1332        |
|    total_timesteps      | 559104      |
| train/                  |             |
|    approx_kl            | 0.031567074 |
|    clip_fraction        | 0.256       |
|    clip_range           | 0.2         |
|    entropy_loss         | -15.4       |
|    explained_variance   | 0.863       |
|    learning_rate        | 0.0003      |
|    loss                 | 10.5        |
|    n_updates            | 7500        |
|    policy_gradient_loss | -0.0545     |
|    std                  | 1.72        |
|    value_loss           | 40.9        |
-----------------------------------------
-----------------------------------------
| manipularl/             |             |
|    collision_rate       | 0.13        |
|    grasp_curriculum     | 0.191       |
|    grasp_failure_rate   | 0.603       |
|    insert_depth_mean    | 0           |
|    obstacle_range_hi    | 3           |
|    obstacle_range_lo    | 1           |
|    success_rate         | 0.83        |
| rollout/                |             |
|    ep_len_mean          | 71.2        |
|    ep_rew_mean          | 49.4        |
| time/                   |             |
|    fps                  | 420         |
|    iterations           | 79          |
|    time_elapsed         | 1347        |
|    total_timesteps      | 566272      |
| train/                  |             |
|    approx_kl            | 0.029068954 |
|    clip_fraction        | 0.238       |
|    clip_range           | 0.2         |
|    entropy_loss         | -15.4       |
|    explained_variance   | 0.845       |
|    learning_rate        | 0.0003      |
|    loss                 | 9.66        |
|    n_updates            | 7510        |
|    policy_gradient_loss | -0.0525     |
|    std                  | 1.72        |
|    value_loss           | 35.5        |
-----------------------------------------
-----------------------------------------
| manipularl/             |             |
|    collision_rate       | 0.13        |
|    grasp_curriculum     | 0.189       |
|    grasp_failure_rate   | 0.671       |
|    insert_depth_mean    | 0           |
|    obstacle_range_hi    | 3           |
|    obstacle_range_lo    | 1           |
|    success_rate         | 0.82        |
| rollout/                |             |
|    ep_len_mean          | 81.9        |
|    ep_rew_mean          | 47.4        |
| time/                   |             |
|    fps                  | 420         |
|    iterations           | 80          |
|    time_elapsed         | 1362        |
|    total_timesteps      | 573440      |
| train/                  |             |
|    approx_kl            | 0.031684816 |
|    clip_fraction        | 0.25        |
|    clip_range           | 0.2         |
|    entropy_loss         | -15.4       |
|    explained_variance   | 0.872       |
|    learning_rate        | 0.0003      |
|    loss                 | 8.25        |
|    n_updates            | 7520        |
|    policy_gradient_loss | -0.0523     |
|    std                  | 1.72        |
|    value_loss           | 31.8        |
-----------------------------------------
-----------------------------------------
| manipularl/             |             |
|    collision_rate       | 0.14        |
|    grasp_curriculum     | 0.187       |
|    grasp_failure_rate   | 0.722       |
|    insert_depth_mean    | 0           |
|    obstacle_range_hi    | 3           |
|    obstacle_range_lo    | 1           |
|    success_rate         | 0.82        |
| rollout/                |             |
|    ep_len_mean          | 81.8        |
|    ep_rew_mean          | 45.6        |
| time/                   |             |
|    fps                  | 421         |
|    iterations           | 81          |
|    time_elapsed         | 1377        |
|    total_timesteps      | 580608      |
| train/                  |             |
|    approx_kl            | 0.029352538 |
|    clip_fraction        | 0.221       |
|    clip_range           | 0.2         |
|    entropy_loss         | -15.4       |
|    explained_variance   | 0.856       |
|    learning_rate        | 0.0003      |
|    loss                 | 11.6        |
|    n_updates            | 7530        |
|    policy_gradient_loss | -0.0469     |
|    std                  | 1.72        |
|    value_loss           | 42.2        |
-----------------------------------------
-----------------------------------------
| manipularl/             |             |
|    collision_rate       | 0.15        |
|    grasp_curriculum     | 0.185       |
|    grasp_failure_rate   | 0.616       |
|    insert_depth_mean    | 0           |
|    obstacle_range_hi    | 3           |
|    obstacle_range_lo    | 1           |
|    success_rate         | 0.84        |
| rollout/                |             |
|    ep_len_mean          | 68.4        |
|    ep_rew_mean          | 49          |
| time/                   |             |
|    fps                  | 422         |
|    iterations           | 82          |
|    time_elapsed         | 1392        |
|    total_timesteps      | 587776      |
| train/                  |             |
|    approx_kl            | 0.035134133 |
|    clip_fraction        | 0.251       |
|    clip_range           | 0.2         |
|    entropy_loss         | -15.4       |
|    explained_variance   | 0.891       |
|    learning_rate        | 0.0003      |
|    loss                 | 10.1        |
|    n_updates            | 7540        |
|    policy_gradient_loss | -0.0526     |
|    std                  | 1.72        |
|    value_loss           | 30.2        |
-----------------------------------------
----------------------------------------
| manipularl/             |            |
|    collision_rate       | 0.13       |
|    grasp_curriculum     | 0.183      |
|    grasp_failure_rate   | 0.716      |
|    insert_depth_mean    | 0          |
|    obstacle_range_hi    | 3          |
|    obstacle_range_lo    | 1          |
|    success_rate         | 0.81       |
| rollout/                |            |
|    ep_len_mean          | 88.4       |
|    ep_rew_mean          | 47.7       |
| time/                   |            |
|    fps                  | 423        |
|    iterations           | 83         |
|    time_elapsed         | 1406       |
|    total_timesteps      | 594944     |
| train/                  |            |
|    approx_kl            | 0.03253051 |
|    clip_fraction        | 0.266      |
|    clip_range           | 0.2        |
|    entropy_loss         | -15.4      |
|    explained_variance   | 0.855      |
|    learning_rate        | 0.0003     |
|    loss                 | 12.8       |
|    n_updates            | 7550       |
|    policy_gradient_loss | -0.0529    |
|    std                  | 1.72       |
|    value_loss           | 40.5       |
----------------------------------------
-----------------------------------------
| manipularl/             |             |
|    collision_rate       | 0.15        |
|    grasp_curriculum     | 0.181       |
|    grasp_failure_rate   | 0.694       |
|    insert_depth_mean    | 0           |
|    obstacle_range_hi    | 3           |
|    obstacle_range_lo    | 1           |
|    success_rate         | 0.83        |
| rollout/                |             |
|    ep_len_mean          | 83.6        |
|    ep_rew_mean          | 48.5        |
| time/                   |             |
|    fps                  | 423         |
|    iterations           | 84          |
|    time_elapsed         | 1420        |
|    total_timesteps      | 602112      |
| train/                  |             |
|    approx_kl            | 0.032135334 |
|    clip_fraction        | 0.257       |
|    clip_range           | 0.2         |
|    entropy_loss         | -15.4       |
|    explained_variance   | 0.864       |
|    learning_rate        | 0.0003      |
|    loss                 | 9.23        |
|    n_updates            | 7560        |
|    policy_gradient_loss | -0.0536     |
|    std                  | 1.73        |
|    value_loss           | 39.6        |
-----------------------------------------
-----------------------------------------
| manipularl/             |             |
|    collision_rate       | 0.23        |
|    grasp_curriculum     | 0.179       |
|    grasp_failure_rate   | 0.665       |
|    insert_depth_mean    | 0           |
|    obstacle_range_hi    | 3           |
|    obstacle_range_lo    | 1           |
|    success_rate         | 0.71        |
| rollout/                |             |
|    ep_len_mean          | 90.4        |
|    ep_rew_mean          | 40.6        |
| time/                   |             |
|    fps                  | 423         |
|    iterations           | 85          |
|    time_elapsed         | 1438        |
|    total_timesteps      | 609280      |
| train/                  |             |
|    approx_kl            | 0.030246805 |
|    clip_fraction        | 0.238       |
|    clip_range           | 0.2         |
|    entropy_loss         | -15.4       |
|    explained_variance   | 0.842       |
|    learning_rate        | 0.0003      |
|    loss                 | 9.24        |
|    n_updates            | 7570        |
|    policy_gradient_loss | -0.0528     |
|    std                  | 1.73        |
|    value_loss           | 40          |
-----------------------------------------
-----------------------------------------
| manipularl/             |             |
|    collision_rate       | 0.18        |
|    grasp_curriculum     | 0.177       |
|    grasp_failure_rate   | 0.636       |
|    insert_depth_mean    | 0           |
|    obstacle_range_hi    | 3           |
|    obstacle_range_lo    | 1           |
|    success_rate         | 0.76        |
| rollout/                |             |
|    ep_len_mean          | 81.3        |
|    ep_rew_mean          | 44.5        |
| time/                   |             |
|    fps                  | 423         |
|    iterations           | 86          |
|    time_elapsed         | 1455        |
|    total_timesteps      | 616448      |
| train/                  |             |
|    approx_kl            | 0.033609748 |
|    clip_fraction        | 0.25        |
|    clip_range           | 0.2         |
|    entropy_loss         | -15.4       |
|    explained_variance   | 0.882       |
|    learning_rate        | 0.0003      |
|    loss                 | 7.18        |
|    n_updates            | 7580        |
|    policy_gradient_loss | -0.0554     |
|    std                  | 1.73        |
|    value_loss           | 29.3        |
-----------------------------------------
-----------------------------------------
| manipularl/             |             |
|    collision_rate       | 0.07        |
|    grasp_curriculum     | 0.175       |
|    grasp_failure_rate   | 0.655       |
|    insert_depth_mean    | 0           |
|    obstacle_range_hi    | 3           |
|    obstacle_range_lo    | 1           |
|    success_rate         | 0.89        |
| rollout/                |             |
|    ep_len_mean          | 68.9        |
|    ep_rew_mean          | 55.1        |
| time/                   |             |
|    fps                  | 423         |
|    iterations           | 87          |
|    time_elapsed         | 1472        |
|    total_timesteps      | 623616      |
| train/                  |             |
|    approx_kl            | 0.034849763 |
|    clip_fraction        | 0.276       |
|    clip_range           | 0.2         |
|    entropy_loss         | -15.4       |
|    explained_variance   | 0.856       |
|    learning_rate        | 0.0003      |
|    loss                 | 15.1        |
|    n_updates            | 7590        |
|    policy_gradient_loss | -0.0535     |
|    std                  | 1.73        |
|    value_loss           | 44.7        |
-----------------------------------------
-----------------------------------------
| manipularl/             |             |
|    collision_rate       | 0.15        |
|    grasp_curriculum     | 0.173       |
|    grasp_failure_rate   | 0.696       |
|    insert_depth_mean    | 0           |
|    obstacle_range_hi    | 3           |
|    obstacle_range_lo    | 1           |
|    success_rate         | 0.76        |
| rollout/                |             |
|    ep_len_mean          | 93.1        |
|    ep_rew_mean          | 43.8        |
| time/                   |             |
|    fps                  | 423         |
|    iterations           | 88          |
|    time_elapsed         | 1488        |
|    total_timesteps      | 630784      |
| train/                  |             |
|    approx_kl            | 0.040915634 |
|    clip_fraction        | 0.28        |
|    clip_range           | 0.2         |
|    entropy_loss         | -15.4       |
|    explained_variance   | 0.836       |
|    learning_rate        | 0.0003      |
|    loss                 | 12.9        |
|    n_updates            | 7600        |
|    policy_gradient_loss | -0.0573     |
|    std                  | 1.73        |
|    value_loss           | 37          |
-----------------------------------------
-----------------------------------------
| manipularl/             |             |
|    collision_rate       | 0.1         |
|    grasp_curriculum     | 0.171       |
|    grasp_failure_rate   | 0.702       |
|    insert_depth_mean    | 0           |
|    obstacle_range_hi    | 3           |
|    obstacle_range_lo    | 1           |
|    success_rate         | 0.85        |
| rollout/                |             |
|    ep_len_mean          | 71.6        |
|    ep_rew_mean          | 51.5        |
| time/                   |             |
|    fps                  | 423         |
|    iterations           | 89          |
|    time_elapsed         | 1506        |
|    total_timesteps      | 637952      |
| train/                  |             |
|    approx_kl            | 0.033097476 |
|    clip_fraction        | 0.253       |
|    clip_range           | 0.2         |
|    entropy_loss         | -15.4       |
|    explained_variance   | 0.868       |
|    learning_rate        | 0.0003      |
|    loss                 | 10.8        |
|    n_updates            | 7610        |
|    policy_gradient_loss | -0.0485     |
|    std                  | 1.73        |
|    value_loss           | 35.1        |
-----------------------------------------
----------------------------------------
| manipularl/             |            |
|    collision_rate       | 0.15       |
|    grasp_curriculum     | 0.169      |
|    grasp_failure_rate   | 0.664      |
|    insert_depth_mean    | 0          |
|    obstacle_range_hi    | 3          |
|    obstacle_range_lo    | 1          |
|    success_rate         | 0.77       |
| rollout/                |            |
|    ep_len_mean          | 84.5       |
|    ep_rew_mean          | 46.1       |
| time/                   |            |
|    fps                  | 423        |
|    iterations           | 90         |
|    time_elapsed         | 1523       |
|    total_timesteps      | 645120     |
| train/                  |            |
|    approx_kl            | 0.03734017 |
|    clip_fraction        | 0.279      |
|    clip_range           | 0.2        |
|    entropy_loss         | -15.4      |
|    explained_variance   | 0.87       |
|    learning_rate        | 0.0003     |
|    loss                 | 8.7        |
|    n_updates            | 7620       |
|    policy_gradient_loss | -0.0511    |
|    std                  | 1.73       |
|    value_loss           | 33.2       |
----------------------------------------
-----------------------------------------
| manipularl/             |             |
|    collision_rate       | 0.2         |
|    grasp_curriculum     | 0.167       |
|    grasp_failure_rate   | 0.678       |
|    insert_depth_mean    | 0           |
|    obstacle_range_hi    | 3           |
|    obstacle_range_lo    | 1           |
|    success_rate         | 0.74        |
| rollout/                |             |
|    ep_len_mean          | 85          |
|    ep_rew_mean          | 43.3        |
| time/                   |             |
|    fps                  | 423         |
|    iterations           | 91          |
|    time_elapsed         | 1538        |
|    total_timesteps      | 652288      |
| train/                  |             |
|    approx_kl            | 0.036538906 |
|    clip_fraction        | 0.266       |
|    clip_range           | 0.2         |
|    entropy_loss         | -15.5       |
|    explained_variance   | 0.869       |
|    learning_rate        | 0.0003      |
|    loss                 | 10.8        |
|    n_updates            | 7630        |
|    policy_gradient_loss | -0.0546     |
|    std                  | 1.73        |
|    value_loss           | 34.1        |
-----------------------------------------
-----------------------------------------
| manipularl/             |             |
|    collision_rate       | 0.1         |
|    grasp_curriculum     | 0.165       |
|    grasp_failure_rate   | 0.643       |
|    insert_depth_mean    | 0           |
|    obstacle_range_hi    | 3           |
|    obstacle_range_lo    | 1           |
|    success_rate         | 0.84        |
| rollout/                |             |
|    ep_len_mean          | 78.2        |
|    ep_rew_mean          | 51          |
| time/                   |             |
|    fps                  | 423         |
|    iterations           | 92          |
|    time_elapsed         | 1555        |
|    total_timesteps      | 659456      |
| train/                  |             |
|    approx_kl            | 0.034394838 |
|    clip_fraction        | 0.241       |
|    clip_range           | 0.2         |
|    entropy_loss         | -15.5       |
|    explained_variance   | 0.854       |
|    learning_rate        | 0.0003      |
|    loss                 | 8.53        |
|    n_updates            | 7640        |
|    policy_gradient_loss | -0.0481     |
|    std                  | 1.73        |
|    value_loss           | 31.4        |
-----------------------------------------
----------------------------------------
| manipularl/             |            |
|    collision_rate       | 0.14       |
|    grasp_curriculum     | 0.163      |
|    grasp_failure_rate   | 0.687      |
|    insert_depth_mean    | 0          |
|    obstacle_range_hi    | 3          |
|    obstacle_range_lo    | 1          |
|    success_rate         | 0.8        |
| rollout/                |            |
|    ep_len_mean          | 88.8       |
|    ep_rew_mean          | 46         |
| time/                   |            |
|    fps                  | 424        |
|    iterations           | 93         |
|    time_elapsed         | 1571       |
|    total_timesteps      | 666624     |
| train/                  |            |
|    approx_kl            | 0.03953939 |
|    clip_fraction        | 0.289      |
|    clip_range           | 0.2        |
|    entropy_loss         | -15.5      |
|    explained_variance   | 0.863      |
|    learning_rate        | 0.0003     |
|    loss                 | 12.8       |
|    n_updates            | 7650       |
|    policy_gradient_loss | -0.0535    |
|    std                  | 1.73       |
|    value_loss           | 36.2       |
----------------------------------------
-----------------------------------------
| manipularl/             |             |
|    collision_rate       | 0.19        |
|    grasp_curriculum     | 0.161       |
|    grasp_failure_rate   | 0.674       |
|    insert_depth_mean    | 0           |
|    obstacle_range_hi    | 3           |
|    obstacle_range_lo    | 1           |
|    success_rate         | 0.76        |
| rollout/                |             |
|    ep_len_mean          | 105         |
|    ep_rew_mean          | 38.5        |
| time/                   |             |
|    fps                  | 423         |
|    iterations           | 94          |
|    time_elapsed         | 1589        |
|    total_timesteps      | 673792      |
| train/                  |             |
|    approx_kl            | 0.038261387 |
|    clip_fraction        | 0.286       |
|    clip_range           | 0.2         |
|    entropy_loss         | -15.5       |
|    explained_variance   | 0.894       |
|    learning_rate        | 0.0003      |
|    loss                 | 7.51        |
|    n_updates            | 7660        |
|    policy_gradient_loss | -0.0471     |
|    std                  | 1.73        |
|    value_loss           | 30.8        |
-----------------------------------------
----------------------------------------
| manipularl/             |            |
|    collision_rate       | 0.11       |
|    grasp_curriculum     | 0.159      |
|    grasp_failure_rate   | 0.635      |
|    insert_depth_mean    | 0          |
|    obstacle_range_hi    | 3          |
|    obstacle_range_lo    | 1          |
|    success_rate         | 0.83       |
| rollout/                |            |
|    ep_len_mean          | 92.4       |
|    ep_rew_mean          | 45         |
| time/                   |            |
|    fps                  | 424        |
|    iterations           | 95         |
|    time_elapsed         | 1605       |
|    total_timesteps      | 680960     |
| train/                  |            |
|    approx_kl            | 0.04116866 |
|    clip_fraction        | 0.296      |
|    clip_range           | 0.2        |
|    entropy_loss         | -15.5      |
|    explained_variance   | 0.893      |
|    learning_rate        | 0.0003     |
|    loss                 | 7.29       |
|    n_updates            | 7670       |
|    policy_gradient_loss | -0.0542    |
|    std                  | 1.73       |
|    value_loss           | 29.6       |
----------------------------------------
-----------------------------------------
| manipularl/             |             |
|    collision_rate       | 0.16        |
|    grasp_curriculum     | 0.157       |
|    grasp_failure_rate   | 0.646       |
|    insert_depth_mean    | 0           |
|    obstacle_range_hi    | 3           |
|    obstacle_range_lo    | 1           |
|    success_rate         | 0.8         |
| rollout/                |             |
|    ep_len_mean          | 84.2        |
|    ep_rew_mean          | 41          |
| time/                   |             |
|    fps                  | 424         |
|    iterations           | 96          |
|    time_elapsed         | 1621        |
|    total_timesteps      | 688128      |
| train/                  |             |
|    approx_kl            | 0.031536024 |
|    clip_fraction        | 0.227       |
|    clip_range           | 0.2         |
|    entropy_loss         | -15.5       |
|    explained_variance   | 0.872       |
|    learning_rate        | 0.0003      |
|    loss                 | 6.8         |
|    n_updates            | 7680        |
|    policy_gradient_loss | -0.0485     |
|    std                  | 1.73        |
|    value_loss           | 34.3        |
-----------------------------------------
----------------------------------------
| manipularl/             |            |
|    collision_rate       | 0.12       |
|    grasp_curriculum     | 0.155      |
|    grasp_failure_rate   | 0.737      |
|    insert_depth_mean    | 0          |
|    obstacle_range_hi    | 3          |
|    obstacle_range_lo    | 1          |
|    success_rate         | 0.82       |
| rollout/                |            |
|    ep_len_mean          | 80         |
|    ep_rew_mean          | 51.6       |
| time/                   |            |
|    fps                  | 424        |
|    iterations           | 97         |
|    time_elapsed         | 1637       |
|    total_timesteps      | 695296     |
| train/                  |            |
|    approx_kl            | 0.03215111 |
|    clip_fraction        | 0.278      |
|    clip_range           | 0.2        |
|    entropy_loss         | -15.5      |
|    explained_variance   | 0.855      |
|    learning_rate        | 0.0003     |
|    loss                 | 12.7       |
|    n_updates            | 7690       |
|    policy_gradient_loss | -0.0541    |
|    std                  | 1.74       |
|    value_loss           | 43.1       |
----------------------------------------
----------------------------------------
| manipularl/             |            |
|    collision_rate       | 0.15       |
|    grasp_curriculum     | 0.153      |
|    grasp_failure_rate   | 0.664      |
|    insert_depth_mean    | 0          |
|    obstacle_range_hi    | 3          |
|    obstacle_range_lo    | 1          |
|    success_rate         | 0.8        |
| rollout/                |            |
|    ep_len_mean          | 83.3       |
|    ep_rew_mean          | 47.5       |
| time/                   |            |
|    fps                  | 424        |
|    iterations           | 98         |
|    time_elapsed         | 1652       |
|    total_timesteps      | 702464     |
| train/                  |            |
|    approx_kl            | 0.03519788 |
|    clip_fraction        | 0.28       |
|    clip_range           | 0.2        |
|    entropy_loss         | -15.5      |
|    explained_variance   | 0.842      |
|    learning_rate        | 0.0003     |
|    loss                 | 11.1       |
|    n_updates            | 7700       |
|    policy_gradient_loss | -0.0575    |
|    std                  | 1.74       |
|    value_loss           | 37.2       |
----------------------------------------
-----------------------------------------
| manipularl/             |             |
|    collision_rate       | 0.17        |
|    grasp_curriculum     | 0.151       |
|    grasp_failure_rate   | 0.686       |
|    insert_depth_mean    | 0           |
|    obstacle_range_hi    | 3           |
|    obstacle_range_lo    | 1           |
|    success_rate         | 0.71        |
| rollout/                |             |
|    ep_len_mean          | 112         |
|    ep_rew_mean          | 38.2        |
| time/                   |             |
|    fps                  | 425         |
|    iterations           | 99          |
|    time_elapsed         | 1669        |
|    total_timesteps      | 709632      |
| train/                  |             |
|    approx_kl            | 0.030210953 |
|    clip_fraction        | 0.251       |
|    clip_range           | 0.2         |
|    entropy_loss         | -15.5       |
|    explained_variance   | 0.866       |
|    learning_rate        | 0.0003      |
|    loss                 | 12.4        |
|    n_updates            | 7710        |
|    policy_gradient_loss | -0.0551     |
|    std                  | 1.74        |
|    value_loss           | 40.2        |
-----------------------------------------
-----------------------------------------
| manipularl/             |             |
|    collision_rate       | 0.14        |
|    grasp_curriculum     | 0.149       |
|    grasp_failure_rate   | 0.687       |
|    insert_depth_mean    | 0           |
|    obstacle_range_hi    | 3           |
|    obstacle_range_lo    | 1           |
|    success_rate         | 0.77        |
| rollout/                |             |
|    ep_len_mean          | 98.2        |
|    ep_rew_mean          | 41.8        |
| time/                   |             |
|    fps                  | 425         |
|    iterations           | 100         |
|    time_elapsed         | 1685        |
|    total_timesteps      | 716800      |
| train/                  |             |
|    approx_kl            | 0.032865003 |
|    clip_fraction        | 0.228       |
|    clip_range           | 0.2         |
|    entropy_loss         | -15.5       |
|    explained_variance   | 0.847       |
|    learning_rate        | 0.0003      |
|    loss                 | 9.49        |
|    n_updates            | 7720        |
|    policy_gradient_loss | -0.0487     |
|    std                  | 1.74        |
|    value_loss           | 33.7        |
-----------------------------------------
----------------------------------------
| manipularl/             |            |
|    collision_rate       | 0.08       |
|    grasp_curriculum     | 0.147      |
|    grasp_failure_rate   | 0.699      |
|    insert_depth_mean    | 0          |
|    obstacle_range_hi    | 3          |
|    obstacle_range_lo    | 1          |
|    success_rate         | 0.83       |
| rollout/                |            |
|    ep_len_mean          | 90.6       |
|    ep_rew_mean          | 51.3       |
| time/                   |            |
|    fps                  | 425        |
|    iterations           | 101        |
|    time_elapsed         | 1701       |
|    total_timesteps      | 723968     |
| train/                  |            |
|    approx_kl            | 0.03408826 |
|    clip_fraction        | 0.268      |
|    clip_range           | 0.2        |
|    entropy_loss         | -15.5      |
|    explained_variance   | 0.811      |
|    learning_rate        | 0.0003     |
|    loss                 | 11         |
|    n_updates            | 7730       |
|    policy_gradient_loss | -0.0512    |
|    std                  | 1.74       |
|    value_loss           | 38.2       |
----------------------------------------
-----------------------------------------
| manipularl/             |             |
|    collision_rate       | 0.13        |
|    grasp_curriculum     | 0.145       |
|    grasp_failure_rate   | 0.642       |
|    insert_depth_mean    | 0           |
|    obstacle_range_hi    | 3           |
|    obstacle_range_lo    | 1           |
|    success_rate         | 0.79        |
| rollout/                |             |
|    ep_len_mean          | 97.8        |
|    ep_rew_mean          | 43.7        |
| time/                   |             |
|    fps                  | 425         |
|    iterations           | 102         |
|    time_elapsed         | 1716        |
|    total_timesteps      | 731136      |
| train/                  |             |
|    approx_kl            | 0.035898283 |
|    clip_fraction        | 0.274       |
|    clip_range           | 0.2         |
|    entropy_loss         | -15.5       |
|    explained_variance   | 0.814       |
|    learning_rate        | 0.0003      |
|    loss                 | 13.6        |
|    n_updates            | 7740        |
|    policy_gradient_loss | -0.052      |
|    std                  | 1.74        |
|    value_loss           | 41.6        |
-----------------------------------------
-----------------------------------------
| manipularl/             |             |
|    collision_rate       | 0.14        |
|    grasp_curriculum     | 0.143       |
|    grasp_failure_rate   | 0.643       |
|    insert_depth_mean    | 0           |
|    obstacle_range_hi    | 3           |
|    obstacle_range_lo    | 1           |
|    success_rate         | 0.83        |
| rollout/                |             |
|    ep_len_mean          | 85.3        |
|    ep_rew_mean          | 48.2        |
| time/                   |             |
|    fps                  | 426         |
|    iterations           | 103         |
|    time_elapsed         | 1732        |
|    total_timesteps      | 738304      |
| train/                  |             |
|    approx_kl            | 0.030834021 |
|    clip_fraction        | 0.227       |
|    clip_range           | 0.2         |
|    entropy_loss         | -15.5       |
|    explained_variance   | 0.839       |
|    learning_rate        | 0.0003      |
|    loss                 | 11.6        |
|    n_updates            | 7750        |
|    policy_gradient_loss | -0.0533     |
|    std                  | 1.74        |
|    value_loss           | 38.3        |
-----------------------------------------
---------------------------------------
| manipularl/             |           |
|    collision_rate       | 0.13      |
|    grasp_curriculum     | 0.141     |
|    grasp_failure_rate   | 0.666     |
|    insert_depth_mean    | 0         |
|    obstacle_range_hi    | 3         |
|    obstacle_range_lo    | 1         |
|    success_rate         | 0.84      |
| rollout/                |           |
|    ep_len_mean          | 80.2      |
|    ep_rew_mean          | 47.6      |
| time/                   |           |
|    fps                  | 426       |
|    iterations           | 104       |
|    time_elapsed         | 1748      |
|    total_timesteps      | 745472    |
| train/                  |           |
|    approx_kl            | 0.0384344 |
|    clip_fraction        | 0.297     |
|    clip_range           | 0.2       |
|    entropy_loss         | -15.5     |
|    explained_variance   | 0.867     |
|    learning_rate        | 0.0003    |
|    loss                 | 8.74      |
|    n_updates            | 7760      |
|    policy_gradient_loss | -0.0583   |
|    std                  | 1.74      |
|    value_loss           | 37        |
---------------------------------------
Eval num_timesteps=749994, episode_reward=20.88 +/- 58.79
Episode length: 165.75 +/- 151.41
-----------------------------------------
| eval/                   |             |
|    mean_ep_length       | 166         |
|    mean_reward          | 20.9        |
| manipularl/             |             |
|    collision_rate       | 0.11        |
|    grasp_curriculum     | 0.14        |
|    grasp_failure_rate   | 0.618       |
|    insert_depth_mean    | 0           |
|    obstacle_range_hi    | 3           |
|    obstacle_range_lo    | 1           |
|    success_rate         | 0.87        |
| time/                   |             |
|    total_timesteps      | 749994      |
| train/                  |             |
|    approx_kl            | 0.040311497 |
|    clip_fraction        | 0.285       |
|    clip_range           | 0.2         |
|    entropy_loss         | -15.5       |
|    explained_variance   | 0.874       |
|    learning_rate        | 0.0003      |
|    loss                 | 10          |
|    n_updates            | 7770        |
|    policy_gradient_loss | -0.0591     |
|    std                  | 1.74        |
|    value_loss           | 35.6        |
-----------------------------------------
New best mean reward!
------------------------------------
| manipularl/           |          |
|    collision_rate     | 0.1      |
|    grasp_curriculum   | 0.139    |
|    grasp_failure_rate | 0.615    |
|    insert_depth_mean  | 0        |
|    obstacle_range_hi  | 3        |
|    obstacle_range_lo  | 1        |
|    success_rate       | 0.84     |
| rollout/              |          |
|    ep_len_mean        | 82.6     |
|    ep_rew_mean        | 50.3     |
| time/                 |          |
|    fps                | 424      |
|    iterations         | 105      |
|    time_elapsed       | 1774     |
|    total_timesteps    | 752640   |
------------------------------------
---------------------------------------
| manipularl/             |           |
|    collision_rate       | 0.14      |
|    grasp_curriculum     | 0.137     |
|    grasp_failure_rate   | 0.655     |
|    insert_depth_mean    | 0         |
|    obstacle_range_hi    | 3         |
|    obstacle_range_lo    | 1         |
|    success_rate         | 0.83      |
| rollout/                |           |
|    ep_len_mean          | 70.4      |
|    ep_rew_mean          | 48.9      |
| time/                   |           |
|    fps                  | 424       |
|    iterations           | 106       |
|    time_elapsed         | 1788      |
|    total_timesteps      | 759808    |
| train/                  |           |
|    approx_kl            | 0.0365236 |
|    clip_fraction        | 0.273     |
|    clip_range           | 0.2       |
|    entropy_loss         | -15.5     |
|    explained_variance   | 0.851     |
|    learning_rate        | 0.0003    |
|    loss                 | 10.1      |
|    n_updates            | 7780      |
|    policy_gradient_loss | -0.0557   |
|    std                  | 1.74      |
|    value_loss           | 35.1      |
---------------------------------------
----------------------------------------
| manipularl/             |            |
|    collision_rate       | 0.14       |
|    grasp_curriculum     | 0.135      |
|    grasp_failure_rate   | 0.673      |
|    insert_depth_mean    | 0          |
|    obstacle_range_hi    | 3          |
|    obstacle_range_lo    | 1          |
|    success_rate         | 0.81       |
| rollout/                |            |
|    ep_len_mean          | 77.2       |
|    ep_rew_mean          | 49.1       |
| time/                   |            |
|    fps                  | 425        |
|    iterations           | 107        |
|    time_elapsed         | 1801       |
|    total_timesteps      | 766976     |
| train/                  |            |
|    approx_kl            | 0.03451324 |
|    clip_fraction        | 0.264      |
|    clip_range           | 0.2        |
|    entropy_loss         | -15.5      |
|    explained_variance   | 0.832      |
|    learning_rate        | 0.0003     |
|    loss                 | 11.3       |
|    n_updates            | 7790       |
|    policy_gradient_loss | -0.0557    |
|    std                  | 1.74       |
|    value_loss           | 42.3       |
----------------------------------------
-----------------------------------------
| manipularl/             |             |
|    collision_rate       | 0.13        |
|    grasp_curriculum     | 0.133       |
|    grasp_failure_rate   | 0.664       |
|    insert_depth_mean    | 0           |
|    obstacle_range_hi    | 3           |
|    obstacle_range_lo    | 1           |
|    success_rate         | 0.82        |
| rollout/                |             |
|    ep_len_mean          | 80          |
|    ep_rew_mean          | 51.1        |
| time/                   |             |
|    fps                  | 426         |
|    iterations           | 108         |
|    time_elapsed         | 1816        |
|    total_timesteps      | 774144      |
| train/                  |             |
|    approx_kl            | 0.035783183 |
|    clip_fraction        | 0.271       |
|    clip_range           | 0.2         |
|    entropy_loss         | -15.5       |
|    explained_variance   | 0.859       |
|    learning_rate        | 0.0003      |
|    loss                 | 14.2        |
|    n_updates            | 7800        |
|    policy_gradient_loss | -0.0562     |
|    std                  | 1.74        |
|    value_loss           | 40.2        |
-----------------------------------------
----------------------------------------
| manipularl/             |            |
|    collision_rate       | 0.13       |
|    grasp_curriculum     | 0.131      |
|    grasp_failure_rate   | 0.708      |
|    insert_depth_mean    | 0          |
|    obstacle_range_hi    | 4          |
|    obstacle_range_lo    | 1          |
|    success_rate         | 0.81       |
| rollout/                |            |
|    ep_len_mean          | 83.7       |
|    ep_rew_mean          | 49         |
| time/                   |            |
|    fps                  | 426        |
|    iterations           | 109        |
|    time_elapsed         | 1830       |
|    total_timesteps      | 781312     |
| train/                  |            |
|    approx_kl            | 0.03538512 |
|    clip_fraction        | 0.267      |
|    clip_range           | 0.2        |
|    entropy_loss         | -15.5      |
|    explained_variance   | 0.84       |
|    learning_rate        | 0.0003     |
|    loss                 | 11.4       |
|    n_updates            | 7810       |
|    policy_gradient_loss | -0.0548    |
|    std                  | 1.74       |
|    value_loss           | 39.7       |
----------------------------------------
----------------------------------------
| manipularl/             |            |
|    collision_rate       | 0.14       |
|    grasp_curriculum     | 0.129      |
|    grasp_failure_rate   | 0.647      |
|    insert_depth_mean    | 0          |
|    obstacle_range_hi    | 4          |
|    obstacle_range_lo    | 1          |
|    success_rate         | 0.81       |
| rollout/                |            |
|    ep_len_mean          | 80.5       |
|    ep_rew_mean          | 48.1       |
| time/                   |            |
|    fps                  | 427        |
|    iterations           | 110        |
|    time_elapsed         | 1843       |
|    total_timesteps      | 788480     |
| train/                  |            |
|    approx_kl            | 0.04053726 |
|    clip_fraction        | 0.287      |
|    clip_range           | 0.2        |
|    entropy_loss         | -15.5      |
|    explained_variance   | 0.892      |
|    learning_rate        | 0.0003     |
|    loss                 | 6.56       |
|    n_updates            | 7820       |
|    policy_gradient_loss | -0.0566    |
|    std                  | 1.74       |
|    value_loss           | 29.9       |
----------------------------------------
----------------------------------------
| manipularl/             |            |
|    collision_rate       | 0.17       |
|    grasp_curriculum     | 0.127      |
|    grasp_failure_rate   | 0.651      |
|    insert_depth_mean    | 0          |
|    obstacle_range_hi    | 4          |
|    obstacle_range_lo    | 1          |
|    success_rate         | 0.74       |
| rollout/                |            |
|    ep_len_mean          | 101        |
|    ep_rew_mean          | 43.9       |
| time/                   |            |
|    fps                  | 427        |
|    iterations           | 111        |
|    time_elapsed         | 1859       |
|    total_timesteps      | 795648     |
| train/                  |            |
|    approx_kl            | 0.04104508 |
|    clip_fraction        | 0.28       |
|    clip_range           | 0.2        |
|    entropy_loss         | -15.5      |
|    explained_variance   | 0.84       |
|    learning_rate        | 0.0003     |
|    loss                 | 8.72       |
|    n_updates            | 7830       |
|    policy_gradient_loss | -0.0562    |
|    std                  | 1.74       |
|    value_loss           | 37.4       |
----------------------------------------
-----------------------------------------
| manipularl/             |             |
|    collision_rate       | 0.19        |
|    grasp_curriculum     | 0.125       |
|    grasp_failure_rate   | 0.688       |
|    insert_depth_mean    | 0           |
|    obstacle_range_hi    | 4           |
|    obstacle_range_lo    | 1           |
|    success_rate         | 0.74        |
| rollout/                |             |
|    ep_len_mean          | 96.3        |
|    ep_rew_mean          | 42.8        |
| time/                   |             |
|    fps                  | 428         |
|    iterations           | 112         |
|    time_elapsed         | 1871        |
|    total_timesteps      | 802816      |
| train/                  |             |
|    approx_kl            | 0.044770155 |
|    clip_fraction        | 0.312       |
|    clip_range           | 0.2         |
|    entropy_loss         | -15.5       |
|    explained_variance   | 0.844       |
|    learning_rate        | 0.0003      |
|    loss                 | 11.1        |
|    n_updates            | 7840        |
|    policy_gradient_loss | -0.0582     |
|    std                  | 1.74        |
|    value_loss           | 41.8        |
-----------------------------------------
-----------------------------------------
| manipularl/             |             |
|    collision_rate       | 0.18        |
|    grasp_curriculum     | 0.123       |
|    grasp_failure_rate   | 0.73        |
|    insert_depth_mean    | 0           |
|    obstacle_range_hi    | 4           |
|    obstacle_range_lo    | 1           |
|    success_rate         | 0.7         |
| rollout/                |             |
|    ep_len_mean          | 107         |
|    ep_rew_mean          | 41.8        |
| time/                   |             |
|    fps                  | 429         |
|    iterations           | 113         |
|    time_elapsed         | 1885        |
|    total_timesteps      | 809984      |
| train/                  |             |
|    approx_kl            | 0.034551553 |
|    clip_fraction        | 0.245       |
|    clip_range           | 0.2         |
|    entropy_loss         | -15.5       |
|    explained_variance   | 0.766       |
|    learning_rate        | 0.0003      |
|    loss                 | 10.3        |
|    n_updates            | 7850        |
|    policy_gradient_loss | -0.0539     |
|    std                  | 1.74        |
|    value_loss           | 44.4        |
-----------------------------------------
-----------------------------------------
| manipularl/             |             |
|    collision_rate       | 0.16        |
|    grasp_curriculum     | 0.121       |
|    grasp_failure_rate   | 0.726       |
|    insert_depth_mean    | 0           |
|    obstacle_range_hi    | 4           |
|    obstacle_range_lo    | 1           |
|    success_rate         | 0.71        |
| rollout/                |             |
|    ep_len_mean          | 116         |
|    ep_rew_mean          | 38.4        |
| time/                   |             |
|    fps                  | 430         |
|    iterations           | 114         |
|    time_elapsed         | 1899        |
|    total_timesteps      | 817152      |
| train/                  |             |
|    approx_kl            | 0.042766467 |
|    clip_fraction        | 0.29        |
|    clip_range           | 0.2         |
|    entropy_loss         | -15.5       |
|    explained_variance   | 0.777       |
|    learning_rate        | 0.0003      |
|    loss                 | 10.5        |
|    n_updates            | 7860        |
|    policy_gradient_loss | -0.054      |
|    std                  | 1.74        |
|    value_loss           | 39.8        |
-----------------------------------------
-----------------------------------------
| manipularl/             |             |
|    collision_rate       | 0.19        |
|    grasp_curriculum     | 0.119       |
|    grasp_failure_rate   | 0.642       |
|    insert_depth_mean    | 0           |
|    obstacle_range_hi    | 4           |
|    obstacle_range_lo    | 1           |
|    success_rate         | 0.73        |
| rollout/                |             |
|    ep_len_mean          | 111         |
|    ep_rew_mean          | 34.4        |
| time/                   |             |
|    fps                  | 430         |
|    iterations           | 115         |
|    time_elapsed         | 1913        |
|    total_timesteps      | 824320      |
| train/                  |             |
|    approx_kl            | 0.046477526 |
|    clip_fraction        | 0.303       |
|    clip_range           | 0.2         |
|    entropy_loss         | -15.5       |
|    explained_variance   | 0.849       |
|    learning_rate        | 0.0003      |
|    loss                 | 11          |
|    n_updates            | 7870        |
|    policy_gradient_loss | -0.0562     |
|    std                  | 1.74        |
|    value_loss           | 34.7        |
-----------------------------------------
-----------------------------------------
| manipularl/             |             |
|    collision_rate       | 0.12        |
|    grasp_curriculum     | 0.117       |
|    grasp_failure_rate   | 0.691       |
|    insert_depth_mean    | 0           |
|    obstacle_range_hi    | 4           |
|    obstacle_range_lo    | 1           |
|    success_rate         | 0.84        |
| rollout/                |             |
|    ep_len_mean          | 81.4        |
|    ep_rew_mean          | 48.1        |
| time/                   |             |
|    fps                  | 430         |
|    iterations           | 116         |
|    time_elapsed         | 1930        |
|    total_timesteps      | 831488      |
| train/                  |             |
|    approx_kl            | 0.036182817 |
|    clip_fraction        | 0.283       |
|    clip_range           | 0.2         |
|    entropy_loss         | -15.5       |
|    explained_variance   | 0.829       |
|    learning_rate        | 0.0003      |
|    loss                 | 10.7        |
|    n_updates            | 7880        |
|    policy_gradient_loss | -0.0536     |
|    std                  | 1.74        |
|    value_loss           | 41.6        |
-----------------------------------------
-----------------------------------------
| manipularl/             |             |
|    collision_rate       | 0.16        |
|    grasp_curriculum     | 0.115       |
|    grasp_failure_rate   | 0.704       |
|    insert_depth_mean    | 0           |
|    obstacle_range_hi    | 4           |
|    obstacle_range_lo    | 1           |
|    success_rate         | 0.76        |
| rollout/                |             |
|    ep_len_mean          | 96.5        |
|    ep_rew_mean          | 45.3        |
| time/                   |             |
|    fps                  | 430         |
|    iterations           | 117         |
|    time_elapsed         | 1946        |
|    total_timesteps      | 838656      |
| train/                  |             |
|    approx_kl            | 0.037752103 |
|    clip_fraction        | 0.279       |
|    clip_range           | 0.2         |
|    entropy_loss         | -15.5       |
|    explained_variance   | 0.843       |
|    learning_rate        | 0.0003      |
|    loss                 | 7.5         |
|    n_updates            | 7890        |
|    policy_gradient_loss | -0.0576     |
|    std                  | 1.75        |
|    value_loss           | 35.7        |
-----------------------------------------
-----------------------------------------
| manipularl/             |             |
|    collision_rate       | 0.17        |
|    grasp_curriculum     | 0.113       |
|    grasp_failure_rate   | 0.701       |
|    insert_depth_mean    | 0           |
|    obstacle_range_hi    | 4           |
|    obstacle_range_lo    | 1           |
|    success_rate         | 0.76        |
| rollout/                |             |
|    ep_len_mean          | 106         |
|    ep_rew_mean          | 44          |
| time/                   |             |
|    fps                  | 431         |
|    iterations           | 118         |
|    time_elapsed         | 1959        |
|    total_timesteps      | 845824      |
| train/                  |             |
|    approx_kl            | 0.036902197 |
|    clip_fraction        | 0.274       |
|    clip_range           | 0.2         |
|    entropy_loss         | -15.5       |
|    explained_variance   | 0.83        |
|    learning_rate        | 0.0003      |
|    loss                 | 9           |
|    n_updates            | 7900        |
|    policy_gradient_loss | -0.0575     |
|    std                  | 1.75        |
|    value_loss           | 42          |
-----------------------------------------
----------------------------------------
| manipularl/             |            |
|    collision_rate       | 0.14       |
|    grasp_curriculum     | 0.111      |
|    grasp_failure_rate   | 0.704      |
|    insert_depth_mean    | 0          |
|    obstacle_range_hi    | 4          |
|    obstacle_range_lo    | 1          |
|    success_rate         | 0.76       |
| rollout/                |            |
|    ep_len_mean          | 103        |
|    ep_rew_mean          | 45.5       |
| time/                   |            |
|    fps                  | 431        |
|    iterations           | 119        |
|    time_elapsed         | 1976       |
|    total_timesteps      | 852992     |
| train/                  |            |
|    approx_kl            | 0.03813219 |
|    clip_fraction        | 0.293      |
|    clip_range           | 0.2        |
|    entropy_loss         | -15.5      |
|    explained_variance   | 0.844      |
|    learning_rate        | 0.0003     |
|    loss                 | 9.72       |
|    n_updates            | 7910       |
|    policy_gradient_loss | -0.0611    |
|    std                  | 1.75       |
|    value_loss           | 37.3       |
----------------------------------------
----------------------------------------
| manipularl/             |            |
|    collision_rate       | 0.24       |
|    grasp_curriculum     | 0.109      |
|    grasp_failure_rate   | 0.71       |
|    insert_depth_mean    | 0          |
|    obstacle_range_hi    | 4          |
|    obstacle_range_lo    | 1          |
|    success_rate         | 0.65       |
| rollout/                |            |
|    ep_len_mean          | 119        |
|    ep_rew_mean          | 37.7       |
| time/                   |            |
|    fps                  | 431        |
|    iterations           | 120        |
|    time_elapsed         | 1994       |
|    total_timesteps      | 860160     |
| train/                  |            |
|    approx_kl            | 0.03896202 |
|    clip_fraction        | 0.273      |
|    clip_range           | 0.2        |
|    entropy_loss         | -15.5      |
|    explained_variance   | 0.848      |
|    learning_rate        | 0.0003     |
|    loss                 | 8.17       |
|    n_updates            | 7920       |
|    policy_gradient_loss | -0.0566    |
|    std                  | 1.75       |
|    value_loss           | 34.6       |
----------------------------------------
-----------------------------------------
| manipularl/             |             |
|    collision_rate       | 0.25        |
|    grasp_curriculum     | 0.107       |
|    grasp_failure_rate   | 0.671       |
|    insert_depth_mean    | 0           |
|    obstacle_range_hi    | 4           |
|    obstacle_range_lo    | 1           |
|    success_rate         | 0.66        |
| rollout/                |             |
|    ep_len_mean          | 118         |
|    ep_rew_mean          | 37.2        |
| time/                   |             |
|    fps                  | 431         |
|    iterations           | 121         |
|    time_elapsed         | 2010        |
|    total_timesteps      | 867328      |
| train/                  |             |
|    approx_kl            | 0.040575854 |
|    clip_fraction        | 0.287       |
|    clip_range           | 0.2         |
|    entropy_loss         | -15.5       |
|    explained_variance   | 0.852       |
|    learning_rate        | 0.0003      |
|    loss                 | 7.4         |
|    n_updates            | 7930        |
|    policy_gradient_loss | -0.0561     |
|    std                  | 1.75        |
|    value_loss           | 29.9        |
-----------------------------------------
-----------------------------------------
| manipularl/             |             |
|    collision_rate       | 0.15        |
|    grasp_curriculum     | 0.105       |
|    grasp_failure_rate   | 0.657       |
|    insert_depth_mean    | 0           |
|    obstacle_range_hi    | 4           |
|    obstacle_range_lo    | 1           |
|    success_rate         | 0.72        |
| rollout/                |             |
|    ep_len_mean          | 117         |
|    ep_rew_mean          | 41.2        |
| time/                   |             |
|    fps                  | 431         |
|    iterations           | 122         |
|    time_elapsed         | 2025        |
|    total_timesteps      | 874496      |
| train/                  |             |
|    approx_kl            | 0.041180056 |
|    clip_fraction        | 0.295       |
|    clip_range           | 0.2         |
|    entropy_loss         | -15.5       |
|    explained_variance   | 0.864       |
|    learning_rate        | 0.0003      |
|    loss                 | 6.86        |
|    n_updates            | 7940        |
|    policy_gradient_loss | -0.0535     |
|    std                  | 1.76        |
|    value_loss           | 29          |
-----------------------------------------
---------------------------------------
| manipularl/             |           |
|    collision_rate       | 0.19      |
|    grasp_curriculum     | 0.103     |
|    grasp_failure_rate   | 0.682     |
|    insert_depth_mean    | 0         |
|    obstacle_range_hi    | 4         |
|    obstacle_range_lo    | 1         |
|    success_rate         | 0.73      |
| rollout/                |           |
|    ep_len_mean          | 106       |
|    ep_rew_mean          | 40.6      |
| time/                   |           |
|    fps                  | 431       |
|    iterations           | 123       |
|    time_elapsed         | 2041      |
|    total_timesteps      | 881664    |
| train/                  |           |
|    approx_kl            | 0.0436237 |
|    clip_fraction        | 0.283     |
|    clip_range           | 0.2       |
|    entropy_loss         | -15.5     |
|    explained_variance   | 0.836     |
|    learning_rate        | 0.0003    |
|    loss                 | 8.9       |
|    n_updates            | 7950      |
|    policy_gradient_loss | -0.0528   |
|    std                  | 1.76      |
|    value_loss           | 32.4      |
---------------------------------------
-----------------------------------------
| manipularl/             |             |
|    collision_rate       | 0.23        |
|    grasp_curriculum     | 0.101       |
|    grasp_failure_rate   | 0.738       |
|    insert_depth_mean    | 0           |
|    obstacle_range_hi    | 4           |
|    obstacle_range_lo    | 1           |
|    success_rate         | 0.67        |
| rollout/                |             |
|    ep_len_mean          | 128         |
|    ep_rew_mean          | 31.2        |
| time/                   |             |
|    fps                  | 431         |
|    iterations           | 124         |
|    time_elapsed         | 2059        |
|    total_timesteps      | 888832      |
| train/                  |             |
|    approx_kl            | 0.039726593 |
|    clip_fraction        | 0.287       |
|    clip_range           | 0.2         |
|    entropy_loss         | -15.5       |
|    explained_variance   | 0.799       |
|    learning_rate        | 0.0003      |
|    loss                 | 11          |
|    n_updates            | 7960        |
|    policy_gradient_loss | -0.0545     |
|    std                  | 1.76        |
|    value_loss           | 39.9        |
-----------------------------------------
----------------------------------------
| manipularl/             |            |
|    collision_rate       | 0.18       |
|    grasp_curriculum     | 0.0991     |
|    grasp_failure_rate   | 0.681      |
|    insert_depth_mean    | 0          |
|    obstacle_range_hi    | 4          |
|    obstacle_range_lo    | 1          |
|    success_rate         | 0.72       |
| rollout/                |            |
|    ep_len_mean          | 117        |
|    ep_rew_mean          | 38.2       |
| time/                   |            |
|    fps                  | 431        |
|    iterations           | 125        |
|    time_elapsed         | 2074       |
|    total_timesteps      | 896000     |
| train/                  |            |
|    approx_kl            | 0.03545556 |
|    clip_fraction        | 0.267      |
|    clip_range           | 0.2        |
|    entropy_loss         | -15.5      |
|    explained_variance   | 0.822      |
|    learning_rate        | 0.0003     |
|    loss                 | 7.35       |
|    n_updates            | 7970       |
|    policy_gradient_loss | -0.0479    |
|    std                  | 1.76       |
|    value_loss           | 34.8       |
----------------------------------------
-----------------------------------------
| manipularl/             |             |
|    collision_rate       | 0.2         |
|    grasp_curriculum     | 0.0971      |
|    grasp_failure_rate   | 0.639       |
|    insert_depth_mean    | 0           |
|    obstacle_range_hi    | 4           |
|    obstacle_range_lo    | 1           |
|    success_rate         | 0.71        |
| rollout/                |             |
|    ep_len_mean          | 112         |
|    ep_rew_mean          | 38.5        |
| time/                   |             |
|    fps                  | 432         |
|    iterations           | 126         |
|    time_elapsed         | 2090        |
|    total_timesteps      | 903168      |
| train/                  |             |
|    approx_kl            | 0.053970695 |
|    clip_fraction        | 0.342       |
|    clip_range           | 0.2         |
|    entropy_loss         | -15.5       |
|    explained_variance   | 0.897       |
|    learning_rate        | 0.0003      |
|    loss                 | 6.63        |
|    n_updates            | 7980        |
|    policy_gradient_loss | -0.0621     |
|    std                  | 1.76        |
|    value_loss           | 23.3        |
-----------------------------------------
-----------------------------------------
| manipularl/             |             |
|    collision_rate       | 0.26        |
|    grasp_curriculum     | 0.0951      |
|    grasp_failure_rate   | 0.674       |
|    insert_depth_mean    | 0           |
|    obstacle_range_hi    | 4           |
|    obstacle_range_lo    | 1           |
|    success_rate         | 0.67        |
| rollout/                |             |
|    ep_len_mean          | 123         |
|    ep_rew_mean          | 33.1        |
| time/                   |             |
|    fps                  | 432         |
|    iterations           | 127         |
|    time_elapsed         | 2106        |
|    total_timesteps      | 910336      |
| train/                  |             |
|    approx_kl            | 0.052131563 |
|    clip_fraction        | 0.319       |
|    clip_range           | 0.2         |
|    entropy_loss         | -15.5       |
|    explained_variance   | 0.898       |
|    learning_rate        | 0.0003      |
|    loss                 | 7.42        |
|    n_updates            | 7990        |
|    policy_gradient_loss | -0.0556     |
|    std                  | 1.76        |
|    value_loss           | 26.1        |
-----------------------------------------
----------------------------------------
| manipularl/             |            |
|    collision_rate       | 0.17       |
|    grasp_curriculum     | 0.0931     |
|    grasp_failure_rate   | 0.657      |
|    insert_depth_mean    | 0          |
|    obstacle_range_hi    | 4          |
|    obstacle_range_lo    | 1          |
|    success_rate         | 0.72       |
| rollout/                |            |
|    ep_len_mean          | 130        |
|    ep_rew_mean          | 37.2       |
| time/                   |            |
|    fps                  | 432        |
|    iterations           | 128        |
|    time_elapsed         | 2122       |
|    total_timesteps      | 917504     |
| train/                  |            |
|    approx_kl            | 0.05539205 |
|    clip_fraction        | 0.341      |
|    clip_range           | 0.2        |
|    entropy_loss         | -15.5      |
|    explained_variance   | 0.913      |
|    learning_rate        | 0.0003     |
|    loss                 | 4.78       |
|    n_updates            | 8000       |
|    policy_gradient_loss | -0.0516    |
|    std                  | 1.76       |
|    value_loss           | 20         |
----------------------------------------
-----------------------------------------
| manipularl/             |             |
|    collision_rate       | 0.24        |
|    grasp_curriculum     | 0.0911      |
|    grasp_failure_rate   | 0.698       |
|    insert_depth_mean    | 0           |
|    obstacle_range_hi    | 4           |
|    obstacle_range_lo    | 1           |
|    success_rate         | 0.63        |
| rollout/                |             |
|    ep_len_mean          | 130         |
|    ep_rew_mean          | 32.3        |
| time/                   |             |
|    fps                  | 432         |
|    iterations           | 129         |
|    time_elapsed         | 2137        |
|    total_timesteps      | 924672      |
| train/                  |             |
|    approx_kl            | 0.040573575 |
|    clip_fraction        | 0.322       |
|    clip_range           | 0.2         |
|    entropy_loss         | -15.5       |
|    explained_variance   | 0.867       |
|    learning_rate        | 0.0003      |
|    loss                 | 7.86        |
|    n_updates            | 8010        |
|    policy_gradient_loss | -0.052      |
|    std                  | 1.76        |
|    value_loss           | 33.4        |
-----------------------------------------
-----------------------------------------
| manipularl/             |             |
|    collision_rate       | 0.26        |
|    grasp_curriculum     | 0.0891      |
|    grasp_failure_rate   | 0.741       |
|    insert_depth_mean    | 0           |
|    obstacle_range_hi    | 4           |
|    obstacle_range_lo    | 1           |
|    success_rate         | 0.61        |
| rollout/                |             |
|    ep_len_mean          | 130         |
|    ep_rew_mean          | 32          |
| time/                   |             |
|    fps                  | 432         |
|    iterations           | 130         |
|    time_elapsed         | 2153        |
|    total_timesteps      | 931840      |
| train/                  |             |
|    approx_kl            | 0.040353805 |
|    clip_fraction        | 0.276       |
|    clip_range           | 0.2         |
|    entropy_loss         | -15.5       |
|    explained_variance   | 0.879       |
|    learning_rate        | 0.0003      |
|    loss                 | 7.46        |
|    n_updates            | 8020        |
|    policy_gradient_loss | -0.0539     |
|    std                  | 1.76        |
|    value_loss           | 27.9        |
-----------------------------------------
----------------------------------------
| manipularl/             |            |
|    collision_rate       | 0.19       |
|    grasp_curriculum     | 0.0871     |
|    grasp_failure_rate   | 0.703      |
|    insert_depth_mean    | 0          |
|    obstacle_range_hi    | 4          |
|    obstacle_range_lo    | 2          |
|    success_rate         | 0.69       |
| rollout/                |            |
|    ep_len_mean          | 124        |
|    ep_rew_mean          | 39.1       |
| time/                   |            |
|    fps                  | 432        |
|    iterations           | 131        |
|    time_elapsed         | 2171       |
|    total_timesteps      | 939008     |
| train/                  |            |
|    approx_kl            | 0.04186328 |
|    clip_fraction        | 0.299      |
|    clip_range           | 0.2        |
|    entropy_loss         | -15.5      |
|    explained_variance   | 0.86       |
|    learning_rate        | 0.0003     |
|    loss                 | 6          |
|    n_updates            | 8030       |
|    policy_gradient_loss | -0.0496    |
|    std                  | 1.76       |
|    value_loss           | 29.5       |
----------------------------------------
-----------------------------------------
| manipularl/             |             |
|    collision_rate       | 0.19        |
|    grasp_curriculum     | 0.0851      |
|    grasp_failure_rate   | 0.718       |
|    insert_depth_mean    | 0           |
|    obstacle_range_hi    | 4           |
|    obstacle_range_lo    | 2           |
|    success_rate         | 0.67        |
| rollout/                |             |
|    ep_len_mean          | 136         |
|    ep_rew_mean          | 36.7        |
| time/                   |             |
|    fps                  | 432         |
|    iterations           | 132         |
|    time_elapsed         | 2187        |
|    total_timesteps      | 946176      |
| train/                  |             |
|    approx_kl            | 0.051792506 |
|    clip_fraction        | 0.323       |
|    clip_range           | 0.2         |
|    entropy_loss         | -15.5       |
|    explained_variance   | 0.872       |
|    learning_rate        | 0.0003      |
|    loss                 | 7.3         |
|    n_updates            | 8040        |
|    policy_gradient_loss | -0.0559     |
|    std                  | 1.77        |
|    value_loss           | 27.8        |
-----------------------------------------
-----------------------------------------
| manipularl/             |             |
|    collision_rate       | 0.17        |
|    grasp_curriculum     | 0.0831      |
|    grasp_failure_rate   | 0.711       |
|    insert_depth_mean    | 0           |
|    obstacle_range_hi    | 4           |
|    obstacle_range_lo    | 2           |
|    success_rate         | 0.77        |
| rollout/                |             |
|    ep_len_mean          | 105         |
|    ep_rew_mean          | 45.9        |
| time/                   |             |
|    fps                  | 432         |
|    iterations           | 133         |
|    time_elapsed         | 2204        |
|    total_timesteps      | 953344      |
| train/                  |             |
|    approx_kl            | 0.038810316 |
|    clip_fraction        | 0.28        |
|    clip_range           | 0.2         |
|    entropy_loss         | -15.6       |
|    explained_variance   | 0.854       |
|    learning_rate        | 0.0003      |
|    loss                 | 6.12        |
|    n_updates            | 8050        |
|    policy_gradient_loss | -0.0509     |
|    std                  | 1.77        |
|    value_loss           | 30.6        |
-----------------------------------------
-----------------------------------------
| manipularl/             |             |
|    collision_rate       | 0.17        |
|    grasp_curriculum     | 0.0811      |
|    grasp_failure_rate   | 0.678       |
|    insert_depth_mean    | 0           |
|    obstacle_range_hi    | 4           |
|    obstacle_range_lo    | 2           |
|    success_rate         | 0.77        |
| rollout/                |             |
|    ep_len_mean          | 98          |
|    ep_rew_mean          | 44.7        |
| time/                   |             |
|    fps                  | 432         |
|    iterations           | 134         |
|    time_elapsed         | 2221        |
|    total_timesteps      | 960512      |
| train/                  |             |
|    approx_kl            | 0.043710828 |
|    clip_fraction        | 0.317       |
|    clip_range           | 0.2         |
|    entropy_loss         | -15.6       |
|    explained_variance   | 0.837       |
|    learning_rate        | 0.0003      |
|    loss                 | 13.7        |
|    n_updates            | 8060        |
|    policy_gradient_loss | -0.0539     |
|    std                  | 1.77        |
|    value_loss           | 47.4        |
-----------------------------------------
-----------------------------------------
| manipularl/             |             |
|    collision_rate       | 0.21        |
|    grasp_curriculum     | 0.079       |
|    grasp_failure_rate   | 0.729       |
|    insert_depth_mean    | 0           |
|    obstacle_range_hi    | 4           |
|    obstacle_range_lo    | 2           |
|    success_rate         | 0.69        |
| rollout/                |             |
|    ep_len_mean          | 113         |
|    ep_rew_mean          | 35.6        |
| time/                   |             |
|    fps                  | 432         |
|    iterations           | 135         |
|    time_elapsed         | 2237        |
|    total_timesteps      | 967680      |
| train/                  |             |
|    approx_kl            | 0.036968622 |
|    clip_fraction        | 0.278       |
|    clip_range           | 0.2         |
|    entropy_loss         | -15.6       |
|    explained_variance   | 0.797       |
|    learning_rate        | 0.0003      |
|    loss                 | 13          |
|    n_updates            | 8070        |
|    policy_gradient_loss | -0.0533     |
|    std                  | 1.77        |
|    value_loss           | 44.4        |
-----------------------------------------
-----------------------------------------
| manipularl/             |             |
|    collision_rate       | 0.18        |
|    grasp_curriculum     | 0.077       |
|    grasp_failure_rate   | 0.668       |
|    insert_depth_mean    | 0           |
|    obstacle_range_hi    | 4           |
|    obstacle_range_lo    | 2           |
|    success_rate         | 0.74        |
| rollout/                |             |
|    ep_len_mean          | 102         |
|    ep_rew_mean          | 40.5        |
| time/                   |             |
|    fps                  | 432         |
|    iterations           | 136         |
|    time_elapsed         | 2253        |
|    total_timesteps      | 974848      |
| train/                  |             |
|    approx_kl            | 0.033827353 |
|    clip_fraction        | 0.261       |
|    clip_range           | 0.2         |
|    entropy_loss         | -15.6       |
|    explained_variance   | 0.814       |
|    learning_rate        | 0.0003      |
|    loss                 | 14.2        |
|    n_updates            | 8080        |
|    policy_gradient_loss | -0.0545     |
|    std                  | 1.77        |
|    value_loss           | 53.6        |
-----------------------------------------
-----------------------------------------
| manipularl/             |             |
|    collision_rate       | 0.18        |
|    grasp_curriculum     | 0.075       |
|    grasp_failure_rate   | 0.669       |
|    insert_depth_mean    | 0           |
|    obstacle_range_hi    | 4           |
|    obstacle_range_lo    | 2           |
|    success_rate         | 0.77        |
| rollout/                |             |
|    ep_len_mean          | 95.3        |
|    ep_rew_mean          | 43          |
| time/                   |             |
|    fps                  | 432         |
|    iterations           | 137         |
|    time_elapsed         | 2268        |
|    total_timesteps      | 982016      |
| train/                  |             |
|    approx_kl            | 0.035273332 |
|    clip_fraction        | 0.252       |
|    clip_range           | 0.2         |
|    entropy_loss         | -15.6       |
|    explained_variance   | 0.729       |
|    learning_rate        | 0.0003      |
|    loss                 | 14.1        |
|    n_updates            | 8090        |
|    policy_gradient_loss | -0.0533     |
|    std                  | 1.77        |
|    value_loss           | 46.9        |
-----------------------------------------
----------------------------------------
| manipularl/             |            |
|    collision_rate       | 0.22       |
|    grasp_curriculum     | 0.073      |
|    grasp_failure_rate   | 0.724      |
|    insert_depth_mean    | 0          |
|    obstacle_range_hi    | 4          |
|    obstacle_range_lo    | 2          |
|    success_rate         | 0.7        |
| rollout/                |            |
|    ep_len_mean          | 115        |
|    ep_rew_mean          | 35.2       |
| time/                   |            |
|    fps                  | 432        |
|    iterations           | 138        |
|    time_elapsed         | 2285       |
|    total_timesteps      | 989184     |
| train/                  |            |
|    approx_kl            | 0.03818711 |
|    clip_fraction        | 0.255      |
|    clip_range           | 0.2        |
|    entropy_loss         | -15.6      |
|    explained_variance   | 0.745      |
|    learning_rate        | 0.0003     |
|    loss                 | 18.4       |
|    n_updates            | 8100       |
|    policy_gradient_loss | -0.0548    |
|    std                  | 1.77       |
|    value_loss           | 56.1       |
----------------------------------------
-----------------------------------------
| manipularl/             |             |
|    collision_rate       | 0.17        |
|    grasp_curriculum     | 0.071       |
|    grasp_failure_rate   | 0.703       |
|    insert_depth_mean    | 0           |
|    obstacle_range_hi    | 4           |
|    obstacle_range_lo    | 2           |
|    success_rate         | 0.72        |
| rollout/                |             |
|    ep_len_mean          | 123         |
|    ep_rew_mean          | 40.2        |
| time/                   |             |
|    fps                  | 433         |
|    iterations           | 139         |
|    time_elapsed         | 2300        |
|    total_timesteps      | 996352      |
| train/                  |             |
|    approx_kl            | 0.037733186 |
|    clip_fraction        | 0.272       |
|    clip_range           | 0.2         |
|    entropy_loss         | -15.6       |
|    explained_variance   | 0.798       |
|    learning_rate        | 0.0003      |
|    loss                 | 17.4        |
|    n_updates            | 8110        |
|    policy_gradient_loss | -0.0538     |
|    std                  | 1.77        |
|    value_loss           | 44.8        |
-----------------------------------------
Eval num_timesteps=999992, episode_reward=25.13 +/- 62.89
Episode length: 159.45 +/- 133.07
----------------------------------------
| eval/                   |            |
|    mean_ep_length       | 159        |
|    mean_reward          | 25.1       |
| manipularl/             |            |
|    collision_rate       | 0.17       |
|    grasp_curriculum     | 0.07       |
|    grasp_failure_rate   | 0.718      |
|    insert_depth_mean    | 0          |
|    obstacle_range_hi    | 4          |
|    obstacle_range_lo    | 2          |
|    success_rate         | 0.72       |
| time/                   |            |
|    total_timesteps      | 999992     |
| train/                  |            |
|    approx_kl            | 0.03835742 |
|    clip_fraction        | 0.268      |
|    clip_range           | 0.2        |
|    entropy_loss         | -15.6      |
|    explained_variance   | 0.81       |
|    learning_rate        | 0.0003     |
|    loss                 | 11.5       |
|    n_updates            | 8120       |
|    policy_gradient_loss | -0.0564    |
|    std                  | 1.77       |
|    value_loss           | 38.5       |
----------------------------------------
New best mean reward!
------------------------------------
| manipularl/           |          |
|    collision_rate     | 0.13     |
|    grasp_curriculum   | 0.069    |
|    grasp_failure_rate | 0.726    |
|    insert_depth_mean  | 0        |
|    obstacle_range_hi  | 4        |
|    obstacle_range_lo  | 2        |
|    success_rate       | 0.79     |
| rollout/              |          |
|    ep_len_mean        | 105      |
|    ep_rew_mean        | 46.5     |
| time/                 |          |
|    fps                | 431      |
|    iterations         | 140      |
|    time_elapsed       | 2328     |
|    total_timesteps    | 1003520  |
------------------------------------
-----------------------------------------
| manipularl/             |             |
|    collision_rate       | 0.19        |
|    grasp_curriculum     | 0.067       |
|    grasp_failure_rate   | 0.78        |
|    insert_depth_mean    | 0           |
|    obstacle_range_hi    | 4           |
|    obstacle_range_lo    | 2           |
|    success_rate         | 0.77        |
| rollout/                |             |
|    ep_len_mean          | 94.3        |
|    ep_rew_mean          | 46.2        |
| time/                   |             |
|    fps                  | 431         |
|    iterations           | 141         |
|    time_elapsed         | 2343        |
|    total_timesteps      | 1010688     |
| train/                  |             |
|    approx_kl            | 0.046211436 |
|    clip_fraction        | 0.305       |
|    clip_range           | 0.2         |
|    entropy_loss         | -15.6       |
|    explained_variance   | 0.809       |
|    learning_rate        | 0.0003      |
|    loss                 | 13.7        |
|    n_updates            | 8130        |
|    policy_gradient_loss | -0.054      |
|    std                  | 1.77        |
|    value_loss           | 44.4        |
-----------------------------------------
----------------------------------------
| manipularl/             |            |
|    collision_rate       | 0.25       |
|    grasp_curriculum     | 0.065      |
|    grasp_failure_rate   | 0.756      |
|    insert_depth_mean    | 0          |
|    obstacle_range_hi    | 4          |
|    obstacle_range_lo    | 2          |
|    success_rate         | 0.72       |
| rollout/                |            |
|    ep_len_mean          | 109        |
|    ep_rew_mean          | 40         |
| time/                   |            |
|    fps                  | 431        |
|    iterations           | 142        |
|    time_elapsed         | 2358       |
|    total_timesteps      | 1017856    |
| train/                  |            |
|    approx_kl            | 0.03436029 |
|    clip_fraction        | 0.26       |
|    clip_range           | 0.2        |
|    entropy_loss         | -15.6      |
|    explained_variance   | 0.829      |
|    learning_rate        | 0.0003     |
|    loss                 | 12.9       |
|    n_updates            | 8140       |
|    policy_gradient_loss | -0.054     |
|    std                  | 1.77       |
|    value_loss           | 43.5       |
----------------------------------------
-----------------------------------------
| manipularl/             |             |
|    collision_rate       | 0.21        |
|    grasp_curriculum     | 0.063       |
|    grasp_failure_rate   | 0.728       |
|    insert_depth_mean    | 0           |
|    obstacle_range_hi    | 4           |
|    obstacle_range_lo    | 2           |
|    success_rate         | 0.74        |
| rollout/                |             |
|    ep_len_mean          | 106         |
|    ep_rew_mean          | 44.3        |
| time/                   |             |
|    fps                  | 430         |
|    iterations           | 143         |
|    time_elapsed         | 2378        |
|    total_timesteps      | 1025024     |
| train/                  |             |
|    approx_kl            | 0.039546665 |
|    clip_fraction        | 0.265       |
|    clip_range           | 0.2         |
|    entropy_loss         | -15.6       |
|    explained_variance   | 0.797       |
|    learning_rate        | 0.0003      |
|    loss                 | 12.2        |
|    n_updates            | 8150        |
|    policy_gradient_loss | -0.0531     |
|    std                  | 1.78        |
|    value_loss           | 40.8        |
-----------------------------------------
----------------------------------------
| manipularl/             |            |
|    collision_rate       | 0.25       |
|    grasp_curriculum     | 0.061      |
|    grasp_failure_rate   | 0.746      |
|    insert_depth_mean    | 0          |
|    obstacle_range_hi    | 4          |
|    obstacle_range_lo    | 2          |
|    success_rate         | 0.69       |
| rollout/                |            |
|    ep_len_mean          | 119        |
|    ep_rew_mean          | 40.1       |
| time/                   |            |
|    fps                  | 430        |
|    iterations           | 144        |
|    time_elapsed         | 2395       |
|    total_timesteps      | 1032192    |
| train/                  |            |
|    approx_kl            | 0.04648924 |
|    clip_fraction        | 0.314      |
|    clip_range           | 0.2        |
|    entropy_loss         | -15.6      |
|    explained_variance   | 0.832      |
|    learning_rate        | 0.0003     |
|    loss                 | 10.7       |
|    n_updates            | 8160       |
|    policy_gradient_loss | -0.0559    |
|    std                  | 1.78       |
|    value_loss           | 37.4       |
----------------------------------------
-----------------------------------------
| manipularl/             |             |
|    collision_rate       | 0.25        |
|    grasp_curriculum     | 0.059       |
|    grasp_failure_rate   | 0.764       |
|    insert_depth_mean    | 0           |
|    obstacle_range_hi    | 4           |
|    obstacle_range_lo    | 2           |
|    success_rate         | 0.66        |
| rollout/                |             |
|    ep_len_mean          | 107         |
|    ep_rew_mean          | 38.3        |
| time/                   |             |
|    fps                  | 430         |
|    iterations           | 145         |
|    time_elapsed         | 2412        |
|    total_timesteps      | 1039360     |
| train/                  |             |
|    approx_kl            | 0.040463664 |
|    clip_fraction        | 0.311       |
|    clip_range           | 0.2         |
|    entropy_loss         | -15.6       |
|    explained_variance   | 0.836       |
|    learning_rate        | 0.0003      |
|    loss                 | 9.89        |
|    n_updates            | 8170        |
|    policy_gradient_loss | -0.0528     |
|    std                  | 1.78        |
|    value_loss           | 32.6        |
-----------------------------------------
----------------------------------------
| manipularl/             |            |
|    collision_rate       | 0.21       |
|    grasp_curriculum     | 0.057      |
|    grasp_failure_rate   | 0.761      |
|    insert_depth_mean    | 0          |
|    obstacle_range_hi    | 4          |
|    obstacle_range_lo    | 2          |
|    success_rate         | 0.7        |
| rollout/                |            |
|    ep_len_mean          | 106        |
|    ep_rew_mean          | 41.9       |
| time/                   |            |
|    fps                  | 430        |
|    iterations           | 146        |
|    time_elapsed         | 2429       |
|    total_timesteps      | 1046528    |
| train/                  |            |
|    approx_kl            | 0.04732102 |
|    clip_fraction        | 0.304      |
|    clip_range           | 0.2        |
|    entropy_loss         | -15.6      |
|    explained_variance   | 0.836      |
|    learning_rate        | 0.0003     |
|    loss                 | 10.6       |
|    n_updates            | 8180       |
|    policy_gradient_loss | -0.0507    |
|    std                  | 1.78       |
|    value_loss           | 36.8       |
----------------------------------------
----------------------------------------
| manipularl/             |            |
|    collision_rate       | 0.31       |
|    grasp_curriculum     | 0.055      |
|    grasp_failure_rate   | 0.754      |
|    insert_depth_mean    | 0          |
|    obstacle_range_hi    | 4          |
|    obstacle_range_lo    | 2          |
|    success_rate         | 0.62       |
| rollout/                |            |
|    ep_len_mean          | 124        |
|    ep_rew_mean          | 33.5       |
| time/                   |            |
|    fps                  | 430        |
|    iterations           | 147        |
|    time_elapsed         | 2446       |
|    total_timesteps      | 1053696    |
| train/                  |            |
|    approx_kl            | 0.03982164 |
|    clip_fraction        | 0.291      |
|    clip_range           | 0.2        |
|    entropy_loss         | -15.6      |
|    explained_variance   | 0.819      |
|    learning_rate        | 0.0003     |
|    loss                 | 10.8       |
|    n_updates            | 8190       |
|    policy_gradient_loss | -0.0552    |
|    std                  | 1.78       |
|    value_loss           | 40.3       |
----------------------------------------
-----------------------------------------
| manipularl/             |             |
|    collision_rate       | 0.31        |
|    grasp_curriculum     | 0.053       |
|    grasp_failure_rate   | 0.728       |
|    insert_depth_mean    | 0           |
|    obstacle_range_hi    | 4           |
|    obstacle_range_lo    | 2           |
|    success_rate         | 0.64        |
| rollout/                |             |
|    ep_len_mean          | 121         |
|    ep_rew_mean          | 33.8        |
| time/                   |             |
|    fps                  | 430         |
|    iterations           | 148         |
|    time_elapsed         | 2464        |
|    total_timesteps      | 1060864     |
| train/                  |             |
|    approx_kl            | 0.038805053 |
|    clip_fraction        | 0.266       |
|    clip_range           | 0.2         |
|    entropy_loss         | -15.6       |
|    explained_variance   | 0.831       |
|    learning_rate        | 0.0003      |
|    loss                 | 10.3        |
|    n_updates            | 8200        |
|    policy_gradient_loss | -0.0555     |
|    std                  | 1.78        |
|    value_loss           | 35.1        |
-----------------------------------------
----------------------------------------
| manipularl/             |            |
|    collision_rate       | 0.29       |
|    grasp_curriculum     | 0.051      |
|    grasp_failure_rate   | 0.735      |
|    insert_depth_mean    | 0          |
|    obstacle_range_hi    | 4          |
|    obstacle_range_lo    | 2          |
|    success_rate         | 0.63       |
| rollout/                |            |
|    ep_len_mean          | 133        |
|    ep_rew_mean          | 28.2       |
| time/                   |            |
|    fps                  | 429        |
|    iterations           | 149        |
|    time_elapsed         | 2484       |
|    total_timesteps      | 1068032    |
| train/                  |            |
|    approx_kl            | 0.03768319 |
|    clip_fraction        | 0.279      |
|    clip_range           | 0.2        |
|    entropy_loss         | -15.6      |
|    explained_variance   | 0.831      |
|    learning_rate        | 0.0003     |
|    loss                 | 9.52       |
|    n_updates            | 8210       |
|    policy_gradient_loss | -0.055     |
|    std                  | 1.79       |
|    value_loss           | 41         |
----------------------------------------
----------------------------------------
| manipularl/             |            |
|    collision_rate       | 0.34       |
|    grasp_curriculum     | 0.0489     |
|    grasp_failure_rate   | 0.768      |
|    insert_depth_mean    | 0          |
|    obstacle_range_hi    | 4          |
|    obstacle_range_lo    | 2          |
|    success_rate         | 0.64       |
| rollout/                |            |
|    ep_len_mean          | 112        |
|    ep_rew_mean          | 34.3       |
| time/                   |            |
|    fps                  | 429        |
|    iterations           | 150        |
|    time_elapsed         | 2501       |
|    total_timesteps      | 1075200    |
| train/                  |            |
|    approx_kl            | 0.04095214 |
|    clip_fraction        | 0.275      |
|    clip_range           | 0.2        |
|    entropy_loss         | -15.6      |
|    explained_variance   | 0.804      |
|    learning_rate        | 0.0003     |
|    loss                 | 7.2        |
|    n_updates            | 8220       |
|    policy_gradient_loss | -0.0465    |
|    std                  | 1.79       |
|    value_loss           | 35.7       |
----------------------------------------
-----------------------------------------
| manipularl/             |             |
|    collision_rate       | 0.2         |
|    grasp_curriculum     | 0.0469      |
|    grasp_failure_rate   | 0.729       |
|    insert_depth_mean    | 0           |
|    obstacle_range_hi    | 4           |
|    obstacle_range_lo    | 2           |
|    success_rate         | 0.75        |
| rollout/                |             |
|    ep_len_mean          | 97.9        |
|    ep_rew_mean          | 44.5        |
| time/                   |             |
|    fps                  | 430         |
|    iterations           | 151         |
|    time_elapsed         | 2515        |
|    total_timesteps      | 1082368     |
| train/                  |             |
|    approx_kl            | 0.041666307 |
|    clip_fraction        | 0.311       |
|    clip_range           | 0.2         |
|    entropy_loss         | -15.6       |
|    explained_variance   | 0.84        |
|    learning_rate        | 0.0003      |
|    loss                 | 9.1         |
|    n_updates            | 8230        |
|    policy_gradient_loss | -0.0567     |
|    std                  | 1.79        |
|    value_loss           | 33.4        |
-----------------------------------------
-----------------------------------------
| manipularl/             |             |
|    collision_rate       | 0.18        |
|    grasp_curriculum     | 0.0449      |
|    grasp_failure_rate   | 0.716       |
|    insert_depth_mean    | 0           |
|    obstacle_range_hi    | 4           |
|    obstacle_range_lo    | 2           |
|    success_rate         | 0.75        |
| rollout/                |             |
|    ep_len_mean          | 110         |
|    ep_rew_mean          | 40.1        |
| time/                   |             |
|    fps                  | 430         |
|    iterations           | 152         |
|    time_elapsed         | 2531        |
|    total_timesteps      | 1089536     |
| train/                  |             |
|    approx_kl            | 0.042539444 |
|    clip_fraction        | 0.33        |
|    clip_range           | 0.2         |
|    entropy_loss         | -15.6       |
|    explained_variance   | 0.822       |
|    learning_rate        | 0.0003      |
|    loss                 | 9.24        |
|    n_updates            | 8240        |
|    policy_gradient_loss | -0.0552     |
|    std                  | 1.79        |
|    value_loss           | 35.5        |
-----------------------------------------
----------------------------------------
| manipularl/             |            |
|    collision_rate       | 0.21       |
|    grasp_curriculum     | 0.0429     |
|    grasp_failure_rate   | 0.699      |
|    insert_depth_mean    | 0          |
|    obstacle_range_hi    | 5          |
|    obstacle_range_lo    | 2          |
|    success_rate         | 0.71       |
| rollout/                |            |
|    ep_len_mean          | 107        |
|    ep_rew_mean          | 38.4       |
| time/                   |            |
|    fps                  | 429        |
|    iterations           | 153        |
|    time_elapsed         | 2550       |
|    total_timesteps      | 1096704    |
| train/                  |            |
|    approx_kl            | 0.03877566 |
|    clip_fraction        | 0.269      |
|    clip_range           | 0.2        |
|    entropy_loss         | -15.7      |
|    explained_variance   | 0.875      |
|    learning_rate        | 0.0003     |
|    loss                 | 10.4       |
|    n_updates            | 8250       |
|    policy_gradient_loss | -0.0524    |
|    std                  | 1.79       |
|    value_loss           | 37.1       |
----------------------------------------
----------------------------------------
| manipularl/             |            |
|    collision_rate       | 0.26       |
|    grasp_curriculum     | 0.0409     |
|    grasp_failure_rate   | 0.693      |
|    insert_depth_mean    | 0          |
|    obstacle_range_hi    | 5          |
|    obstacle_range_lo    | 2          |
|    success_rate         | 0.64       |
| rollout/                |            |
|    ep_len_mean          | 123        |
|    ep_rew_mean          | 37.5       |
| time/                   |            |
|    fps                  | 430        |
|    iterations           | 154        |
|    time_elapsed         | 2564       |
|    total_timesteps      | 1103872    |
| train/                  |            |
|    approx_kl            | 0.04477367 |
|    clip_fraction        | 0.305      |
|    clip_range           | 0.2        |
|    entropy_loss         | -15.7      |
|    explained_variance   | 0.833      |
|    learning_rate        | 0.0003     |
|    loss                 | 10.6       |
|    n_updates            | 8260       |
|    policy_gradient_loss | -0.0587    |
|    std                  | 1.8        |
|    value_loss           | 35.7       |
----------------------------------------
-----------------------------------------
| manipularl/             |             |
|    collision_rate       | 0.28        |
|    grasp_curriculum     | 0.0389      |
|    grasp_failure_rate   | 0.691       |
|    insert_depth_mean    | 0           |
|    obstacle_range_hi    | 5           |
|    obstacle_range_lo    | 2           |
|    success_rate         | 0.61        |
| rollout/                |             |
|    ep_len_mean          | 146         |
|    ep_rew_mean          | 30.4        |
| time/                   |             |
|    fps                  | 430         |
|    iterations           | 155         |
|    time_elapsed         | 2578        |
|    total_timesteps      | 1111040     |
| train/                  |             |
|    approx_kl            | 0.055639926 |
|    clip_fraction        | 0.346       |
|    clip_range           | 0.2         |
|    entropy_loss         | -15.7       |
|    explained_variance   | 0.838       |
|    learning_rate        | 0.0003      |
|    loss                 | 10          |
|    n_updates            | 8270        |
|    policy_gradient_loss | -0.0586     |
|    std                  | 1.8         |
|    value_loss           | 29.2        |
-----------------------------------------
----------------------------------------
| manipularl/             |            |
|    collision_rate       | 0.28       |
|    grasp_curriculum     | 0.0369     |
|    grasp_failure_rate   | 0.701      |
|    insert_depth_mean    | 0          |
|    obstacle_range_hi    | 5          |
|    obstacle_range_lo    | 2          |
|    success_rate         | 0.54       |
| rollout/                |            |
|    ep_len_mean          | 158        |
|    ep_rew_mean          | 23.4       |
| time/                   |            |
|    fps                  | 431        |
|    iterations           | 156        |
|    time_elapsed         | 2592       |
|    total_timesteps      | 1118208    |
| train/                  |            |
|    approx_kl            | 0.05648469 |
|    clip_fraction        | 0.351      |
|    clip_range           | 0.2        |
|    entropy_loss         | -15.7      |
|    explained_variance   | 0.849      |
|    learning_rate        | 0.0003     |
|    loss                 | 8.52       |
|    n_updates            | 8280       |
|    policy_gradient_loss | -0.0577    |
|    std                  | 1.8        |
|    value_loss           | 33         |
----------------------------------------
-----------------------------------------
| manipularl/             |             |
|    collision_rate       | 0.3         |
|    grasp_curriculum     | 0.0349      |
|    grasp_failure_rate   | 0.715       |
|    insert_depth_mean    | 0           |
|    obstacle_range_hi    | 5           |
|    obstacle_range_lo    | 2           |
|    success_rate         | 0.48        |
| rollout/                |             |
|    ep_len_mean          | 174         |
|    ep_rew_mean          | 17.1        |
| time/                   |             |
|    fps                  | 431         |
|    iterations           | 157         |
|    time_elapsed         | 2607        |
|    total_timesteps      | 1125376     |
| train/                  |             |
|    approx_kl            | 0.059097573 |
|    clip_fraction        | 0.361       |
|    clip_range           | 0.2         |
|    entropy_loss         | -15.7       |
|    explained_variance   | 0.89        |
|    learning_rate        | 0.0003      |
|    loss                 | 4.36        |
|    n_updates            | 8290        |
|    policy_gradient_loss | -0.0549     |
|    std                  | 1.8         |
|    value_loss           | 18          |
-----------------------------------------
-----------------------------------------
| manipularl/             |             |
|    collision_rate       | 0.28        |
|    grasp_curriculum     | 0.0329      |
|    grasp_failure_rate   | 0.752       |
|    insert_depth_mean    | 0           |
|    obstacle_range_hi    | 5           |
|    obstacle_range_lo    | 2           |
|    success_rate         | 0.52        |
| rollout/                |             |
|    ep_len_mean          | 176         |
|    ep_rew_mean          | 21.6        |
| time/                   |             |
|    fps                  | 431         |
|    iterations           | 158         |
|    time_elapsed         | 2622        |
|    total_timesteps      | 1132544     |
| train/                  |             |
|    approx_kl            | 0.047800995 |
|    clip_fraction        | 0.346       |
|    clip_range           | 0.2         |
|    entropy_loss         | -15.7       |
|    explained_variance   | 0.85        |
|    learning_rate        | 0.0003      |
|    loss                 | 7.16        |
|    n_updates            | 8300        |
|    policy_gradient_loss | -0.0542     |
|    std                  | 1.8         |
|    value_loss           | 28.9        |
-----------------------------------------
----------------------------------------
| manipularl/             |            |
|    collision_rate       | 0.31       |
|    grasp_curriculum     | 0.0309     |
|    grasp_failure_rate   | 0.764      |
|    insert_depth_mean    | 0          |
|    obstacle_range_hi    | 5          |
|    obstacle_range_lo    | 2          |
|    success_rate         | 0.52       |
| rollout/                |            |
|    ep_len_mean          | 168        |
|    ep_rew_mean          | 22         |
| time/                   |            |
|    fps                  | 432        |
|    iterations           | 159        |
|    time_elapsed         | 2637       |
|    total_timesteps      | 1139712    |
| train/                  |            |
|    approx_kl            | 0.05198924 |
|    clip_fraction        | 0.328      |
|    clip_range           | 0.2        |
|    entropy_loss         | -15.7      |
|    explained_variance   | 0.857      |
|    learning_rate        | 0.0003     |
|    loss                 | 6.12       |
|    n_updates            | 8310       |
|    policy_gradient_loss | -0.0586    |
|    std                  | 1.81       |
|    value_loss           | 26.7       |
----------------------------------------
-----------------------------------------
| manipularl/             |             |
|    collision_rate       | 0.32        |
|    grasp_curriculum     | 0.0289      |
|    grasp_failure_rate   | 0.76        |
|    insert_depth_mean    | 0           |
|    obstacle_range_hi    | 5           |
|    obstacle_range_lo    | 2           |
|    success_rate         | 0.49        |
| rollout/                |             |
|    ep_len_mean          | 170         |
|    ep_rew_mean          | 19.4        |
| time/                   |             |
|    fps                  | 432         |
|    iterations           | 160         |
|    time_elapsed         | 2653        |
|    total_timesteps      | 1146880     |
| train/                  |             |
|    approx_kl            | 0.088802606 |
|    clip_fraction        | 0.423       |
|    clip_range           | 0.2         |
|    entropy_loss         | -15.7       |
|    explained_variance   | 0.885       |
|    learning_rate        | 0.0003      |
|    loss                 | 3.92        |
|    n_updates            | 8320        |
|    policy_gradient_loss | -0.0586     |
|    std                  | 1.81        |
|    value_loss           | 18.2        |
-----------------------------------------
-----------------------------------------
| manipularl/             |             |
|    collision_rate       | 0.31        |
|    grasp_curriculum     | 0.0269      |
|    grasp_failure_rate   | 0.769       |
|    insert_depth_mean    | 0           |
|    obstacle_range_hi    | 5           |
|    obstacle_range_lo    | 2           |
|    success_rate         | 0.5         |
| rollout/                |             |
|    ep_len_mean          | 172         |
|    ep_rew_mean          | 20.7        |
| time/                   |             |
|    fps                  | 432         |
|    iterations           | 161         |
|    time_elapsed         | 2668        |
|    total_timesteps      | 1154048     |
| train/                  |             |
|    approx_kl            | 0.055942062 |
|    clip_fraction        | 0.355       |
|    clip_range           | 0.2         |
|    entropy_loss         | -15.7       |
|    explained_variance   | 0.882       |
|    learning_rate        | 0.0003      |
|    loss                 | 4.06        |
|    n_updates            | 8330        |
|    policy_gradient_loss | -0.0513     |
|    std                  | 1.82        |
|    value_loss           | 22.1        |
-----------------------------------------
----------------------------------------
| manipularl/             |            |
|    collision_rate       | 0.24       |
|    grasp_curriculum     | 0.0249     |
|    grasp_failure_rate   | 0.742      |
|    insert_depth_mean    | 0          |
|    obstacle_range_hi    | 5          |
|    obstacle_range_lo    | 2          |
|    success_rate         | 0.61       |
| rollout/                |            |
|    ep_len_mean          | 142        |
|    ep_rew_mean          | 33.1       |
| time/                   |            |
|    fps                  | 432        |
|    iterations           | 162        |
|    time_elapsed         | 2682       |
|    total_timesteps      | 1161216    |
| train/                  |            |
|    approx_kl            | 0.08042587 |
|    clip_fraction        | 0.415      |
|    clip_range           | 0.2        |
|    entropy_loss         | -15.8      |
|    explained_variance   | 0.91       |
|    learning_rate        | 0.0003     |
|    loss                 | 2.93       |
|    n_updates            | 8340       |
|    policy_gradient_loss | -0.0582    |
|    std                  | 1.82       |
|    value_loss           | 17.7       |
----------------------------------------
----------------------------------------
| manipularl/             |            |
|    collision_rate       | 0.32       |
|    grasp_curriculum     | 0.0229     |
|    grasp_failure_rate   | 0.763      |
|    insert_depth_mean    | 0          |
|    obstacle_range_hi    | 5          |
|    obstacle_range_lo    | 2          |
|    success_rate         | 0.58       |
| rollout/                |            |
|    ep_len_mean          | 138        |
|    ep_rew_mean          | 32.3       |
| time/                   |            |
|    fps                  | 432        |
|    iterations           | 163        |
|    time_elapsed         | 2699       |
|    total_timesteps      | 1168384    |
| train/                  |            |
|    approx_kl            | 0.05189397 |
|    clip_fraction        | 0.39       |
|    clip_range           | 0.2        |
|    entropy_loss         | -15.8      |
|    explained_variance   | 0.878      |
|    learning_rate        | 0.0003     |
|    loss                 | 8.01       |
|    n_updates            | 8350       |
|    policy_gradient_loss | -0.0509    |
|    std                  | 1.83       |
|    value_loss           | 31.7       |
----------------------------------------
-----------------------------------------
| manipularl/             |             |
|    collision_rate       | 0.34        |
|    grasp_curriculum     | 0.0208      |
|    grasp_failure_rate   | 0.753       |
|    insert_depth_mean    | 0           |
|    obstacle_range_hi    | 5           |
|    obstacle_range_lo    | 2           |
|    success_rate         | 0.54        |
| rollout/                |             |
|    ep_len_mean          | 156         |
|    ep_rew_mean          | 27.2        |
| time/                   |             |
|    fps                  | 432         |
|    iterations           | 164         |
|    time_elapsed         | 2715        |
|    total_timesteps      | 1175552     |
| train/                  |             |
|    approx_kl            | 0.061269842 |
|    clip_fraction        | 0.365       |
|    clip_range           | 0.2         |
|    entropy_loss         | -15.8       |
|    explained_variance   | 0.884       |
|    learning_rate        | 0.0003      |
|    loss                 | 5.66        |
|    n_updates            | 8360        |
|    policy_gradient_loss | -0.0586     |
|    std                  | 1.83        |
|    value_loss           | 28.7        |
-----------------------------------------
-----------------------------------------
| manipularl/             |             |
|    collision_rate       | 0.23        |
|    grasp_curriculum     | 0.0188      |
|    grasp_failure_rate   | 0.733       |
|    insert_depth_mean    | 0           |
|    obstacle_range_hi    | 5           |
|    obstacle_range_lo    | 2           |
|    success_rate         | 0.66        |
| rollout/                |             |
|    ep_len_mean          | 121         |
|    ep_rew_mean          | 38.2        |
| time/                   |             |
|    fps                  | 433         |
|    iterations           | 165         |
|    time_elapsed         | 2729        |
|    total_timesteps      | 1182720     |
| train/                  |             |
|    approx_kl            | 0.060620368 |
|    clip_fraction        | 0.345       |
|    clip_range           | 0.2         |
|    entropy_loss         | -15.8       |
|    explained_variance   | 0.903       |
|    learning_rate        | 0.0003      |
|    loss                 | 4.15        |
|    n_updates            | 8370        |
|    policy_gradient_loss | -0.0576     |
|    std                  | 1.84        |
|    value_loss           | 17.3        |
-----------------------------------------
-----------------------------------------
| manipularl/             |             |
|    collision_rate       | 0.19        |
|    grasp_curriculum     | 0.0168      |
|    grasp_failure_rate   | 0.734       |
|    insert_depth_mean    | 0           |
|    obstacle_range_hi    | 5           |
|    obstacle_range_lo    | 2           |
|    success_rate         | 0.69        |
| rollout/                |             |
|    ep_len_mean          | 126         |
|    ep_rew_mean          | 38          |
| time/                   |             |
|    fps                  | 433         |
|    iterations           | 166         |
|    time_elapsed         | 2744        |
|    total_timesteps      | 1189888     |
| train/                  |             |
|    approx_kl            | 0.048420377 |
|    clip_fraction        | 0.351       |
|    clip_range           | 0.2         |
|    entropy_loss         | -15.8       |
|    explained_variance   | 0.91        |
|    learning_rate        | 0.0003      |
|    loss                 | 9.59        |
|    n_updates            | 8380        |
|    policy_gradient_loss | -0.0529     |
|    std                  | 1.84        |
|    value_loss           | 31.6        |
-----------------------------------------
-----------------------------------------
| manipularl/             |             |
|    collision_rate       | 0.28        |
|    grasp_curriculum     | 0.0148      |
|    grasp_failure_rate   | 0.718       |
|    insert_depth_mean    | 0           |
|    obstacle_range_hi    | 5           |
|    obstacle_range_lo    | 2           |
|    success_rate         | 0.59        |
| rollout/                |             |
|    ep_len_mean          | 123         |
|    ep_rew_mean          | 35.1        |
| time/                   |             |
|    fps                  | 433         |
|    iterations           | 167         |
|    time_elapsed         | 2759        |
|    total_timesteps      | 1197056     |
| train/                  |             |
|    approx_kl            | 0.060824666 |
|    clip_fraction        | 0.342       |
|    clip_range           | 0.2         |
|    entropy_loss         | -15.8       |
|    explained_variance   | 0.92        |
|    learning_rate        | 0.0003      |
|    loss                 | 2.91        |
|    n_updates            | 8390        |
|    policy_gradient_loss | -0.059      |
|    std                  | 1.84        |
|    value_loss           | 16.9        |
-----------------------------------------
-----------------------------------------
| manipularl/             |             |
|    collision_rate       | 0.26        |
|    grasp_curriculum     | 0.0128      |
|    grasp_failure_rate   | 0.721       |
|    insert_depth_mean    | 0           |
|    obstacle_range_hi    | 5           |
|    obstacle_range_lo    | 2           |
|    success_rate         | 0.57        |
| rollout/                |             |
|    ep_len_mean          | 133         |
|    ep_rew_mean          | 32.1        |
| time/                   |             |
|    fps                  | 433         |
|    iterations           | 168         |
|    time_elapsed         | 2774        |
|    total_timesteps      | 1204224     |
| train/                  |             |
|    approx_kl            | 0.048474554 |
|    clip_fraction        | 0.332       |
|    clip_range           | 0.2         |
|    entropy_loss         | -15.8       |
|    explained_variance   | 0.913       |
|    learning_rate        | 0.0003      |
|    loss                 | 5.76        |
|    n_updates            | 8400        |
|    policy_gradient_loss | -0.0544     |
|    std                  | 1.84        |
|    value_loss           | 23          |
-----------------------------------------
----------------------------------------
| manipularl/             |            |
|    collision_rate       | 0.24       |
|    grasp_curriculum     | 0.0108     |
|    grasp_failure_rate   | 0.725      |
|    insert_depth_mean    | 0          |
|    obstacle_range_hi    | 5          |
|    obstacle_range_lo    | 2          |
|    success_rate         | 0.58       |
| rollout/                |            |
|    ep_len_mean          | 138        |
|    ep_rew_mean          | 31.7       |
| time/                   |            |
|    fps                  | 433        |
|    iterations           | 169        |
|    time_elapsed         | 2791       |
|    total_timesteps      | 1211392    |
| train/                  |            |
|    approx_kl            | 0.05630614 |
|    clip_fraction        | 0.362      |
|    clip_range           | 0.2        |
|    entropy_loss         | -15.8      |
|    explained_variance   | 0.921      |
|    learning_rate        | 0.0003     |
|    loss                 | 3.01       |
|    n_updates            | 8410       |
|    policy_gradient_loss | -0.0577    |
|    std                  | 1.84       |
|    value_loss           | 16.1       |
----------------------------------------
----------------------------------------
| manipularl/             |            |
|    collision_rate       | 0.3        |
|    grasp_curriculum     | 0.0088     |
|    grasp_failure_rate   | 0.758      |
|    insert_depth_mean    | 0          |
|    obstacle_range_hi    | 5          |
|    obstacle_range_lo    | 2          |
|    success_rate         | 0.53       |
| rollout/                |            |
|    ep_len_mean          | 151        |
|    ep_rew_mean          | 27.2       |
| time/                   |            |
|    fps                  | 434        |
|    iterations           | 170        |
|    time_elapsed         | 2806       |
|    total_timesteps      | 1218560    |
| train/                  |            |
|    approx_kl            | 0.05758303 |
|    clip_fraction        | 0.394      |
|    clip_range           | 0.2        |
|    entropy_loss         | -15.8      |
|    explained_variance   | 0.908      |
|    learning_rate        | 0.0003     |
|    loss                 | 10.9       |
|    n_updates            | 8420       |
|    policy_gradient_loss | -0.0575    |
|    std                  | 1.84       |
|    value_loss           | 28.2       |
----------------------------------------
----------------------------------------
| manipularl/             |            |
|    collision_rate       | 0.27       |
|    grasp_curriculum     | 0.0068     |
|    grasp_failure_rate   | 0.738      |
|    insert_depth_mean    | 0          |
|    obstacle_range_hi    | 5          |
|    obstacle_range_lo    | 2          |
|    success_rate         | 0.53       |
| rollout/                |            |
|    ep_len_mean          | 160        |
|    ep_rew_mean          | 27.1       |
| time/                   |            |
|    fps                  | 434        |
|    iterations           | 171        |
|    time_elapsed         | 2821       |
|    total_timesteps      | 1225728    |
| train/                  |            |
|    approx_kl            | 0.05865776 |
|    clip_fraction        | 0.341      |
|    clip_range           | 0.2        |
|    entropy_loss         | -15.8      |
|    explained_variance   | 0.904      |
|    learning_rate        | 0.0003     |
|    loss                 | 2.05       |
|    n_updates            | 8430       |
|    policy_gradient_loss | -0.0559    |
|    std                  | 1.84       |
|    value_loss           | 12.6       |
----------------------------------------
----------------------------------------
| manipularl/             |            |
|    collision_rate       | 0.31       |
|    grasp_curriculum     | 0.00479    |
|    grasp_failure_rate   | 0.77       |
|    insert_depth_mean    | 0          |
|    obstacle_range_hi    | 5          |
|    obstacle_range_lo    | 2          |
|    success_rate         | 0.49       |
| rollout/                |            |
|    ep_len_mean          | 168        |
|    ep_rew_mean          | 25         |
| time/                   |            |
|    fps                  | 434        |
|    iterations           | 172        |
|    time_elapsed         | 2836       |
|    total_timesteps      | 1232896    |
| train/                  |            |
|    approx_kl            | 0.06140486 |
|    clip_fraction        | 0.386      |
|    clip_range           | 0.2        |
|    entropy_loss         | -15.9      |
|    explained_variance   | 0.915      |
|    learning_rate        | 0.0003     |
|    loss                 | 2.74       |
|    n_updates            | 8440       |
|    policy_gradient_loss | -0.0587    |
|    std                  | 1.85       |
|    value_loss           | 14.5       |
----------------------------------------
----------------------------------------
| manipularl/             |            |
|    collision_rate       | 0.33       |
|    grasp_curriculum     | 0.00278    |
|    grasp_failure_rate   | 0.738      |
|    insert_depth_mean    | 0          |
|    obstacle_range_hi    | 5          |
|    obstacle_range_lo    | 2          |
|    success_rate         | 0.47       |
| rollout/                |            |
|    ep_len_mean          | 179        |
|    ep_rew_mean          | 21.9       |
| time/                   |            |
|    fps                  | 435        |
|    iterations           | 173        |
|    time_elapsed         | 2850       |
|    total_timesteps      | 1240064    |
| train/                  |            |
|    approx_kl            | 0.06871319 |
|    clip_fraction        | 0.4        |
|    clip_range           | 0.2        |
|    entropy_loss         | -15.9      |
|    explained_variance   | 0.923      |
|    learning_rate        | 0.0003     |
|    loss                 | 4.61       |
|    n_updates            | 8450       |
|    policy_gradient_loss | -0.0557    |
|    std                  | 1.85       |
|    value_loss           | 14.9       |
----------------------------------------
----------------------------------------
| manipularl/             |            |
|    collision_rate       | 0.31       |
|    grasp_curriculum     | 0.000775   |
|    grasp_failure_rate   | 0.733      |
|    insert_depth_mean    | 0          |
|    obstacle_range_hi    | 5          |
|    obstacle_range_lo    | 2          |
|    success_rate         | 0.53       |
| rollout/                |            |
|    ep_len_mean          | 169        |
|    ep_rew_mean          | 26.1       |
| time/                   |            |
|    fps                  | 435        |
|    iterations           | 174        |
|    time_elapsed         | 2865       |
|    total_timesteps      | 1247232    |
| train/                  |            |
|    approx_kl            | 0.05661835 |
|    clip_fraction        | 0.383      |
|    clip_range           | 0.2        |
|    entropy_loss         | -15.9      |
|    explained_variance   | 0.908      |
|    learning_rate        | 0.0003     |
|    loss                 | 3.36       |
|    n_updates            | 8460       |
|    policy_gradient_loss | -0.057     |
|    std                  | 1.86       |
|    value_loss           | 19.7       |
----------------------------------------
Eval num_timesteps=1249990, episode_reward=3.83 +/- 98.41
Episode length: 178.65 +/- 142.43
----------------------------------------
| eval/                   |            |
|    mean_ep_length       | 179        |
|    mean_reward          | 3.83       |
| manipularl/             |            |
|    collision_rate       | 0.3        |
|    grasp_curriculum     | 6.72e-06   |
|    grasp_failure_rate   | 0.71       |
|    insert_depth_mean    | 0          |
|    obstacle_range_hi    | 5          |
|    obstacle_range_lo    | 2          |
|    success_rate         | 0.53       |
| time/                   |            |
|    total_timesteps      | 1249990    |
| train/                  |            |
|    approx_kl            | 0.07747699 |
|    clip_fraction        | 0.401      |
|    clip_range           | 0.2        |
|    entropy_loss         | -15.9      |
|    explained_variance   | 0.936      |
|    learning_rate        | 0.0003     |
|    loss                 | 3.45       |
|    n_updates            | 8470       |
|    policy_gradient_loss | -0.0577    |
|    std                  | 1.86       |
|    value_loss           | 13.3       |
----------------------------------------
------------------------------------
| manipularl/           |          |
|    collision_rate     | 0.34     |
|    grasp_curriculum   | 0        |
|    grasp_failure_rate | 0.727    |
|    insert_depth_mean  | 0        |
|    obstacle_range_hi  | 5        |
|    obstacle_range_lo  | 2        |
|    success_rate       | 0.52     |
| rollout/              |          |
|    ep_len_mean        | 174      |
|    ep_rew_mean        | 23.2     |
| time/                 |          |
|    fps                | 433      |
|    iterations         | 175      |
|    time_elapsed       | 2895     |
|    total_timesteps    | 1254400  |
------------------------------------
-----------------------------------------
| manipularl/             |             |
|    collision_rate       | 0.35        |
|    grasp_curriculum     | 0           |
|    grasp_failure_rate   | 0.733       |
|    insert_depth_mean    | 0           |
|    obstacle_range_hi    | 5           |
|    obstacle_range_lo    | 2           |
|    success_rate         | 0.46        |
| rollout/                |             |
|    ep_len_mean          | 197         |
|    ep_rew_mean          | 15.3        |
| time/                   |             |
|    fps                  | 432         |
|    iterations           | 176         |
|    time_elapsed         | 2915        |
|    total_timesteps      | 1261568     |
| train/                  |             |
|    approx_kl            | 0.067274764 |
|    clip_fraction        | 0.381       |
|    clip_range           | 0.2         |
|    entropy_loss         | -15.9       |
|    explained_variance   | 0.928       |
|    learning_rate        | 0.0003      |
|    loss                 | 1.5         |
|    n_updates            | 8480        |
|    policy_gradient_loss | -0.0572     |
|    std                  | 1.87        |
|    value_loss           | 9.67        |
-----------------------------------------
----------------------------------------
| manipularl/             |            |
|    collision_rate       | 0.42       |
|    grasp_curriculum     | 0          |
|    grasp_failure_rate   | 0.734      |
|    insert_depth_mean    | 0          |
|    obstacle_range_hi    | 5          |
|    obstacle_range_lo    | 2          |
|    success_rate         | 0.37       |
| rollout/                |            |
|    ep_len_mean          | 219        |
|    ep_rew_mean          | 6.39       |
| time/                   |            |
|    fps                  | 432        |
|    iterations           | 177        |
|    time_elapsed         | 2935       |
|    total_timesteps      | 1268736    |
| train/                  |            |
|    approx_kl            | 0.06129733 |
|    clip_fraction        | 0.396      |
|    clip_range           | 0.2        |
|    entropy_loss         | -15.9      |
|    explained_variance   | 0.886      |
|    learning_rate        | 0.0003     |
|    loss                 | 1.57       |
|    n_updates            | 8490       |
|    policy_gradient_loss | -0.0476    |
|    std                  | 1.87       |
|    value_loss           | 10.5       |
----------------------------------------
-----------------------------------------
| manipularl/             |             |
|    collision_rate       | 0.32        |
|    grasp_curriculum     | 0           |
|    grasp_failure_rate   | 0.732       |
|    insert_depth_mean    | 0           |
|    obstacle_range_hi    | 5           |
|    obstacle_range_lo    | 2           |
|    success_rate         | 0.45        |
| rollout/                |             |
|    ep_len_mean          | 184         |
|    ep_rew_mean          | 18.4        |
| time/                   |             |
|    fps                  | 431         |
|    iterations           | 178         |
|    time_elapsed         | 2956        |
|    total_timesteps      | 1275904     |
| train/                  |             |
|    approx_kl            | 0.053736795 |
|    clip_fraction        | 0.405       |
|    clip_range           | 0.2         |
|    entropy_loss         | -16         |
|    explained_variance   | 0.904       |
|    learning_rate        | 0.0003      |
|    loss                 | 2.36        |
|    n_updates            | 8500        |
|    policy_gradient_loss | -0.0491     |
|    std                  | 1.88        |
|    value_loss           | 13.4        |
-----------------------------------------
-----------------------------------------
| manipularl/             |             |
|    collision_rate       | 0.27        |
|    grasp_curriculum     | 0           |
|    grasp_failure_rate   | 0.711       |
|    insert_depth_mean    | 0           |
|    obstacle_range_hi    | 5           |
|    obstacle_range_lo    | 2           |
|    success_rate         | 0.52        |
| rollout/                |             |
|    ep_len_mean          | 163         |
|    ep_rew_mean          | 29.1        |
| time/                   |             |
|    fps                  | 431         |
|    iterations           | 179         |
|    time_elapsed         | 2976        |
|    total_timesteps      | 1283072     |
| train/                  |             |
|    approx_kl            | 0.051273305 |
|    clip_fraction        | 0.36        |
|    clip_range           | 0.2         |
|    entropy_loss         | -16         |
|    explained_variance   | 0.903       |
|    learning_rate        | 0.0003      |
|    loss                 | 4.12        |
|    n_updates            | 8510        |
|    policy_gradient_loss | -0.0492     |
|    std                  | 1.88        |
|    value_loss           | 20.4        |
-----------------------------------------
----------------------------------------
| manipularl/             |            |
|    collision_rate       | 0.31       |
|    grasp_curriculum     | 0          |
|    grasp_failure_rate   | 0.709      |
|    insert_depth_mean    | 0          |
|    obstacle_range_hi    | 5          |
|    obstacle_range_lo    | 2          |
|    success_rate         | 0.46       |
| rollout/                |            |
|    ep_len_mean          | 185        |
|    ep_rew_mean          | 23.1       |
| time/                   |            |
|    fps                  | 430        |
|    iterations           | 180        |
|    time_elapsed         | 2994       |
|    total_timesteps      | 1290240    |
| train/                  |            |
|    approx_kl            | 0.07421376 |
|    clip_fraction        | 0.37       |
|    clip_range           | 0.2        |
|    entropy_loss         | -16        |
|    explained_variance   | 0.939      |
|    learning_rate        | 0.0003     |
|    loss                 | 2.01       |
|    n_updates            | 8520       |
|    policy_gradient_loss | -0.0486    |
|    std                  | 1.89       |
|    value_loss           | 8.94       |
----------------------------------------
-----------------------------------------
| manipularl/             |             |
|    collision_rate       | 0.35        |
|    grasp_curriculum     | 0           |
|    grasp_failure_rate   | 0.731       |
|    insert_depth_mean    | 0           |
|    obstacle_range_hi    | 5           |
|    obstacle_range_lo    | 2           |
|    success_rate         | 0.42        |
| rollout/                |             |
|    ep_len_mean          | 200         |
|    ep_rew_mean          | 16.9        |
| time/                   |             |
|    fps                  | 430         |
|    iterations           | 181         |
|    time_elapsed         | 3013        |
|    total_timesteps      | 1297408     |
| train/                  |             |
|    approx_kl            | 0.047404718 |
|    clip_fraction        | 0.329       |
|    clip_range           | 0.2         |
|    entropy_loss         | -16         |
|    explained_variance   | 0.904       |
|    learning_rate        | 0.0003      |
|    loss                 | 3.13        |
|    n_updates            | 8530        |
|    policy_gradient_loss | -0.0511     |
|    std                  | 1.89        |
|    value_loss           | 13.8        |
-----------------------------------------
-----------------------------------------
| manipularl/             |             |
|    collision_rate       | 0.25        |
|    grasp_curriculum     | 0           |
|    grasp_failure_rate   | 0.738       |
|    insert_depth_mean    | 0           |
|    obstacle_range_hi    | 5           |
|    obstacle_range_lo    | 2           |
|    success_rate         | 0.57        |
| rollout/                |             |
|    ep_len_mean          | 151         |
|    ep_rew_mean          | 30.3        |
| time/                   |             |
|    fps                  | 430         |
|    iterations           | 182         |
|    time_elapsed         | 3031        |
|    total_timesteps      | 1304576     |
| train/                  |             |
|    approx_kl            | 0.060036756 |
|    clip_fraction        | 0.394       |
|    clip_range           | 0.2         |
|    entropy_loss         | -16         |
|    explained_variance   | 0.94        |
|    learning_rate        | 0.0003      |
|    loss                 | 2.16        |
|    n_updates            | 8540        |
|    policy_gradient_loss | -0.0557     |
|    std                  | 1.9         |
|    value_loss           | 12.5        |
-----------------------------------------
-----------------------------------------
| manipularl/             |             |
|    collision_rate       | 0.3         |
|    grasp_curriculum     | 0           |
|    grasp_failure_rate   | 0.761       |
|    insert_depth_mean    | 0           |
|    obstacle_range_hi    | 5           |
|    obstacle_range_lo    | 2           |
|    success_rate         | 0.57        |
| rollout/                |             |
|    ep_len_mean          | 140         |
|    ep_rew_mean          | 32.1        |
| time/                   |             |
|    fps                  | 429         |
|    iterations           | 183         |
|    time_elapsed         | 3051        |
|    total_timesteps      | 1311744     |
| train/                  |             |
|    approx_kl            | 0.039875478 |
|    clip_fraction        | 0.31        |
|    clip_range           | 0.2         |
|    entropy_loss         | -16.1       |
|    explained_variance   | 0.888       |
|    learning_rate        | 0.0003      |
|    loss                 | 8.02        |
|    n_updates            | 8550        |
|    policy_gradient_loss | -0.055      |
|    std                  | 1.9         |
|    value_loss           | 27.5        |
-----------------------------------------
-----------------------------------------
| manipularl/             |             |
|    collision_rate       | 0.37        |
|    grasp_curriculum     | 0           |
|    grasp_failure_rate   | 0.761       |
|    insert_depth_mean    | 0           |
|    obstacle_range_hi    | 5           |
|    obstacle_range_lo    | 2           |
|    success_rate         | 0.45        |
| rollout/                |             |
|    ep_len_mean          | 174         |
|    ep_rew_mean          | 22.2        |
| time/                   |             |
|    fps                  | 429         |
|    iterations           | 184         |
|    time_elapsed         | 3071        |
|    total_timesteps      | 1318912     |
| train/                  |             |
|    approx_kl            | 0.043640874 |
|    clip_fraction        | 0.308       |
|    clip_range           | 0.2         |
|    entropy_loss         | -16.1       |
|    explained_variance   | 0.903       |
|    learning_rate        | 0.0003      |
|    loss                 | 4.11        |
|    n_updates            | 8560        |
|    policy_gradient_loss | -0.0563     |
|    std                  | 1.9         |
|    value_loss           | 18.9        |
-----------------------------------------
----------------------------------------
| manipularl/             |            |
|    collision_rate       | 0.35       |
|    grasp_curriculum     | 0          |
|    grasp_failure_rate   | 0.732      |
|    insert_depth_mean    | 0          |
|    obstacle_range_hi    | 5          |
|    obstacle_range_lo    | 2          |
|    success_rate         | 0.44       |
| rollout/                |            |
|    ep_len_mean          | 188        |
|    ep_rew_mean          | 19.1       |
| time/                   |            |
|    fps                  | 428        |
|    iterations           | 185        |
|    time_elapsed         | 3095       |
|    total_timesteps      | 1326080    |
| train/                  |            |
|    approx_kl            | 0.04862834 |
|    clip_fraction        | 0.34       |
|    clip_range           | 0.2        |
|    entropy_loss         | -16.1      |
|    explained_variance   | 0.904      |
|    learning_rate        | 0.0003     |
|    loss                 | 4.21       |
|    n_updates            | 8570       |
|    policy_gradient_loss | -0.0526    |
|    std                  | 1.91       |
|    value_loss           | 15.3       |
----------------------------------------
-----------------------------------------
| manipularl/             |             |
|    collision_rate       | 0.35        |
|    grasp_curriculum     | 0           |
|    grasp_failure_rate   | 0.717       |
|    insert_depth_mean    | 0           |
|    obstacle_range_hi    | 5           |
|    obstacle_range_lo    | 2           |
|    success_rate         | 0.47        |
| rollout/                |             |
|    ep_len_mean          | 178         |
|    ep_rew_mean          | 23.7        |
| time/                   |             |
|    fps                  | 428         |
|    iterations           | 186         |
|    time_elapsed         | 3111        |
|    total_timesteps      | 1333248     |
| train/                  |             |
|    approx_kl            | 0.049215868 |
|    clip_fraction        | 0.333       |
|    clip_range           | 0.2         |
|    entropy_loss         | -16.1       |
|    explained_variance   | 0.915       |
|    learning_rate        | 0.0003      |
|    loss                 | 2.31        |
|    n_updates            | 8580        |
|    policy_gradient_loss | -0.0493     |
|    std                  | 1.91        |
|    value_loss           | 12.9        |
-----------------------------------------
-----------------------------------------
| manipularl/             |             |
|    collision_rate       | 0.31        |
|    grasp_curriculum     | 0           |
|    grasp_failure_rate   | 0.716       |
|    insert_depth_mean    | 0           |
|    obstacle_range_hi    | 5           |
|    obstacle_range_lo    | 2           |
|    success_rate         | 0.58        |
| rollout/                |             |
|    ep_len_mean          | 149         |
|    ep_rew_mean          | 33.5        |
| time/                   |             |
|    fps                  | 428         |
|    iterations           | 187         |
|    time_elapsed         | 3126        |
|    total_timesteps      | 1340416     |
| train/                  |             |
|    approx_kl            | 0.043606102 |
|    clip_fraction        | 0.319       |
|    clip_range           | 0.2         |
|    entropy_loss         | -16.1       |
|    explained_variance   | 0.891       |
|    learning_rate        | 0.0003      |
|    loss                 | 4.67        |
|    n_updates            | 8590        |
|    policy_gradient_loss | -0.0527     |
|    std                  | 1.92        |
|    value_loss           | 21          |
-----------------------------------------
----------------------------------------
| manipularl/             |            |
|    collision_rate       | 0.35       |
|    grasp_curriculum     | 0          |
|    grasp_failure_rate   | 0.726      |
|    insert_depth_mean    | 0          |
|    obstacle_range_hi    | 5          |
|    obstacle_range_lo    | 2          |
|    success_rate         | 0.56       |
| rollout/                |            |
|    ep_len_mean          | 146        |
|    ep_rew_mean          | 29         |
| time/                   |            |
|    fps                  | 428        |
|    iterations           | 188        |
|    time_elapsed         | 3142       |
|    total_timesteps      | 1347584    |
| train/                  |            |
|    approx_kl            | 0.04125634 |
|    clip_fraction        | 0.317      |
|    clip_range           | 0.2        |
|    entropy_loss         | -16.1      |
|    explained_variance   | 0.88       |
|    learning_rate        | 0.0003     |
|    loss                 | 8          |
|    n_updates            | 8600       |
|    policy_gradient_loss | -0.0538    |
|    std                  | 1.93       |
|    value_loss           | 26.4       |
----------------------------------------
----------------------------------------
| manipularl/             |            |
|    collision_rate       | 0.38       |
|    grasp_curriculum     | 0          |
|    grasp_failure_rate   | 0.742      |
|    insert_depth_mean    | 0          |
|    obstacle_range_hi    | 5          |
|    obstacle_range_lo    | 2          |
|    success_rate         | 0.49       |
| rollout/                |            |
|    ep_len_mean          | 165        |
|    ep_rew_mean          | 19         |
| time/                   |            |
|    fps                  | 429        |
|    iterations           | 189        |
|    time_elapsed         | 3156       |
|    total_timesteps      | 1354752    |
| train/                  |            |
|    approx_kl            | 0.03986474 |
|    clip_fraction        | 0.276      |
|    clip_range           | 0.2        |
|    entropy_loss         | -16.2      |
|    explained_variance   | 0.901      |
|    learning_rate        | 0.0003     |
|    loss                 | 3.84       |
|    n_updates            | 8610       |
|    policy_gradient_loss | -0.0553    |
|    std                  | 1.93       |
|    value_loss           | 20.4       |
----------------------------------------
----------------------------------------
| manipularl/             |            |
|    collision_rate       | 0.36       |
|    grasp_curriculum     | 0          |
|    grasp_failure_rate   | 0.731      |
|    insert_depth_mean    | 0          |
|    obstacle_range_hi    | 5          |
|    obstacle_range_lo    | 2          |
|    success_rate         | 0.47       |
| rollout/                |            |
|    ep_len_mean          | 176        |
|    ep_rew_mean          | 15.3       |
| time/                   |            |
|    fps                  | 429        |
|    iterations           | 190        |
|    time_elapsed         | 3172       |
|    total_timesteps      | 1361920    |
| train/                  |            |
|    approx_kl            | 0.03463669 |
|    clip_fraction        | 0.271      |
|    clip_range           | 0.2        |
|    entropy_loss         | -16.2      |
|    explained_variance   | 0.875      |
|    learning_rate        | 0.0003     |
|    loss                 | 3.86       |
|    n_updates            | 8620       |
|    policy_gradient_loss | -0.0498    |
|    std                  | 1.93       |
|    value_loss           | 23.2       |
----------------------------------------
----------------------------------------
| manipularl/             |            |
|    collision_rate       | 0.32       |
|    grasp_curriculum     | 0          |
|    grasp_failure_rate   | 0.756      |
|    insert_depth_mean    | 0          |
|    obstacle_range_hi    | 5          |
|    obstacle_range_lo    | 2          |
|    success_rate         | 0.57       |
| rollout/                |            |
|    ep_len_mean          | 142        |
|    ep_rew_mean          | 27.5       |
| time/                   |            |
|    fps                  | 429        |
|    iterations           | 191        |
|    time_elapsed         | 3187       |
|    total_timesteps      | 1369088    |
| train/                  |            |
|    approx_kl            | 0.03523788 |
|    clip_fraction        | 0.29       |
|    clip_range           | 0.2        |
|    entropy_loss         | -16.2      |
|    explained_variance   | 0.858      |
|    learning_rate        | 0.0003     |
|    loss                 | 7.19       |
|    n_updates            | 8630       |
|    policy_gradient_loss | -0.0448    |
|    std                  | 1.94       |
|    value_loss           | 30.5       |
----------------------------------------
-----------------------------------------
| manipularl/             |             |
|    collision_rate       | 0.38        |
|    grasp_curriculum     | 0           |
|    grasp_failure_rate   | 0.79        |
|    insert_depth_mean    | 0           |
|    obstacle_range_hi    | 5           |
|    obstacle_range_lo    | 2           |
|    success_rate         | 0.55        |
| rollout/                |             |
|    ep_len_mean          | 126         |
|    ep_rew_mean          | 26.8        |
| time/                   |             |
|    fps                  | 429         |
|    iterations           | 192         |
|    time_elapsed         | 3202        |
|    total_timesteps      | 1376256     |
| train/                  |             |
|    approx_kl            | 0.040531855 |
|    clip_fraction        | 0.293       |
|    clip_range           | 0.2         |
|    entropy_loss         | -16.2       |
|    explained_variance   | 0.867       |
|    learning_rate        | 0.0003      |
|    loss                 | 8.11        |
|    n_updates            | 8640        |
|    policy_gradient_loss | -0.0573     |
|    std                  | 1.94        |
|    value_loss           | 26.1        |
-----------------------------------------
-----------------------------------------
| manipularl/             |             |
|    collision_rate       | 0.4         |
|    grasp_curriculum     | 0           |
|    grasp_failure_rate   | 0.771       |
|    insert_depth_mean    | 0           |
|    obstacle_range_hi    | 5           |
|    obstacle_range_lo    | 2           |
|    success_rate         | 0.48        |
| rollout/                |             |
|    ep_len_mean          | 161         |
|    ep_rew_mean          | 19          |
| time/                   |             |
|    fps                  | 429         |
|    iterations           | 193         |
|    time_elapsed         | 3218        |
|    total_timesteps      | 1383424     |
| train/                  |             |
|    approx_kl            | 0.043624338 |
|    clip_fraction        | 0.279       |
|    clip_range           | 0.2         |
|    entropy_loss         | -16.2       |
|    explained_variance   | 0.884       |
|    learning_rate        | 0.0003      |
|    loss                 | 4.19        |
|    n_updates            | 8650        |
|    policy_gradient_loss | -0.0565     |
|    std                  | 1.94        |
|    value_loss           | 23.5        |
-----------------------------------------
-----------------------------------------
| manipularl/             |             |
|    collision_rate       | 0.38        |
|    grasp_curriculum     | 0           |
|    grasp_failure_rate   | 0.742       |
|    insert_depth_mean    | 0           |
|    obstacle_range_hi    | 5           |
|    obstacle_range_lo    | 2           |
|    success_rate         | 0.5         |
| rollout/                |             |
|    ep_len_mean          | 171         |
|    ep_rew_mean          | 19.4        |
| time/                   |             |
|    fps                  | 430         |
|    iterations           | 194         |
|    time_elapsed         | 3233        |
|    total_timesteps      | 1390592     |
| train/                  |             |
|    approx_kl            | 0.053949345 |
|    clip_fraction        | 0.354       |
|    clip_range           | 0.2         |
|    entropy_loss         | -16.2       |
|    explained_variance   | 0.931       |
|    learning_rate        | 0.0003      |
|    loss                 | 2.53        |
|    n_updates            | 8660        |
|    policy_gradient_loss | -0.0532     |
|    std                  | 1.94        |
|    value_loss           | 11.9        |
-----------------------------------------
-----------------------------------------
| manipularl/             |             |
|    collision_rate       | 0.3         |
|    grasp_curriculum     | 0           |
|    grasp_failure_rate   | 0.731       |
|    insert_depth_mean    | 0           |
|    obstacle_range_hi    | 5           |
|    obstacle_range_lo    | 2           |
|    success_rate         | 0.62        |
| rollout/                |             |
|    ep_len_mean          | 134         |
|    ep_rew_mean          | 33.1        |
| time/                   |             |
|    fps                  | 430         |
|    iterations           | 195         |
|    time_elapsed         | 3247        |
|    total_timesteps      | 1397760     |
| train/                  |             |
|    approx_kl            | 0.045141257 |
|    clip_fraction        | 0.339       |
|    clip_range           | 0.2         |
|    entropy_loss         | -16.2       |
|    explained_variance   | 0.906       |
|    learning_rate        | 0.0003      |
|    loss                 | 4.57        |
|    n_updates            | 8670        |
|    policy_gradient_loss | -0.0568     |
|    std                  | 1.94        |
|    value_loss           | 20.4        |
-----------------------------------------
----------------------------------------
| manipularl/             |            |
|    collision_rate       | 0.25       |
|    grasp_curriculum     | 0          |
|    grasp_failure_rate   | 0.728      |
|    insert_depth_mean    | 0          |
|    obstacle_range_hi    | 5          |
|    obstacle_range_lo    | 2          |
|    success_rate         | 0.63       |
| rollout/                |            |
|    ep_len_mean          | 143        |
|    ep_rew_mean          | 33.4       |
| time/                   |            |
|    fps                  | 430        |
|    iterations           | 196        |
|    time_elapsed         | 3261       |
|    total_timesteps      | 1404928    |
| train/                  |            |
|    approx_kl            | 0.03634859 |
|    clip_fraction        | 0.295      |
|    clip_range           | 0.2        |
|    entropy_loss         | -16.2      |
|    explained_variance   | 0.873      |
|    learning_rate        | 0.0003     |
|    loss                 | 8.91       |
|    n_updates            | 8680       |
|    policy_gradient_loss | -0.0548    |
|    std                  | 1.94       |
|    value_loss           | 32.4       |
----------------------------------------
----------------------------------------
| manipularl/             |            |
|    collision_rate       | 0.26       |
|    grasp_curriculum     | 0          |
|    grasp_failure_rate   | 0.748      |
|    insert_depth_mean    | 0          |
|    obstacle_range_hi    | 5          |
|    obstacle_range_lo    | 2          |
|    success_rate         | 0.57       |
| rollout/                |            |
|    ep_len_mean          | 167        |
|    ep_rew_mean          | 28.6       |
| time/                   |            |
|    fps                  | 430        |
|    iterations           | 197        |
|    time_elapsed         | 3276       |
|    total_timesteps      | 1412096    |
| train/                  |            |
|    approx_kl            | 0.04087127 |
|    clip_fraction        | 0.288      |
|    clip_range           | 0.2        |
|    entropy_loss         | -16.2      |
|    explained_variance   | 0.914      |
|    learning_rate        | 0.0003     |
|    loss                 | 5.16       |
|    n_updates            | 8690       |
|    policy_gradient_loss | -0.0578    |
|    std                  | 1.94       |
|    value_loss           | 20.1       |
----------------------------------------
-----------------------------------------
| manipularl/             |             |
|    collision_rate       | 0.33        |
|    grasp_curriculum     | 0           |
|    grasp_failure_rate   | 0.768       |
|    insert_depth_mean    | 0           |
|    obstacle_range_hi    | 5           |
|    obstacle_range_lo    | 2           |
|    success_rate         | 0.51        |
| rollout/                |             |
|    ep_len_mean          | 167         |
|    ep_rew_mean          | 25.8        |
| time/                   |             |
|    fps                  | 431         |
|    iterations           | 198         |
|    time_elapsed         | 3291        |
|    total_timesteps      | 1419264     |
| train/                  |             |
|    approx_kl            | 0.040454116 |
|    clip_fraction        | 0.291       |
|    clip_range           | 0.2         |
|    entropy_loss         | -16.2       |
|    explained_variance   | 0.86        |
|    learning_rate        | 0.0003      |
|    loss                 | 4.36        |
|    n_updates            | 8700        |
|    policy_gradient_loss | -0.0519     |
|    std                  | 1.94        |
|    value_loss           | 22.6        |
-----------------------------------------
-----------------------------------------
| manipularl/             |             |
|    collision_rate       | 0.36        |
|    grasp_curriculum     | 0           |
|    grasp_failure_rate   | 0.788       |
|    insert_depth_mean    | 0           |
|    obstacle_range_hi    | 5           |
|    obstacle_range_lo    | 2           |
|    success_rate         | 0.41        |
| rollout/                |             |
|    ep_len_mean          | 186         |
|    ep_rew_mean          | 16.1        |
| time/                   |             |
|    fps                  | 431         |
|    iterations           | 199         |
|    time_elapsed         | 3307        |
|    total_timesteps      | 1426432     |
| train/                  |             |
|    approx_kl            | 0.043888602 |
|    clip_fraction        | 0.302       |
|    clip_range           | 0.2         |
|    entropy_loss         | -16.2       |
|    explained_variance   | 0.902       |
|    learning_rate        | 0.0003      |
|    loss                 | 5.89        |
|    n_updates            | 8710        |
|    policy_gradient_loss | -0.0537     |
|    std                  | 1.95        |
|    value_loss           | 19.5        |
-----------------------------------------
-----------------------------------------
| manipularl/             |             |
|    collision_rate       | 0.29        |
|    grasp_curriculum     | 0           |
|    grasp_failure_rate   | 0.786       |
|    insert_depth_mean    | 0           |
|    obstacle_range_hi    | 5           |
|    obstacle_range_lo    | 2           |
|    success_rate         | 0.49        |
| rollout/                |             |
|    ep_len_mean          | 171         |
|    ep_rew_mean          | 21.9        |
| time/                   |             |
|    fps                  | 431         |
|    iterations           | 200         |
|    time_elapsed         | 3323        |
|    total_timesteps      | 1433600     |
| train/                  |             |
|    approx_kl            | 0.046099223 |
|    clip_fraction        | 0.313       |
|    clip_range           | 0.2         |
|    entropy_loss         | -16.3       |
|    explained_variance   | 0.855       |
|    learning_rate        | 0.0003      |
|    loss                 | 4.42        |
|    n_updates            | 8720        |
|    policy_gradient_loss | -0.0519     |
|    std                  | 1.95        |
|    value_loss           | 19.4        |
-----------------------------------------
----------------------------------------
| manipularl/             |            |
|    collision_rate       | 0.27       |
|    grasp_curriculum     | 0          |
|    grasp_failure_rate   | 0.776      |
|    insert_depth_mean    | 0          |
|    obstacle_range_hi    | 5          |
|    obstacle_range_lo    | 2          |
|    success_rate         | 0.54       |
| rollout/                |            |
|    ep_len_mean          | 154        |
|    ep_rew_mean          | 27.7       |
| time/                   |            |
|    fps                  | 431        |
|    iterations           | 201        |
|    time_elapsed         | 3337       |
|    total_timesteps      | 1440768    |
| train/                  |            |
|    approx_kl            | 0.04690788 |
|    clip_fraction        | 0.365      |
|    clip_range           | 0.2        |
|    entropy_loss         | -16.3      |
|    explained_variance   | 0.912      |
|    learning_rate        | 0.0003     |
|    loss                 | 3.99       |
|    n_updates            | 8730       |
|    policy_gradient_loss | -0.0564    |
|    std                  | 1.96       |
|    value_loss           | 19.3       |
----------------------------------------
-----------------------------------------
| manipularl/             |             |
|    collision_rate       | 0.29        |
|    grasp_curriculum     | 0           |
|    grasp_failure_rate   | 0.747       |
|    insert_depth_mean    | 0           |
|    obstacle_range_hi    | 5           |
|    obstacle_range_lo    | 2           |
|    success_rate         | 0.48        |
| rollout/                |             |
|    ep_len_mean          | 175         |
|    ep_rew_mean          | 19.5        |
| time/                   |             |
|    fps                  | 431         |
|    iterations           | 202         |
|    time_elapsed         | 3354        |
|    total_timesteps      | 1447936     |
| train/                  |             |
|    approx_kl            | 0.040829834 |
|    clip_fraction        | 0.297       |
|    clip_range           | 0.2         |
|    entropy_loss         | -16.3       |
|    explained_variance   | 0.891       |
|    learning_rate        | 0.0003      |
|    loss                 | 5.2         |
|    n_updates            | 8740        |
|    policy_gradient_loss | -0.0528     |
|    std                  | 1.96        |
|    value_loss           | 22.7        |
-----------------------------------------
-----------------------------------------
| manipularl/             |             |
|    collision_rate       | 0.31        |
|    grasp_curriculum     | 0           |
|    grasp_failure_rate   | 0.728       |
|    insert_depth_mean    | 0           |
|    obstacle_range_hi    | 5           |
|    obstacle_range_lo    | 2           |
|    success_rate         | 0.47        |
| rollout/                |             |
|    ep_len_mean          | 198         |
|    ep_rew_mean          | 13.8        |
| time/                   |             |
|    fps                  | 431         |
|    iterations           | 203         |
|    time_elapsed         | 3370        |
|    total_timesteps      | 1455104     |
| train/                  |             |
|    approx_kl            | 0.065273374 |
|    clip_fraction        | 0.266       |
|    clip_range           | 0.2         |
|    entropy_loss         | -16.3       |
|    explained_variance   | 0.865       |
|    learning_rate        | 0.0003      |
|    loss                 | 2.28        |
|    n_updates            | 8750        |
|    policy_gradient_loss | -0.0463     |
|    std                  | 1.96        |
|    value_loss           | 11.7        |
-----------------------------------------
----------------------------------------
| manipularl/             |            |
|    collision_rate       | 0.33       |
|    grasp_curriculum     | 0          |
|    grasp_failure_rate   | 0.721      |
|    insert_depth_mean    | 0          |
|    obstacle_range_hi    | 5          |
|    obstacle_range_lo    | 2          |
|    success_rate         | 0.47       |
| rollout/                |            |
|    ep_len_mean          | 203        |
|    ep_rew_mean          | 10.7       |
| time/                   |            |
|    fps                  | 431        |
|    iterations           | 204        |
|    time_elapsed         | 3388       |
|    total_timesteps      | 1462272    |
| train/                  |            |
|    approx_kl            | 0.06363536 |
|    clip_fraction        | 0.416      |
|    clip_range           | 0.2        |
|    entropy_loss         | -16.3      |
|    explained_variance   | 0.933      |
|    learning_rate        | 0.0003     |
|    loss                 | 2.29       |
|    n_updates            | 8760       |
|    policy_gradient_loss | -0.05      |
|    std                  | 1.97       |
|    value_loss           | 10.4       |
----------------------------------------
-----------------------------------------
| manipularl/             |             |
|    collision_rate       | 0.25        |
|    grasp_curriculum     | 0           |
|    grasp_failure_rate   | 0.724       |
|    insert_depth_mean    | 0           |
|    obstacle_range_hi    | 5           |
|    obstacle_range_lo    | 2           |
|    success_rate         | 0.6         |
| rollout/                |             |
|    ep_len_mean          | 150         |
|    ep_rew_mean          | 30.1        |
| time/                   |             |
|    fps                  | 431         |
|    iterations           | 205         |
|    time_elapsed         | 3405        |
|    total_timesteps      | 1469440     |
| train/                  |             |
|    approx_kl            | 0.047865104 |
|    clip_fraction        | 0.359       |
|    clip_range           | 0.2         |
|    entropy_loss         | -16.3       |
|    explained_variance   | 0.924       |
|    learning_rate        | 0.0003      |
|    loss                 | 4.34        |
|    n_updates            | 8770        |
|    policy_gradient_loss | -0.0466     |
|    std                  | 1.97        |
|    value_loss           | 17.8        |
-----------------------------------------
---------------------------------------
| manipularl/             |           |
|    collision_rate       | 0.25      |
|    grasp_curriculum     | 0         |
|    grasp_failure_rate   | 0.733     |
|    insert_depth_mean    | 0         |
|    obstacle_range_hi    | 5         |
|    obstacle_range_lo    | 2         |
|    success_rate         | 0.61      |
| rollout/                |           |
|    ep_len_mean          | 152       |
|    ep_rew_mean          | 28        |
| time/                   |           |
|    fps                  | 431       |
|    iterations           | 206       |
|    time_elapsed         | 3421      |
|    total_timesteps      | 1476608   |
| train/                  |           |
|    approx_kl            | 0.0428621 |
|    clip_fraction        | 0.311     |
|    clip_range           | 0.2       |
|    entropy_loss         | -16.3     |
|    explained_variance   | 0.898     |
|    learning_rate        | 0.0003    |
|    loss                 | 11        |
|    n_updates            | 8780      |
|    policy_gradient_loss | -0.0518   |
|    std                  | 1.98      |
|    value_loss           | 26.5      |
---------------------------------------
-----------------------------------------
| manipularl/             |             |
|    collision_rate       | 0.27        |
|    grasp_curriculum     | 0           |
|    grasp_failure_rate   | 0.742       |
|    insert_depth_mean    | 0           |
|    obstacle_range_hi    | 5           |
|    obstacle_range_lo    | 2           |
|    success_rate         | 0.6         |
| rollout/                |             |
|    ep_len_mean          | 149         |
|    ep_rew_mean          | 27.7        |
| time/                   |             |
|    fps                  | 431         |
|    iterations           | 207         |
|    time_elapsed         | 3438        |
|    total_timesteps      | 1483776     |
| train/                  |             |
|    approx_kl            | 0.039276667 |
|    clip_fraction        | 0.257       |
|    clip_range           | 0.2         |
|    entropy_loss         | -16.4       |
|    explained_variance   | 0.876       |
|    learning_rate        | 0.0003      |
|    loss                 | 6.22        |
|    n_updates            | 8790        |
|    policy_gradient_loss | -0.047      |
|    std                  | 1.98        |
|    value_loss           | 27.9        |
-----------------------------------------
-----------------------------------------
| manipularl/             |             |
|    collision_rate       | 0.25        |
|    grasp_curriculum     | 0           |
|    grasp_failure_rate   | 0.753       |
|    insert_depth_mean    | 0           |
|    obstacle_range_hi    | 5           |
|    obstacle_range_lo    | 2           |
|    success_rate         | 0.59        |
| rollout/                |             |
|    ep_len_mean          | 143         |
|    ep_rew_mean          | 30.4        |
| time/                   |             |
|    fps                  | 431         |
|    iterations           | 208         |
|    time_elapsed         | 3453        |
|    total_timesteps      | 1490944     |
| train/                  |             |
|    approx_kl            | 0.058319163 |
|    clip_fraction        | 0.36        |
|    clip_range           | 0.2         |
|    entropy_loss         | -16.4       |
|    explained_variance   | 0.923       |
|    learning_rate        | 0.0003      |
|    loss                 | 4.95        |
|    n_updates            | 8800        |
|    policy_gradient_loss | -0.0571     |
|    std                  | 1.99        |
|    value_loss           | 16.4        |
-----------------------------------------
-----------------------------------------
| manipularl/             |             |
|    collision_rate       | 0.27        |
|    grasp_curriculum     | 0           |
|    grasp_failure_rate   | 0.755       |
|    insert_depth_mean    | 0           |
|    obstacle_range_hi    | 5           |
|    obstacle_range_lo    | 2           |
|    success_rate         | 0.58        |
| rollout/                |             |
|    ep_len_mean          | 146         |
|    ep_rew_mean          | 26          |
| time/                   |             |
|    fps                  | 431         |
|    iterations           | 209         |
|    time_elapsed         | 3470        |
|    total_timesteps      | 1498112     |
| train/                  |             |
|    approx_kl            | 0.037676625 |
|    clip_fraction        | 0.272       |
|    clip_range           | 0.2         |
|    entropy_loss         | -16.4       |
|    explained_variance   | 0.892       |
|    learning_rate        | 0.0003      |
|    loss                 | 7.36        |
|    n_updates            | 8810        |
|    policy_gradient_loss | -0.049      |
|    std                  | 1.99        |
|    value_loss           | 29.1        |
-----------------------------------------
Eval num_timesteps=1499988, episode_reward=35.30 +/- 50.09
Episode length: 147.90 +/- 133.68
----------------------------------------
| eval/                   |            |
|    mean_ep_length       | 148        |
|    mean_reward          | 35.3       |
| manipularl/             |            |
|    collision_rate       | 0.27       |
|    grasp_curriculum     | 0          |
|    grasp_failure_rate   | 0.755      |
|    insert_depth_mean    | 0          |
|    obstacle_range_hi    | 5          |
|    obstacle_range_lo    | 2          |
|    success_rate         | 0.56       |
| time/                   |            |
|    total_timesteps      | 1499988    |
| train/                  |            |
|    approx_kl            | 0.04476221 |
|    clip_fraction        | 0.307      |
|    clip_range           | 0.2        |
|    entropy_loss         | -16.4      |
|    explained_variance   | 0.912      |
|    learning_rate        | 0.0003     |
|    loss                 | 5.69       |
|    n_updates            | 8820       |
|    policy_gradient_loss | -0.0575    |
|    std                  | 1.99       |
|    value_loss           | 21.9       |
----------------------------------------
New best mean reward!
------------------------------------
| manipularl/           |          |
|    collision_rate     | 0.27     |
|    grasp_curriculum   | 0        |
|    grasp_failure_rate | 0.733    |
|    insert_depth_mean  | 0        |
|    obstacle_range_hi  | 5        |
|    obstacle_range_lo  | 2        |
|    success_rate       | 0.56     |
| rollout/              |          |
|    ep_len_mean        | 153      |
|    ep_rew_mean        | 24.1     |
| time/                 |          |
|    fps                | 430      |
|    iterations         | 210      |
|    time_elapsed       | 3497     |
|    total_timesteps    | 1505280  |
------------------------------------
-----------------------------------------
| manipularl/             |             |
|    collision_rate       | 0.28        |
|    grasp_curriculum     | 0           |
|    grasp_failure_rate   | 0.741       |
|    insert_depth_mean    | 0           |
|    obstacle_range_hi    | 5           |
|    obstacle_range_lo    | 2           |
|    success_rate         | 0.61        |
| rollout/                |             |
|    ep_len_mean          | 136         |
|    ep_rew_mean          | 28.6        |
| time/                   |             |
|    fps                  | 430         |
|    iterations           | 211         |
|    time_elapsed         | 3513        |
|    total_timesteps      | 1512448     |
| train/                  |             |
|    approx_kl            | 0.049398325 |
|    clip_fraction        | 0.319       |
|    clip_range           | 0.2         |
|    entropy_loss         | -16.4       |
|    explained_variance   | 0.899       |
|    learning_rate        | 0.0003      |
|    loss                 | 10.7        |
|    n_updates            | 8830        |
|    policy_gradient_loss | -0.0503     |
|    std                  | 1.99        |
|    value_loss           | 33.5        |
-----------------------------------------
----------------------------------------
| manipularl/             |            |
|    collision_rate       | 0.24       |
|    grasp_curriculum     | 0          |
|    grasp_failure_rate   | 0.756      |
|    insert_depth_mean    | 0          |
|    obstacle_range_hi    | 5          |
|    obstacle_range_lo    | 2          |
|    success_rate         | 0.65       |
| rollout/                |            |
|    ep_len_mean          | 133        |
|    ep_rew_mean          | 34.7       |
| time/                   |            |
|    fps                  | 430        |
|    iterations           | 212        |
|    time_elapsed         | 3529       |
|    total_timesteps      | 1519616    |
| train/                  |            |
|    approx_kl            | 0.04450319 |
|    clip_fraction        | 0.306      |
|    clip_range           | 0.2        |
|    entropy_loss         | -16.4      |
|    explained_variance   | 0.874      |
|    learning_rate        | 0.0003     |
|    loss                 | 7.66       |
|    n_updates            | 8840       |
|    policy_gradient_loss | -0.0542    |
|    std                  | 2          |
|    value_loss           | 37.9       |
----------------------------------------
----------------------------------------
| manipularl/             |            |
|    collision_rate       | 0.26       |
|    grasp_curriculum     | 0          |
|    grasp_failure_rate   | 0.775      |
|    insert_depth_mean    | 0          |
|    obstacle_range_hi    | 5          |
|    obstacle_range_lo    | 2          |
|    success_rate         | 0.59       |
| rollout/                |            |
|    ep_len_mean          | 153        |
|    ep_rew_mean          | 30.4       |
| time/                   |            |
|    fps                  | 430        |
|    iterations           | 213        |
|    time_elapsed         | 3545       |
|    total_timesteps      | 1526784    |
| train/                  |            |
|    approx_kl            | 0.04779974 |
|    clip_fraction        | 0.308      |
|    clip_range           | 0.2        |
|    entropy_loss         | -16.4      |
|    explained_variance   | 0.912      |
|    learning_rate        | 0.0003     |
|    loss                 | 5.84       |
|    n_updates            | 8850       |
|    policy_gradient_loss | -0.0537    |
|    std                  | 2          |
|    value_loss           | 22.1       |
----------------------------------------
-----------------------------------------
| manipularl/             |             |
|    collision_rate       | 0.23        |
|    grasp_curriculum     | 0           |
|    grasp_failure_rate   | 0.762       |
|    insert_depth_mean    | 0           |
|    obstacle_range_hi    | 5           |
|    obstacle_range_lo    | 2           |
|    success_rate         | 0.61        |
| rollout/                |             |
|    ep_len_mean          | 154         |
|    ep_rew_mean          | 29          |
| time/                   |             |
|    fps                  | 430         |
|    iterations           | 214         |
|    time_elapsed         | 3560        |
|    total_timesteps      | 1533952     |
| train/                  |             |
|    approx_kl            | 0.035380755 |
|    clip_fraction        | 0.272       |
|    clip_range           | 0.2         |
|    entropy_loss         | -16.4       |
|    explained_variance   | 0.868       |
|    learning_rate        | 0.0003      |
|    loss                 | 6.64        |
|    n_updates            | 8860        |
|    policy_gradient_loss | -0.0519     |
|    std                  | 2.01        |
|    value_loss           | 29.8        |
-----------------------------------------
----------------------------------------
| manipularl/             |            |
|    collision_rate       | 0.19       |
|    grasp_curriculum     | 0          |
|    grasp_failure_rate   | 0.717      |
|    insert_depth_mean    | 0          |
|    obstacle_range_hi    | 5          |
|    obstacle_range_lo    | 2          |
|    success_rate         | 0.64       |
| rollout/                |            |
|    ep_len_mean          | 146        |
|    ep_rew_mean          | 32.5       |
| time/                   |            |
|    fps                  | 431        |
|    iterations           | 215        |
|    time_elapsed         | 3575       |
|    total_timesteps      | 1541120    |
| train/                  |            |
|    approx_kl            | 0.04510883 |
|    clip_fraction        | 0.299      |
|    clip_range           | 0.2        |
|    entropy_loss         | -16.5      |
|    explained_variance   | 0.923      |
|    learning_rate        | 0.0003     |
|    loss                 | 4.62       |
|    n_updates            | 8870       |
|    policy_gradient_loss | -0.0547    |
|    std                  | 2.01       |
|    value_loss           | 20.2       |
----------------------------------------
-----------------------------------------
| manipularl/             |             |
|    collision_rate       | 0.26        |
|    grasp_curriculum     | 0           |
|    grasp_failure_rate   | 0.701       |
|    insert_depth_mean    | 0           |
|    obstacle_range_hi    | 5           |
|    obstacle_range_lo    | 2           |
|    success_rate         | 0.63        |
| rollout/                |             |
|    ep_len_mean          | 138         |
|    ep_rew_mean          | 36.4        |
| time/                   |             |
|    fps                  | 431         |
|    iterations           | 216         |
|    time_elapsed         | 3590        |
|    total_timesteps      | 1548288     |
| train/                  |             |
|    approx_kl            | 0.044097163 |
|    clip_fraction        | 0.313       |
|    clip_range           | 0.2         |
|    entropy_loss         | -16.5       |
|    explained_variance   | 0.908       |
|    learning_rate        | 0.0003      |
|    loss                 | 6           |
|    n_updates            | 8880        |
|    policy_gradient_loss | -0.0514     |
|    std                  | 2.01        |
|    value_loss           | 20.7        |
-----------------------------------------
-----------------------------------------
| manipularl/             |             |
|    collision_rate       | 0.27        |
|    grasp_curriculum     | 0           |
|    grasp_failure_rate   | 0.733       |
|    insert_depth_mean    | 0           |
|    obstacle_range_hi    | 5           |
|    obstacle_range_lo    | 2           |
|    success_rate         | 0.62        |
| rollout/                |             |
|    ep_len_mean          | 143         |
|    ep_rew_mean          | 32.7        |
| time/                   |             |
|    fps                  | 431         |
|    iterations           | 217         |
|    time_elapsed         | 3605        |
|    total_timesteps      | 1555456     |
| train/                  |             |
|    approx_kl            | 0.052710302 |
|    clip_fraction        | 0.333       |
|    clip_range           | 0.2         |
|    entropy_loss         | -16.5       |
|    explained_variance   | 0.931       |
|    learning_rate        | 0.0003      |
|    loss                 | 4.76        |
|    n_updates            | 8890        |
|    policy_gradient_loss | -0.0595     |
|    std                  | 2.01        |
|    value_loss           | 17.6        |
-----------------------------------------
----------------------------------------
| manipularl/             |            |
|    collision_rate       | 0.24       |
|    grasp_curriculum     | 0          |
|    grasp_failure_rate   | 0.757      |
|    insert_depth_mean    | 0          |
|    obstacle_range_hi    | 5          |
|    obstacle_range_lo    | 2          |
|    success_rate         | 0.59       |
| rollout/                |            |
|    ep_len_mean          | 162        |
|    ep_rew_mean          | 28.4       |
| time/                   |            |
|    fps                  | 431        |
|    iterations           | 218        |
|    time_elapsed         | 3619       |
|    total_timesteps      | 1562624    |
| train/                  |            |
|    approx_kl            | 0.04215692 |
|    clip_fraction        | 0.312      |
|    clip_range           | 0.2        |
|    entropy_loss         | -16.5      |
|    explained_variance   | 0.885      |
|    learning_rate        | 0.0003     |
|    loss                 | 7.16       |
|    n_updates            | 8900       |
|    policy_gradient_loss | -0.05      |
|    std                  | 2.01       |
|    value_loss           | 26.1       |
----------------------------------------
----------------------------------------
| manipularl/             |            |
|    collision_rate       | 0.24       |
|    grasp_curriculum     | 0          |
|    grasp_failure_rate   | 0.756      |
|    insert_depth_mean    | 0          |
|    obstacle_range_hi    | 5          |
|    obstacle_range_lo    | 2          |
|    success_rate         | 0.62       |
| rollout/                |            |
|    ep_len_mean          | 151        |
|    ep_rew_mean          | 33.9       |
| time/                   |            |
|    fps                  | 432        |
|    iterations           | 219        |
|    time_elapsed         | 3633       |
|    total_timesteps      | 1569792    |
| train/                  |            |
|    approx_kl            | 0.04794347 |
|    clip_fraction        | 0.31       |
|    clip_range           | 0.2        |
|    entropy_loss         | -16.5      |
|    explained_variance   | 0.916      |
|    learning_rate        | 0.0003     |
|    loss                 | 2.88       |
|    n_updates            | 8910       |
|    policy_gradient_loss | -0.0527    |
|    std                  | 2.01       |
|    value_loss           | 16.4       |
----------------------------------------
-----------------------------------------
| manipularl/             |             |
|    collision_rate       | 0.21        |
|    grasp_curriculum     | 0           |
|    grasp_failure_rate   | 0.729       |
|    insert_depth_mean    | 0           |
|    obstacle_range_hi    | 5           |
|    obstacle_range_lo    | 2           |
|    success_rate         | 0.64        |
| rollout/                |             |
|    ep_len_mean          | 139         |
|    ep_rew_mean          | 36.3        |
| time/                   |             |
|    fps                  | 432         |
|    iterations           | 220         |
|    time_elapsed         | 3648        |
|    total_timesteps      | 1576960     |
| train/                  |             |
|    approx_kl            | 0.038663447 |
|    clip_fraction        | 0.306       |
|    clip_range           | 0.2         |
|    entropy_loss         | -16.5       |
|    explained_variance   | 0.88        |
|    learning_rate        | 0.0003      |
|    loss                 | 7.89        |
|    n_updates            | 8920        |
|    policy_gradient_loss | -0.05       |
|    std                  | 2.02        |
|    value_loss           | 28.7        |
-----------------------------------------
----------------------------------------
| manipularl/             |            |
|    collision_rate       | 0.2        |
|    grasp_curriculum     | 0          |
|    grasp_failure_rate   | 0.719      |
|    insert_depth_mean    | 0          |
|    obstacle_range_hi    | 5          |
|    obstacle_range_lo    | 2          |
|    success_rate         | 0.59       |
| rollout/                |            |
|    ep_len_mean          | 155        |
|    ep_rew_mean          | 32         |
| time/                   |            |
|    fps                  | 432        |
|    iterations           | 221        |
|    time_elapsed         | 3663       |
|    total_timesteps      | 1584128    |
| train/                  |            |
|    approx_kl            | 0.05240629 |
|    clip_fraction        | 0.331      |
|    clip_range           | 0.2        |
|    entropy_loss         | -16.5      |
|    explained_variance   | 0.919      |
|    learning_rate        | 0.0003     |
|    loss                 | 3.73       |
|    n_updates            | 8930       |
|    policy_gradient_loss | -0.0574    |
|    std                  | 2.01       |
|    value_loss           | 17.6       |
----------------------------------------
-----------------------------------------
| manipularl/             |             |
|    collision_rate       | 0.33        |
|    grasp_curriculum     | 0           |
|    grasp_failure_rate   | 0.745       |
|    insert_depth_mean    | 0           |
|    obstacle_range_hi    | 5           |
|    obstacle_range_lo    | 2           |
|    success_rate         | 0.53        |
| rollout/                |             |
|    ep_len_mean          | 151         |
|    ep_rew_mean          | 25.5        |
| time/                   |             |
|    fps                  | 432         |
|    iterations           | 222         |
|    time_elapsed         | 3678        |
|    total_timesteps      | 1591296     |
| train/                  |             |
|    approx_kl            | 0.042974852 |
|    clip_fraction        | 0.323       |
|    clip_range           | 0.2         |
|    entropy_loss         | -16.5       |
|    explained_variance   | 0.877       |
|    learning_rate        | 0.0003      |
|    loss                 | 8.73        |
|    n_updates            | 8940        |
|    policy_gradient_loss | -0.0512     |
|    std                  | 2.01        |
|    value_loss           | 26.3        |
-----------------------------------------
----------------------------------------
| manipularl/             |            |
|    collision_rate       | 0.31       |
|    grasp_curriculum     | 0          |
|    grasp_failure_rate   | 0.763      |
|    insert_depth_mean    | 0          |
|    obstacle_range_hi    | 5          |
|    obstacle_range_lo    | 2          |
|    success_rate         | 0.56       |
| rollout/                |            |
|    ep_len_mean          | 144        |
|    ep_rew_mean          | 25.5       |
| time/                   |            |
|    fps                  | 432        |
|    iterations           | 223        |
|    time_elapsed         | 3692       |
|    total_timesteps      | 1598464    |
| train/                  |            |
|    approx_kl            | 0.03824263 |
|    clip_fraction        | 0.263      |
|    clip_range           | 0.2        |
|    entropy_loss         | -16.5      |
|    explained_variance   | 0.879      |
|    learning_rate        | 0.0003     |
|    loss                 | 6.69       |
|    n_updates            | 8950       |
|    policy_gradient_loss | -0.0553    |
|    std                  | 2.01       |
|    value_loss           | 25.8       |
----------------------------------------
-----------------------------------------
| manipularl/             |             |
|    collision_rate       | 0.24        |
|    grasp_curriculum     | 0           |
|    grasp_failure_rate   | 0.758       |
|    insert_depth_mean    | 0           |
|    obstacle_range_hi    | 5           |
|    obstacle_range_lo    | 2           |
|    success_rate         | 0.62        |
| rollout/                |             |
|    ep_len_mean          | 141         |
|    ep_rew_mean          | 32.9        |
| time/                   |             |
|    fps                  | 432         |
|    iterations           | 224         |
|    time_elapsed         | 3710        |
|    total_timesteps      | 1605632     |
| train/                  |             |
|    approx_kl            | 0.041738454 |
|    clip_fraction        | 0.275       |
|    clip_range           | 0.2         |
|    entropy_loss         | -16.5       |
|    explained_variance   | 0.892       |
|    learning_rate        | 0.0003      |
|    loss                 | 5.68        |
|    n_updates            | 8960        |
|    policy_gradient_loss | -0.0536     |
|    std                  | 2.01        |
|    value_loss           | 24.5        |
-----------------------------------------
-----------------------------------------
| manipularl/             |             |
|    collision_rate       | 0.25        |
|    grasp_curriculum     | 0           |
|    grasp_failure_rate   | 0.755       |
|    insert_depth_mean    | 0           |
|    obstacle_range_hi    | 5           |
|    obstacle_range_lo    | 2           |
|    success_rate         | 0.64        |
| rollout/                |             |
|    ep_len_mean          | 121         |
|    ep_rew_mean          | 38.2        |
| time/                   |             |
|    fps                  | 433         |
|    iterations           | 225         |
|    time_elapsed         | 3724        |
|    total_timesteps      | 1612800     |
| train/                  |             |
|    approx_kl            | 0.050619617 |
|    clip_fraction        | 0.346       |
|    clip_range           | 0.2         |
|    entropy_loss         | -16.5       |
|    explained_variance   | 0.928       |
|    learning_rate        | 0.0003      |
|    loss                 | 4.45        |
|    n_updates            | 8970        |
|    policy_gradient_loss | -0.0581     |
|    std                  | 2.02        |
|    value_loss           | 18.6        |
-----------------------------------------
----------------------------------------
| manipularl/             |            |
|    collision_rate       | 0.24       |
|    grasp_curriculum     | 0          |
|    grasp_failure_rate   | 0.75       |
|    insert_depth_mean    | 0          |
|    obstacle_range_hi    | 5          |
|    obstacle_range_lo    | 2          |
|    success_rate         | 0.66       |
| rollout/                |            |
|    ep_len_mean          | 107        |
|    ep_rew_mean          | 40.8       |
| time/                   |            |
|    fps                  | 433        |
|    iterations           | 226        |
|    time_elapsed         | 3738       |
|    total_timesteps      | 1619968    |
| train/                  |            |
|    approx_kl            | 0.04213448 |
|    clip_fraction        | 0.311      |
|    clip_range           | 0.2        |
|    entropy_loss         | -16.5      |
|    explained_variance   | 0.857      |
|    learning_rate        | 0.0003     |
|    loss                 | 12.1       |
|    n_updates            | 8980       |
|    policy_gradient_loss | -0.0543    |
|    std                  | 2.02       |
|    value_loss           | 38.6       |
----------------------------------------
-----------------------------------------
| manipularl/             |             |
|    collision_rate       | 0.25        |
|    grasp_curriculum     | 0           |
|    grasp_failure_rate   | 0.759       |
|    insert_depth_mean    | 0           |
|    obstacle_range_hi    | 5           |
|    obstacle_range_lo    | 2           |
|    success_rate         | 0.68        |
| rollout/                |             |
|    ep_len_mean          | 121         |
|    ep_rew_mean          | 37.9        |
| time/                   |             |
|    fps                  | 433         |
|    iterations           | 227         |
|    time_elapsed         | 3753        |
|    total_timesteps      | 1627136     |
| train/                  |             |
|    approx_kl            | 0.038963776 |
|    clip_fraction        | 0.281       |
|    clip_range           | 0.2         |
|    entropy_loss         | -16.5       |
|    explained_variance   | 0.893       |
|    learning_rate        | 0.0003      |
|    loss                 | 4.61        |
|    n_updates            | 8990        |
|    policy_gradient_loss | -0.0593     |
|    std                  | 2.02        |
|    value_loss           | 23.8        |
-----------------------------------------
----------------------------------------
| manipularl/             |            |
|    collision_rate       | 0.19       |
|    grasp_curriculum     | 0          |
|    grasp_failure_rate   | 0.735      |
|    insert_depth_mean    | 0          |
|    obstacle_range_hi    | 5          |
|    obstacle_range_lo    | 2          |
|    success_rate         | 0.76       |
| rollout/                |            |
|    ep_len_mean          | 120        |
|    ep_rew_mean          | 43.5       |
| time/                   |            |
|    fps                  | 433        |
|    iterations           | 228        |
|    time_elapsed         | 3768       |
|    total_timesteps      | 1634304    |
| train/                  |            |
|    approx_kl            | 0.04272748 |
|    clip_fraction        | 0.298      |
|    clip_range           | 0.2        |
|    entropy_loss         | -16.5      |
|    explained_variance   | 0.906      |
|    learning_rate        | 0.0003     |
|    loss                 | 6.05       |
|    n_updates            | 9000       |
|    policy_gradient_loss | -0.056     |
|    std                  | 2.02       |
|    value_loss           | 24.3       |
----------------------------------------
-----------------------------------------
| manipularl/             |             |
|    collision_rate       | 0.24        |
|    grasp_curriculum     | 0           |
|    grasp_failure_rate   | 0.725       |
|    insert_depth_mean    | 0           |
|    obstacle_range_hi    | 5           |
|    obstacle_range_lo    | 2           |
|    success_rate         | 0.65        |
| rollout/                |             |
|    ep_len_mean          | 139         |
|    ep_rew_mean          | 36          |
| time/                   |             |
|    fps                  | 433         |
|    iterations           | 229         |
|    time_elapsed         | 3782        |
|    total_timesteps      | 1641472     |
| train/                  |             |
|    approx_kl            | 0.045157973 |
|    clip_fraction        | 0.321       |
|    clip_range           | 0.2         |
|    entropy_loss         | -16.5       |
|    explained_variance   | 0.898       |
|    learning_rate        | 0.0003      |
|    loss                 | 7.21        |
|    n_updates            | 9010        |
|    policy_gradient_loss | -0.0558     |
|    std                  | 2.03        |
|    value_loss           | 25          |
-----------------------------------------
-----------------------------------------
| manipularl/             |             |
|    collision_rate       | 0.31        |
|    grasp_curriculum     | 0           |
|    grasp_failure_rate   | 0.749       |
|    insert_depth_mean    | 0           |
|    obstacle_range_hi    | 5           |
|    obstacle_range_lo    | 2           |
|    success_rate         | 0.56        |
| rollout/                |             |
|    ep_len_mean          | 146         |
|    ep_rew_mean          | 29.6        |
| time/                   |             |
|    fps                  | 434         |
|    iterations           | 230         |
|    time_elapsed         | 3797        |
|    total_timesteps      | 1648640     |
| train/                  |             |
|    approx_kl            | 0.035554677 |
|    clip_fraction        | 0.279       |
|    clip_range           | 0.2         |
|    entropy_loss         | -16.5       |
|    explained_variance   | 0.888       |
|    learning_rate        | 0.0003      |
|    loss                 | 7.68        |
|    n_updates            | 9020        |
|    policy_gradient_loss | -0.0505     |
|    std                  | 2.03        |
|    value_loss           | 28.6        |
-----------------------------------------
-----------------------------------------
| manipularl/             |             |
|    collision_rate       | 0.23        |
|    grasp_curriculum     | 0           |
|    grasp_failure_rate   | 0.738       |
|    insert_depth_mean    | 0           |
|    obstacle_range_hi    | 5           |
|    obstacle_range_lo    | 2           |
|    success_rate         | 0.64        |
| rollout/                |             |
|    ep_len_mean          | 137         |
|    ep_rew_mean          | 36.8        |
| time/                   |             |
|    fps                  | 434         |
|    iterations           | 231         |
|    time_elapsed         | 3812        |
|    total_timesteps      | 1655808     |
| train/                  |             |
|    approx_kl            | 0.048106346 |
|    clip_fraction        | 0.326       |
|    clip_range           | 0.2         |
|    entropy_loss         | -16.5       |
|    explained_variance   | 0.873       |
|    learning_rate        | 0.0003      |
|    loss                 | 5.25        |
|    n_updates            | 9030        |
|    policy_gradient_loss | -0.0579     |
|    std                  | 2.04        |
|    value_loss           | 21.3        |
-----------------------------------------
----------------------------------------
| manipularl/             |            |
|    collision_rate       | 0.23       |
|    grasp_curriculum     | 0          |
|    grasp_failure_rate   | 0.73       |
|    insert_depth_mean    | 0          |
|    obstacle_range_hi    | 5          |
|    obstacle_range_lo    | 2          |
|    success_rate         | 0.65       |
| rollout/                |            |
|    ep_len_mean          | 136        |
|    ep_rew_mean          | 33.5       |
| time/                   |            |
|    fps                  | 434        |
|    iterations           | 232        |
|    time_elapsed         | 3826       |
|    total_timesteps      | 1662976    |
| train/                  |            |
|    approx_kl            | 0.03561538 |
|    clip_fraction        | 0.249      |
|    clip_range           | 0.2        |
|    entropy_loss         | -16.6      |
|    explained_variance   | 0.867      |
|    learning_rate        | 0.0003     |
|    loss                 | 10.7       |
|    n_updates            | 9040       |
|    policy_gradient_loss | -0.0469    |
|    std                  | 2.04       |
|    value_loss           | 34.4       |
----------------------------------------
-----------------------------------------
| manipularl/             |             |
|    collision_rate       | 0.22        |
|    grasp_curriculum     | 0           |
|    grasp_failure_rate   | 0.707       |
|    insert_depth_mean    | 0           |
|    obstacle_range_hi    | 5           |
|    obstacle_range_lo    | 2           |
|    success_rate         | 0.64        |
| rollout/                |             |
|    ep_len_mean          | 135         |
|    ep_rew_mean          | 37.2        |
| time/                   |             |
|    fps                  | 434         |
|    iterations           | 233         |
|    time_elapsed         | 3841        |
|    total_timesteps      | 1670144     |
| train/                  |             |
|    approx_kl            | 0.047826953 |
|    clip_fraction        | 0.325       |
|    clip_range           | 0.2         |
|    entropy_loss         | -16.6       |
|    explained_variance   | 0.896       |
|    learning_rate        | 0.0003      |
|    loss                 | 10.6        |
|    n_updates            | 9050        |
|    policy_gradient_loss | -0.0507     |
|    std                  | 2.04        |
|    value_loss           | 25.1        |
-----------------------------------------
-----------------------------------------
| manipularl/             |             |
|    collision_rate       | 0.2         |
|    grasp_curriculum     | 0           |
|    grasp_failure_rate   | 0.671       |
|    insert_depth_mean    | 0           |
|    obstacle_range_hi    | 5           |
|    obstacle_range_lo    | 2           |
|    success_rate         | 0.63        |
| rollout/                |             |
|    ep_len_mean          | 145         |
|    ep_rew_mean          | 37.6        |
| time/                   |             |
|    fps                  | 434         |
|    iterations           | 234         |
|    time_elapsed         | 3856        |
|    total_timesteps      | 1677312     |
| train/                  |             |
|    approx_kl            | 0.053942733 |
|    clip_fraction        | 0.331       |
|    clip_range           | 0.2         |
|    entropy_loss         | -16.6       |
|    explained_variance   | 0.928       |
|    learning_rate        | 0.0003      |
|    loss                 | 4.37        |
|    n_updates            | 9060        |
|    policy_gradient_loss | -0.0554     |
|    std                  | 2.04        |
|    value_loss           | 17.9        |
-----------------------------------------
----------------------------------------
| manipularl/             |            |
|    collision_rate       | 0.25       |
|    grasp_curriculum     | 0          |
|    grasp_failure_rate   | 0.703      |
|    insert_depth_mean    | 0          |
|    obstacle_range_hi    | 5          |
|    obstacle_range_lo    | 2          |
|    success_rate         | 0.54       |
| rollout/                |            |
|    ep_len_mean          | 174        |
|    ep_rew_mean          | 23.1       |
| time/                   |            |
|    fps                  | 434        |
|    iterations           | 235        |
|    time_elapsed         | 3872       |
|    total_timesteps      | 1684480    |
| train/                  |            |
|    approx_kl            | 0.04443661 |
|    clip_fraction        | 0.325      |
|    clip_range           | 0.2        |
|    entropy_loss         | -16.6      |
|    explained_variance   | 0.902      |
|    learning_rate        | 0.0003     |
|    loss                 | 3.14       |
|    n_updates            | 9070       |
|    policy_gradient_loss | -0.0493    |
|    std                  | 2.05       |
|    value_loss           | 20.4       |
----------------------------------------
-----------------------------------------
| manipularl/             |             |
|    collision_rate       | 0.24        |
|    grasp_curriculum     | 0           |
|    grasp_failure_rate   | 0.717       |
|    insert_depth_mean    | 0           |
|    obstacle_range_hi    | 5           |
|    obstacle_range_lo    | 2           |
|    success_rate         | 0.6         |
| rollout/                |             |
|    ep_len_mean          | 157         |
|    ep_rew_mean          | 25.9        |
| time/                   |             |
|    fps                  | 435         |
|    iterations           | 236         |
|    time_elapsed         | 3886        |
|    total_timesteps      | 1691648     |
| train/                  |             |
|    approx_kl            | 0.051098846 |
|    clip_fraction        | 0.322       |
|    clip_range           | 0.2         |
|    entropy_loss         | -16.6       |
|    explained_variance   | 0.913       |
|    learning_rate        | 0.0003      |
|    loss                 | 5.49        |
|    n_updates            | 9080        |
|    policy_gradient_loss | -0.0553     |
|    std                  | 2.05        |
|    value_loss           | 21.2        |
-----------------------------------------
-----------------------------------------
| manipularl/             |             |
|    collision_rate       | 0.19        |
|    grasp_curriculum     | 0           |
|    grasp_failure_rate   | 0.738       |
|    insert_depth_mean    | 0           |
|    obstacle_range_hi    | 5           |
|    obstacle_range_lo    | 2           |
|    success_rate         | 0.68        |
| rollout/                |             |
|    ep_len_mean          | 137         |
|    ep_rew_mean          | 37.7        |
| time/                   |             |
|    fps                  | 435         |
|    iterations           | 237         |
|    time_elapsed         | 3900        |
|    total_timesteps      | 1698816     |
| train/                  |             |
|    approx_kl            | 0.044661332 |
|    clip_fraction        | 0.323       |
|    clip_range           | 0.2         |
|    entropy_loss         | -16.6       |
|    explained_variance   | 0.907       |
|    learning_rate        | 0.0003      |
|    loss                 | 4.7         |
|    n_updates            | 9090        |
|    policy_gradient_loss | -0.0589     |
|    std                  | 2.06        |
|    value_loss           | 20.9        |
-----------------------------------------
-----------------------------------------
| manipularl/             |             |
|    collision_rate       | 0.19        |
|    grasp_curriculum     | 0           |
|    grasp_failure_rate   | 0.774       |
|    insert_depth_mean    | 0           |
|    obstacle_range_hi    | 5           |
|    obstacle_range_lo    | 2           |
|    success_rate         | 0.68        |
| rollout/                |             |
|    ep_len_mean          | 133         |
|    ep_rew_mean          | 38.7        |
| time/                   |             |
|    fps                  | 435         |
|    iterations           | 238         |
|    time_elapsed         | 3915        |
|    total_timesteps      | 1705984     |
| train/                  |             |
|    approx_kl            | 0.038008027 |
|    clip_fraction        | 0.268       |
|    clip_range           | 0.2         |
|    entropy_loss         | -16.6       |
|    explained_variance   | 0.853       |
|    learning_rate        | 0.0003      |
|    loss                 | 7.91        |
|    n_updates            | 9100        |
|    policy_gradient_loss | -0.0549     |
|    std                  | 2.06        |
|    value_loss           | 31.7        |
-----------------------------------------
----------------------------------------
| manipularl/             |            |
|    collision_rate       | 0.22       |
|    grasp_curriculum     | 0          |
|    grasp_failure_rate   | 0.759      |
|    insert_depth_mean    | 0          |
|    obstacle_range_hi    | 5          |
|    obstacle_range_lo    | 2          |
|    success_rate         | 0.67       |
| rollout/                |            |
|    ep_len_mean          | 135        |
|    ep_rew_mean          | 34.3       |
| time/                   |            |
|    fps                  | 435        |
|    iterations           | 239        |
|    time_elapsed         | 3930       |
|    total_timesteps      | 1713152    |
| train/                  |            |
|    approx_kl            | 0.04525586 |
|    clip_fraction        | 0.299      |
|    clip_range           | 0.2        |
|    entropy_loss         | -16.6      |
|    explained_variance   | 0.925      |
|    learning_rate        | 0.0003     |
|    loss                 | 4.75       |
|    n_updates            | 9110       |
|    policy_gradient_loss | -0.0596    |
|    std                  | 2.06       |
|    value_loss           | 19.9       |
----------------------------------------
----------------------------------------
| manipularl/             |            |
|    collision_rate       | 0.17       |
|    grasp_curriculum     | 0          |
|    grasp_failure_rate   | 0.763      |
|    insert_depth_mean    | 0          |
|    obstacle_range_hi    | 5          |
|    obstacle_range_lo    | 2          |
|    success_rate         | 0.71       |
| rollout/                |            |
|    ep_len_mean          | 116        |
|    ep_rew_mean          | 39.9       |
| time/                   |            |
|    fps                  | 436        |
|    iterations           | 240        |
|    time_elapsed         | 3944       |
|    total_timesteps      | 1720320    |
| train/                  |            |
|    approx_kl            | 0.04815281 |
|    clip_fraction        | 0.304      |
|    clip_range           | 0.2        |
|    entropy_loss         | -16.6      |
|    explained_variance   | 0.915      |
|    learning_rate        | 0.0003     |
|    loss                 | 4.29       |
|    n_updates            | 9120       |
|    policy_gradient_loss | -0.0554    |
|    std                  | 2.07       |
|    value_loss           | 20.4       |
----------------------------------------
-----------------------------------------
| manipularl/             |             |
|    collision_rate       | 0.15        |
|    grasp_curriculum     | 0           |
|    grasp_failure_rate   | 0.724       |
|    insert_depth_mean    | 0           |
|    obstacle_range_hi    | 5           |
|    obstacle_range_lo    | 2           |
|    success_rate         | 0.75        |
| rollout/                |             |
|    ep_len_mean          | 124         |
|    ep_rew_mean          | 42.4        |
| time/                   |             |
|    fps                  | 436         |
|    iterations           | 241         |
|    time_elapsed         | 3958        |
|    total_timesteps      | 1727488     |
| train/                  |             |
|    approx_kl            | 0.046747435 |
|    clip_fraction        | 0.317       |
|    clip_range           | 0.2         |
|    entropy_loss         | -16.7       |
|    explained_variance   | 0.919       |
|    learning_rate        | 0.0003      |
|    loss                 | 5.71        |
|    n_updates            | 9130        |
|    policy_gradient_loss | -0.0554     |
|    std                  | 2.07        |
|    value_loss           | 23.1        |
-----------------------------------------
----------------------------------------
| manipularl/             |            |
|    collision_rate       | 0.2        |
|    grasp_curriculum     | 0          |
|    grasp_failure_rate   | 0.727      |
|    insert_depth_mean    | 0          |
|    obstacle_range_hi    | 5          |
|    obstacle_range_lo    | 2          |
|    success_rate         | 0.67       |
| rollout/                |            |
|    ep_len_mean          | 147        |
|    ep_rew_mean          | 31.3       |
| time/                   |            |
|    fps                  | 436        |
|    iterations           | 242        |
|    time_elapsed         | 3974       |
|    total_timesteps      | 1734656    |
| train/                  |            |
|    approx_kl            | 0.05799038 |
|    clip_fraction        | 0.361      |
|    clip_range           | 0.2        |
|    entropy_loss         | -16.7      |
|    explained_variance   | 0.937      |
|    learning_rate        | 0.0003     |
|    loss                 | 4.4        |
|    n_updates            | 9140       |
|    policy_gradient_loss | -0.0624    |
|    std                  | 2.07       |
|    value_loss           | 17.3       |
----------------------------------------
-----------------------------------------
| manipularl/             |             |
|    collision_rate       | 0.29        |
|    grasp_curriculum     | 0           |
|    grasp_failure_rate   | 0.745       |
|    insert_depth_mean    | 0           |
|    obstacle_range_hi    | 5           |
|    obstacle_range_lo    | 2           |
|    success_rate         | 0.62        |
| rollout/                |             |
|    ep_len_mean          | 128         |
|    ep_rew_mean          | 29.2        |
| time/                   |             |
|    fps                  | 436         |
|    iterations           | 243         |
|    time_elapsed         | 3988        |
|    total_timesteps      | 1741824     |
| train/                  |             |
|    approx_kl            | 0.037147585 |
|    clip_fraction        | 0.287       |
|    clip_range           | 0.2         |
|    entropy_loss         | -16.7       |
|    explained_variance   | 0.899       |
|    learning_rate        | 0.0003      |
|    loss                 | 6.11        |
|    n_updates            | 9150        |
|    policy_gradient_loss | -0.0513     |
|    std                  | 2.08        |
|    value_loss           | 26.7        |
-----------------------------------------
-----------------------------------------
| manipularl/             |             |
|    collision_rate       | 0.32        |
|    grasp_curriculum     | 0           |
|    grasp_failure_rate   | 0.708       |
|    insert_depth_mean    | 0           |
|    obstacle_range_hi    | 5           |
|    obstacle_range_lo    | 2           |
|    success_rate         | 0.62        |
| rollout/                |             |
|    ep_len_mean          | 122         |
|    ep_rew_mean          | 33.4        |
| time/                   |             |
|    fps                  | 436         |
|    iterations           | 244         |
|    time_elapsed         | 4004        |
|    total_timesteps      | 1748992     |
| train/                  |             |
|    approx_kl            | 0.037266053 |
|    clip_fraction        | 0.272       |
|    clip_range           | 0.2         |
|    entropy_loss         | -16.7       |
|    explained_variance   | 0.879       |
|    learning_rate        | 0.0003      |
|    loss                 | 9.27        |
|    n_updates            | 9160        |
|    policy_gradient_loss | -0.0517     |
|    std                  | 2.08        |
|    value_loss           | 34.7        |
-----------------------------------------
Eval num_timesteps=1749986, episode_reward=30.31 +/- 47.00
Episode length: 150.10 +/- 139.00
-----------------------------------------
| eval/                   |             |
|    mean_ep_length       | 150         |
|    mean_reward          | 30.3        |
| manipularl/             |             |
|    collision_rate       | 0.31        |
|    grasp_curriculum     | 0           |
|    grasp_failure_rate   | 0.717       |
|    insert_depth_mean    | 0           |
|    obstacle_range_hi    | 5           |
|    obstacle_range_lo    | 2           |
|    success_rate         | 0.62        |
| time/                   |             |
|    total_timesteps      | 1749986     |
| train/                  |             |
|    approx_kl            | 0.053527664 |
|    clip_fraction        | 0.338       |
|    clip_range           | 0.2         |
|    entropy_loss         | -16.7       |
|    explained_variance   | 0.903       |
|    learning_rate        | 0.0003      |
|    loss                 | 8           |
|    n_updates            | 9170        |
|    policy_gradient_loss | -0.0545     |
|    std                  | 2.08        |
|    value_loss           | 31.7        |
-----------------------------------------
------------------------------------
| manipularl/           |          |
|    collision_rate     | 0.28     |
|    grasp_curriculum   | 0        |
|    grasp_failure_rate | 0.729    |
|    insert_depth_mean  | 0        |
|    obstacle_range_hi  | 5        |
|    obstacle_range_lo  | 2        |
|    success_rate       | 0.68     |
| rollout/              |          |
|    ep_len_mean        | 103      |
|    ep_rew_mean        | 38       |
| time/                 |          |
|    fps                | 435      |
|    iterations         | 245      |
|    time_elapsed       | 4030     |
|    total_timesteps    | 1756160  |
------------------------------------
----------------------------------------
| manipularl/             |            |
|    collision_rate       | 0.28       |
|    grasp_curriculum     | 0          |
|    grasp_failure_rate   | 0.73       |
|    insert_depth_mean    | 0          |
|    obstacle_range_hi    | 5          |
|    obstacle_range_lo    | 2          |
|    success_rate         | 0.68       |
| rollout/                |            |
|    ep_len_mean          | 102        |
|    ep_rew_mean          | 37.5       |
| time/                   |            |
|    fps                  | 435        |
|    iterations           | 246        |
|    time_elapsed         | 4045       |
|    total_timesteps      | 1763328    |
| train/                  |            |
|    approx_kl            | 0.03906074 |
|    clip_fraction        | 0.306      |
|    clip_range           | 0.2        |
|    entropy_loss         | -16.7      |
|    explained_variance   | 0.895      |
|    learning_rate        | 0.0003     |
|    loss                 | 8.6        |
|    n_updates            | 9180       |
|    policy_gradient_loss | -0.0532    |
|    std                  | 2.08       |
|    value_loss           | 33.6       |
----------------------------------------
----------------------------------------
| manipularl/             |            |
|    collision_rate       | 0.29       |
|    grasp_curriculum     | 0          |
|    grasp_failure_rate   | 0.755      |
|    insert_depth_mean    | 0          |
|    obstacle_range_hi    | 5          |
|    obstacle_range_lo    | 2          |
|    success_rate         | 0.65       |
| rollout/                |            |
|    ep_len_mean          | 118        |
|    ep_rew_mean          | 35.9       |
| time/                   |            |
|    fps                  | 436        |
|    iterations           | 247        |
|    time_elapsed         | 4060       |
|    total_timesteps      | 1770496    |
| train/                  |            |
|    approx_kl            | 0.03863561 |
|    clip_fraction        | 0.279      |
|    clip_range           | 0.2        |
|    entropy_loss         | -16.7      |
|    explained_variance   | 0.882      |
|    learning_rate        | 0.0003     |
|    loss                 | 8.72       |
|    n_updates            | 9190       |
|    policy_gradient_loss | -0.0537    |
|    std                  | 2.09       |
|    value_loss           | 32.6       |
----------------------------------------
--------------------------------------
| manipularl/             |          |
|    collision_rate       | 0.25     |
|    grasp_curriculum     | 0        |
|    grasp_failure_rate   | 0.751    |
|    insert_depth_mean    | 0        |
|    obstacle_range_hi    | 5        |
|    obstacle_range_lo    | 2        |
|    success_rate         | 0.68     |
| rollout/                |          |
|    ep_len_mean          | 121      |
|    ep_rew_mean          | 37.5     |
| time/                   |          |
|    fps                  | 436      |
|    iterations           | 248      |
|    time_elapsed         | 4075     |
|    total_timesteps      | 1777664  |
| train/                  |          |
|    approx_kl            | 0.040449 |
|    clip_fraction        | 0.288    |
|    clip_range           | 0.2      |
|    entropy_loss         | -16.7    |
|    explained_variance   | 0.92     |
|    learning_rate        | 0.0003   |
|    loss                 | 5.51     |
|    n_updates            | 9200     |
|    policy_gradient_loss | -0.0597  |
|    std                  | 2.09     |
|    value_loss           | 20.2     |
--------------------------------------
-----------------------------------------
| manipularl/             |             |
|    collision_rate       | 0.25        |
|    grasp_curriculum     | 0           |
|    grasp_failure_rate   | 0.771       |
|    insert_depth_mean    | 0           |
|    obstacle_range_hi    | 5           |
|    obstacle_range_lo    | 2           |
|    success_rate         | 0.68        |
| rollout/                |             |
|    ep_len_mean          | 121         |
|    ep_rew_mean          | 34.5        |
| time/                   |             |
|    fps                  | 436         |
|    iterations           | 249         |
|    time_elapsed         | 4090        |
|    total_timesteps      | 1784832     |
| train/                  |             |
|    approx_kl            | 0.035417236 |
|    clip_fraction        | 0.274       |
|    clip_range           | 0.2         |
|    entropy_loss         | -16.7       |
|    explained_variance   | 0.884       |
|    learning_rate        | 0.0003      |
|    loss                 | 6.45        |
|    n_updates            | 9210        |
|    policy_gradient_loss | -0.0535     |
|    std                  | 2.09        |
|    value_loss           | 29.5        |
-----------------------------------------
-----------------------------------------
| manipularl/             |             |
|    collision_rate       | 0.24        |
|    grasp_curriculum     | 0           |
|    grasp_failure_rate   | 0.747       |
|    insert_depth_mean    | 0           |
|    obstacle_range_hi    | 5           |
|    obstacle_range_lo    | 2           |
|    success_rate         | 0.72        |
| rollout/                |             |
|    ep_len_mean          | 115         |
|    ep_rew_mean          | 38.7        |
| time/                   |             |
|    fps                  | 436         |
|    iterations           | 250         |
|    time_elapsed         | 4105        |
|    total_timesteps      | 1792000     |
| train/                  |             |
|    approx_kl            | 0.040612806 |
|    clip_fraction        | 0.281       |
|    clip_range           | 0.2         |
|    entropy_loss         | -16.7       |
|    explained_variance   | 0.895       |
|    learning_rate        | 0.0003      |
|    loss                 | 9.37        |
|    n_updates            | 9220        |
|    policy_gradient_loss | -0.0555     |
|    std                  | 2.09        |
|    value_loss           | 33.1        |
-----------------------------------------
-----------------------------------------
| manipularl/             |             |
|    collision_rate       | 0.17        |
|    grasp_curriculum     | 0           |
|    grasp_failure_rate   | 0.755       |
|    insert_depth_mean    | 0           |
|    obstacle_range_hi    | 5           |
|    obstacle_range_lo    | 2           |
|    success_rate         | 0.73        |
| rollout/                |             |
|    ep_len_mean          | 122         |
|    ep_rew_mean          | 40.3        |
| time/                   |             |
|    fps                  | 436         |
|    iterations           | 251         |
|    time_elapsed         | 4118        |
|    total_timesteps      | 1799168     |
| train/                  |             |
|    approx_kl            | 0.042734325 |
|    clip_fraction        | 0.319       |
|    clip_range           | 0.2         |
|    entropy_loss         | -16.7       |
|    explained_variance   | 0.883       |
|    learning_rate        | 0.0003      |
|    loss                 | 9.56        |
|    n_updates            | 9230        |
|    policy_gradient_loss | -0.0608     |
|    std                  | 2.09        |
|    value_loss           | 30.7        |
-----------------------------------------
-----------------------------------------
| manipularl/             |             |
|    collision_rate       | 0.28        |
|    grasp_curriculum     | 0           |
|    grasp_failure_rate   | 0.736       |
|    insert_depth_mean    | 0           |
|    obstacle_range_hi    | 5           |
|    obstacle_range_lo    | 2           |
|    success_rate         | 0.59        |
| rollout/                |             |
|    ep_len_mean          | 146         |
|    ep_rew_mean          | 25.4        |
| time/                   |             |
|    fps                  | 436         |
|    iterations           | 252         |
|    time_elapsed         | 4134        |
|    total_timesteps      | 1806336     |
| train/                  |             |
|    approx_kl            | 0.042451728 |
|    clip_fraction        | 0.296       |
|    clip_range           | 0.2         |
|    entropy_loss         | -16.7       |
|    explained_variance   | 0.904       |
|    learning_rate        | 0.0003      |
|    loss                 | 8.9         |
|    n_updates            | 9240        |
|    policy_gradient_loss | -0.0521     |
|    std                  | 2.09        |
|    value_loss           | 26.1        |
-----------------------------------------
-----------------------------------------
| manipularl/             |             |
|    collision_rate       | 0.33        |
|    grasp_curriculum     | 0           |
|    grasp_failure_rate   | 0.749       |
|    insert_depth_mean    | 0           |
|    obstacle_range_hi    | 5           |
|    obstacle_range_lo    | 2           |
|    success_rate         | 0.61        |
| rollout/                |             |
|    ep_len_mean          | 126         |
|    ep_rew_mean          | 27.8        |
| time/                   |             |
|    fps                  | 437         |
|    iterations           | 253         |
|    time_elapsed         | 4147        |
|    total_timesteps      | 1813504     |
| train/                  |             |
|    approx_kl            | 0.030788727 |
|    clip_fraction        | 0.254       |
|    clip_range           | 0.2         |
|    entropy_loss         | -16.7       |
|    explained_variance   | 0.888       |
|    learning_rate        | 0.0003      |
|    loss                 | 8.17        |
|    n_updates            | 9250        |
|    policy_gradient_loss | -0.046      |
|    std                  | 2.1         |
|    value_loss           | 31.6        |
-----------------------------------------
-----------------------------------------
| manipularl/             |             |
|    collision_rate       | 0.31        |
|    grasp_curriculum     | 0           |
|    grasp_failure_rate   | 0.759       |
|    insert_depth_mean    | 0           |
|    obstacle_range_hi    | 5           |
|    obstacle_range_lo    | 2           |
|    success_rate         | 0.6         |
| rollout/                |             |
|    ep_len_mean          | 134         |
|    ep_rew_mean          | 30.4        |
| time/                   |             |
|    fps                  | 437         |
|    iterations           | 254         |
|    time_elapsed         | 4162        |
|    total_timesteps      | 1820672     |
| train/                  |             |
|    approx_kl            | 0.044394333 |
|    clip_fraction        | 0.311       |
|    clip_range           | 0.2         |
|    entropy_loss         | -16.7       |
|    explained_variance   | 0.884       |
|    learning_rate        | 0.0003      |
|    loss                 | 9.92        |
|    n_updates            | 9260        |
|    policy_gradient_loss | -0.0567     |
|    std                  | 2.1         |
|    value_loss           | 33.4        |
-----------------------------------------
---------------------------------------
| manipularl/             |           |
|    collision_rate       | 0.3       |
|    grasp_curriculum     | 0         |
|    grasp_failure_rate   | 0.738     |
|    insert_depth_mean    | 0         |
|    obstacle_range_hi    | 5         |
|    obstacle_range_lo    | 2         |
|    success_rate         | 0.57      |
| rollout/                |           |
|    ep_len_mean          | 140       |
|    ep_rew_mean          | 28.5      |
| time/                   |           |
|    fps                  | 437       |
|    iterations           | 255       |
|    time_elapsed         | 4177      |
|    total_timesteps      | 1827840   |
| train/                  |           |
|    approx_kl            | 0.0482478 |
|    clip_fraction        | 0.296     |
|    clip_range           | 0.2       |
|    entropy_loss         | -16.8     |
|    explained_variance   | 0.903     |
|    learning_rate        | 0.0003    |
|    loss                 | 5.68      |
|    n_updates            | 9270      |
|    policy_gradient_loss | -0.0577   |
|    std                  | 2.1       |
|    value_loss           | 19.3      |
---------------------------------------
-----------------------------------------
| manipularl/             |             |
|    collision_rate       | 0.24        |
|    grasp_curriculum     | 0           |
|    grasp_failure_rate   | 0.748       |
|    insert_depth_mean    | 0           |
|    obstacle_range_hi    | 5           |
|    obstacle_range_lo    | 2           |
|    success_rate         | 0.65        |
| rollout/                |             |
|    ep_len_mean          | 123         |
|    ep_rew_mean          | 34.6        |
| time/                   |             |
|    fps                  | 437         |
|    iterations           | 256         |
|    time_elapsed         | 4191        |
|    total_timesteps      | 1835008     |
| train/                  |             |
|    approx_kl            | 0.047609065 |
|    clip_fraction        | 0.333       |
|    clip_range           | 0.2         |
|    entropy_loss         | -16.8       |
|    explained_variance   | 0.932       |
|    learning_rate        | 0.0003      |
|    loss                 | 3.18        |
|    n_updates            | 9280        |
|    policy_gradient_loss | -0.0557     |
|    std                  | 2.1         |
|    value_loss           | 18.9        |
-----------------------------------------
---------------------------------------
| manipularl/             |           |
|    collision_rate       | 0.27      |
|    grasp_curriculum     | 0         |
|    grasp_failure_rate   | 0.778     |
|    insert_depth_mean    | 0         |
|    obstacle_range_hi    | 5         |
|    obstacle_range_lo    | 2         |
|    success_rate         | 0.65      |
| rollout/                |           |
|    ep_len_mean          | 125       |
|    ep_rew_mean          | 30.7      |
| time/                   |           |
|    fps                  | 437       |
|    iterations           | 257       |
|    time_elapsed         | 4207      |
|    total_timesteps      | 1842176   |
| train/                  |           |
|    approx_kl            | 0.0335501 |
|    clip_fraction        | 0.297     |
|    clip_range           | 0.2       |
|    entropy_loss         | -16.8     |
|    explained_variance   | 0.905     |
|    learning_rate        | 0.0003    |
|    loss                 | 9.8       |
|    n_updates            | 9290      |
|    policy_gradient_loss | -0.046    |
|    std                  | 2.1       |
|    value_loss           | 40        |
---------------------------------------
-----------------------------------------
| manipularl/             |             |
|    collision_rate       | 0.24        |
|    grasp_curriculum     | 0           |
|    grasp_failure_rate   | 0.778       |
|    insert_depth_mean    | 0           |
|    obstacle_range_hi    | 5           |
|    obstacle_range_lo    | 2           |
|    success_rate         | 0.67        |
| rollout/                |             |
|    ep_len_mean          | 127         |
|    ep_rew_mean          | 31.9        |
| time/                   |             |
|    fps                  | 437         |
|    iterations           | 258         |
|    time_elapsed         | 4222        |
|    total_timesteps      | 1849344     |
| train/                  |             |
|    approx_kl            | 0.040407613 |
|    clip_fraction        | 0.29        |
|    clip_range           | 0.2         |
|    entropy_loss         | -16.8       |
|    explained_variance   | 0.886       |
|    learning_rate        | 0.0003      |
|    loss                 | 7.27        |
|    n_updates            | 9300        |
|    policy_gradient_loss | -0.0548     |
|    std                  | 2.11        |
|    value_loss           | 31.6        |
-----------------------------------------
-----------------------------------------
| manipularl/             |             |
|    collision_rate       | 0.24        |
|    grasp_curriculum     | 0           |
|    grasp_failure_rate   | 0.759       |
|    insert_depth_mean    | 0           |
|    obstacle_range_hi    | 5           |
|    obstacle_range_lo    | 2           |
|    success_rate         | 0.67        |
| rollout/                |             |
|    ep_len_mean          | 129         |
|    ep_rew_mean          | 33.4        |
| time/                   |             |
|    fps                  | 438         |
|    iterations           | 259         |
|    time_elapsed         | 4238        |
|    total_timesteps      | 1856512     |
| train/                  |             |
|    approx_kl            | 0.045677513 |
|    clip_fraction        | 0.309       |
|    clip_range           | 0.2         |
|    entropy_loss         | -16.8       |
|    explained_variance   | 0.926       |
|    learning_rate        | 0.0003      |
|    loss                 | 6.53        |
|    n_updates            | 9310        |
|    policy_gradient_loss | -0.0602     |
|    std                  | 2.11        |
|    value_loss           | 25.9        |
-----------------------------------------
-----------------------------------------
| manipularl/             |             |
|    collision_rate       | 0.23        |
|    grasp_curriculum     | 0           |
|    grasp_failure_rate   | 0.746       |
|    insert_depth_mean    | 0           |
|    obstacle_range_hi    | 5           |
|    obstacle_range_lo    | 2           |
|    success_rate         | 0.68        |
| rollout/                |             |
|    ep_len_mean          | 132         |
|    ep_rew_mean          | 35.7        |
| time/                   |             |
|    fps                  | 438         |
|    iterations           | 260         |
|    time_elapsed         | 4252        |
|    total_timesteps      | 1863680     |
| train/                  |             |
|    approx_kl            | 0.039960988 |
|    clip_fraction        | 0.292       |
|    clip_range           | 0.2         |
|    entropy_loss         | -16.8       |
|    explained_variance   | 0.89        |
|    learning_rate        | 0.0003      |
|    loss                 | 8.96        |
|    n_updates            | 9320        |
|    policy_gradient_loss | -0.0552     |
|    std                  | 2.11        |
|    value_loss           | 32.9        |
-----------------------------------------
----------------------------------------
| manipularl/             |            |
|    collision_rate       | 0.28       |
|    grasp_curriculum     | 0          |
|    grasp_failure_rate   | 0.768      |
|    insert_depth_mean    | 0          |
|    obstacle_range_hi    | 5          |
|    obstacle_range_lo    | 2          |
|    success_rate         | 0.61       |
| rollout/                |            |
|    ep_len_mean          | 149        |
|    ep_rew_mean          | 26.7       |
| time/                   |            |
|    fps                  | 438        |
|    iterations           | 261        |
|    time_elapsed         | 4270       |
|    total_timesteps      | 1870848    |
| train/                  |            |
|    approx_kl            | 0.03813918 |
|    clip_fraction        | 0.296      |
|    clip_range           | 0.2        |
|    entropy_loss         | -16.8      |
|    explained_variance   | 0.872      |
|    learning_rate        | 0.0003     |
|    loss                 | 5.21       |
|    n_updates            | 9330       |
|    policy_gradient_loss | -0.0541    |
|    std                  | 2.11       |
|    value_loss           | 28.5       |
----------------------------------------
-----------------------------------------
| manipularl/             |             |
|    collision_rate       | 0.25        |
|    grasp_curriculum     | 0           |
|    grasp_failure_rate   | 0.785       |
|    insert_depth_mean    | 0           |
|    obstacle_range_hi    | 5           |
|    obstacle_range_lo    | 2           |
|    success_rate         | 0.64        |
| rollout/                |             |
|    ep_len_mean          | 125         |
|    ep_rew_mean          | 34.6        |
| time/                   |             |
|    fps                  | 438         |
|    iterations           | 262         |
|    time_elapsed         | 4286        |
|    total_timesteps      | 1878016     |
| train/                  |             |
|    approx_kl            | 0.044572584 |
|    clip_fraction        | 0.309       |
|    clip_range           | 0.2         |
|    entropy_loss         | -16.8       |
|    explained_variance   | 0.894       |
|    learning_rate        | 0.0003      |
|    loss                 | 8.27        |
|    n_updates            | 9340        |
|    policy_gradient_loss | -0.053      |
|    std                  | 2.11        |
|    value_loss           | 23.9        |
-----------------------------------------
-----------------------------------------
| manipularl/             |             |
|    collision_rate       | 0.19        |
|    grasp_curriculum     | 0           |
|    grasp_failure_rate   | 0.786       |
|    insert_depth_mean    | 0           |
|    obstacle_range_hi    | 5           |
|    obstacle_range_lo    | 2           |
|    success_rate         | 0.72        |
| rollout/                |             |
|    ep_len_mean          | 114         |
|    ep_rew_mean          | 37.5        |
| time/                   |             |
|    fps                  | 438         |
|    iterations           | 263         |
|    time_elapsed         | 4301        |
|    total_timesteps      | 1885184     |
| train/                  |             |
|    approx_kl            | 0.050210424 |
|    clip_fraction        | 0.325       |
|    clip_range           | 0.2         |
|    entropy_loss         | -16.8       |
|    explained_variance   | 0.929       |
|    learning_rate        | 0.0003      |
|    loss                 | 6.41        |
|    n_updates            | 9350        |
|    policy_gradient_loss | -0.0577     |
|    std                  | 2.12        |
|    value_loss           | 27.3        |
-----------------------------------------
-----------------------------------------
| manipularl/             |             |
|    collision_rate       | 0.28        |
|    grasp_curriculum     | 0           |
|    grasp_failure_rate   | 0.756       |
|    insert_depth_mean    | 0           |
|    obstacle_range_hi    | 5           |
|    obstacle_range_lo    | 2           |
|    success_rate         | 0.62        |
| rollout/                |             |
|    ep_len_mean          | 122         |
|    ep_rew_mean          | 29.5        |
| time/                   |             |
|    fps                  | 438         |
|    iterations           | 264         |
|    time_elapsed         | 4315        |
|    total_timesteps      | 1892352     |
| train/                  |             |
|    approx_kl            | 0.030651467 |
|    clip_fraction        | 0.234       |
|    clip_range           | 0.2         |
|    entropy_loss         | -16.8       |
|    explained_variance   | 0.85        |
|    learning_rate        | 0.0003      |
|    loss                 | 13          |
|    n_updates            | 9360        |
|    policy_gradient_loss | -0.0497     |
|    std                  | 2.12        |
|    value_loss           | 41          |
-----------------------------------------
----------------------------------------
| manipularl/             |            |
|    collision_rate       | 0.29       |
|    grasp_curriculum     | 0          |
|    grasp_failure_rate   | 0.791      |
|    insert_depth_mean    | 0          |
|    obstacle_range_hi    | 5          |
|    obstacle_range_lo    | 2          |
|    success_rate         | 0.61       |
| rollout/                |            |
|    ep_len_mean          | 126        |
|    ep_rew_mean          | 29.8       |
| time/                   |            |
|    fps                  | 438        |
|    iterations           | 265        |
|    time_elapsed         | 4329       |
|    total_timesteps      | 1899520    |
| train/                  |            |
|    approx_kl            | 0.03460031 |
|    clip_fraction        | 0.253      |
|    clip_range           | 0.2        |
|    entropy_loss         | -16.8      |
|    explained_variance   | 0.891      |
|    learning_rate        | 0.0003     |
|    loss                 | 9.46       |
|    n_updates            | 9370       |
|    policy_gradient_loss | -0.0559    |
|    std                  | 2.13       |
|    value_loss           | 34.6       |
----------------------------------------
----------------------------------------
| manipularl/             |            |
|    collision_rate       | 0.29       |
|    grasp_curriculum     | 0          |
|    grasp_failure_rate   | 0.813      |
|    insert_depth_mean    | 0          |
|    obstacle_range_hi    | 5          |
|    obstacle_range_lo    | 2          |
|    success_rate         | 0.62       |
| rollout/                |            |
|    ep_len_mean          | 128        |
|    ep_rew_mean          | 29         |
| time/                   |            |
|    fps                  | 438        |
|    iterations           | 266        |
|    time_elapsed         | 4344       |
|    total_timesteps      | 1906688    |
| train/                  |            |
|    approx_kl            | 0.04178311 |
|    clip_fraction        | 0.275      |
|    clip_range           | 0.2        |
|    entropy_loss         | -16.8      |
|    explained_variance   | 0.893      |
|    learning_rate        | 0.0003     |
|    loss                 | 8.32       |
|    n_updates            | 9380       |
|    policy_gradient_loss | -0.0529    |
|    std                  | 2.13       |
|    value_loss           | 31         |
----------------------------------------
-----------------------------------------
| manipularl/             |             |
|    collision_rate       | 0.31        |
|    grasp_curriculum     | 0           |
|    grasp_failure_rate   | 0.781       |
|    insert_depth_mean    | 0           |
|    obstacle_range_hi    | 5           |
|    obstacle_range_lo    | 2           |
|    success_rate         | 0.58        |
| rollout/                |             |
|    ep_len_mean          | 126         |
|    ep_rew_mean          | 26.5        |
| time/                   |             |
|    fps                  | 439         |
|    iterations           | 267         |
|    time_elapsed         | 4359        |
|    total_timesteps      | 1913856     |
| train/                  |             |
|    approx_kl            | 0.032270703 |
|    clip_fraction        | 0.251       |
|    clip_range           | 0.2         |
|    entropy_loss         | -16.8       |
|    explained_variance   | 0.846       |
|    learning_rate        | 0.0003      |
|    loss                 | 10.6        |
|    n_updates            | 9390        |
|    policy_gradient_loss | -0.0529     |
|    std                  | 2.13        |
|    value_loss           | 41.7        |
-----------------------------------------
-----------------------------------------
| manipularl/             |             |
|    collision_rate       | 0.21        |
|    grasp_curriculum     | 0           |
|    grasp_failure_rate   | 0.726       |
|    insert_depth_mean    | 0           |
|    obstacle_range_hi    | 5           |
|    obstacle_range_lo    | 2           |
|    success_rate         | 0.69        |
| rollout/                |             |
|    ep_len_mean          | 122         |
|    ep_rew_mean          | 35          |
| time/                   |             |
|    fps                  | 439         |
|    iterations           | 268         |
|    time_elapsed         | 4374        |
|    total_timesteps      | 1921024     |
| train/                  |             |
|    approx_kl            | 0.040863246 |
|    clip_fraction        | 0.273       |
|    clip_range           | 0.2         |
|    entropy_loss         | -16.8       |
|    explained_variance   | 0.85        |
|    learning_rate        | 0.0003      |
|    loss                 | 8.4         |
|    n_updates            | 9400        |
|    policy_gradient_loss | -0.056      |
|    std                  | 2.13        |
|    value_loss           | 31.6        |
-----------------------------------------
----------------------------------------
| manipularl/             |            |
|    collision_rate       | 0.25       |
|    grasp_curriculum     | 0          |
|    grasp_failure_rate   | 0.746      |
|    insert_depth_mean    | 0          |
|    obstacle_range_hi    | 5          |
|    obstacle_range_lo    | 2          |
|    success_rate         | 0.65       |
| rollout/                |            |
|    ep_len_mean          | 128        |
|    ep_rew_mean          | 30.7       |
| time/                   |            |
|    fps                  | 439        |
|    iterations           | 269        |
|    time_elapsed         | 4390       |
|    total_timesteps      | 1928192    |
| train/                  |            |
|    approx_kl            | 0.03504091 |
|    clip_fraction        | 0.26       |
|    clip_range           | 0.2        |
|    entropy_loss         | -16.8      |
|    explained_variance   | 0.87       |
|    learning_rate        | 0.0003     |
|    loss                 | 10.5       |
|    n_updates            | 9410       |
|    policy_gradient_loss | -0.0549    |
|    std                  | 2.14       |
|    value_loss           | 34         |
----------------------------------------
-----------------------------------------
| manipularl/             |             |
|    collision_rate       | 0.24        |
|    grasp_curriculum     | 0           |
|    grasp_failure_rate   | 0.731       |
|    insert_depth_mean    | 0           |
|    obstacle_range_hi    | 5           |
|    obstacle_range_lo    | 2           |
|    success_rate         | 0.66        |
| rollout/                |             |
|    ep_len_mean          | 132         |
|    ep_rew_mean          | 31.3        |
| time/                   |             |
|    fps                  | 439         |
|    iterations           | 270         |
|    time_elapsed         | 4407        |
|    total_timesteps      | 1935360     |
| train/                  |             |
|    approx_kl            | 0.039636914 |
|    clip_fraction        | 0.302       |
|    clip_range           | 0.2         |
|    entropy_loss         | -16.9       |
|    explained_variance   | 0.854       |
|    learning_rate        | 0.0003      |
|    loss                 | 8.12        |
|    n_updates            | 9420        |
|    policy_gradient_loss | -0.0577     |
|    std                  | 2.14        |
|    value_loss           | 32.8        |
-----------------------------------------
-----------------------------------------
| manipularl/             |             |
|    collision_rate       | 0.16        |
|    grasp_curriculum     | 0           |
|    grasp_failure_rate   | 0.776       |
|    insert_depth_mean    | 0           |
|    obstacle_range_hi    | 5           |
|    obstacle_range_lo    | 2           |
|    success_rate         | 0.73        |
| rollout/                |             |
|    ep_len_mean          | 126         |
|    ep_rew_mean          | 38.8        |
| time/                   |             |
|    fps                  | 439         |
|    iterations           | 271         |
|    time_elapsed         | 4422        |
|    total_timesteps      | 1942528     |
| train/                  |             |
|    approx_kl            | 0.041796587 |
|    clip_fraction        | 0.297       |
|    clip_range           | 0.2         |
|    entropy_loss         | -16.9       |
|    explained_variance   | 0.877       |
|    learning_rate        | 0.0003      |
|    loss                 | 11.4        |
|    n_updates            | 9430        |
|    policy_gradient_loss | -0.0559     |
|    std                  | 2.14        |
|    value_loss           | 32.8        |
-----------------------------------------
-----------------------------------------
| manipularl/             |             |
|    collision_rate       | 0.16        |
|    grasp_curriculum     | 0           |
|    grasp_failure_rate   | 0.778       |
|    insert_depth_mean    | 0           |
|    obstacle_range_hi    | 5           |
|    obstacle_range_lo    | 2           |
|    success_rate         | 0.72        |
| rollout/                |             |
|    ep_len_mean          | 121         |
|    ep_rew_mean          | 40.7        |
| time/                   |             |
|    fps                  | 439         |
|    iterations           | 272         |
|    time_elapsed         | 4436        |
|    total_timesteps      | 1949696     |
| train/                  |             |
|    approx_kl            | 0.042072166 |
|    clip_fraction        | 0.289       |
|    clip_range           | 0.2         |
|    entropy_loss         | -16.9       |
|    explained_variance   | 0.871       |
|    learning_rate        | 0.0003      |
|    loss                 | 9.83        |
|    n_updates            | 9440        |
|    policy_gradient_loss | -0.0594     |
|    std                  | 2.14        |
|    value_loss           | 35.2        |
-----------------------------------------
-----------------------------------------
| manipularl/             |             |
|    collision_rate       | 0.24        |
|    grasp_curriculum     | 0           |
|    grasp_failure_rate   | 0.748       |
|    insert_depth_mean    | 0           |
|    obstacle_range_hi    | 5           |
|    obstacle_range_lo    | 2           |
|    success_rate         | 0.62        |
| rollout/                |             |
|    ep_len_mean          | 140         |
|    ep_rew_mean          | 32.3        |
| time/                   |             |
|    fps                  | 439         |
|    iterations           | 273         |
|    time_elapsed         | 4451        |
|    total_timesteps      | 1956864     |
| train/                  |             |
|    approx_kl            | 0.046157837 |
|    clip_fraction        | 0.299       |
|    clip_range           | 0.2         |
|    entropy_loss         | -16.9       |
|    explained_variance   | 0.889       |
|    learning_rate        | 0.0003      |
|    loss                 | 7.1         |
|    n_updates            | 9450        |
|    policy_gradient_loss | -0.0603     |
|    std                  | 2.14        |
|    value_loss           | 24.3        |
-----------------------------------------
-----------------------------------------
| manipularl/             |             |
|    collision_rate       | 0.21        |
|    grasp_curriculum     | 0           |
|    grasp_failure_rate   | 0.749       |
|    insert_depth_mean    | 0           |
|    obstacle_range_hi    | 5           |
|    obstacle_range_lo    | 2           |
|    success_rate         | 0.66        |
| rollout/                |             |
|    ep_len_mean          | 136         |
|    ep_rew_mean          | 35.4        |
| time/                   |             |
|    fps                  | 439         |
|    iterations           | 274         |
|    time_elapsed         | 4466        |
|    total_timesteps      | 1964032     |
| train/                  |             |
|    approx_kl            | 0.037399534 |
|    clip_fraction        | 0.281       |
|    clip_range           | 0.2         |
|    entropy_loss         | -16.9       |
|    explained_variance   | 0.889       |
|    learning_rate        | 0.0003      |
|    loss                 | 6.24        |
|    n_updates            | 9460        |
|    policy_gradient_loss | -0.0554     |
|    std                  | 2.14        |
|    value_loss           | 24.7        |
-----------------------------------------
-----------------------------------------
| manipularl/             |             |
|    collision_rate       | 0.24        |
|    grasp_curriculum     | 0           |
|    grasp_failure_rate   | 0.751       |
|    insert_depth_mean    | 0           |
|    obstacle_range_hi    | 5           |
|    obstacle_range_lo    | 2           |
|    success_rate         | 0.66        |
| rollout/                |             |
|    ep_len_mean          | 144         |
|    ep_rew_mean          | 35.6        |
| time/                   |             |
|    fps                  | 439         |
|    iterations           | 275         |
|    time_elapsed         | 4481        |
|    total_timesteps      | 1971200     |
| train/                  |             |
|    approx_kl            | 0.045570724 |
|    clip_fraction        | 0.321       |
|    clip_range           | 0.2         |
|    entropy_loss         | -16.9       |
|    explained_variance   | 0.889       |
|    learning_rate        | 0.0003      |
|    loss                 | 6.34        |
|    n_updates            | 9470        |
|    policy_gradient_loss | -0.0573     |
|    std                  | 2.15        |
|    value_loss           | 26.2        |
-----------------------------------------
-----------------------------------------
| manipularl/             |             |
|    collision_rate       | 0.25        |
|    grasp_curriculum     | 0           |
|    grasp_failure_rate   | 0.743       |
|    insert_depth_mean    | 0           |
|    obstacle_range_hi    | 5           |
|    obstacle_range_lo    | 2           |
|    success_rate         | 0.62        |
| rollout/                |             |
|    ep_len_mean          | 158         |
|    ep_rew_mean          | 29.6        |
| time/                   |             |
|    fps                  | 440         |
|    iterations           | 276         |
|    time_elapsed         | 4495        |
|    total_timesteps      | 1978368     |
| train/                  |             |
|    approx_kl            | 0.037717275 |
|    clip_fraction        | 0.265       |
|    clip_range           | 0.2         |
|    entropy_loss         | -16.9       |
|    explained_variance   | 0.829       |
|    learning_rate        | 0.0003      |
|    loss                 | 8.63        |
|    n_updates            | 9480        |
|    policy_gradient_loss | -0.0522     |
|    std                  | 2.15        |
|    value_loss           | 35          |
-----------------------------------------
-----------------------------------------
| manipularl/             |             |
|    collision_rate       | 0.23        |
|    grasp_curriculum     | 0           |
|    grasp_failure_rate   | 0.741       |
|    insert_depth_mean    | 0           |
|    obstacle_range_hi    | 5           |
|    obstacle_range_lo    | 2           |
|    success_rate         | 0.66        |
| rollout/                |             |
|    ep_len_mean          | 138         |
|    ep_rew_mean          | 32.8        |
| time/                   |             |
|    fps                  | 440         |
|    iterations           | 277         |
|    time_elapsed         | 4509        |
|    total_timesteps      | 1985536     |
| train/                  |             |
|    approx_kl            | 0.040843356 |
|    clip_fraction        | 0.286       |
|    clip_range           | 0.2         |
|    entropy_loss         | -16.9       |
|    explained_variance   | 0.902       |
|    learning_rate        | 0.0003      |
|    loss                 | 6.3         |
|    n_updates            | 9490        |
|    policy_gradient_loss | -0.0556     |
|    std                  | 2.14        |
|    value_loss           | 23.1        |
-----------------------------------------
-----------------------------------------
| manipularl/             |             |
|    collision_rate       | 0.25        |
|    grasp_curriculum     | 0           |
|    grasp_failure_rate   | 0.755       |
|    insert_depth_mean    | 0           |
|    obstacle_range_hi    | 5           |
|    obstacle_range_lo    | 2           |
|    success_rate         | 0.69        |
| rollout/                |             |
|    ep_len_mean          | 128         |
|    ep_rew_mean          | 31.9        |
| time/                   |             |
|    fps                  | 440         |
|    iterations           | 278         |
|    time_elapsed         | 4524        |
|    total_timesteps      | 1992704     |
| train/                  |             |
|    approx_kl            | 0.037396852 |
|    clip_fraction        | 0.283       |
|    clip_range           | 0.2         |
|    entropy_loss         | -16.9       |
|    explained_variance   | 0.877       |
|    learning_rate        | 0.0003      |
|    loss                 | 8.84        |
|    n_updates            | 9500        |
|    policy_gradient_loss | -0.0568     |
|    std                  | 2.15        |
|    value_loss           | 33.2        |
-----------------------------------------
----------------------------------------
| manipularl/             |            |
|    collision_rate       | 0.24       |
|    grasp_curriculum     | 0          |
|    grasp_failure_rate   | 0.769      |
|    insert_depth_mean    | 0          |
|    obstacle_range_hi    | 5          |
|    obstacle_range_lo    | 2          |
|    success_rate         | 0.67       |
| rollout/                |            |
|    ep_len_mean          | 132        |
|    ep_rew_mean          | 28.5       |
| time/                   |            |
|    fps                  | 440        |
|    iterations           | 279        |
|    time_elapsed         | 4538       |
|    total_timesteps      | 1999872    |
| train/                  |            |
|    approx_kl            | 0.03630189 |
|    clip_fraction        | 0.27       |
|    clip_range           | 0.2        |
|    entropy_loss         | -16.9      |
|    explained_variance   | 0.854      |
|    learning_rate        | 0.0003     |
|    loss                 | 12.7       |
|    n_updates            | 9510       |
|    policy_gradient_loss | -0.0527    |
|    std                  | 2.15       |
|    value_loss           | 42.7       |
----------------------------------------
Eval num_timesteps=1999984, episode_reward=15.60 +/- 87.68
Episode length: 184.00 +/- 140.18
-----------------------------------------
| eval/                   |             |
|    mean_ep_length       | 184         |
|    mean_reward          | 15.6        |
| manipularl/             |             |
|    collision_rate       | 0.24        |
|    grasp_curriculum     | 0           |
|    grasp_failure_rate   | 0.769       |
|    insert_depth_mean    | 0           |
|    obstacle_range_hi    | 5           |
|    obstacle_range_lo    | 2           |
|    success_rate         | 0.67        |
| time/                   |             |
|    total_timesteps      | 1999984     |
| train/                  |             |
|    approx_kl            | 0.037558343 |
|    clip_fraction        | 0.268       |
|    clip_range           | 0.2         |
|    entropy_loss         | -16.9       |
|    explained_variance   | 0.868       |
|    learning_rate        | 0.0003      |
|    loss                 | 8.49        |
|    n_updates            | 9520        |
|    policy_gradient_loss | -0.0542     |
|    std                  | 2.15        |
|    value_loss           | 36.7        |
-----------------------------------------
------------------------------------
| manipularl/           |          |
|    collision_rate     | 0.2      |
|    grasp_curriculum   | 0        |
|    grasp_failure_rate | 0.745    |
|    insert_depth_mean  | 0        |
|    obstacle_range_hi  | 5        |
|    obstacle_range_lo  | 2        |
|    success_rate       | 0.63     |
| rollout/              |          |
|    ep_len_mean        | 148      |
|    ep_rew_mean        | 32.4     |
| time/                 |          |
|    fps                | 439      |
|    iterations         | 280      |
|    time_elapsed       | 4564     |
|    total_timesteps    | 2007040  |
------------------------------------
-----------------------------------------
| manipularl/             |             |
|    collision_rate       | 0.28        |
|    grasp_curriculum     | 0           |
|    grasp_failure_rate   | 0.743       |
|    insert_depth_mean    | 0           |
|    obstacle_range_hi    | 5           |
|    obstacle_range_lo    | 2           |
|    success_rate         | 0.59        |
| rollout/                |             |
|    ep_len_mean          | 143         |
|    ep_rew_mean          | 30.4        |
| time/                   |             |
|    fps                  | 439         |
|    iterations           | 281         |
|    time_elapsed         | 4579        |
|    total_timesteps      | 2014208     |
| train/                  |             |
|    approx_kl            | 0.045952003 |
|    clip_fraction        | 0.307       |
|    clip_range           | 0.2         |
|    entropy_loss         | -16.9       |
|    explained_variance   | 0.892       |
|    learning_rate        | 0.0003      |
|    loss                 | 5.22        |
|    n_updates            | 9530        |
|    policy_gradient_loss | -0.0529     |
|    std                  | 2.15        |
|    value_loss           | 23.3        |
-----------------------------------------
----------------------------------------
| manipularl/             |            |
|    collision_rate       | 0.28       |
|    grasp_curriculum     | 0          |
|    grasp_failure_rate   | 0.758      |
|    insert_depth_mean    | 0          |
|    obstacle_range_hi    | 5          |
|    obstacle_range_lo    | 2          |
|    success_rate         | 0.63       |
| rollout/                |            |
|    ep_len_mean          | 126        |
|    ep_rew_mean          | 34.9       |
| time/                   |            |
|    fps                  | 439        |
|    iterations           | 282        |
|    time_elapsed         | 4594       |
|    total_timesteps      | 2021376    |
| train/                  |            |
|    approx_kl            | 0.04372792 |
|    clip_fraction        | 0.331      |
|    clip_range           | 0.2        |
|    entropy_loss         | -16.9      |
|    explained_variance   | 0.892      |
|    learning_rate        | 0.0003     |
|    loss                 | 5.6        |
|    n_updates            | 9540       |
|    policy_gradient_loss | -0.0565    |
|    std                  | 2.15       |
|    value_loss           | 27.4       |
----------------------------------------
-----------------------------------------
| manipularl/             |             |
|    collision_rate       | 0.26        |
|    grasp_curriculum     | 0           |
|    grasp_failure_rate   | 0.756       |
|    insert_depth_mean    | 0           |
|    obstacle_range_hi    | 5           |
|    obstacle_range_lo    | 2           |
|    success_rate         | 0.64        |
| rollout/                |             |
|    ep_len_mean          | 135         |
|    ep_rew_mean          | 33.7        |
| time/                   |             |
|    fps                  | 440         |
|    iterations           | 283         |
|    time_elapsed         | 4609        |
|    total_timesteps      | 2028544     |
| train/                  |             |
|    approx_kl            | 0.050357923 |
|    clip_fraction        | 0.335       |
|    clip_range           | 0.2         |
|    entropy_loss         | -16.9       |
|    explained_variance   | 0.895       |
|    learning_rate        | 0.0003      |
|    loss                 | 6.88        |
|    n_updates            | 9550        |
|    policy_gradient_loss | -0.0563     |
|    std                  | 2.16        |
|    value_loss           | 26.4        |
-----------------------------------------
-----------------------------------------
| manipularl/             |             |
|    collision_rate       | 0.27        |
|    grasp_curriculum     | 0           |
|    grasp_failure_rate   | 0.761       |
|    insert_depth_mean    | 0           |
|    obstacle_range_hi    | 5           |
|    obstacle_range_lo    | 2           |
|    success_rate         | 0.66        |
| rollout/                |             |
|    ep_len_mean          | 119         |
|    ep_rew_mean          | 36.2        |
| time/                   |             |
|    fps                  | 440         |
|    iterations           | 284         |
|    time_elapsed         | 4624        |
|    total_timesteps      | 2035712     |
| train/                  |             |
|    approx_kl            | 0.041774534 |
|    clip_fraction        | 0.311       |
|    clip_range           | 0.2         |
|    entropy_loss         | -16.9       |
|    explained_variance   | 0.878       |
|    learning_rate        | 0.0003      |
|    loss                 | 8.49        |
|    n_updates            | 9560        |
|    policy_gradient_loss | -0.0546     |
|    std                  | 2.16        |
|    value_loss           | 32.4        |
-----------------------------------------
-----------------------------------------
| manipularl/             |             |
|    collision_rate       | 0.3         |
|    grasp_curriculum     | 0           |
|    grasp_failure_rate   | 0.777       |
|    insert_depth_mean    | 0           |
|    obstacle_range_hi    | 5           |
|    obstacle_range_lo    | 2           |
|    success_rate         | 0.62        |
| rollout/                |             |
|    ep_len_mean          | 119         |
|    ep_rew_mean          | 32.4        |
| time/                   |             |
|    fps                  | 440         |
|    iterations           | 285         |
|    time_elapsed         | 4639        |
|    total_timesteps      | 2042880     |
| train/                  |             |
|    approx_kl            | 0.038134046 |
|    clip_fraction        | 0.259       |
|    clip_range           | 0.2         |
|    entropy_loss         | -16.9       |
|    explained_variance   | 0.837       |
|    learning_rate        | 0.0003      |
|    loss                 | 9.33        |
|    n_updates            | 9570        |
|    policy_gradient_loss | -0.0517     |
|    std                  | 2.16        |
|    value_loss           | 38.9        |
-----------------------------------------
---------------------------------------
| manipularl/             |           |
|    collision_rate       | 0.24      |
|    grasp_curriculum     | 0         |
|    grasp_failure_rate   | 0.745     |
|    insert_depth_mean    | 0         |
|    obstacle_range_hi    | 5         |
|    obstacle_range_lo    | 2         |
|    success_rate         | 0.64      |
| rollout/                |           |
|    ep_len_mean          | 131       |
|    ep_rew_mean          | 33.2      |
| time/                   |           |
|    fps                  | 440       |
|    iterations           | 286       |
|    time_elapsed         | 4655      |
|    total_timesteps      | 2050048   |
| train/                  |           |
|    approx_kl            | 0.0332082 |
|    clip_fraction        | 0.251     |
|    clip_range           | 0.2       |
|    entropy_loss         | -16.9     |
|    explained_variance   | 0.837     |
|    learning_rate        | 0.0003    |
|    loss                 | 12.6      |
|    n_updates            | 9580      |
|    policy_gradient_loss | -0.0497   |
|    std                  | 2.16      |
|    value_loss           | 38.2      |
---------------------------------------
-----------------------------------------
| manipularl/             |             |
|    collision_rate       | 0.22        |
|    grasp_curriculum     | 0           |
|    grasp_failure_rate   | 0.76        |
|    insert_depth_mean    | 0           |
|    obstacle_range_hi    | 5           |
|    obstacle_range_lo    | 2           |
|    success_rate         | 0.66        |
| rollout/                |             |
|    ep_len_mean          | 132         |
|    ep_rew_mean          | 36.6        |
| time/                   |             |
|    fps                  | 440         |
|    iterations           | 287         |
|    time_elapsed         | 4670        |
|    total_timesteps      | 2057216     |
| train/                  |             |
|    approx_kl            | 0.052652203 |
|    clip_fraction        | 0.336       |
|    clip_range           | 0.2         |
|    entropy_loss         | -16.9       |
|    explained_variance   | 0.867       |
|    learning_rate        | 0.0003      |
|    loss                 | 7.58        |
|    n_updates            | 9590        |
|    policy_gradient_loss | -0.0554     |
|    std                  | 2.17        |
|    value_loss           | 24.2        |
-----------------------------------------
-----------------------------------------
| manipularl/             |             |
|    collision_rate       | 0.27        |
|    grasp_curriculum     | 0           |
|    grasp_failure_rate   | 0.783       |
|    insert_depth_mean    | 0           |
|    obstacle_range_hi    | 5           |
|    obstacle_range_lo    | 2           |
|    success_rate         | 0.63        |
| rollout/                |             |
|    ep_len_mean          | 131         |
|    ep_rew_mean          | 32          |
| time/                   |             |
|    fps                  | 440         |
|    iterations           | 288         |
|    time_elapsed         | 4685        |
|    total_timesteps      | 2064384     |
| train/                  |             |
|    approx_kl            | 0.036149576 |
|    clip_fraction        | 0.279       |
|    clip_range           | 0.2         |
|    entropy_loss         | -16.9       |
|    explained_variance   | 0.81        |
|    learning_rate        | 0.0003      |
|    loss                 | 12          |
|    n_updates            | 9600        |
|    policy_gradient_loss | -0.0549     |
|    std                  | 2.17        |
|    value_loss           | 41.7        |
-----------------------------------------
-----------------------------------------
| manipularl/             |             |
|    collision_rate       | 0.21        |
|    grasp_curriculum     | 0           |
|    grasp_failure_rate   | 0.764       |
|    insert_depth_mean    | 0           |
|    obstacle_range_hi    | 5           |
|    obstacle_range_lo    | 2           |
|    success_rate         | 0.66        |
| rollout/                |             |
|    ep_len_mean          | 137         |
|    ep_rew_mean          | 34.1        |
| time/                   |             |
|    fps                  | 440         |
|    iterations           | 289         |
|    time_elapsed         | 4701        |
|    total_timesteps      | 2071552     |
| train/                  |             |
|    approx_kl            | 0.040021878 |
|    clip_fraction        | 0.286       |
|    clip_range           | 0.2         |
|    entropy_loss         | -17         |
|    explained_variance   | 0.85        |
|    learning_rate        | 0.0003      |
|    loss                 | 8.96        |
|    n_updates            | 9610        |
|    policy_gradient_loss | -0.0563     |
|    std                  | 2.17        |
|    value_loss           | 33.7        |
-----------------------------------------
-----------------------------------------
| manipularl/             |             |
|    collision_rate       | 0.22        |
|    grasp_curriculum     | 0           |
|    grasp_failure_rate   | 0.723       |
|    insert_depth_mean    | 0           |
|    obstacle_range_hi    | 5           |
|    obstacle_range_lo    | 2           |
|    success_rate         | 0.64        |
| rollout/                |             |
|    ep_len_mean          | 143         |
|    ep_rew_mean          | 33          |
| time/                   |             |
|    fps                  | 440         |
|    iterations           | 290         |
|    time_elapsed         | 4716        |
|    total_timesteps      | 2078720     |
| train/                  |             |
|    approx_kl            | 0.039231203 |
|    clip_fraction        | 0.265       |
|    clip_range           | 0.2         |
|    entropy_loss         | -17         |
|    explained_variance   | 0.875       |
|    learning_rate        | 0.0003      |
|    loss                 | 8.14        |
|    n_updates            | 9620        |
|    policy_gradient_loss | -0.0557     |
|    std                  | 2.17        |
|    value_loss           | 26.9        |
-----------------------------------------
---------------------------------------
| manipularl/             |           |
|    collision_rate       | 0.23      |
|    grasp_curriculum     | 0         |
|    grasp_failure_rate   | 0.716     |
|    insert_depth_mean    | 0         |
|    obstacle_range_hi    | 5         |
|    obstacle_range_lo    | 2         |
|    success_rate         | 0.63      |
| rollout/                |           |
|    ep_len_mean          | 144       |
|    ep_rew_mean          | 32        |
| time/                   |           |
|    fps                  | 440       |
|    iterations           | 291       |
|    time_elapsed         | 4732      |
|    total_timesteps      | 2085888   |
| train/                  |           |
|    approx_kl            | 0.0394246 |
|    clip_fraction        | 0.289     |
|    clip_range           | 0.2       |
|    entropy_loss         | -17       |
|    explained_variance   | 0.864     |
|    learning_rate        | 0.0003    |
|    loss                 | 8.37      |
|    n_updates            | 9630      |
|    policy_gradient_loss | -0.0546   |
|    std                  | 2.18      |
|    value_loss           | 30.1      |
---------------------------------------
-----------------------------------------
| manipularl/             |             |
|    collision_rate       | 0.26        |
|    grasp_curriculum     | 0           |
|    grasp_failure_rate   | 0.75        |
|    insert_depth_mean    | 0           |
|    obstacle_range_hi    | 5           |
|    obstacle_range_lo    | 2           |
|    success_rate         | 0.65        |
| rollout/                |             |
|    ep_len_mean          | 141         |
|    ep_rew_mean          | 32.4        |
| time/                   |             |
|    fps                  | 440         |
|    iterations           | 292         |
|    time_elapsed         | 4750        |
|    total_timesteps      | 2093056     |
| train/                  |             |
|    approx_kl            | 0.042813975 |
|    clip_fraction        | 0.312       |
|    clip_range           | 0.2         |
|    entropy_loss         | -17         |
|    explained_variance   | 0.834       |
|    learning_rate        | 0.0003      |
|    loss                 | 11.2        |
|    n_updates            | 9640        |
|    policy_gradient_loss | -0.0562     |
|    std                  | 2.18        |
|    value_loss           | 34.7        |
-----------------------------------------
----------------------------------------
| manipularl/             |            |
|    collision_rate       | 0.28       |
|    grasp_curriculum     | 0          |
|    grasp_failure_rate   | 0.738      |
|    insert_depth_mean    | 0          |
|    obstacle_range_hi    | 5          |
|    obstacle_range_lo    | 2          |
|    success_rate         | 0.64       |
| rollout/                |            |
|    ep_len_mean          | 129        |
|    ep_rew_mean          | 34         |
| time/                   |            |
|    fps                  | 440        |
|    iterations           | 293        |
|    time_elapsed         | 4767       |
|    total_timesteps      | 2100224    |
| train/                  |            |
|    approx_kl            | 0.03839618 |
|    clip_fraction        | 0.261      |
|    clip_range           | 0.2        |
|    entropy_loss         | -17        |
|    explained_variance   | 0.868      |
|    learning_rate        | 0.0003     |
|    loss                 | 8.43       |
|    n_updates            | 9650       |
|    policy_gradient_loss | -0.0556    |
|    std                  | 2.18       |
|    value_loss           | 34.8       |
----------------------------------------
----------------------------------------
| manipularl/             |            |
|    collision_rate       | 0.27       |
|    grasp_curriculum     | 0          |
|    grasp_failure_rate   | 0.735      |
|    insert_depth_mean    | 0          |
|    obstacle_range_hi    | 5          |
|    obstacle_range_lo    | 2          |
|    success_rate         | 0.65       |
| rollout/                |            |
|    ep_len_mean          | 130        |
|    ep_rew_mean          | 32.5       |
| time/                   |            |
|    fps                  | 440        |
|    iterations           | 294        |
|    time_elapsed         | 4785       |
|    total_timesteps      | 2107392    |
| train/                  |            |
|    approx_kl            | 0.03845889 |
|    clip_fraction        | 0.285      |
|    clip_range           | 0.2        |
|    entropy_loss         | -17        |
|    explained_variance   | 0.869      |
|    learning_rate        | 0.0003     |
|    loss                 | 6.71       |
|    n_updates            | 9660       |
|    policy_gradient_loss | -0.0535    |
|    std                  | 2.18       |
|    value_loss           | 31.1       |
----------------------------------------
-----------------------------------------
| manipularl/             |             |
|    collision_rate       | 0.24        |
|    grasp_curriculum     | 0           |
|    grasp_failure_rate   | 0.712       |
|    insert_depth_mean    | 0           |
|    obstacle_range_hi    | 5           |
|    obstacle_range_lo    | 2           |
|    success_rate         | 0.64        |
| rollout/                |             |
|    ep_len_mean          | 130         |
|    ep_rew_mean          | 34.5        |
| time/                   |             |
|    fps                  | 440         |
|    iterations           | 295         |
|    time_elapsed         | 4803        |
|    total_timesteps      | 2114560     |
| train/                  |             |
|    approx_kl            | 0.044883534 |
|    clip_fraction        | 0.302       |
|    clip_range           | 0.2         |
|    entropy_loss         | -17         |
|    explained_variance   | 0.861       |
|    learning_rate        | 0.0003      |
|    loss                 | 9.81        |
|    n_updates            | 9670        |
|    policy_gradient_loss | -0.0587     |
|    std                  | 2.18        |
|    value_loss           | 33          |
-----------------------------------------
-----------------------------------------
| manipularl/             |             |
|    collision_rate       | 0.29        |
|    grasp_curriculum     | 0           |
|    grasp_failure_rate   | 0.708       |
|    insert_depth_mean    | 0           |
|    obstacle_range_hi    | 5           |
|    obstacle_range_lo    | 2           |
|    success_rate         | 0.61        |
| rollout/                |             |
|    ep_len_mean          | 137         |
|    ep_rew_mean          | 30.9        |
| time/                   |             |
|    fps                  | 440         |
|    iterations           | 296         |
|    time_elapsed         | 4819        |
|    total_timesteps      | 2121728     |
| train/                  |             |
|    approx_kl            | 0.045802996 |
|    clip_fraction        | 0.305       |
|    clip_range           | 0.2         |
|    entropy_loss         | -17         |
|    explained_variance   | 0.887       |
|    learning_rate        | 0.0003      |
|    loss                 | 6.89        |
|    n_updates            | 9680        |
|    policy_gradient_loss | -0.057      |
|    std                  | 2.18        |
|    value_loss           | 25.8        |
-----------------------------------------
-----------------------------------------
| manipularl/             |             |
|    collision_rate       | 0.24        |
|    grasp_curriculum     | 0           |
|    grasp_failure_rate   | 0.734       |
|    insert_depth_mean    | 0           |
|    obstacle_range_hi    | 5           |
|    obstacle_range_lo    | 2           |
|    success_rate         | 0.7         |
| rollout/                |             |
|    ep_len_mean          | 117         |
|    ep_rew_mean          | 39.4        |
| time/                   |             |
|    fps                  | 440         |
|    iterations           | 297         |
|    time_elapsed         | 4836        |
|    total_timesteps      | 2128896     |
| train/                  |             |
|    approx_kl            | 0.037835505 |
|    clip_fraction        | 0.301       |
|    clip_range           | 0.2         |
|    entropy_loss         | -17         |
|    explained_variance   | 0.823       |
|    learning_rate        | 0.0003      |
|    loss                 | 9.62        |
|    n_updates            | 9690        |
|    policy_gradient_loss | -0.0408     |
|    std                  | 2.19        |
|    value_loss           | 36          |
-----------------------------------------
----------------------------------------
| manipularl/             |            |
|    collision_rate       | 0.19       |
|    grasp_curriculum     | 0          |
|    grasp_failure_rate   | 0.719      |
|    insert_depth_mean    | 0          |
|    obstacle_range_hi    | 5          |
|    obstacle_range_lo    | 2          |
|    success_rate         | 0.75       |
| rollout/                |            |
|    ep_len_mean          | 104        |
|    ep_rew_mean          | 44         |
| time/                   |            |
|    fps                  | 440        |
|    iterations           | 298        |
|    time_elapsed         | 4853       |
|    total_timesteps      | 2136064    |
| train/                  |            |
|    approx_kl            | 0.04588294 |
|    clip_fraction        | 0.326      |
|    clip_range           | 0.2        |
|    entropy_loss         | -17        |
|    explained_variance   | 0.861      |
|    learning_rate        | 0.0003     |
|    loss                 | 10.1       |
|    n_updates            | 9700       |
|    policy_gradient_loss | -0.0636    |
|    std                  | 2.19       |
|    value_loss           | 34.4       |
----------------------------------------
-----------------------------------------
| manipularl/             |             |
|    collision_rate       | 0.23        |
|    grasp_curriculum     | 0           |
|    grasp_failure_rate   | 0.721       |
|    insert_depth_mean    | 0           |
|    obstacle_range_hi    | 5           |
|    obstacle_range_lo    | 2           |
|    success_rate         | 0.68        |
| rollout/                |             |
|    ep_len_mean          | 123         |
|    ep_rew_mean          | 39.1        |
| time/                   |             |
|    fps                  | 440         |
|    iterations           | 299         |
|    time_elapsed         | 4867        |
|    total_timesteps      | 2143232     |
| train/                  |             |
|    approx_kl            | 0.044260323 |
|    clip_fraction        | 0.304       |
|    clip_range           | 0.2         |
|    entropy_loss         | -17         |
|    explained_variance   | 0.855       |
|    learning_rate        | 0.0003      |
|    loss                 | 9.19        |
|    n_updates            | 9710        |
|    policy_gradient_loss | -0.0598     |
|    std                  | 2.19        |
|    value_loss           | 32.5        |
-----------------------------------------
----------------------------------------
| manipularl/             |            |
|    collision_rate       | 0.26       |
|    grasp_curriculum     | 0          |
|    grasp_failure_rate   | 0.733      |
|    insert_depth_mean    | 0          |
|    obstacle_range_hi    | 5          |
|    obstacle_range_lo    | 2          |
|    success_rate         | 0.67       |
| rollout/                |            |
|    ep_len_mean          | 136        |
|    ep_rew_mean          | 36.4       |
| time/                   |            |
|    fps                  | 439        |
|    iterations           | 300        |
|    time_elapsed         | 4888       |
|    total_timesteps      | 2150400    |
| train/                  |            |
|    approx_kl            | 0.03634052 |
|    clip_fraction        | 0.281      |
|    clip_range           | 0.2        |
|    entropy_loss         | -17        |
|    explained_variance   | 0.834      |
|    learning_rate        | 0.0003     |
|    loss                 | 9.49       |
|    n_updates            | 9720       |
|    policy_gradient_loss | -0.0562    |
|    std                  | 2.2        |
|    value_loss           | 37.7       |
----------------------------------------
-----------------------------------------
| manipularl/             |             |
|    collision_rate       | 0.26        |
|    grasp_curriculum     | 0           |
|    grasp_failure_rate   | 0.719       |
|    insert_depth_mean    | 0           |
|    obstacle_range_hi    | 5           |
|    obstacle_range_lo    | 2           |
|    success_rate         | 0.65        |
| rollout/                |             |
|    ep_len_mean          | 140         |
|    ep_rew_mean          | 35.4        |
| time/                   |             |
|    fps                  | 439         |
|    iterations           | 301         |
|    time_elapsed         | 4904        |
|    total_timesteps      | 2157568     |
| train/                  |             |
|    approx_kl            | 0.041273747 |
|    clip_fraction        | 0.288       |
|    clip_range           | 0.2         |
|    entropy_loss         | -17         |
|    explained_variance   | 0.843       |
|    learning_rate        | 0.0003      |
|    loss                 | 11.8        |
|    n_updates            | 9730        |
|    policy_gradient_loss | -0.0575     |
|    std                  | 2.2         |
|    value_loss           | 34.6        |
-----------------------------------------
-----------------------------------------
| manipularl/             |             |
|    collision_rate       | 0.21        |
|    grasp_curriculum     | 0           |
|    grasp_failure_rate   | 0.725       |
|    insert_depth_mean    | 0           |
|    obstacle_range_hi    | 5           |
|    obstacle_range_lo    | 2           |
|    success_rate         | 0.67        |
| rollout/                |             |
|    ep_len_mean          | 136         |
|    ep_rew_mean          | 38          |
| time/                   |             |
|    fps                  | 440         |
|    iterations           | 302         |
|    time_elapsed         | 4919        |
|    total_timesteps      | 2164736     |
| train/                  |             |
|    approx_kl            | 0.048708417 |
|    clip_fraction        | 0.317       |
|    clip_range           | 0.2         |
|    entropy_loss         | -17         |
|    explained_variance   | 0.836       |
|    learning_rate        | 0.0003      |
|    loss                 | 8.96        |
|    n_updates            | 9740        |
|    policy_gradient_loss | -0.0605     |
|    std                  | 2.2         |
|    value_loss           | 27.5        |
-----------------------------------------
-----------------------------------------
| manipularl/             |             |
|    collision_rate       | 0.26        |
|    grasp_curriculum     | 0           |
|    grasp_failure_rate   | 0.721       |
|    insert_depth_mean    | 0           |
|    obstacle_range_hi    | 5           |
|    obstacle_range_lo    | 2           |
|    success_rate         | 0.64        |
| rollout/                |             |
|    ep_len_mean          | 121         |
|    ep_rew_mean          | 35.8        |
| time/                   |             |
|    fps                  | 440         |
|    iterations           | 303         |
|    time_elapsed         | 4934        |
|    total_timesteps      | 2171904     |
| train/                  |             |
|    approx_kl            | 0.038165417 |
|    clip_fraction        | 0.277       |
|    clip_range           | 0.2         |
|    entropy_loss         | -17         |
|    explained_variance   | 0.794       |
|    learning_rate        | 0.0003      |
|    loss                 | 11.2        |
|    n_updates            | 9750        |
|    policy_gradient_loss | -0.0591     |
|    std                  | 2.2         |
|    value_loss           | 39          |
-----------------------------------------
----------------------------------------
| manipularl/             |            |
|    collision_rate       | 0.28       |
|    grasp_curriculum     | 0          |
|    grasp_failure_rate   | 0.703      |
|    insert_depth_mean    | 0          |
|    obstacle_range_hi    | 5          |
|    obstacle_range_lo    | 2          |
|    success_rate         | 0.64       |
| rollout/                |            |
|    ep_len_mean          | 119        |
|    ep_rew_mean          | 36.2       |
| time/                   |            |
|    fps                  | 440        |
|    iterations           | 304        |
|    time_elapsed         | 4949       |
|    total_timesteps      | 2179072    |
| train/                  |            |
|    approx_kl            | 0.03911949 |
|    clip_fraction        | 0.296      |
|    clip_range           | 0.2        |
|    entropy_loss         | -17        |
|    explained_variance   | 0.795      |
|    learning_rate        | 0.0003     |
|    loss                 | 11.9       |
|    n_updates            | 9760       |
|    policy_gradient_loss | -0.0599    |
|    std                  | 2.2        |
|    value_loss           | 43         |
----------------------------------------
-----------------------------------------
| manipularl/             |             |
|    collision_rate       | 0.18        |
|    grasp_curriculum     | 0           |
|    grasp_failure_rate   | 0.745       |
|    insert_depth_mean    | 0           |
|    obstacle_range_hi    | 5           |
|    obstacle_range_lo    | 2           |
|    success_rate         | 0.7         |
| rollout/                |             |
|    ep_len_mean          | 124         |
|    ep_rew_mean          | 41.5        |
| time/                   |             |
|    fps                  | 440         |
|    iterations           | 305         |
|    time_elapsed         | 4963        |
|    total_timesteps      | 2186240     |
| train/                  |             |
|    approx_kl            | 0.047586933 |
|    clip_fraction        | 0.328       |
|    clip_range           | 0.2         |
|    entropy_loss         | -17         |
|    explained_variance   | 0.839       |
|    learning_rate        | 0.0003      |
|    loss                 | 8.44        |
|    n_updates            | 9770        |
|    policy_gradient_loss | -0.0592     |
|    std                  | 2.21        |
|    value_loss           | 35          |
-----------------------------------------
----------------------------------------
| manipularl/             |            |
|    collision_rate       | 0.23       |
|    grasp_curriculum     | 0          |
|    grasp_failure_rate   | 0.726      |
|    insert_depth_mean    | 0          |
|    obstacle_range_hi    | 5          |
|    obstacle_range_lo    | 2          |
|    success_rate         | 0.63       |
| rollout/                |            |
|    ep_len_mean          | 132        |
|    ep_rew_mean          | 36.9       |
| time/                   |            |
|    fps                  | 440        |
|    iterations           | 306        |
|    time_elapsed         | 4977       |
|    total_timesteps      | 2193408    |
| train/                  |            |
|    approx_kl            | 0.04651501 |
|    clip_fraction        | 0.304      |
|    clip_range           | 0.2        |
|    entropy_loss         | -17        |
|    explained_variance   | 0.795      |
|    learning_rate        | 0.0003     |
|    loss                 | 12.2       |
|    n_updates            | 9780       |
|    policy_gradient_loss | -0.059     |
|    std                  | 2.21       |
|    value_loss           | 37.9       |
----------------------------------------
----------------------------------------
| manipularl/             |            |
|    collision_rate       | 0.23       |
|    grasp_curriculum     | 0          |
|    grasp_failure_rate   | 0.723      |
|    insert_depth_mean    | 0          |
|    obstacle_range_hi    | 5          |
|    obstacle_range_lo    | 2          |
|    success_rate         | 0.66       |
| rollout/                |            |
|    ep_len_mean          | 126        |
|    ep_rew_mean          | 38.2       |
| time/                   |            |
|    fps                  | 440        |
|    iterations           | 307        |
|    time_elapsed         | 4992       |
|    total_timesteps      | 2200576    |
| train/                  |            |
|    approx_kl            | 0.04802865 |
|    clip_fraction        | 0.313      |
|    clip_range           | 0.2        |
|    entropy_loss         | -17.1      |
|    explained_variance   | 0.847      |
|    learning_rate        | 0.0003     |
|    loss                 | 7.07       |
|    n_updates            | 9790       |
|    policy_gradient_loss | -0.0524    |
|    std                  | 2.21       |
|    value_loss           | 27.9       |
----------------------------------------
-----------------------------------------
| manipularl/             |             |
|    collision_rate       | 0.23        |
|    grasp_curriculum     | 0           |
|    grasp_failure_rate   | 0.732       |
|    insert_depth_mean    | 0           |
|    obstacle_range_hi    | 5           |
|    obstacle_range_lo    | 2           |
|    success_rate         | 0.65        |
| rollout/                |             |
|    ep_len_mean          | 125         |
|    ep_rew_mean          | 36.9        |
| time/                   |             |
|    fps                  | 440         |
|    iterations           | 308         |
|    time_elapsed         | 5006        |
|    total_timesteps      | 2207744     |
| train/                  |             |
|    approx_kl            | 0.050858863 |
|    clip_fraction        | 0.339       |
|    clip_range           | 0.2         |
|    entropy_loss         | -17.1       |
|    explained_variance   | 0.855       |
|    learning_rate        | 0.0003      |
|    loss                 | 11.3        |
|    n_updates            | 9800        |
|    policy_gradient_loss | -0.0599     |
|    std                  | 2.22        |
|    value_loss           | 31.5        |
-----------------------------------------
-----------------------------------------
| manipularl/             |             |
|    collision_rate       | 0.21        |
|    grasp_curriculum     | 0           |
|    grasp_failure_rate   | 0.761       |
|    insert_depth_mean    | 0           |
|    obstacle_range_hi    | 5           |
|    obstacle_range_lo    | 2           |
|    success_rate         | 0.67        |
| rollout/                |             |
|    ep_len_mean          | 131         |
|    ep_rew_mean          | 38.2        |
| time/                   |             |
|    fps                  | 441         |
|    iterations           | 309         |
|    time_elapsed         | 5021        |
|    total_timesteps      | 2214912     |
| train/                  |             |
|    approx_kl            | 0.045030672 |
|    clip_fraction        | 0.313       |
|    clip_range           | 0.2         |
|    entropy_loss         | -17.1       |
|    explained_variance   | 0.853       |
|    learning_rate        | 0.0003      |
|    loss                 | 8.56        |
|    n_updates            | 9810        |
|    policy_gradient_loss | -0.06       |
|    std                  | 2.22        |
|    value_loss           | 33.6        |
-----------------------------------------
-----------------------------------------
| manipularl/             |             |
|    collision_rate       | 0.2         |
|    grasp_curriculum     | 0           |
|    grasp_failure_rate   | 0.741       |
|    insert_depth_mean    | 0           |
|    obstacle_range_hi    | 5           |
|    obstacle_range_lo    | 2           |
|    success_rate         | 0.68        |
| rollout/                |             |
|    ep_len_mean          | 125         |
|    ep_rew_mean          | 41.4        |
| time/                   |             |
|    fps                  | 441         |
|    iterations           | 310         |
|    time_elapsed         | 5036        |
|    total_timesteps      | 2222080     |
| train/                  |             |
|    approx_kl            | 0.056565717 |
|    clip_fraction        | 0.337       |
|    clip_range           | 0.2         |
|    entropy_loss         | -17.1       |
|    explained_variance   | 0.871       |
|    learning_rate        | 0.0003      |
|    loss                 | 6.02        |
|    n_updates            | 9820        |
|    policy_gradient_loss | -0.0607     |
|    std                  | 2.22        |
|    value_loss           | 24.9        |
-----------------------------------------
-----------------------------------------
| manipularl/             |             |
|    collision_rate       | 0.19        |
|    grasp_curriculum     | 0           |
|    grasp_failure_rate   | 0.721       |
|    insert_depth_mean    | 0           |
|    obstacle_range_hi    | 5           |
|    obstacle_range_lo    | 2           |
|    success_rate         | 0.73        |
| rollout/                |             |
|    ep_len_mean          | 101         |
|    ep_rew_mean          | 45.5        |
| time/                   |             |
|    fps                  | 441         |
|    iterations           | 311         |
|    time_elapsed         | 5051        |
|    total_timesteps      | 2229248     |
| train/                  |             |
|    approx_kl            | 0.052906167 |
|    clip_fraction        | 0.341       |
|    clip_range           | 0.2         |
|    entropy_loss         | -17.1       |
|    explained_variance   | 0.872       |
|    learning_rate        | 0.0003      |
|    loss                 | 5.91        |
|    n_updates            | 9830        |
|    policy_gradient_loss | -0.0559     |
|    std                  | 2.23        |
|    value_loss           | 23.9        |
-----------------------------------------
----------------------------------------
| manipularl/             |            |
|    collision_rate       | 0.11       |
|    grasp_curriculum     | 0          |
|    grasp_failure_rate   | 0.748      |
|    insert_depth_mean    | 0          |
|    obstacle_range_hi    | 5          |
|    obstacle_range_lo    | 2          |
|    success_rate         | 0.77       |
| rollout/                |            |
|    ep_len_mean          | 110        |
|    ep_rew_mean          | 46.1       |
| time/                   |            |
|    fps                  | 441        |
|    iterations           | 312        |
|    time_elapsed         | 5066       |
|    total_timesteps      | 2236416    |
| train/                  |            |
|    approx_kl            | 0.04422476 |
|    clip_fraction        | 0.302      |
|    clip_range           | 0.2        |
|    entropy_loss         | -17.1      |
|    explained_variance   | 0.84       |
|    learning_rate        | 0.0003     |
|    loss                 | 11.7       |
|    n_updates            | 9840       |
|    policy_gradient_loss | -0.0574    |
|    std                  | 2.23       |
|    value_loss           | 39.4       |
----------------------------------------
-----------------------------------------
| manipularl/             |             |
|    collision_rate       | 0.15        |
|    grasp_curriculum     | 0           |
|    grasp_failure_rate   | 0.71        |
|    insert_depth_mean    | 0           |
|    obstacle_range_hi    | 5           |
|    obstacle_range_lo    | 2           |
|    success_rate         | 0.73        |
| rollout/                |             |
|    ep_len_mean          | 118         |
|    ep_rew_mean          | 43.9        |
| time/                   |             |
|    fps                  | 441         |
|    iterations           | 313         |
|    time_elapsed         | 5078        |
|    total_timesteps      | 2243584     |
| train/                  |             |
|    approx_kl            | 0.057804264 |
|    clip_fraction        | 0.33        |
|    clip_range           | 0.2         |
|    entropy_loss         | -17.1       |
|    explained_variance   | 0.871       |
|    learning_rate        | 0.0003      |
|    loss                 | 7.99        |
|    n_updates            | 9850        |
|    policy_gradient_loss | -0.0561     |
|    std                  | 2.23        |
|    value_loss           | 24.5        |
-----------------------------------------
Eval num_timesteps=2249982, episode_reward=50.65 +/- 35.14
Episode length: 77.85 +/- 88.60
----------------------------------------
| eval/                   |            |
|    mean_ep_length       | 77.8       |
|    mean_reward          | 50.6       |
| manipularl/             |            |
|    collision_rate       | 0.24       |
|    grasp_curriculum     | 0          |
|    grasp_failure_rate   | 0.762      |
|    insert_depth_mean    | 0          |
|    obstacle_range_hi    | 5          |
|    obstacle_range_lo    | 2          |
|    success_rate         | 0.69       |
| time/                   |            |
|    total_timesteps      | 2249982    |
| train/                  |            |
|    approx_kl            | 0.04929126 |
|    clip_fraction        | 0.326      |
|    clip_range           | 0.2        |
|    entropy_loss         | -17.1      |
|    explained_variance   | 0.867      |
|    learning_rate        | 0.0003     |
|    loss                 | 9.78       |
|    n_updates            | 9860       |
|    policy_gradient_loss | -0.0573    |
|    std                  | 2.24       |
|    value_loss           | 33.7       |
----------------------------------------
New best mean reward!
------------------------------------
| manipularl/           |          |
|    collision_rate     | 0.27     |
|    grasp_curriculum   | 0        |
|    grasp_failure_rate | 0.765    |
|    insert_depth_mean  | 0        |
|    obstacle_range_hi  | 5        |
|    obstacle_range_lo  | 2        |
|    success_rate       | 0.65     |
| rollout/              |          |
|    ep_len_mean        | 114      |
|    ep_rew_mean        | 38       |
| time/                 |          |
|    fps                | 441      |
|    iterations         | 314      |
|    time_elapsed       | 5099     |
|    total_timesteps    | 2250752  |
------------------------------------
-----------------------------------------
| manipularl/             |             |
|    collision_rate       | 0.27        |
|    grasp_curriculum     | 0           |
|    grasp_failure_rate   | 0.746       |
|    insert_depth_mean    | 0           |
|    obstacle_range_hi    | 5           |
|    obstacle_range_lo    | 2           |
|    success_rate         | 0.6         |
| rollout/                |             |
|    ep_len_mean          | 134         |
|    ep_rew_mean          | 32.6        |
| time/                   |             |
|    fps                  | 441         |
|    iterations           | 315         |
|    time_elapsed         | 5115        |
|    total_timesteps      | 2257920     |
| train/                  |             |
|    approx_kl            | 0.040667813 |
|    clip_fraction        | 0.316       |
|    clip_range           | 0.2         |
|    entropy_loss         | -17.1       |
|    explained_variance   | 0.842       |
|    learning_rate        | 0.0003      |
|    loss                 | 11.6        |
|    n_updates            | 9870        |
|    policy_gradient_loss | -0.0548     |
|    std                  | 2.24        |
|    value_loss           | 36.8        |
-----------------------------------------
-----------------------------------------
| manipularl/             |             |
|    collision_rate       | 0.23        |
|    grasp_curriculum     | 0           |
|    grasp_failure_rate   | 0.723       |
|    insert_depth_mean    | 0           |
|    obstacle_range_hi    | 5           |
|    obstacle_range_lo    | 2           |
|    success_rate         | 0.63        |
| rollout/                |             |
|    ep_len_mean          | 138         |
|    ep_rew_mean          | 33.1        |
| time/                   |             |
|    fps                  | 441         |
|    iterations           | 316         |
|    time_elapsed         | 5130        |
|    total_timesteps      | 2265088     |
| train/                  |             |
|    approx_kl            | 0.042916324 |
|    clip_fraction        | 0.282       |
|    clip_range           | 0.2         |
|    entropy_loss         | -17.1       |
|    explained_variance   | 0.851       |
|    learning_rate        | 0.0003      |
|    loss                 | 5.27        |
|    n_updates            | 9880        |
|    policy_gradient_loss | -0.0557     |
|    std                  | 2.24        |
|    value_loss           | 25.2        |
-----------------------------------------
-----------------------------------------
| manipularl/             |             |
|    collision_rate       | 0.24        |
|    grasp_curriculum     | 0           |
|    grasp_failure_rate   | 0.747       |
|    insert_depth_mean    | 0           |
|    obstacle_range_hi    | 5           |
|    obstacle_range_lo    | 2           |
|    success_rate         | 0.66        |
| rollout/                |             |
|    ep_len_mean          | 121         |
|    ep_rew_mean          | 34.9        |
| time/                   |             |
|    fps                  | 441         |
|    iterations           | 317         |
|    time_elapsed         | 5145        |
|    total_timesteps      | 2272256     |
| train/                  |             |
|    approx_kl            | 0.045999546 |
|    clip_fraction        | 0.353       |
|    clip_range           | 0.2         |
|    entropy_loss         | -17.1       |
|    explained_variance   | 0.857       |
|    learning_rate        | 0.0003      |
|    loss                 | 7.21        |
|    n_updates            | 9890        |
|    policy_gradient_loss | -0.0581     |
|    std                  | 2.24        |
|    value_loss           | 27.8        |
-----------------------------------------
-----------------------------------------
| manipularl/             |             |
|    collision_rate       | 0.25        |
|    grasp_curriculum     | 0           |
|    grasp_failure_rate   | 0.764       |
|    insert_depth_mean    | 0           |
|    obstacle_range_hi    | 5           |
|    obstacle_range_lo    | 2           |
|    success_rate         | 0.64        |
| rollout/                |             |
|    ep_len_mean          | 132         |
|    ep_rew_mean          | 32.7        |
| time/                   |             |
|    fps                  | 441         |
|    iterations           | 318         |
|    time_elapsed         | 5160        |
|    total_timesteps      | 2279424     |
| train/                  |             |
|    approx_kl            | 0.039306268 |
|    clip_fraction        | 0.296       |
|    clip_range           | 0.2         |
|    entropy_loss         | -17.1       |
|    explained_variance   | 0.811       |
|    learning_rate        | 0.0003      |
|    loss                 | 9.54        |
|    n_updates            | 9900        |
|    policy_gradient_loss | -0.055      |
|    std                  | 2.24        |
|    value_loss           | 37.4        |
-----------------------------------------
---------------------------------------
| manipularl/             |           |
|    collision_rate       | 0.25      |
|    grasp_curriculum     | 0         |
|    grasp_failure_rate   | 0.778     |
|    insert_depth_mean    | 0         |
|    obstacle_range_hi    | 5         |
|    obstacle_range_lo    | 2         |
|    success_rate         | 0.65      |
| rollout/                |           |
|    ep_len_mean          | 132       |
|    ep_rew_mean          | 31.8      |
| time/                   |           |
|    fps                  | 441       |
|    iterations           | 319       |
|    time_elapsed         | 5175      |
|    total_timesteps      | 2286592   |
| train/                  |           |
|    approx_kl            | 0.0532694 |
|    clip_fraction        | 0.336     |
|    clip_range           | 0.2       |
|    entropy_loss         | -17.1     |
|    explained_variance   | 0.884     |
|    learning_rate        | 0.0003    |
|    loss                 | 6.22      |
|    n_updates            | 9910      |
|    policy_gradient_loss | -0.0627   |
|    std                  | 2.24      |
|    value_loss           | 23.8      |
---------------------------------------
---------------------------------------
| manipularl/             |           |
|    collision_rate       | 0.19      |
|    grasp_curriculum     | 0         |
|    grasp_failure_rate   | 0.776     |
|    insert_depth_mean    | 0         |
|    obstacle_range_hi    | 5         |
|    obstacle_range_lo    | 2         |
|    success_rate         | 0.66      |
| rollout/                |           |
|    ep_len_mean          | 131       |
|    ep_rew_mean          | 35.4      |
| time/                   |           |
|    fps                  | 441       |
|    iterations           | 320       |
|    time_elapsed         | 5189      |
|    total_timesteps      | 2293760   |
| train/                  |           |
|    approx_kl            | 0.0453905 |
|    clip_fraction        | 0.296     |
|    clip_range           | 0.2       |
|    entropy_loss         | -17.1     |
|    explained_variance   | 0.81      |
|    learning_rate        | 0.0003    |
|    loss                 | 12.8      |
|    n_updates            | 9920      |
|    policy_gradient_loss | -0.0593   |
|    std                  | 2.24      |
|    value_loss           | 42.3      |
---------------------------------------
----------------------------------------
| manipularl/             |            |
|    collision_rate       | 0.19       |
|    grasp_curriculum     | 0          |
|    grasp_failure_rate   | 0.74       |
|    insert_depth_mean    | 0          |
|    obstacle_range_hi    | 5          |
|    obstacle_range_lo    | 2          |
|    success_rate         | 0.68       |
| rollout/                |            |
|    ep_len_mean          | 114        |
|    ep_rew_mean          | 39         |
| time/                   |            |
|    fps                  | 442        |
|    iterations           | 321        |
|    time_elapsed         | 5204       |
|    total_timesteps      | 2300928    |
| train/                  |            |
|    approx_kl            | 0.03807775 |
|    clip_fraction        | 0.27       |
|    clip_range           | 0.2        |
|    entropy_loss         | -17.1      |
|    explained_variance   | 0.805      |
|    learning_rate        | 0.0003     |
|    loss                 | 10.4       |
|    n_updates            | 9930       |
|    policy_gradient_loss | -0.0578    |
|    std                  | 2.25       |
|    value_loss           | 38.6       |
----------------------------------------
-----------------------------------------
| manipularl/             |             |
|    collision_rate       | 0.17        |
|    grasp_curriculum     | 0           |
|    grasp_failure_rate   | 0.733       |
|    insert_depth_mean    | 0           |
|    obstacle_range_hi    | 5           |
|    obstacle_range_lo    | 2           |
|    success_rate         | 0.65        |
| rollout/                |             |
|    ep_len_mean          | 141         |
|    ep_rew_mean          | 34.5        |
| time/                   |             |
|    fps                  | 442         |
|    iterations           | 322         |
|    time_elapsed         | 5219        |
|    total_timesteps      | 2308096     |
| train/                  |             |
|    approx_kl            | 0.041178856 |
|    clip_fraction        | 0.288       |
|    clip_range           | 0.2         |
|    entropy_loss         | -17.1       |
|    explained_variance   | 0.822       |
|    learning_rate        | 0.0003      |
|    loss                 | 9.96        |
|    n_updates            | 9940        |
|    policy_gradient_loss | -0.0556     |
|    std                  | 2.25        |
|    value_loss           | 35.1        |
-----------------------------------------
----------------------------------------
| manipularl/             |            |
|    collision_rate       | 0.14       |
|    grasp_curriculum     | 0          |
|    grasp_failure_rate   | 0.736      |
|    insert_depth_mean    | 0          |
|    obstacle_range_hi    | 5          |
|    obstacle_range_lo    | 2          |
|    success_rate         | 0.7        |
| rollout/                |            |
|    ep_len_mean          | 139        |
|    ep_rew_mean          | 37.8       |
| time/                   |            |
|    fps                  | 442        |
|    iterations           | 323        |
|    time_elapsed         | 5232       |
|    total_timesteps      | 2315264    |
| train/                  |            |
|    approx_kl            | 0.04491073 |
|    clip_fraction        | 0.297      |
|    clip_range           | 0.2        |
|    entropy_loss         | -17.1      |
|    explained_variance   | 0.857      |
|    learning_rate        | 0.0003     |
|    loss                 | 6.51       |
|    n_updates            | 9950       |
|    policy_gradient_loss | -0.0576    |
|    std                  | 2.25       |
|    value_loss           | 27.7       |
----------------------------------------
-----------------------------------------
| manipularl/             |             |
|    collision_rate       | 0.23        |
|    grasp_curriculum     | 0           |
|    grasp_failure_rate   | 0.712       |
|    insert_depth_mean    | 0           |
|    obstacle_range_hi    | 5           |
|    obstacle_range_lo    | 2           |
|    success_rate         | 0.69        |
| rollout/                |             |
|    ep_len_mean          | 120         |
|    ep_rew_mean          | 40.2        |
| time/                   |             |
|    fps                  | 442         |
|    iterations           | 324         |
|    time_elapsed         | 5247        |
|    total_timesteps      | 2322432     |
| train/                  |             |
|    approx_kl            | 0.047362786 |
|    clip_fraction        | 0.316       |
|    clip_range           | 0.2         |
|    entropy_loss         | -17.1       |
|    explained_variance   | 0.879       |
|    learning_rate        | 0.0003      |
|    loss                 | 7.7         |
|    n_updates            | 9960        |
|    policy_gradient_loss | -0.0594     |
|    std                  | 2.25        |
|    value_loss           | 29.5        |
-----------------------------------------
---------------------------------------
| manipularl/             |           |
|    collision_rate       | 0.23      |
|    grasp_curriculum     | 0         |
|    grasp_failure_rate   | 0.748     |
|    insert_depth_mean    | 0         |
|    obstacle_range_hi    | 5         |
|    obstacle_range_lo    | 2         |
|    success_rate         | 0.66      |
| rollout/                |           |
|    ep_len_mean          | 123       |
|    ep_rew_mean          | 37.9      |
| time/                   |           |
|    fps                  | 442       |
|    iterations           | 325       |
|    time_elapsed         | 5261      |
|    total_timesteps      | 2329600   |
| train/                  |           |
|    approx_kl            | 0.0397375 |
|    clip_fraction        | 0.299     |
|    clip_range           | 0.2       |
|    entropy_loss         | -17.1     |
|    explained_variance   | 0.847     |
|    learning_rate        | 0.0003    |
|    loss                 | 10.6      |
|    n_updates            | 9970      |
|    policy_gradient_loss | -0.0575   |
|    std                  | 2.25      |
|    value_loss           | 36.8      |
---------------------------------------
-----------------------------------------
| manipularl/             |             |
|    collision_rate       | 0.25        |
|    grasp_curriculum     | 0           |
|    grasp_failure_rate   | 0.754       |
|    insert_depth_mean    | 0           |
|    obstacle_range_hi    | 5           |
|    obstacle_range_lo    | 2           |
|    success_rate         | 0.66        |
| rollout/                |             |
|    ep_len_mean          | 122         |
|    ep_rew_mean          | 34.1        |
| time/                   |             |
|    fps                  | 442         |
|    iterations           | 326         |
|    time_elapsed         | 5276        |
|    total_timesteps      | 2336768     |
| train/                  |             |
|    approx_kl            | 0.046026155 |
|    clip_fraction        | 0.299       |
|    clip_range           | 0.2         |
|    entropy_loss         | -17.1       |
|    explained_variance   | 0.903       |
|    learning_rate        | 0.0003      |
|    loss                 | 9.93        |
|    n_updates            | 9980        |
|    policy_gradient_loss | -0.06       |
|    std                  | 2.25        |
|    value_loss           | 29.2        |
-----------------------------------------
-----------------------------------------
| manipularl/             |             |
|    collision_rate       | 0.24        |
|    grasp_curriculum     | 0           |
|    grasp_failure_rate   | 0.735       |
|    insert_depth_mean    | 0           |
|    obstacle_range_hi    | 5           |
|    obstacle_range_lo    | 2           |
|    success_rate         | 0.68        |
| rollout/                |             |
|    ep_len_mean          | 134         |
|    ep_rew_mean          | 33.4        |
| time/                   |             |
|    fps                  | 443         |
|    iterations           | 327         |
|    time_elapsed         | 5289        |
|    total_timesteps      | 2343936     |
| train/                  |             |
|    approx_kl            | 0.034108423 |
|    clip_fraction        | 0.258       |
|    clip_range           | 0.2         |
|    entropy_loss         | -17.1       |
|    explained_variance   | 0.848       |
|    learning_rate        | 0.0003      |
|    loss                 | 8.43        |
|    n_updates            | 9990        |
|    policy_gradient_loss | -0.0524     |
|    std                  | 2.25        |
|    value_loss           | 36.5        |
-----------------------------------------
-----------------------------------------
| manipularl/             |             |
|    collision_rate       | 0.18        |
|    grasp_curriculum     | 0           |
|    grasp_failure_rate   | 0.726       |
|    insert_depth_mean    | 0           |
|    obstacle_range_hi    | 5           |
|    obstacle_range_lo    | 2           |
|    success_rate         | 0.68        |
| rollout/                |             |
|    ep_len_mean          | 148         |
|    ep_rew_mean          | 33.1        |
| time/                   |             |
|    fps                  | 443         |
|    iterations           | 328         |
|    time_elapsed         | 5304        |
|    total_timesteps      | 2351104     |
| train/                  |             |
|    approx_kl            | 0.047121532 |
|    clip_fraction        | 0.306       |
|    clip_range           | 0.2         |
|    entropy_loss         | -17.1       |
|    explained_variance   | 0.892       |
|    learning_rate        | 0.0003      |
|    loss                 | 8.18        |
|    n_updates            | 10000       |
|    policy_gradient_loss | -0.0554     |
|    std                  | 2.25        |
|    value_loss           | 28.3        |
-----------------------------------------
-----------------------------------------
| manipularl/             |             |
|    collision_rate       | 0.24        |
|    grasp_curriculum     | 0           |
|    grasp_failure_rate   | 0.735       |
|    insert_depth_mean    | 0           |
|    obstacle_range_hi    | 5           |
|    obstacle_range_lo    | 2           |
|    success_rate         | 0.6         |
| rollout/                |             |
|    ep_len_mean          | 154         |
|    ep_rew_mean          | 27.4        |
| time/                   |             |
|    fps                  | 443         |
|    iterations           | 329         |
|    time_elapsed         | 5317        |
|    total_timesteps      | 2358272     |
| train/                  |             |
|    approx_kl            | 0.050628673 |
|    clip_fraction        | 0.331       |
|    clip_range           | 0.2         |
|    entropy_loss         | -17.1       |
|    explained_variance   | 0.909       |
|    learning_rate        | 0.0003      |
|    loss                 | 6.37        |
|    n_updates            | 10010       |
|    policy_gradient_loss | -0.0579     |
|    std                  | 2.25        |
|    value_loss           | 23.6        |
-----------------------------------------
-----------------------------------------
| manipularl/             |             |
|    collision_rate       | 0.26        |
|    grasp_curriculum     | 0           |
|    grasp_failure_rate   | 0.727       |
|    insert_depth_mean    | 0           |
|    obstacle_range_hi    | 5           |
|    obstacle_range_lo    | 2           |
|    success_rate         | 0.56        |
| rollout/                |             |
|    ep_len_mean          | 156         |
|    ep_rew_mean          | 27.1        |
| time/                   |             |
|    fps                  | 443         |
|    iterations           | 330         |
|    time_elapsed         | 5331        |
|    total_timesteps      | 2365440     |
| train/                  |             |
|    approx_kl            | 0.044402167 |
|    clip_fraction        | 0.287       |
|    clip_range           | 0.2         |
|    entropy_loss         | -17.1       |
|    explained_variance   | 0.831       |
|    learning_rate        | 0.0003      |
|    loss                 | 7.72        |
|    n_updates            | 10020       |
|    policy_gradient_loss | -0.0513     |
|    std                  | 2.25        |
|    value_loss           | 25.8        |
-----------------------------------------
----------------------------------------
| manipularl/             |            |
|    collision_rate       | 0.17       |
|    grasp_curriculum     | 0          |
|    grasp_failure_rate   | 0.721      |
|    insert_depth_mean    | 0          |
|    obstacle_range_hi    | 5          |
|    obstacle_range_lo    | 2          |
|    success_rate         | 0.7        |
| rollout/                |            |
|    ep_len_mean          | 129        |
|    ep_rew_mean          | 39.7       |
| time/                   |            |
|    fps                  | 443        |
|    iterations           | 331        |
|    time_elapsed         | 5345       |
|    total_timesteps      | 2372608    |
| train/                  |            |
|    approx_kl            | 0.04551361 |
|    clip_fraction        | 0.318      |
|    clip_range           | 0.2        |
|    entropy_loss         | -17.1      |
|    explained_variance   | 0.823      |
|    learning_rate        | 0.0003     |
|    loss                 | 11.3       |
|    n_updates            | 10030      |
|    policy_gradient_loss | -0.0585    |
|    std                  | 2.25       |
|    value_loss           | 34.7       |
----------------------------------------
-----------------------------------------
| manipularl/             |             |
|    collision_rate       | 0.2         |
|    grasp_curriculum     | 0           |
|    grasp_failure_rate   | 0.723       |
|    insert_depth_mean    | 0           |
|    obstacle_range_hi    | 5           |
|    obstacle_range_lo    | 2           |
|    success_rate         | 0.64        |
| rollout/                |             |
|    ep_len_mean          | 139         |
|    ep_rew_mean          | 33.3        |
| time/                   |             |
|    fps                  | 443         |
|    iterations           | 332         |
|    time_elapsed         | 5360        |
|    total_timesteps      | 2379776     |
| train/                  |             |
|    approx_kl            | 0.047552448 |
|    clip_fraction        | 0.3         |
|    clip_range           | 0.2         |
|    entropy_loss         | -17.2       |
|    explained_variance   | 0.843       |
|    learning_rate        | 0.0003      |
|    loss                 | 8.49        |
|    n_updates            | 10040       |
|    policy_gradient_loss | -0.0543     |
|    std                  | 2.26        |
|    value_loss           | 34.4        |
-----------------------------------------
---------------------------------------
| manipularl/             |           |
|    collision_rate       | 0.23      |
|    grasp_curriculum     | 0         |
|    grasp_failure_rate   | 0.72      |
|    insert_depth_mean    | 0         |
|    obstacle_range_hi    | 5         |
|    obstacle_range_lo    | 2         |
|    success_rate         | 0.65      |
| rollout/                |           |
|    ep_len_mean          | 132       |
|    ep_rew_mean          | 34.2      |
| time/                   |           |
|    fps                  | 444       |
|    iterations           | 333       |
|    time_elapsed         | 5374      |
|    total_timesteps      | 2386944   |
| train/                  |           |
|    approx_kl            | 0.0461706 |
|    clip_fraction        | 0.308     |
|    clip_range           | 0.2       |
|    entropy_loss         | -17.2     |
|    explained_variance   | 0.829     |
|    learning_rate        | 0.0003    |
|    loss                 | 7.99      |
|    n_updates            | 10050     |
|    policy_gradient_loss | -0.0571   |
|    std                  | 2.26      |
|    value_loss           | 32.4      |
---------------------------------------
-----------------------------------------
| manipularl/             |             |
|    collision_rate       | 0.23        |
|    grasp_curriculum     | 0           |
|    grasp_failure_rate   | 0.754       |
|    insert_depth_mean    | 0           |
|    obstacle_range_hi    | 5           |
|    obstacle_range_lo    | 2           |
|    success_rate         | 0.67        |
| rollout/                |             |
|    ep_len_mean          | 120         |
|    ep_rew_mean          | 36          |
| time/                   |             |
|    fps                  | 444         |
|    iterations           | 334         |
|    time_elapsed         | 5390        |
|    total_timesteps      | 2394112     |
| train/                  |             |
|    approx_kl            | 0.044668015 |
|    clip_fraction        | 0.28        |
|    clip_range           | 0.2         |
|    entropy_loss         | -17.2       |
|    explained_variance   | 0.825       |
|    learning_rate        | 0.0003      |
|    loss                 | 10.8        |
|    n_updates            | 10060       |
|    policy_gradient_loss | -0.0555     |
|    std                  | 2.26        |
|    value_loss           | 42.1        |
-----------------------------------------
-----------------------------------------
| manipularl/             |             |
|    collision_rate       | 0.23        |
|    grasp_curriculum     | 0           |
|    grasp_failure_rate   | 0.781       |
|    insert_depth_mean    | 0           |
|    obstacle_range_hi    | 5           |
|    obstacle_range_lo    | 2           |
|    success_rate         | 0.68        |
| rollout/                |             |
|    ep_len_mean          | 115         |
|    ep_rew_mean          | 36.5        |
| time/                   |             |
|    fps                  | 444         |
|    iterations           | 335         |
|    time_elapsed         | 5404        |
|    total_timesteps      | 2401280     |
| train/                  |             |
|    approx_kl            | 0.035152793 |
|    clip_fraction        | 0.276       |
|    clip_range           | 0.2         |
|    entropy_loss         | -17.1       |
|    explained_variance   | 0.799       |
|    learning_rate        | 0.0003      |
|    loss                 | 11.7        |
|    n_updates            | 10070       |
|    policy_gradient_loss | -0.0554     |
|    std                  | 2.25        |
|    value_loss           | 51.2        |
-----------------------------------------
-----------------------------------------
| manipularl/             |             |
|    collision_rate       | 0.23        |
|    grasp_curriculum     | 0           |
|    grasp_failure_rate   | 0.784       |
|    insert_depth_mean    | 0           |
|    obstacle_range_hi    | 5           |
|    obstacle_range_lo    | 2           |
|    success_rate         | 0.69        |
| rollout/                |             |
|    ep_len_mean          | 111         |
|    ep_rew_mean          | 37.9        |
| time/                   |             |
|    fps                  | 444         |
|    iterations           | 336         |
|    time_elapsed         | 5419        |
|    total_timesteps      | 2408448     |
| train/                  |             |
|    approx_kl            | 0.039707966 |
|    clip_fraction        | 0.279       |
|    clip_range           | 0.2         |
|    entropy_loss         | -17.1       |
|    explained_variance   | 0.811       |
|    learning_rate        | 0.0003      |
|    loss                 | 11.1        |
|    n_updates            | 10080       |
|    policy_gradient_loss | -0.0587     |
|    std                  | 2.25        |
|    value_loss           | 45.3        |
-----------------------------------------
-----------------------------------------
| manipularl/             |             |
|    collision_rate       | 0.36        |
|    grasp_curriculum     | 0           |
|    grasp_failure_rate   | 0.777       |
|    insert_depth_mean    | 0           |
|    obstacle_range_hi    | 5           |
|    obstacle_range_lo    | 2           |
|    success_rate         | 0.59        |
| rollout/                |             |
|    ep_len_mean          | 122         |
|    ep_rew_mean          | 13.1        |
| time/                   |             |
|    fps                  | 444         |
|    iterations           | 337         |
|    time_elapsed         | 5435        |
|    total_timesteps      | 2415616     |
| train/                  |             |
|    approx_kl            | 0.035677094 |
|    clip_fraction        | 0.245       |
|    clip_range           | 0.2         |
|    entropy_loss         | -17.1       |
|    explained_variance   | 0.769       |
|    learning_rate        | 0.0003      |
|    loss                 | 16.6        |
|    n_updates            | 10090       |
|    policy_gradient_loss | -0.0421     |
|    std                  | 2.25        |
|    value_loss           | 58.8        |
-----------------------------------------
----------------------------------------
| manipularl/             |            |
|    collision_rate       | 0.22       |
|    grasp_curriculum     | 0          |
|    grasp_failure_rate   | 0.777      |
|    insert_depth_mean    | 0          |
|    obstacle_range_hi    | 5          |
|    obstacle_range_lo    | 2          |
|    success_rate         | 0.75       |
| rollout/                |            |
|    ep_len_mean          | 89         |
|    ep_rew_mean          | 34.9       |
| time/                   |            |
|    fps                  | 444        |
|    iterations           | 338        |
|    time_elapsed         | 5449       |
|    total_timesteps      | 2422784    |
| train/                  |            |
|    approx_kl            | 0.03220939 |
|    clip_fraction        | 0.243      |
|    clip_range           | 0.2        |
|    entropy_loss         | -17.1      |
|    explained_variance   | 0.818      |
|    learning_rate        | 0.0003     |
|    loss                 | 15.6       |
|    n_updates            | 10100      |
|    policy_gradient_loss | -0.0409    |
|    std                  | 2.25       |
|    value_loss           | 57         |
----------------------------------------
-----------------------------------------
| manipularl/             |             |
|    collision_rate       | 0.23        |
|    grasp_curriculum     | 0           |
|    grasp_failure_rate   | 0.798       |
|    insert_depth_mean    | 0           |
|    obstacle_range_hi    | 5           |
|    obstacle_range_lo    | 2           |
|    success_rate         | 0.68        |
| rollout/                |             |
|    ep_len_mean          | 119         |
|    ep_rew_mean          | 18.8        |
| time/                   |             |
|    fps                  | 444         |
|    iterations           | 339         |
|    time_elapsed         | 5465        |
|    total_timesteps      | 2429952     |
| train/                  |             |
|    approx_kl            | 0.029501863 |
|    clip_fraction        | 0.214       |
|    clip_range           | 0.2         |
|    entropy_loss         | -17.1       |
|    explained_variance   | 0.856       |
|    learning_rate        | 0.0003      |
|    loss                 | 16.6        |
|    n_updates            | 10110       |
|    policy_gradient_loss | -0.0431     |
|    std                  | 2.25        |
|    value_loss           | 55.5        |
-----------------------------------------
-----------------------------------------
| manipularl/             |             |
|    collision_rate       | 0.21        |
|    grasp_curriculum     | 0           |
|    grasp_failure_rate   | 0.81        |
|    insert_depth_mean    | 0           |
|    obstacle_range_hi    | 5           |
|    obstacle_range_lo    | 2           |
|    success_rate         | 0.73        |
| rollout/                |             |
|    ep_len_mean          | 116         |
|    ep_rew_mean          | 18.1        |
| time/                   |             |
|    fps                  | 444         |
|    iterations           | 340         |
|    time_elapsed         | 5481        |
|    total_timesteps      | 2437120     |
| train/                  |             |
|    approx_kl            | 0.034790847 |
|    clip_fraction        | 0.249       |
|    clip_range           | 0.2         |
|    entropy_loss         | -17.1       |
|    explained_variance   | 0.885       |
|    learning_rate        | 0.0003      |
|    loss                 | 12          |
|    n_updates            | 10120       |
|    policy_gradient_loss | -0.0433     |
|    std                  | 2.25        |
|    value_loss           | 47.1        |
-----------------------------------------
-----------------------------------------
| manipularl/             |             |
|    collision_rate       | 0.25        |
|    grasp_curriculum     | 0           |
|    grasp_failure_rate   | 0.818       |
|    insert_depth_mean    | 0           |
|    obstacle_range_hi    | 5           |
|    obstacle_range_lo    | 2           |
|    success_rate         | 0.69        |
| rollout/                |             |
|    ep_len_mean          | 121         |
|    ep_rew_mean          | 20.1        |
| time/                   |             |
|    fps                  | 444         |
|    iterations           | 341         |
|    time_elapsed         | 5495        |
|    total_timesteps      | 2444288     |
| train/                  |             |
|    approx_kl            | 0.033648286 |
|    clip_fraction        | 0.268       |
|    clip_range           | 0.2         |
|    entropy_loss         | -17.1       |
|    explained_variance   | 0.914       |
|    learning_rate        | 0.0003      |
|    loss                 | 12.2        |
|    n_updates            | 10130       |
|    policy_gradient_loss | -0.047      |
|    std                  | 2.25        |
|    value_loss           | 47.9        |
-----------------------------------------
-----------------------------------------
| manipularl/             |             |
|    collision_rate       | 0.22        |
|    grasp_curriculum     | 0           |
|    grasp_failure_rate   | 0.801       |
|    insert_depth_mean    | 0           |
|    obstacle_range_hi    | 5           |
|    obstacle_range_lo    | 2           |
|    success_rate         | 0.68        |
| rollout/                |             |
|    ep_len_mean          | 131         |
|    ep_rew_mean          | 25.5        |
| time/                   |             |
|    fps                  | 444         |
|    iterations           | 342         |
|    time_elapsed         | 5510        |
|    total_timesteps      | 2451456     |
| train/                  |             |
|    approx_kl            | 0.040170155 |
|    clip_fraction        | 0.281       |
|    clip_range           | 0.2         |
|    entropy_loss         | -17.1       |
|    explained_variance   | 0.883       |
|    learning_rate        | 0.0003      |
|    loss                 | 12          |
|    n_updates            | 10140       |
|    policy_gradient_loss | -0.0573     |
|    std                  | 2.25        |
|    value_loss           | 40.7        |
-----------------------------------------
-----------------------------------------
| manipularl/             |             |
|    collision_rate       | 0.22        |
|    grasp_curriculum     | 0           |
|    grasp_failure_rate   | 0.786       |
|    insert_depth_mean    | 0           |
|    obstacle_range_hi    | 5           |
|    obstacle_range_lo    | 2           |
|    success_rate         | 0.69        |
| rollout/                |             |
|    ep_len_mean          | 123         |
|    ep_rew_mean          | 22          |
| time/                   |             |
|    fps                  | 444         |
|    iterations           | 343         |
|    time_elapsed         | 5525        |
|    total_timesteps      | 2458624     |
| train/                  |             |
|    approx_kl            | 0.040118597 |
|    clip_fraction        | 0.275       |
|    clip_range           | 0.2         |
|    entropy_loss         | -17.1       |
|    explained_variance   | 0.92        |
|    learning_rate        | 0.0003      |
|    loss                 | 13.6        |
|    n_updates            | 10150       |
|    policy_gradient_loss | -0.0532     |
|    std                  | 2.25        |
|    value_loss           | 46.9        |
-----------------------------------------
----------------------------------------
| manipularl/             |            |
|    collision_rate       | 0.23       |
|    grasp_curriculum     | 0          |
|    grasp_failure_rate   | 0.789      |
|    insert_depth_mean    | 0          |
|    obstacle_range_hi    | 5          |
|    obstacle_range_lo    | 2          |
|    success_rate         | 0.65       |
| rollout/                |            |
|    ep_len_mean          | 131        |
|    ep_rew_mean          | 26.8       |
| time/                   |            |
|    fps                  | 445        |
|    iterations           | 344        |
|    time_elapsed         | 5540       |
|    total_timesteps      | 2465792    |
| train/                  |            |
|    approx_kl            | 0.03907457 |
|    clip_fraction        | 0.287      |
|    clip_range           | 0.2        |
|    entropy_loss         | -17.1      |
|    explained_variance   | 0.896      |
|    learning_rate        | 0.0003     |
|    loss                 | 12.5       |
|    n_updates            | 10160      |
|    policy_gradient_loss | -0.0603    |
|    std                  | 2.26       |
|    value_loss           | 44.7       |
----------------------------------------
----------------------------------------
| manipularl/             |            |
|    collision_rate       | 0.29       |
|    grasp_curriculum     | 0          |
|    grasp_failure_rate   | 0.747      |
|    insert_depth_mean    | 0          |
|    obstacle_range_hi    | 5          |
|    obstacle_range_lo    | 2          |
|    success_rate         | 0.58       |
| rollout/                |            |
|    ep_len_mean          | 147        |
|    ep_rew_mean          | 28.5       |
| time/                   |            |
|    fps                  | 445        |
|    iterations           | 345        |
|    time_elapsed         | 5555       |
|    total_timesteps      | 2472960    |
| train/                  |            |
|    approx_kl            | 0.04124677 |
|    clip_fraction        | 0.288      |
|    clip_range           | 0.2        |
|    entropy_loss         | -17.1      |
|    explained_variance   | 0.826      |
|    learning_rate        | 0.0003     |
|    loss                 | 11.5       |
|    n_updates            | 10170      |
|    policy_gradient_loss | -0.0567    |
|    std                  | 2.26       |
|    value_loss           | 43         |
----------------------------------------
----------------------------------------
| manipularl/             |            |
|    collision_rate       | 0.31       |
|    grasp_curriculum     | 0          |
|    grasp_failure_rate   | 0.725      |
|    insert_depth_mean    | 0          |
|    obstacle_range_hi    | 5          |
|    obstacle_range_lo    | 2          |
|    success_rate         | 0.58       |
| rollout/                |            |
|    ep_len_mean          | 149        |
|    ep_rew_mean          | 28.1       |
| time/                   |            |
|    fps                  | 445        |
|    iterations           | 346        |
|    time_elapsed         | 5568       |
|    total_timesteps      | 2480128    |
| train/                  |            |
|    approx_kl            | 0.04649856 |
|    clip_fraction        | 0.286      |
|    clip_range           | 0.2        |
|    entropy_loss         | -17.1      |
|    explained_variance   | 0.871      |
|    learning_rate        | 0.0003     |
|    loss                 | 7.83       |
|    n_updates            | 10180      |
|    policy_gradient_loss | -0.0567    |
|    std                  | 2.26       |
|    value_loss           | 31.8       |
----------------------------------------
-----------------------------------------
| manipularl/             |             |
|    collision_rate       | 0.33        |
|    grasp_curriculum     | 0           |
|    grasp_failure_rate   | 0.771       |
|    insert_depth_mean    | 0           |
|    obstacle_range_hi    | 5           |
|    obstacle_range_lo    | 2           |
|    success_rate         | 0.58        |
| rollout/                |             |
|    ep_len_mean          | 153         |
|    ep_rew_mean          | 24.8        |
| time/                   |             |
|    fps                  | 445         |
|    iterations           | 347         |
|    time_elapsed         | 5581        |
|    total_timesteps      | 2487296     |
| train/                  |             |
|    approx_kl            | 0.049292862 |
|    clip_fraction        | 0.309       |
|    clip_range           | 0.2         |
|    entropy_loss         | -17.1       |
|    explained_variance   | 0.836       |
|    learning_rate        | 0.0003      |
|    loss                 | 6.43        |
|    n_updates            | 10190       |
|    policy_gradient_loss | -0.0576     |
|    std                  | 2.26        |
|    value_loss           | 27.9        |
-----------------------------------------
----------------------------------------
| manipularl/             |            |
|    collision_rate       | 0.35       |
|    grasp_curriculum     | 0          |
|    grasp_failure_rate   | 0.796      |
|    insert_depth_mean    | 0          |
|    obstacle_range_hi    | 5          |
|    obstacle_range_lo    | 2          |
|    success_rate         | 0.58       |
| rollout/                |            |
|    ep_len_mean          | 137        |
|    ep_rew_mean          | 23.1       |
| time/                   |            |
|    fps                  | 445        |
|    iterations           | 348        |
|    time_elapsed         | 5595       |
|    total_timesteps      | 2494464    |
| train/                  |            |
|    approx_kl            | 0.05175049 |
|    clip_fraction        | 0.301      |
|    clip_range           | 0.2        |
|    entropy_loss         | -17.2      |
|    explained_variance   | 0.888      |
|    learning_rate        | 0.0003     |
|    loss                 | 8.55       |
|    n_updates            | 10200      |
|    policy_gradient_loss | -0.0564    |
|    std                  | 2.26       |
|    value_loss           | 29.2       |
----------------------------------------
Eval num_timesteps=2499980, episode_reward=52.93 +/- 28.44
Episode length: 98.15 +/- 106.51
----------------------------------------
| eval/                   |            |
|    mean_ep_length       | 98.2       |
|    mean_reward          | 52.9       |
| manipularl/             |            |
|    collision_rate       | 0.3        |
|    grasp_curriculum     | 0          |
|    grasp_failure_rate   | 0.772      |
|    insert_depth_mean    | 0          |
|    obstacle_range_hi    | 5          |
|    obstacle_range_lo    | 2          |
|    success_rate         | 0.65       |
| time/                   |            |
|    total_timesteps      | 2499980    |
| train/                  |            |
|    approx_kl            | 0.04895708 |
|    clip_fraction        | 0.334      |
|    clip_range           | 0.2        |
|    entropy_loss         | -17.1      |
|    explained_variance   | 0.886      |
|    learning_rate        | 0.0003     |
|    loss                 | 11.7       |
|    n_updates            | 10210      |
|    policy_gradient_loss | -0.0567    |
|    std                  | 2.26       |
|    value_loss           | 38.5       |
----------------------------------------
New best mean reward!
------------------------------------
| manipularl/           |          |
|    collision_rate     | 0.34     |
|    grasp_curriculum   | 0        |
|    grasp_failure_rate | 0.768    |
|    insert_depth_mean  | 0        |
|    obstacle_range_hi  | 5        |
|    obstacle_range_lo  | 2        |
|    success_rate       | 0.62     |
| rollout/              |          |
|    ep_len_mean        | 110      |
|    ep_rew_mean        | 32.5     |
| time/                 |          |
|    fps                | 445      |
|    iterations         | 349      |
|    time_elapsed       | 5617     |
|    total_timesteps    | 2501632  |
------------------------------------
[train] saved runs/phase3_ppo_v3a_penaltyonly/model.zip and runs/phase3_ppo_v3a_penaltyonly/vecnormalize.pkl
>>> 20:10:17 Run A rc=0 OK
pybullet build time: Nov 28 2023 23:45:17
/storage/Ground-Robo-Prepathon/submission/PART_2_MANIPULATOR_RL/evaluate.py:126: RuntimeWarning: Mean of empty slice
  insert_tilt_deg_mean=float(np.nanmean(arr["insert_tilt_deg"])),
[       in_dist] success=0.710 collision=0.220 steps=109 path_eff=0.20 depth=0.000 tilt=nan
[eval] wrote results/eval_phase3_v3a_penaltyonly.csv
>>> 20:13:06 Run A eval: 3,in_dist,200,0.71,0.22,109.47,0.20015712994819804,0.10462773526033427,0.7513756087412236,0.0,nan
