pybullet build time: Nov 28 2023 23:45:17
[train] phase=3 algo=ppo n_envs=16 steps=2,500,000 frame_stack=3 -> runs/phase3_satisficing
pybullet build time: Nov 28 2023 23:45:17
pybullet build time: Nov 28 2023 23:45:17
pybullet build time: Nov 28 2023 23:45:17
pybullet build time: Nov 28 2023 23:45:17
pybullet build time: Nov 28 2023 23:45:17
pybullet build time: Nov 28 2023 23:45:17
pybullet build time: Nov 28 2023 23:45:17
pybullet build time: Nov 28 2023 23:45:17
pybullet build time: Nov 28 2023 23:45:17
pybullet build time: Nov 28 2023 23:45:17
pybullet build time: Nov 28 2023 23:45:17
pybullet build time: Nov 28 2023 23:45:17
pybullet build time: Nov 28 2023 23:45:17
pybullet build time: Nov 28 2023 23:45:17
pybullet build time: Nov 28 2023 23:45:17
pybullet build time: Nov 28 2023 23:45:17
[train] warm-start-pad from runs/phase2_ppo/model.zip
Using cuda device
[train] warm-start-pad: runs/phase2_ppo/model.zip (123 dims/frame) -> this env (131 dims/frame) -- 8 new (zero-init) dims x 3 frames = 24 new columns; action_net/value_net/log_std/deeper trunk layers copied verbatim
[train] grasp-curriculum anneal 0.35 -> 0.0 over 50% of training
[train] obstacle-count curriculum (0, 1) -> (2, 5) over 50% of training
Logging to runs/phase3_satisficing/tb/PPO_1
------------------------------------
| manipularl/           |          |
|    collision_rate     | 0.286    |
|    grasp_curriculum   | 0.348    |
|    grasp_failure_rate | 0.907    |
|    insert_depth_mean  | 0        |
|    obstacle_range_hi  | 1        |
|    obstacle_range_lo  | 0        |
|    success_rate       | 0        |
| rollout/              |          |
|    ep_len_mean        | 284      |
|    ep_rew_mean        | -10.3    |
| std_per_dim/          |          |
|    grip               | 0.916    |
|    j0                 | 0.975    |
|    j1                 | 0.846    |
|    j2                 | 1.03     |
|    j3                 | 0.958    |
|    j4                 | 1.35     |
|    j5                 | 1.16     |
|    j6                 | 1.23     |
| time/                 |          |
|    fps                | 675      |
|    iterations         | 1        |
|    time_elapsed       | 12       |
|    total_timesteps    | 8192     |
------------------------------------
-----------------------------------------
| manipularl/             |             |
|    collision_rate       | 0.179       |
|    grasp_curriculum     | 0.345       |
|    grasp_failure_rate   | 0.915       |
|    insert_depth_mean    | 0           |
|    obstacle_range_hi    | 1           |
|    obstacle_range_lo    | 0           |
|    success_rate         | 0           |
| rollout/                |             |
|    ep_len_mean          | 311         |
|    ep_rew_mean          | -19.5       |
| std_per_dim/            |             |
|    grip                 | 0.922       |
|    j0                   | 0.972       |
|    j1                   | 0.851       |
|    j2                   | 1.03        |
|    j3                   | 0.964       |
|    j4                   | 1.35        |
|    j5                   | 1.17        |
|    j6                   | 1.23        |
| time/                   |             |
|    fps                  | 640         |
|    iterations           | 2           |
|    time_elapsed         | 25          |
|    total_timesteps      | 16384       |
| train/                  |             |
|    approx_kl            | 0.035473876 |
|    clip_fraction        | 0.318       |
|    clip_range           | 0.2         |
|    entropy_loss         | -11.7       |
|    explained_variance   | 0.796       |
|    learning_rate        | 0.0003      |
|    loss                 | 6.87        |
|    n_updates            | 10          |
|    policy_gradient_loss | -0.0566     |
|    std                  | 1.06        |
|    value_loss           | 30.3        |
-----------------------------------------
-----------------------------------------
| manipularl/             |             |
|    collision_rate       | 0.25        |
|    grasp_curriculum     | 0.343       |
|    grasp_failure_rate   | 0.835       |
|    insert_depth_mean    | 0           |
|    obstacle_range_hi    | 1           |
|    obstacle_range_lo    | 0           |
|    success_rate         | 0           |
| rollout/                |             |
|    ep_len_mean          | 290         |
|    ep_rew_mean          | -20.6       |
| std_per_dim/            |             |
|    grip                 | 0.922       |
|    j0                   | 0.973       |
|    j1                   | 0.852       |
|    j2                   | 1.03        |
|    j3                   | 0.966       |
|    j4                   | 1.35        |
|    j5                   | 1.17        |
|    j6                   | 1.23        |
| time/                   |             |
|    fps                  | 646         |
|    iterations           | 3           |
|    time_elapsed         | 37          |
|    total_timesteps      | 24576       |
| train/                  |             |
|    approx_kl            | 0.021897374 |
|    clip_fraction        | 0.235       |
|    clip_range           | 0.2         |
|    entropy_loss         | -11.7       |
|    explained_variance   | 0.856       |
|    learning_rate        | 0.0003      |
|    loss                 | 3.68        |
|    n_updates            | 20          |
|    policy_gradient_loss | -0.021      |
|    std                  | 1.06        |
|    value_loss           | 24.2        |
-----------------------------------------
Eval num_timesteps=24992, episode_reward=-15.90 +/- 15.17
Episode length: 178.70 +/- 143.23
-----------------------------------------
| eval/                   |             |
|    mean_ep_length       | 179         |
|    mean_reward          | -15.9       |
| manipularl/             |             |
|    collision_rate       | 0.259       |
|    grasp_curriculum     | 0.343       |
|    grasp_failure_rate   | 0.837       |
|    insert_depth_mean    | 0           |
|    obstacle_range_hi    | 1           |
|    obstacle_range_lo    | 0           |
|    success_rate         | 0           |
| time/                   |             |
|    total_timesteps      | 24992       |
| train/                  |             |
|    approx_kl            | 0.023230268 |
|    clip_fraction        | 0.229       |
|    clip_range           | 0.2         |
|    entropy_loss         | -11.8       |
|    explained_variance   | 0.671       |
|    learning_rate        | 0.0003      |
|    loss                 | 6           |
|    n_updates            | 30          |
|    policy_gradient_loss | -0.0291     |
|    std                  | 1.06        |
|    value_loss           | 30.8        |
-----------------------------------------
New best mean reward!
------------------------------------
| manipularl/           |          |
|    collision_rate     | 0.24     |
|    grasp_curriculum   | 0.341    |
|    grasp_failure_rate | 0.788    |
|    insert_depth_mean  | 0        |
|    obstacle_range_hi  | 1        |
|    obstacle_range_lo  | 0        |
|    success_rate       | 0        |
| rollout/              |          |
|    ep_len_mean        | 292      |
|    ep_rew_mean        | -21.3    |
| std_per_dim/          |          |
|    grip               | 0.926    |
|    j0                 | 0.974    |
|    j1                 | 0.851    |
|    j2                 | 1.04     |
|    j3                 | 0.968    |
|    j4                 | 1.35     |
|    j5                 | 1.17     |
|    j6                 | 1.24     |
| time/                 |          |
|    fps                | 577      |
|    iterations         | 4        |
|    time_elapsed       | 56       |
|    total_timesteps    | 32768    |
------------------------------------
-----------------------------------------
| manipularl/             |             |
|    collision_rate       | 0.23        |
|    grasp_curriculum     | 0.339       |
|    grasp_failure_rate   | 0.7         |
|    insert_depth_mean    | 0           |
|    obstacle_range_hi    | 1           |
|    obstacle_range_lo    | 0           |
|    success_rate         | 0.01        |
| rollout/                |             |
|    ep_len_mean          | 291         |
|    ep_rew_mean          | -23         |
| std_per_dim/            |             |
|    grip                 | 0.927       |
|    j0                   | 0.979       |
|    j1                   | 0.854       |
|    j2                   | 1.04        |
|    j3                   | 0.972       |
|    j4                   | 1.35        |
|    j5                   | 1.18        |
|    j6                   | 1.24        |
| time/                   |             |
|    fps                  | 614         |
|    iterations           | 5           |
|    time_elapsed         | 66          |
|    total_timesteps      | 40960       |
| train/                  |             |
|    approx_kl            | 0.027917145 |
|    clip_fraction        | 0.215       |
|    clip_range           | 0.2         |
|    entropy_loss         | -11.8       |
|    explained_variance   | 0.748       |
|    learning_rate        | 0.0003      |
|    loss                 | 2.24        |
|    n_updates            | 40          |
|    policy_gradient_loss | -0.0359     |
|    std                  | 1.07        |
|    value_loss           | 14.9        |
-----------------------------------------
----------------------------------------
| manipularl/             |            |
|    collision_rate       | 0.19       |
|    grasp_curriculum     | 0.336      |
|    grasp_failure_rate   | 0.73       |
|    insert_depth_mean    | 0          |
|    obstacle_range_hi    | 1          |
|    obstacle_range_lo    | 0          |
|    success_rate         | 0.01       |
| rollout/                |            |
|    ep_len_mean          | 299        |
|    ep_rew_mean          | -24.7      |
| std_per_dim/            |            |
|    grip                 | 0.93       |
|    j0                   | 0.985      |
|    j1                   | 0.857      |
|    j2                   | 1.04       |
|    j3                   | 0.977      |
|    j4                   | 1.35       |
|    j5                   | 1.18       |
|    j6                   | 1.24       |
| time/                   |            |
|    fps                  | 622        |
|    iterations           | 6          |
|    time_elapsed         | 78         |
|    total_timesteps      | 49152      |
| train/                  |            |
|    approx_kl            | 0.02688551 |
|    clip_fraction        | 0.239      |
|    clip_range           | 0.2        |
|    entropy_loss         | -11.8      |
|    explained_variance   | 0.876      |
|    learning_rate        | 0.0003     |
|    loss                 | 2.8        |
|    n_updates            | 50         |
|    policy_gradient_loss | -0.0272    |
|    std                  | 1.07       |
|    value_loss           | 12.5       |
----------------------------------------
Eval num_timesteps=49984, episode_reward=-8.55 +/- 22.00
Episode length: 176.10 +/- 155.18
-----------------------------------------
| eval/                   |             |
|    mean_ep_length       | 176         |
|    mean_reward          | -8.55       |
| manipularl/             |             |
|    collision_rate       | 0.18        |
|    grasp_curriculum     | 0.336       |
|    grasp_failure_rate   | 0.731       |
|    insert_depth_mean    | 0           |
|    obstacle_range_hi    | 1           |
|    obstacle_range_lo    | 0           |
|    success_rate         | 0.01        |
| time/                   |             |
|    total_timesteps      | 49984       |
| train/                  |             |
|    approx_kl            | 0.030334294 |
|    clip_fraction        | 0.274       |
|    clip_range           | 0.2         |
|    entropy_loss         | -11.8       |
|    explained_variance   | 0.892       |
|    learning_rate        | 0.0003      |
|    loss                 | 0.981       |
|    n_updates            | 60          |
|    policy_gradient_loss | -0.0157     |
|    std                  | 1.07        |
|    value_loss           | 9.51        |
-----------------------------------------
New best mean reward!
------------------------------------
| manipularl/           |          |
|    collision_rate     | 0.12     |
|    grasp_curriculum   | 0.334    |
|    grasp_failure_rate | 0.75     |
|    insert_depth_mean  | 0        |
|    obstacle_range_hi  | 1        |
|    obstacle_range_lo  | 0        |
|    success_rate       | 0.01     |
| rollout/              |          |
|    ep_len_mean        | 315      |
|    ep_rew_mean        | -27.1    |
| std_per_dim/          |          |
|    grip               | 0.927    |
|    j0                 | 0.987    |
|    j1                 | 0.856    |
|    j2                 | 1.04     |
|    j3                 | 0.979    |
|    j4                 | 1.35     |
|    j5                 | 1.19     |
|    j6                 | 1.25     |
| time/                 |          |
|    fps                | 539      |
|    iterations         | 7        |
|    time_elapsed       | 106      |
|    total_timesteps    | 57344    |
------------------------------------
-----------------------------------------
| manipularl/             |             |
|    collision_rate       | 0.03        |
|    grasp_curriculum     | 0.332       |
|    grasp_failure_rate   | 0.74        |
|    insert_depth_mean    | 0           |
|    obstacle_range_hi    | 1           |
|    obstacle_range_lo    | 0           |
|    success_rate         | 0.01        |
| rollout/                |             |
|    ep_len_mean          | 339         |
|    ep_rew_mean          | -32.5       |
| std_per_dim/            |             |
|    grip                 | 0.93        |
|    j0                   | 0.991       |
|    j1                   | 0.855       |
|    j2                   | 1.04        |
|    j3                   | 0.979       |
|    j4                   | 1.36        |
|    j5                   | 1.19        |
|    j6                   | 1.25        |
| time/                   |             |
|    fps                  | 563         |
|    iterations           | 8           |
|    time_elapsed         | 116         |
|    total_timesteps      | 65536       |
| train/                  |             |
|    approx_kl            | 0.028543849 |
|    clip_fraction        | 0.301       |
|    clip_range           | 0.2         |
|    entropy_loss         | -11.8       |
|    explained_variance   | 0.906       |
|    learning_rate        | 0.0003      |
|    loss                 | 0.888       |
|    n_updates            | 70          |
|    policy_gradient_loss | -0.0175     |
|    std                  | 1.07        |
|    value_loss           | 8.03        |
-----------------------------------------
-----------------------------------------
| manipularl/             |             |
|    collision_rate       | 0.03        |
|    grasp_curriculum     | 0.329       |
|    grasp_failure_rate   | 0.8         |
|    insert_depth_mean    | 0           |
|    obstacle_range_hi    | 1           |
|    obstacle_range_lo    | 0           |
|    success_rate         | 0           |
| rollout/                |             |
|    ep_len_mean          | 341         |
|    ep_rew_mean          | -36         |
| std_per_dim/            |             |
|    grip                 | 0.933       |
|    j0                   | 0.991       |
|    j1                   | 0.857       |
|    j2                   | 1.05        |
|    j3                   | 0.981       |
|    j4                   | 1.36        |
|    j5                   | 1.19        |
|    j6                   | 1.25        |
| time/                   |             |
|    fps                  | 575         |
|    iterations           | 9           |
|    time_elapsed         | 128         |
|    total_timesteps      | 73728       |
| train/                  |             |
|    approx_kl            | 0.028531117 |
|    clip_fraction        | 0.317       |
|    clip_range           | 0.2         |
|    entropy_loss         | -11.8       |
|    explained_variance   | 0.883       |
|    learning_rate        | 0.0003      |
|    loss                 | 1.57        |
|    n_updates            | 80          |
|    policy_gradient_loss | -0.01       |
|    std                  | 1.08        |
|    value_loss           | 9.03        |
-----------------------------------------
Eval num_timesteps=74976, episode_reward=-8.72 +/- 13.43
Episode length: 192.30 +/- 158.91
-----------------------------------------
| eval/                   |             |
|    mean_ep_length       | 192         |
|    mean_reward          | -8.72       |
| manipularl/             |             |
|    collision_rate       | 0.03        |
|    grasp_curriculum     | 0.329       |
|    grasp_failure_rate   | 0.824       |
|    insert_depth_mean    | 0           |
|    obstacle_range_hi    | 1           |
|    obstacle_range_lo    | 0           |
|    success_rate         | 0           |
| time/                   |             |
|    total_timesteps      | 74976       |
| train/                  |             |
|    approx_kl            | 0.043124124 |
|    clip_fraction        | 0.364       |
|    clip_range           | 0.2         |
|    entropy_loss         | -11.9       |
|    explained_variance   | 0.824       |
|    learning_rate        | 0.0003      |
|    loss                 | 0.842       |
|    n_updates            | 90          |
|    policy_gradient_loss | -0.00466    |
|    std                  | 1.08        |
|    value_loss           | 6.62        |
-----------------------------------------
------------------------------------
| manipularl/           |          |
|    collision_rate     | 0.03     |
|    grasp_curriculum   | 0.327    |
|    grasp_failure_rate | 0.862    |
|    insert_depth_mean  | 0        |
|    obstacle_range_hi  | 1        |
|    obstacle_range_lo  | 0        |
|    success_rate       | 0        |
| rollout/              |          |
|    ep_len_mean        | 341      |
|    ep_rew_mean        | -35.1    |
| std_per_dim/          |          |
|    grip               | 0.934    |
|    j0                 | 0.995    |
|    j1                 | 0.857    |
|    j2                 | 1.05     |
|    j3                 | 0.985    |
|    j4                 | 1.37     |
|    j5                 | 1.2      |
|    j6                 | 1.25     |
| time/                 |          |
|    fps                | 527      |
|    iterations         | 10       |
|    time_elapsed       | 155      |
|    total_timesteps    | 81920    |
------------------------------------
-----------------------------------------
| manipularl/             |             |
|    collision_rate       | 0.04        |
|    grasp_curriculum     | 0.325       |
|    grasp_failure_rate   | 0.854       |
|    insert_depth_mean    | 0           |
|    obstacle_range_hi    | 1           |
|    obstacle_range_lo    | 0           |
|    success_rate         | 0           |
| rollout/                |             |
|    ep_len_mean          | 338         |
|    ep_rew_mean          | -34.8       |
| std_per_dim/            |             |
|    grip                 | 0.933       |
|    j0                   | 0.997       |
|    j1                   | 0.858       |
|    j2                   | 1.05        |
|    j3                   | 0.982       |
|    j4                   | 1.37        |
|    j5                   | 1.2         |
|    j6                   | 1.25        |
| time/                   |             |
|    fps                  | 542         |
|    iterations           | 11          |
|    time_elapsed         | 166         |
|    total_timesteps      | 90112       |
| train/                  |             |
|    approx_kl            | 0.041317604 |
|    clip_fraction        | 0.391       |
|    clip_range           | 0.2         |
|    entropy_loss         | -11.9       |
|    explained_variance   | 0.887       |
|    learning_rate        | 0.0003      |
|    loss                 | 0.587       |
|    n_updates            | 100         |
|    policy_gradient_loss | -0.0157     |
|    std                  | 1.08        |
|    value_loss           | 3.44        |
-----------------------------------------
----------------------------------------
| manipularl/             |            |
|    collision_rate       | 0.11       |
|    grasp_curriculum     | 0.322      |
|    grasp_failure_rate   | 0.903      |
|    insert_depth_mean    | 0          |
|    obstacle_range_hi    | 1          |
|    obstacle_range_lo    | 0          |
|    success_rate         | 0.02       |
| rollout/                |            |
|    ep_len_mean          | 321        |
|    ep_rew_mean          | -29.1      |
| std_per_dim/            |            |
|    grip                 | 0.932      |
|    j0                   | 1          |
|    j1                   | 0.858      |
|    j2                   | 1.05       |
|    j3                   | 0.986      |
|    j4                   | 1.38       |
|    j5                   | 1.2        |
|    j6                   | 1.25       |
| time/                   |            |
|    fps                  | 557        |
|    iterations           | 12         |
|    time_elapsed         | 176        |
|    total_timesteps      | 98304      |
| train/                  |            |
|    approx_kl            | 0.02563029 |
|    clip_fraction        | 0.297      |
|    clip_range           | 0.2        |
|    entropy_loss         | -11.9      |
|    explained_variance   | 0.88       |
|    learning_rate        | 0.0003     |
|    loss                 | 0.38       |
|    n_updates            | 110        |
|    policy_gradient_loss | -0.0188    |
|    std                  | 1.08       |
|    value_loss           | 3.93       |
----------------------------------------
Eval num_timesteps=99968, episode_reward=-17.31 +/- 13.57
Episode length: 211.90 +/- 147.51
-----------------------------------------
| eval/                   |             |
|    mean_ep_length       | 212         |
|    mean_reward          | -17.3       |
| manipularl/             |             |
|    collision_rate       | 0.13        |
|    grasp_curriculum     | 0.322       |
|    grasp_failure_rate   | 0.896       |
|    insert_depth_mean    | 0           |
|    obstacle_range_hi    | 1           |
|    obstacle_range_lo    | 0           |
|    success_rate         | 0.04        |
| time/                   |             |
|    total_timesteps      | 99968       |
| train/                  |             |
|    approx_kl            | 0.029853601 |
|    clip_fraction        | 0.313       |
|    clip_range           | 0.2         |
|    entropy_loss         | -11.9       |
|    explained_variance   | 0.821       |
|    learning_rate        | 0.0003      |
|    loss                 | 3.63        |
|    n_updates            | 120         |
|    policy_gradient_loss | -0.0102     |
|    std                  | 1.09        |
|    value_loss           | 10.2        |
-----------------------------------------
------------------------------------
| manipularl/           |          |
|    collision_rate     | 0.13     |
|    grasp_curriculum   | 0.32     |
|    grasp_failure_rate | 0.855    |
|    insert_depth_mean  | 0        |
|    obstacle_range_hi  | 1        |
|    obstacle_range_lo  | 0        |
|    success_rate       | 0.04     |
| rollout/              |          |
|    ep_len_mean        | 311      |
|    ep_rew_mean        | -25      |
| std_per_dim/          |          |
|    grip               | 0.934    |
|    j0                 | 1.01     |
|    j1                 | 0.862    |
|    j2                 | 1.05     |
|    j3                 | 0.989    |
|    j4                 | 1.38     |
|    j5                 | 1.2      |
|    j6                 | 1.26     |
| time/                 |          |
|    fps                | 527      |
|    iterations         | 13       |
|    time_elapsed       | 201      |
|    total_timesteps    | 106496   |
------------------------------------
----------------------------------------
| manipularl/             |            |
|    collision_rate       | 0.15       |
|    grasp_curriculum     | 0.318      |
|    grasp_failure_rate   | 0.832      |
|    insert_depth_mean    | 0          |
|    obstacle_range_hi    | 1          |
|    obstacle_range_lo    | 0          |
|    success_rate         | 0.04       |
| rollout/                |            |
|    ep_len_mean          | 307        |
|    ep_rew_mean          | -24        |
| std_per_dim/            |            |
|    grip                 | 0.933      |
|    j0                   | 1.01       |
|    j1                   | 0.866      |
|    j2                   | 1.05       |
|    j3                   | 0.996      |
|    j4                   | 1.39       |
|    j5                   | 1.2        |
|    j6                   | 1.27       |
| time/                   |            |
|    fps                  | 531        |
|    iterations           | 14         |
|    time_elapsed         | 215        |
|    total_timesteps      | 114688     |
| train/                  |            |
|    approx_kl            | 0.02798234 |
|    clip_fraction        | 0.29       |
|    clip_range           | 0.2        |
|    entropy_loss         | -11.9      |
|    explained_variance   | 0.842      |
|    learning_rate        | 0.0003     |
|    loss                 | 0.791      |
|    n_updates            | 130        |
|    policy_gradient_loss | -0.0186    |
|    std                  | 1.09       |
|    value_loss           | 7.31       |
----------------------------------------
-----------------------------------------
| manipularl/             |             |
|    collision_rate       | 0.18        |
|    grasp_curriculum     | 0.316       |
|    grasp_failure_rate   | 0.821       |
|    insert_depth_mean    | 0           |
|    obstacle_range_hi    | 1           |
|    obstacle_range_lo    | 0           |
|    success_rate         | 0.04        |
| rollout/                |             |
|    ep_len_mean          | 303         |
|    ep_rew_mean          | -22.3       |
| std_per_dim/            |             |
|    grip                 | 0.933       |
|    j0                   | 1.01        |
|    j1                   | 0.867       |
|    j2                   | 1.05        |
|    j3                   | 1           |
|    j4                   | 1.39        |
|    j5                   | 1.2         |
|    j6                   | 1.26        |
| time/                   |             |
|    fps                  | 537         |
|    iterations           | 15          |
|    time_elapsed         | 228         |
|    total_timesteps      | 122880      |
| train/                  |             |
|    approx_kl            | 0.033911813 |
|    clip_fraction        | 0.285       |
|    clip_range           | 0.2         |
|    entropy_loss         | -11.9       |
|    explained_variance   | 0.851       |
|    learning_rate        | 0.0003      |
|    loss                 | 0.237       |
|    n_updates            | 140         |
|    policy_gradient_loss | -0.0224     |
|    std                  | 1.09        |
|    value_loss           | 2.4         |
-----------------------------------------
Eval num_timesteps=124960, episode_reward=-5.31 +/- 8.99
Episode length: 134.70 +/- 127.69
----------------------------------------
| eval/                   |            |
|    mean_ep_length       | 135        |
|    mean_reward          | -5.31      |
| manipularl/             |            |
|    collision_rate       | 0.18       |
|    grasp_curriculum     | 0.315      |
|    grasp_failure_rate   | 0.821      |
|    insert_depth_mean    | 0          |
|    obstacle_range_hi    | 1          |
|    obstacle_range_lo    | 0          |
|    success_rate         | 0.04       |
| std_per_dim/            |            |
|    grip                 | 0.935      |
|    j0                   | 1.01       |
|    j1                   | 0.871      |
|    j2                   | 1.06       |
|    j3                   | 1          |
|    j4                   | 1.4        |
|    j5                   | 1.2        |
|    j6                   | 1.27       |
| time/                   |            |
|    total_timesteps      | 124960     |
| train/                  |            |
|    approx_kl            | 0.05783391 |
|    clip_fraction        | 0.377      |
|    clip_range           | 0.2        |
|    entropy_loss         | -12        |
|    explained_variance   | 0.799      |
|    learning_rate        | 0.0003     |
|    loss                 | 0.371      |
|    n_updates            | 150        |
|    policy_gradient_loss | -0.0244    |
|    std                  | 1.09       |
|    value_loss           | 2.79       |
----------------------------------------
New best mean reward!
------------------------------------
| manipularl/           |          |
|    collision_rate     | 0.15     |
|    grasp_curriculum   | 0.313    |
|    grasp_failure_rate | 0.802    |
|    insert_depth_mean  | 0        |
|    obstacle_range_hi  | 1        |
|    obstacle_range_lo  | 0        |
|    success_rate       | 0.01     |
| rollout/              |          |
|    ep_len_mean        | 320      |
|    ep_rew_mean        | -23.4    |
| std_per_dim/          |          |
|    grip               | 0.935    |
|    j0                 | 1.01     |
|    j1                 | 0.871    |
|    j2                 | 1.06     |
|    j3                 | 1        |
|    j4                 | 1.4      |
|    j5                 | 1.2      |
|    j6                 | 1.27     |
| time/                 |          |
|    fps                | 532      |
|    iterations         | 16       |
|    time_elapsed       | 246      |
|    total_timesteps    | 131072   |
------------------------------------
----------------------------------------
| manipularl/             |            |
|    collision_rate       | 0.27       |
|    grasp_curriculum     | 0.311      |
|    grasp_failure_rate   | 0.803      |
|    insert_depth_mean    | 0          |
|    obstacle_range_hi    | 1          |
|    obstacle_range_lo    | 0          |
|    success_rate         | 0.06       |
| rollout/                |            |
|    ep_len_mean          | 295        |
|    ep_rew_mean          | -18.5      |
| std_per_dim/            |            |
|    grip                 | 0.937      |
|    j0                   | 1.01       |
|    j1                   | 0.864      |
|    j2                   | 1.07       |
|    j3                   | 0.996      |
|    j4                   | 1.39       |
|    j5                   | 1.22       |
|    j6                   | 1.27       |
| time/                   |            |
|    fps                  | 538        |
|    iterations           | 17         |
|    time_elapsed         | 258        |
|    total_timesteps      | 139264     |
| train/                  |            |
|    approx_kl            | 0.05847802 |
|    clip_fraction        | 0.358      |
|    clip_range           | 0.2        |
|    entropy_loss         | -12        |
|    explained_variance   | 0.848      |
|    learning_rate        | 0.0003     |
|    loss                 | 0.168      |
|    n_updates            | 160        |
|    policy_gradient_loss | -0.0466    |
|    std                  | 1.09       |
|    value_loss           | 1.83       |
----------------------------------------
-----------------------------------------
| manipularl/             |             |
|    collision_rate       | 0.3         |
|    grasp_curriculum     | 0.309       |
|    grasp_failure_rate   | 0.802       |
|    insert_depth_mean    | 0           |
|    obstacle_range_hi    | 1           |
|    obstacle_range_lo    | 0           |
|    success_rate         | 0.06        |
| rollout/                |             |
|    ep_len_mean          | 293         |
|    ep_rew_mean          | -18.8       |
| std_per_dim/            |             |
|    grip                 | 0.939       |
|    j0                   | 1.01        |
|    j1                   | 0.867       |
|    j2                   | 1.07        |
|    j3                   | 0.994       |
|    j4                   | 1.39        |
|    j5                   | 1.22        |
|    j6                   | 1.27        |
| time/                   |             |
|    fps                  | 542         |
|    iterations           | 18          |
|    time_elapsed         | 271         |
|    total_timesteps      | 147456      |
| train/                  |             |
|    approx_kl            | 0.022658234 |
|    clip_fraction        | 0.358       |
|    clip_range           | 0.2         |
|    entropy_loss         | -12         |
|    explained_variance   | 0.315       |
|    learning_rate        | 0.0003      |
|    loss                 | 9.38        |
|    n_updates            | 170         |
|    policy_gradient_loss | -0.00423    |
|    std                  | 1.1         |
|    value_loss           | 18.9        |
-----------------------------------------
Eval num_timesteps=149952, episode_reward=-11.33 +/- 12.45
Episode length: 159.00 +/- 145.57
-----------------------------------------
| eval/                   |             |
|    mean_ep_length       | 159         |
|    mean_reward          | -11.3       |
| manipularl/             |             |
|    collision_rate       | 0.26        |
|    grasp_curriculum     | 0.308       |
|    grasp_failure_rate   | 0.803       |
|    insert_depth_mean    | 0           |
|    obstacle_range_hi    | 1           |
|    obstacle_range_lo    | 0           |
|    success_rate         | 0.06        |
| std_per_dim/            |             |
|    grip                 | 0.939       |
|    j0                   | 1.01        |
|    j1                   | 0.866       |
|    j2                   | 1.06        |
|    j3                   | 0.998       |
|    j4                   | 1.39        |
|    j5                   | 1.22        |
|    j6                   | 1.27        |
| time/                   |             |
|    total_timesteps      | 149952      |
| train/                  |             |
|    approx_kl            | 0.033435695 |
|    clip_fraction        | 0.219       |
|    clip_range           | 0.2         |
|    entropy_loss         | -12         |
|    explained_variance   | 0.822       |
|    learning_rate        | 0.0003      |
|    loss                 | 0.161       |
|    n_updates            | 180         |
|    policy_gradient_loss | -0.0393     |
|    std                  | 1.1         |
|    value_loss           | 1.7         |
-----------------------------------------
------------------------------------
| manipularl/           |          |
|    collision_rate     | 0.23     |
|    grasp_curriculum   | 0.306    |
|    grasp_failure_rate | 0.81     |
|    insert_depth_mean  | 0        |
|    obstacle_range_hi  | 1        |
|    obstacle_range_lo  | 0        |
|    success_rate       | 0.06     |
| rollout/              |          |
|    ep_len_mean        | 304      |
|    ep_rew_mean        | -22      |
| std_per_dim/          |          |
|    grip               | 0.939    |
|    j0                 | 1.01     |
|    j1                 | 0.866    |
|    j2                 | 1.06     |
|    j3                 | 0.998    |
|    j4                 | 1.39     |
|    j5                 | 1.22     |
|    j6                 | 1.27     |
| time/                 |          |
|    fps                | 528      |
|    iterations         | 19       |
|    time_elapsed       | 294      |
|    total_timesteps    | 155648   |
------------------------------------
-----------------------------------------
| manipularl/             |             |
|    collision_rate       | 0.26        |
|    grasp_curriculum     | 0.304       |
|    grasp_failure_rate   | 0.841       |
|    insert_depth_mean    | 0           |
|    obstacle_range_hi    | 2           |
|    obstacle_range_lo    | 0           |
|    success_rate         | 0.04        |
| rollout/                |             |
|    ep_len_mean          | 296         |
|    ep_rew_mean          | -23.6       |
| std_per_dim/            |             |
|    grip                 | 0.931       |
|    j0                   | 1.02        |
|    j1                   | 0.86        |
|    j2                   | 1.07        |
|    j3                   | 1           |
|    j4                   | 1.4         |
|    j5                   | 1.22        |
|    j6                   | 1.28        |
| time/                   |             |
|    fps                  | 539         |
|    iterations           | 20          |
|    time_elapsed         | 303         |
|    total_timesteps      | 163840      |
| train/                  |             |
|    approx_kl            | 0.038800135 |
|    clip_fraction        | 0.303       |
|    clip_range           | 0.2         |
|    entropy_loss         | -12         |
|    explained_variance   | 0.835       |
|    learning_rate        | 0.0003      |
|    loss                 | 0.0778      |
|    n_updates            | 190         |
|    policy_gradient_loss | -0.0348     |
|    std                  | 1.1         |
|    value_loss           | 1.17        |
-----------------------------------------
----------------------------------------
| manipularl/             |            |
|    collision_rate       | 0.39       |
|    grasp_curriculum     | 0.302      |
|    grasp_failure_rate   | 0.787      |
|    insert_depth_mean    | 0          |
|    obstacle_range_hi    | 2          |
|    obstacle_range_lo    | 0          |
|    success_rate         | 0.04       |
| rollout/                |            |
|    ep_len_mean          | 243        |
|    ep_rew_mean          | -20.3      |
| std_per_dim/            |            |
|    grip                 | 0.933      |
|    j0                   | 1.01       |
|    j1                   | 0.861      |
|    j2                   | 1.07       |
|    j3                   | 1          |
|    j4                   | 1.4        |
|    j5                   | 1.23       |
|    j6                   | 1.28       |
| time/                   |            |
|    fps                  | 549        |
|    iterations           | 21         |
|    time_elapsed         | 313        |
|    total_timesteps      | 172032     |
| train/                  |            |
|    approx_kl            | 0.06453961 |
|    clip_fraction        | 0.372      |
|    clip_range           | 0.2        |
|    entropy_loss         | -12        |
|    explained_variance   | 0.834      |
|    learning_rate        | 0.0003     |
|    loss                 | 3.42       |
|    n_updates            | 200        |
|    policy_gradient_loss | -0.0154    |
|    std                  | 1.1        |
|    value_loss           | 18.1       |
----------------------------------------
Eval num_timesteps=174944, episode_reward=-9.18 +/- 13.16
Episode length: 161.75 +/- 137.45
-----------------------------------------
| eval/                   |             |
|    mean_ep_length       | 162         |
|    mean_reward          | -9.18       |
| manipularl/             |             |
|    collision_rate       | 0.44        |
|    grasp_curriculum     | 0.301       |
|    grasp_failure_rate   | 0.781       |
|    insert_depth_mean    | 0           |
|    obstacle_range_hi    | 2           |
|    obstacle_range_lo    | 0           |
|    success_rate         | 0.04        |
| std_per_dim/            |             |
|    grip                 | 0.935       |
|    j0                   | 1.01        |
|    j1                   | 0.863       |
|    j2                   | 1.07        |
|    j3                   | 1           |
|    j4                   | 1.4         |
|    j5                   | 1.23        |
|    j6                   | 1.28        |
| time/                   |             |
|    total_timesteps      | 174944      |
| train/                  |             |
|    approx_kl            | 0.034850977 |
|    clip_fraction        | 0.296       |
|    clip_range           | 0.2         |
|    entropy_loss         | -12         |
|    explained_variance   | 0.556       |
|    learning_rate        | 0.0003      |
|    loss                 | 4.22        |
|    n_updates            | 210         |
|    policy_gradient_loss | -0.0109     |
|    std                  | 1.1         |
|    value_loss           | 23.6        |
-----------------------------------------
------------------------------------
| manipularl/           |          |
|    collision_rate     | 0.54     |
|    grasp_curriculum   | 0.3      |
|    grasp_failure_rate | 0.76     |
|    insert_depth_mean  | 0        |
|    obstacle_range_hi  | 2        |
|    obstacle_range_lo  | 0        |
|    success_rate       | 0.05     |
| rollout/              |          |
|    ep_len_mean        | 206      |
|    ep_rew_mean        | -18.5    |
| std_per_dim/          |          |
|    grip               | 0.935    |
|    j0                 | 1.01     |
|    j1                 | 0.863    |
|    j2                 | 1.07     |
|    j3                 | 1        |
|    j4                 | 1.4      |
|    j5                 | 1.23     |
|    j6                 | 1.28     |
| time/                 |          |
|    fps                | 539      |
|    iterations         | 22       |
|    time_elapsed       | 334      |
|    total_timesteps    | 180224   |
------------------------------------
-----------------------------------------
| manipularl/             |             |
|    collision_rate       | 0.43        |
|    grasp_curriculum     | 0.297       |
|    grasp_failure_rate   | 0.706       |
|    insert_depth_mean    | 0           |
|    obstacle_range_hi    | 2           |
|    obstacle_range_lo    | 0           |
|    success_rate         | 0.11        |
| rollout/                |             |
|    ep_len_mean          | 229         |
|    ep_rew_mean          | -19.3       |
| std_per_dim/            |             |
|    grip                 | 0.935       |
|    j0                   | 1.02        |
|    j1                   | 0.864       |
|    j2                   | 1.08        |
|    j3                   | 1.01        |
|    j4                   | 1.41        |
|    j5                   | 1.23        |
|    j6                   | 1.28        |
| time/                   |             |
|    fps                  | 542         |
|    iterations           | 23          |
|    time_elapsed         | 347         |
|    total_timesteps      | 188416      |
| train/                  |             |
|    approx_kl            | 0.031380065 |
|    clip_fraction        | 0.209       |
|    clip_range           | 0.2         |
|    entropy_loss         | -12         |
|    explained_variance   | 0.684       |
|    learning_rate        | 0.0003      |
|    loss                 | 3.09        |
|    n_updates            | 220         |
|    policy_gradient_loss | -0.0283     |
|    std                  | 1.1         |
|    value_loss           | 8.09        |
-----------------------------------------
-----------------------------------------
| manipularl/             |             |
|    collision_rate       | 0.38        |
|    grasp_curriculum     | 0.295       |
|    grasp_failure_rate   | 0.714       |
|    insert_depth_mean    | 0           |
|    obstacle_range_hi    | 2           |
|    obstacle_range_lo    | 0           |
|    success_rate         | 0.12        |
| rollout/                |             |
|    ep_len_mean          | 235         |
|    ep_rew_mean          | -19.1       |
| std_per_dim/            |             |
|    grip                 | 0.94        |
|    j0                   | 1.02        |
|    j1                   | 0.864       |
|    j2                   | 1.08        |
|    j3                   | 1.01        |
|    j4                   | 1.4         |
|    j5                   | 1.23        |
|    j6                   | 1.28        |
| time/                   |             |
|    fps                  | 544         |
|    iterations           | 24          |
|    time_elapsed         | 361         |
|    total_timesteps      | 196608      |
| train/                  |             |
|    approx_kl            | 0.028128594 |
|    clip_fraction        | 0.241       |
|    clip_range           | 0.2         |
|    entropy_loss         | -12         |
|    explained_variance   | 0.455       |
|    learning_rate        | 0.0003      |
|    loss                 | 7.14        |
|    n_updates            | 230         |
|    policy_gradient_loss | -0.0296     |
|    std                  | 1.1         |
|    value_loss           | 22.6        |
-----------------------------------------
Eval num_timesteps=199936, episode_reward=-10.05 +/- 12.98
Episode length: 171.65 +/- 143.87
-----------------------------------------
| eval/                   |             |
|    mean_ep_length       | 172         |
|    mean_reward          | -10.1       |
| manipularl/             |             |
|    collision_rate       | 0.33        |
|    grasp_curriculum     | 0.294       |
|    grasp_failure_rate   | 0.702       |
|    insert_depth_mean    | 0           |
|    obstacle_range_hi    | 2           |
|    obstacle_range_lo    | 0           |
|    success_rate         | 0.12        |
| std_per_dim/            |             |
|    grip                 | 0.944       |
|    j0                   | 1.02        |
|    j1                   | 0.864       |
|    j2                   | 1.09        |
|    j3                   | 1.01        |
|    j4                   | 1.41        |
|    j5                   | 1.23        |
|    j6                   | 1.29        |
| time/                   |             |
|    total_timesteps      | 199936      |
| train/                  |             |
|    approx_kl            | 0.036908604 |
|    clip_fraction        | 0.25        |
|    clip_range           | 0.2         |
|    entropy_loss         | -12.1       |
|    explained_variance   | 0.595       |
|    learning_rate        | 0.0003      |
|    loss                 | 3.55        |
|    n_updates            | 240         |
|    policy_gradient_loss | -0.0355     |
|    std                  | 1.11        |
|    value_loss           | 10.7        |
-----------------------------------------
------------------------------------
| manipularl/           |          |
|    collision_rate     | 0.31     |
|    grasp_curriculum   | 0.293    |
|    grasp_failure_rate | 0.692    |
|    insert_depth_mean  | 0        |
|    obstacle_range_hi  | 2        |
|    obstacle_range_lo  | 0        |
|    success_rate       | 0.13     |
| rollout/              |          |
|    ep_len_mean        | 248      |
|    ep_rew_mean        | -16.3    |
| std_per_dim/          |          |
|    grip               | 0.944    |
|    j0                 | 1.02     |
|    j1                 | 0.864    |
|    j2                 | 1.09     |
|    j3                 | 1.01     |
|    j4                 | 1.41     |
|    j5                 | 1.23     |
|    j6                 | 1.29     |
| time/                 |          |
|    fps                | 539      |
|    iterations         | 25       |
|    time_elapsed       | 379      |
|    total_timesteps    | 204800   |
------------------------------------
----------------------------------------
| manipularl/             |            |
|    collision_rate       | 0.3        |
|    grasp_curriculum     | 0.29       |
|    grasp_failure_rate   | 0.696      |
|    insert_depth_mean    | 0          |
|    obstacle_range_hi    | 2          |
|    obstacle_range_lo    | 0          |
|    success_rate         | 0.1        |
| rollout/                |            |
|    ep_len_mean          | 263        |
|    ep_rew_mean          | -15.8      |
| std_per_dim/            |            |
|    grip                 | 0.948      |
|    j0                   | 1.03       |
|    j1                   | 0.866      |
|    j2                   | 1.1        |
|    j3                   | 1.02       |
|    j4                   | 1.42       |
|    j5                   | 1.24       |
|    j6                   | 1.29       |
| time/                   |            |
|    fps                  | 544        |
|    iterations           | 26         |
|    time_elapsed         | 391        |
|    total_timesteps      | 212992     |
| train/                  |            |
|    approx_kl            | 0.04595931 |
|    clip_fraction        | 0.314      |
|    clip_range           | 0.2        |
|    entropy_loss         | -12.1      |
|    explained_variance   | 0.697      |
|    learning_rate        | 0.0003     |
|    loss                 | 1.17       |
|    n_updates            | 250        |
|    policy_gradient_loss | -0.0367    |
|    std                  | 1.11       |
|    value_loss           | 5.25       |
----------------------------------------
----------------------------------------
| manipularl/             |            |
|    collision_rate       | 0.23       |
|    grasp_curriculum     | 0.288      |
|    grasp_failure_rate   | 0.681      |
|    insert_depth_mean    | 0          |
|    obstacle_range_hi    | 2          |
|    obstacle_range_lo    | 0          |
|    success_rate         | 0.12       |
| rollout/                |            |
|    ep_len_mean          | 281        |
|    ep_rew_mean          | -14.2      |
| std_per_dim/            |            |
|    grip                 | 0.954      |
|    j0                   | 1.04       |
|    j1                   | 0.873      |
|    j2                   | 1.11       |
|    j3                   | 1.03       |
|    j4                   | 1.43       |
|    j5                   | 1.24       |
|    j6                   | 1.3        |
| time/                   |            |
|    fps                  | 546        |
|    iterations           | 27         |
|    time_elapsed         | 404        |
|    total_timesteps      | 221184     |
| train/                  |            |
|    approx_kl            | 0.04082191 |
|    clip_fraction        | 0.34       |
|    clip_range           | 0.2        |
|    entropy_loss         | -12.1      |
|    explained_variance   | 0.64       |
|    learning_rate        | 0.0003     |
|    loss                 | 2.13       |
|    n_updates            | 260        |
|    policy_gradient_loss | -0.0332    |
|    std                  | 1.12       |
|    value_loss           | 8.67       |
----------------------------------------
Eval num_timesteps=224928, episode_reward=-7.86 +/- 16.45
Episode length: 197.20 +/- 132.61
----------------------------------------
| eval/                   |            |
|    mean_ep_length       | 197        |
|    mean_reward          | -7.86      |
| manipularl/             |            |
|    collision_rate       | 0.21       |
|    grasp_curriculum     | 0.287      |
|    grasp_failure_rate   | 0.693      |
|    insert_depth_mean    | 0          |
|    obstacle_range_hi    | 2          |
|    obstacle_range_lo    | 0          |
|    success_rate         | 0.11       |
| std_per_dim/            |            |
|    grip                 | 0.96       |
|    j0                   | 1.04       |
|    j1                   | 0.878      |
|    j2                   | 1.11       |
|    j3                   | 1.03       |
|    j4                   | 1.44       |
|    j5                   | 1.25       |
|    j6                   | 1.31       |
| time/                   |            |
|    total_timesteps      | 224928     |
| train/                  |            |
|    approx_kl            | 0.03220202 |
|    clip_fraction        | 0.268      |
|    clip_range           | 0.2        |
|    entropy_loss         | -12.2      |
|    explained_variance   | 0.551      |
|    learning_rate        | 0.0003     |
|    loss                 | 3.88       |
|    n_updates            | 270        |
|    policy_gradient_loss | -0.0309    |
|    std                  | 1.13       |
|    value_loss           | 11         |
----------------------------------------
------------------------------------
| manipularl/           |          |
|    collision_rate     | 0.18     |
|    grasp_curriculum   | 0.286    |
|    grasp_failure_rate | 0.705    |
|    insert_depth_mean  | 0        |
|    obstacle_range_hi  | 2        |
|    obstacle_range_lo  | 0        |
|    success_rate       | 0.12     |
| rollout/              |          |
|    ep_len_mean        | 292      |
|    ep_rew_mean        | -13.2    |
| std_per_dim/          |          |
|    grip               | 0.96     |
|    j0                 | 1.04     |
|    j1                 | 0.878    |
|    j2                 | 1.11     |
|    j3                 | 1.03     |
|    j4                 | 1.44     |
|    j5                 | 1.25     |
|    j6                 | 1.31     |
| time/                 |          |
|    fps                | 535      |
|    iterations         | 28       |
|    time_elapsed       | 428      |
|    total_timesteps    | 229376   |
------------------------------------
-----------------------------------------
| manipularl/             |             |
|    collision_rate       | 0.13        |
|    grasp_curriculum     | 0.283       |
|    grasp_failure_rate   | 0.692       |
|    insert_depth_mean    | 0           |
|    obstacle_range_hi    | 2           |
|    obstacle_range_lo    | 0           |
|    success_rate         | 0.12        |
| rollout/                |             |
|    ep_len_mean          | 305         |
|    ep_rew_mean          | -13.7       |
| std_per_dim/            |             |
|    grip                 | 0.962       |
|    j0                   | 1.05        |
|    j1                   | 0.885       |
|    j2                   | 1.12        |
|    j3                   | 1.04        |
|    j4                   | 1.45        |
|    j5                   | 1.25        |
|    j6                   | 1.31        |
| time/                   |             |
|    fps                  | 540         |
|    iterations           | 29          |
|    time_elapsed         | 439         |
|    total_timesteps      | 237568      |
| train/                  |             |
|    approx_kl            | 0.035336066 |
|    clip_fraction        | 0.26        |
|    clip_range           | 0.2         |
|    entropy_loss         | -12.2       |
|    explained_variance   | 0.703       |
|    learning_rate        | 0.0003      |
|    loss                 | 0.88        |
|    n_updates            | 280         |
|    policy_gradient_loss | -0.0348     |
|    std                  | 1.13        |
|    value_loss           | 5.29        |
-----------------------------------------
-----------------------------------------
| manipularl/             |             |
|    collision_rate       | 0.08        |
|    grasp_curriculum     | 0.281       |
|    grasp_failure_rate   | 0.679       |
|    insert_depth_mean    | 0           |
|    obstacle_range_hi    | 2           |
|    obstacle_range_lo    | 0           |
|    success_rate         | 0.14        |
| rollout/                |             |
|    ep_len_mean          | 310         |
|    ep_rew_mean          | -13         |
| std_per_dim/            |             |
|    grip                 | 0.968       |
|    j0                   | 1.05        |
|    j1                   | 0.888       |
|    j2                   | 1.13        |
|    j3                   | 1.05        |
|    j4                   | 1.46        |
|    j5                   | 1.26        |
|    j6                   | 1.31        |
| time/                   |             |
|    fps                  | 544         |
|    iterations           | 30          |
|    time_elapsed         | 451         |
|    total_timesteps      | 245760      |
| train/                  |             |
|    approx_kl            | 0.032566752 |
|    clip_fraction        | 0.307       |
|    clip_range           | 0.2         |
|    entropy_loss         | -12.3       |
|    explained_variance   | 0.644       |
|    learning_rate        | 0.0003      |
|    loss                 | 1.7         |
|    n_updates            | 290         |
|    policy_gradient_loss | -0.0333     |
|    std                  | 1.14        |
|    value_loss           | 6.86        |
-----------------------------------------
Eval num_timesteps=249920, episode_reward=-11.83 +/- 10.28
Episode length: 188.00 +/- 141.51
-----------------------------------------
| eval/                   |             |
|    mean_ep_length       | 188         |
|    mean_reward          | -11.8       |
| manipularl/             |             |
|    collision_rate       | 0.11        |
|    grasp_curriculum     | 0.28        |
|    grasp_failure_rate   | 0.676       |
|    insert_depth_mean    | 0           |
|    obstacle_range_hi    | 2           |
|    obstacle_range_lo    | 0           |
|    success_rate         | 0.14        |
| std_per_dim/            |             |
|    grip                 | 0.972       |
|    j0                   | 1.05        |
|    j1                   | 0.889       |
|    j2                   | 1.12        |
|    j3                   | 1.05        |
|    j4                   | 1.47        |
|    j5                   | 1.25        |
|    j6                   | 1.31        |
| time/                   |             |
|    total_timesteps      | 249920      |
| train/                  |             |
|    approx_kl            | 0.028390443 |
|    clip_fraction        | 0.236       |
|    clip_range           | 0.2         |
|    entropy_loss         | -12.3       |
|    explained_variance   | 0.616       |
|    learning_rate        | 0.0003      |
|    loss                 | 3.33        |
|    n_updates            | 300         |
|    policy_gradient_loss | -0.0349     |
|    std                  | 1.14        |
|    value_loss           | 9.61        |
-----------------------------------------
------------------------------------
| manipularl/           |          |
|    collision_rate     | 0.13     |
|    grasp_curriculum   | 0.279    |
|    grasp_failure_rate | 0.665    |
|    insert_depth_mean  | 0        |
|    obstacle_range_hi  | 2        |
|    obstacle_range_lo  | 0        |
|    success_rate       | 0.14     |
| rollout/              |          |
|    ep_len_mean        | 297      |
|    ep_rew_mean        | -11.9    |
| std_per_dim/          |          |
|    grip               | 0.972    |
|    j0                 | 1.05     |
|    j1                 | 0.889    |
|    j2                 | 1.12     |
|    j3                 | 1.05     |
|    j4                 | 1.47     |
|    j5                 | 1.25     |
|    j6                 | 1.31     |
| time/                 |          |
|    fps                | 532      |
|    iterations         | 31       |
|    time_elapsed       | 476      |
|    total_timesteps    | 253952   |
------------------------------------
-----------------------------------------
| manipularl/             |             |
|    collision_rate       | 0.16        |
|    grasp_curriculum     | 0.277       |
|    grasp_failure_rate   | 0.591       |
|    insert_depth_mean    | 0           |
|    obstacle_range_hi    | 2           |
|    obstacle_range_lo    | 0           |
|    success_rate         | 0.15        |
| rollout/                |             |
|    ep_len_mean          | 291         |
|    ep_rew_mean          | -10.8       |
| std_per_dim/            |             |
|    grip                 | 0.975       |
|    j0                   | 1.05        |
|    j1                   | 0.893       |
|    j2                   | 1.13        |
|    j3                   | 1.06        |
|    j4                   | 1.47        |
|    j5                   | 1.25        |
|    j6                   | 1.32        |
| time/                   |             |
|    fps                  | 537         |
|    iterations           | 32          |
|    time_elapsed         | 487         |
|    total_timesteps      | 262144      |
| train/                  |             |
|    approx_kl            | 0.032858703 |
|    clip_fraction        | 0.254       |
|    clip_range           | 0.2         |
|    entropy_loss         | -12.3       |
|    explained_variance   | 0.579       |
|    learning_rate        | 0.0003      |
|    loss                 | 3.86        |
|    n_updates            | 310         |
|    policy_gradient_loss | -0.0373     |
|    std                  | 1.15        |
|    value_loss           | 10.1        |
-----------------------------------------
----------------------------------------
| manipularl/             |            |
|    collision_rate       | 0.24       |
|    grasp_curriculum     | 0.274      |
|    grasp_failure_rate   | 0.631      |
|    insert_depth_mean    | 0          |
|    obstacle_range_hi    | 2          |
|    obstacle_range_lo    | 0          |
|    success_rate         | 0.18       |
| rollout/                |            |
|    ep_len_mean          | 272        |
|    ep_rew_mean          | -8.23      |
| std_per_dim/            |            |
|    grip                 | 0.977      |
|    j0                   | 1.06       |
|    j1                   | 0.895      |
|    j2                   | 1.14       |
|    j3                   | 1.07       |
|    j4                   | 1.48       |
|    j5                   | 1.26       |
|    j6                   | 1.32       |
| time/                   |            |
|    fps                  | 544        |
|    iterations           | 33         |
|    time_elapsed         | 496        |
|    total_timesteps      | 270336     |
| train/                  |            |
|    approx_kl            | 0.03130771 |
|    clip_fraction        | 0.253      |
|    clip_range           | 0.2        |
|    entropy_loss         | -12.4      |
|    explained_variance   | 0.655      |
|    learning_rate        | 0.0003     |
|    loss                 | 4.96       |
|    n_updates            | 320        |
|    policy_gradient_loss | -0.0334    |
|    std                  | 1.15       |
|    value_loss           | 14.2       |
----------------------------------------
Eval num_timesteps=274912, episode_reward=-23.75 +/- 22.51
Episode length: 248.35 +/- 136.98
-----------------------------------------
| eval/                   |             |
|    mean_ep_length       | 248         |
|    mean_reward          | -23.7       |
| manipularl/             |             |
|    collision_rate       | 0.27        |
|    grasp_curriculum     | 0.273       |
|    grasp_failure_rate   | 0.637       |
|    insert_depth_mean    | 0           |
|    obstacle_range_hi    | 2           |
|    obstacle_range_lo    | 0           |
|    success_rate         | 0.2         |
| std_per_dim/            |             |
|    grip                 | 0.978       |
|    j0                   | 1.07        |
|    j1                   | 0.899       |
|    j2                   | 1.14        |
|    j3                   | 1.07        |
|    j4                   | 1.48        |
|    j5                   | 1.27        |
|    j6                   | 1.32        |
| time/                   |             |
|    total_timesteps      | 274912      |
| train/                  |             |
|    approx_kl            | 0.035190836 |
|    clip_fraction        | 0.268       |
|    clip_range           | 0.2         |
|    entropy_loss         | -12.4       |
|    explained_variance   | 0.807       |
|    learning_rate        | 0.0003      |
|    loss                 | 2.3         |
|    n_updates            | 330         |
|    policy_gradient_loss | -0.0382     |
|    std                  | 1.15        |
|    value_loss           | 8.62        |
-----------------------------------------
------------------------------------
| manipularl/           |          |
|    collision_rate     | 0.28     |
|    grasp_curriculum   | 0.272    |
|    grasp_failure_rate | 0.616    |
|    insert_depth_mean  | 0        |
|    obstacle_range_hi  | 2        |
|    obstacle_range_lo  | 0        |
|    success_rate       | 0.23     |
| rollout/              |          |
|    ep_len_mean        | 259      |
|    ep_rew_mean        | -6.63    |
| std_per_dim/          |          |
|    grip               | 0.978    |
|    j0                 | 1.07     |
|    j1                 | 0.899    |
|    j2                 | 1.14     |
|    j3                 | 1.07     |
|    j4                 | 1.48     |
|    j5                 | 1.27     |
|    j6                 | 1.32     |
| time/                 |          |
|    fps                | 529      |
|    iterations         | 34       |
|    time_elapsed       | 526      |
|    total_timesteps    | 278528   |
------------------------------------
-----------------------------------------
| manipularl/             |             |
|    collision_rate       | 0.33        |
|    grasp_curriculum     | 0.27        |
|    grasp_failure_rate   | 0.671       |
|    insert_depth_mean    | 0           |
|    obstacle_range_hi    | 2           |
|    obstacle_range_lo    | 0           |
|    success_rate         | 0.23        |
| rollout/                |             |
|    ep_len_mean          | 259         |
|    ep_rew_mean          | -8.01       |
| std_per_dim/            |             |
|    grip                 | 0.976       |
|    j0                   | 1.07        |
|    j1                   | 0.9         |
|    j2                   | 1.15        |
|    j3                   | 1.07        |
|    j4                   | 1.48        |
|    j5                   | 1.28        |
|    j6                   | 1.32        |
| time/                   |             |
|    fps                  | 532         |
|    iterations           | 35          |
|    time_elapsed         | 538         |
|    total_timesteps      | 286720      |
| train/                  |             |
|    approx_kl            | 0.024808876 |
|    clip_fraction        | 0.228       |
|    clip_range           | 0.2         |
|    entropy_loss         | -12.4       |
|    explained_variance   | 0.691       |
|    learning_rate        | 0.0003      |
|    loss                 | 5.32        |
|    n_updates            | 340         |
|    policy_gradient_loss | -0.0341     |
|    std                  | 1.16        |
|    value_loss           | 16.6        |
-----------------------------------------
-----------------------------------------
| manipularl/             |             |
|    collision_rate       | 0.33        |
|    grasp_curriculum     | 0.267       |
|    grasp_failure_rate   | 0.74        |
|    insert_depth_mean    | 0           |
|    obstacle_range_hi    | 2           |
|    obstacle_range_lo    | 0           |
|    success_rate         | 0.19        |
| rollout/                |             |
|    ep_len_mean          | 259         |
|    ep_rew_mean          | -8.64       |
| std_per_dim/            |             |
|    grip                 | 0.978       |
|    j0                   | 1.07        |
|    j1                   | 0.905       |
|    j2                   | 1.14        |
|    j3                   | 1.07        |
|    j4                   | 1.49        |
|    j5                   | 1.28        |
|    j6                   | 1.32        |
| time/                   |             |
|    fps                  | 535         |
|    iterations           | 36          |
|    time_elapsed         | 550         |
|    total_timesteps      | 294912      |
| train/                  |             |
|    approx_kl            | 0.026321042 |
|    clip_fraction        | 0.222       |
|    clip_range           | 0.2         |
|    entropy_loss         | -12.4       |
|    explained_variance   | 0.872       |
|    learning_rate        | 0.0003      |
|    loss                 | 1.31        |
|    n_updates            | 350         |
|    policy_gradient_loss | -0.0383     |
|    std                  | 1.16        |
|    value_loss           | 5.46        |
-----------------------------------------
Eval num_timesteps=299904, episode_reward=-13.94 +/- 25.74
Episode length: 187.05 +/- 137.98
-----------------------------------------
| eval/                   |             |
|    mean_ep_length       | 187         |
|    mean_reward          | -13.9       |
| manipularl/             |             |
|    collision_rate       | 0.32        |
|    grasp_curriculum     | 0.266       |
|    grasp_failure_rate   | 0.743       |
|    insert_depth_mean    | 0           |
|    obstacle_range_hi    | 2           |
|    obstacle_range_lo    | 0           |
|    success_rate         | 0.17        |
| std_per_dim/            |             |
|    grip                 | 0.983       |
|    j0                   | 1.08        |
|    j1                   | 0.909       |
|    j2                   | 1.15        |
|    j3                   | 1.07        |
|    j4                   | 1.5         |
|    j5                   | 1.29        |
|    j6                   | 1.32        |
| time/                   |             |
|    total_timesteps      | 299904      |
| train/                  |             |
|    approx_kl            | 0.024831107 |
|    clip_fraction        | 0.234       |
|    clip_range           | 0.2         |
|    entropy_loss         | -12.4       |
|    explained_variance   | 0.654       |
|    learning_rate        | 0.0003      |
|    loss                 | 3.61        |
|    n_updates            | 360         |
|    policy_gradient_loss | -0.0286     |
|    std                  | 1.16        |
|    value_loss           | 12.4        |
-----------------------------------------
------------------------------------
| manipularl/           |          |
|    collision_rate     | 0.28     |
|    grasp_curriculum   | 0.265    |
|    grasp_failure_rate | 0.728    |
|    insert_depth_mean  | 0        |
|    obstacle_range_hi  | 2        |
|    obstacle_range_lo  | 0        |
|    success_rate       | 0.19     |
| rollout/              |          |
|    ep_len_mean        | 267      |
|    ep_rew_mean        | -11.2    |
| std_per_dim/          |          |
|    grip               | 0.983    |
|    j0                 | 1.08     |
|    j1                 | 0.909    |
|    j2                 | 1.15     |
|    j3                 | 1.07     |
|    j4                 | 1.5      |
|    j5                 | 1.29     |
|    j6                 | 1.32     |
| time/                 |          |
|    fps                | 529      |
|    iterations         | 37       |
|    time_elapsed       | 572      |
|    total_timesteps    | 303104   |
------------------------------------
-----------------------------------------
| manipularl/             |             |
|    collision_rate       | 0.21        |
|    grasp_curriculum     | 0.263       |
|    grasp_failure_rate   | 0.718       |
|    insert_depth_mean    | 0           |
|    obstacle_range_hi    | 2           |
|    obstacle_range_lo    | 0           |
|    success_rate         | 0.19        |
| rollout/                |             |
|    ep_len_mean          | 265         |
|    ep_rew_mean          | -9.25       |
| std_per_dim/            |             |
|    grip                 | 0.984       |
|    j0                   | 1.08        |
|    j1                   | 0.916       |
|    j2                   | 1.16        |
|    j3                   | 1.07        |
|    j4                   | 1.5         |
|    j5                   | 1.3         |
|    j6                   | 1.32        |
| time/                   |             |
|    fps                  | 531         |
|    iterations           | 38          |
|    time_elapsed         | 585         |
|    total_timesteps      | 311296      |
| train/                  |             |
|    approx_kl            | 0.020381868 |
|    clip_fraction        | 0.194       |
|    clip_range           | 0.2         |
|    entropy_loss         | -12.5       |
|    explained_variance   | 0.686       |
|    learning_rate        | 0.0003      |
|    loss                 | 3.86        |
|    n_updates            | 370         |
|    policy_gradient_loss | -0.0284     |
|    std                  | 1.16        |
|    value_loss           | 13          |
-----------------------------------------
-----------------------------------------
| manipularl/             |             |
|    collision_rate       | 0.18        |
|    grasp_curriculum     | 0.261       |
|    grasp_failure_rate   | 0.702       |
|    insert_depth_mean    | 0           |
|    obstacle_range_hi    | 2           |
|    obstacle_range_lo    | 1           |
|    success_rate         | 0.18        |
| rollout/                |             |
|    ep_len_mean          | 267         |
|    ep_rew_mean          | -11.2       |
| std_per_dim/            |             |
|    grip                 | 0.99        |
|    j0                   | 1.08        |
|    j1                   | 0.92        |
|    j2                   | 1.16        |
|    j3                   | 1.07        |
|    j4                   | 1.5         |
|    j5                   | 1.31        |
|    j6                   | 1.32        |
| time/                   |             |
|    fps                  | 533         |
|    iterations           | 39          |
|    time_elapsed         | 598         |
|    total_timesteps      | 319488      |
| train/                  |             |
|    approx_kl            | 0.025518043 |
|    clip_fraction        | 0.18        |
|    clip_range           | 0.2         |
|    entropy_loss         | -12.5       |
|    explained_variance   | 0.737       |
|    learning_rate        | 0.0003      |
|    loss                 | 1.44        |
|    n_updates            | 380         |
|    policy_gradient_loss | -0.0329     |
|    std                  | 1.17        |
|    value_loss           | 6.93        |
-----------------------------------------
Eval num_timesteps=324896, episode_reward=-18.29 +/- 23.64
Episode length: 234.75 +/- 142.70
-----------------------------------------
| eval/                   |             |
|    mean_ep_length       | 235         |
|    mean_reward          | -18.3       |
| manipularl/             |             |
|    collision_rate       | 0.15        |
|    grasp_curriculum     | 0.259       |
|    grasp_failure_rate   | 0.702       |
|    insert_depth_mean    | 0           |
|    obstacle_range_hi    | 2           |
|    obstacle_range_lo    | 1           |
|    success_rate         | 0.21        |
| std_per_dim/            |             |
|    grip                 | 0.989       |
|    j0                   | 1.08        |
|    j1                   | 0.926       |
|    j2                   | 1.16        |
|    j3                   | 1.08        |
|    j4                   | 1.5         |
|    j5                   | 1.31        |
|    j6                   | 1.33        |
| time/                   |             |
|    total_timesteps      | 324896      |
| train/                  |             |
|    approx_kl            | 0.025615433 |
|    clip_fraction        | 0.224       |
|    clip_range           | 0.2         |
|    entropy_loss         | -12.5       |
|    explained_variance   | 0.792       |
|    learning_rate        | 0.0003      |
|    loss                 | 2.1         |
|    n_updates            | 390         |
|    policy_gradient_loss | -0.0362     |
|    std                  | 1.17        |
|    value_loss           | 8.36        |
-----------------------------------------
------------------------------------
| manipularl/           |          |
|    collision_rate     | 0.18     |
|    grasp_curriculum   | 0.258    |
|    grasp_failure_rate | 0.714    |
|    insert_depth_mean  | 0        |
|    obstacle_range_hi  | 2        |
|    obstacle_range_lo  | 1        |
|    success_rate       | 0.2      |
| rollout/              |          |
|    ep_len_mean        | 263      |
|    ep_rew_mean        | -12.7    |
| std_per_dim/          |          |
|    grip               | 0.989    |
|    j0                 | 1.08     |
|    j1                 | 0.926    |
|    j2                 | 1.16     |
|    j3                 | 1.08     |
|    j4                 | 1.5      |
|    j5                 | 1.31     |
|    j6                 | 1.33     |
| time/                 |          |
|    fps                | 525      |
|    iterations         | 40       |
|    time_elapsed       | 623      |
|    total_timesteps    | 327680   |
------------------------------------
-----------------------------------------
| manipularl/             |             |
|    collision_rate       | 0.36        |
|    grasp_curriculum     | 0.256       |
|    grasp_failure_rate   | 0.753       |
|    insert_depth_mean    | 0           |
|    obstacle_range_hi    | 2           |
|    obstacle_range_lo    | 1           |
|    success_rate         | 0.18        |
| rollout/                |             |
|    ep_len_mean          | 231         |
|    ep_rew_mean          | -13.7       |
| std_per_dim/            |             |
|    grip                 | 0.992       |
|    j0                   | 1.08        |
|    j1                   | 0.928       |
|    j2                   | 1.16        |
|    j3                   | 1.08        |
|    j4                   | 1.51        |
|    j5                   | 1.31        |
|    j6                   | 1.33        |
| time/                   |             |
|    fps                  | 526         |
|    iterations           | 41          |
|    time_elapsed         | 637         |
|    total_timesteps      | 335872      |
| train/                  |             |
|    approx_kl            | 0.022697218 |
|    clip_fraction        | 0.251       |
|    clip_range           | 0.2         |
|    entropy_loss         | -12.5       |
|    explained_variance   | 0.431       |
|    learning_rate        | 0.0003      |
|    loss                 | 5.45        |
|    n_updates            | 400         |
|    policy_gradient_loss | -0.0231     |
|    std                  | 1.17        |
|    value_loss           | 15.3        |
-----------------------------------------
-----------------------------------------
| manipularl/             |             |
|    collision_rate       | 0.46        |
|    grasp_curriculum     | 0.254       |
|    grasp_failure_rate   | 0.719       |
|    insert_depth_mean    | 0           |
|    obstacle_range_hi    | 2           |
|    obstacle_range_lo    | 1           |
|    success_rate         | 0.23        |
| rollout/                |             |
|    ep_len_mean          | 199         |
|    ep_rew_mean          | -6.64       |
| std_per_dim/            |             |
|    grip                 | 0.996       |
|    j0                   | 1.08        |
|    j1                   | 0.932       |
|    j2                   | 1.16        |
|    j3                   | 1.08        |
|    j4                   | 1.51        |
|    j5                   | 1.31        |
|    j6                   | 1.34        |
| time/                   |             |
|    fps                  | 526         |
|    iterations           | 42          |
|    time_elapsed         | 653         |
|    total_timesteps      | 344064      |
| train/                  |             |
|    approx_kl            | 0.027569223 |
|    clip_fraction        | 0.25        |
|    clip_range           | 0.2         |
|    entropy_loss         | -12.5       |
|    explained_variance   | 0.533       |
|    learning_rate        | 0.0003      |
|    loss                 | 10.5        |
|    n_updates            | 410         |
|    policy_gradient_loss | -0.0305     |
|    std                  | 1.18        |
|    value_loss           | 22.5        |
-----------------------------------------
Eval num_timesteps=349888, episode_reward=-13.75 +/- 11.32
Episode length: 176.80 +/- 153.42
----------------------------------------
| eval/                   |            |
|    mean_ep_length       | 177        |
|    mean_reward          | -13.8      |
| manipularl/             |            |
|    collision_rate       | 0.53       |
|    grasp_curriculum     | 0.252      |
|    grasp_failure_rate   | 0.734      |
|    insert_depth_mean    | 0          |
|    obstacle_range_hi    | 2          |
|    obstacle_range_lo    | 1          |
|    success_rate         | 0.21       |
| std_per_dim/            |            |
|    grip                 | 1          |
|    j0                   | 1.08       |
|    j1                   | 0.934      |
|    j2                   | 1.17       |
|    j3                   | 1.08       |
|    j4                   | 1.51       |
|    j5                   | 1.31       |
|    j6                   | 1.33       |
| time/                   |            |
|    total_timesteps      | 349888     |
| train/                  |            |
|    approx_kl            | 0.02675399 |
|    clip_fraction        | 0.25       |
|    clip_range           | 0.2        |
|    entropy_loss         | -12.6      |
|    explained_variance   | 0.714      |
|    learning_rate        | 0.0003     |
|    loss                 | 6.66       |
|    n_updates            | 420        |
|    policy_gradient_loss | -0.0342    |
|    std                  | 1.18       |
|    value_loss           | 19.3       |
----------------------------------------
------------------------------------
| manipularl/           |          |
|    collision_rate     | 0.54     |
|    grasp_curriculum   | 0.251    |
|    grasp_failure_rate | 0.737    |
|    insert_depth_mean  | 0        |
|    obstacle_range_hi  | 2        |
|    obstacle_range_lo  | 1        |
|    success_rate       | 0.2      |
| rollout/              |          |
|    ep_len_mean        | 180      |
|    ep_rew_mean        | -5.77    |
| std_per_dim/          |          |
|    grip               | 1        |
|    j0                 | 1.08     |
|    j1                 | 0.934    |
|    j2                 | 1.17     |
|    j3                 | 1.08     |
|    j4                 | 1.51     |
|    j5                 | 1.31     |
|    j6                 | 1.33     |
| time/                 |          |
|    fps                | 519      |
|    iterations         | 43       |
|    time_elapsed       | 678      |
|    total_timesteps    | 352256   |
------------------------------------
-----------------------------------------
| manipularl/             |             |
|    collision_rate       | 0.49        |
|    grasp_curriculum     | 0.249       |
|    grasp_failure_rate   | 0.76        |
|    insert_depth_mean    | 0           |
|    obstacle_range_hi    | 2           |
|    obstacle_range_lo    | 1           |
|    success_rate         | 0.15        |
| rollout/                |             |
|    ep_len_mean          | 193         |
|    ep_rew_mean          | -8.69       |
| std_per_dim/            |             |
|    grip                 | 1.01        |
|    j0                   | 1.09        |
|    j1                   | 0.939       |
|    j2                   | 1.17        |
|    j3                   | 1.09        |
|    j4                   | 1.51        |
|    j5                   | 1.31        |
|    j6                   | 1.34        |
| time/                   |             |
|    fps                  | 521         |
|    iterations           | 44          |
|    time_elapsed         | 690         |
|    total_timesteps      | 360448      |
| train/                  |             |
|    approx_kl            | 0.027495544 |
|    clip_fraction        | 0.212       |
|    clip_range           | 0.2         |
|    entropy_loss         | -12.6       |
|    explained_variance   | 0.562       |
|    learning_rate        | 0.0003      |
|    loss                 | 4.87        |
|    n_updates            | 430         |
|    policy_gradient_loss | -0.0329     |
|    std                  | 1.18        |
|    value_loss           | 15.5        |
-----------------------------------------
-----------------------------------------
| manipularl/             |             |
|    collision_rate       | 0.38        |
|    grasp_curriculum     | 0.247       |
|    grasp_failure_rate   | 0.775       |
|    insert_depth_mean    | 0           |
|    obstacle_range_hi    | 2           |
|    obstacle_range_lo    | 1           |
|    success_rate         | 0.15        |
| rollout/                |             |
|    ep_len_mean          | 219         |
|    ep_rew_mean          | -9.55       |
| std_per_dim/            |             |
|    grip                 | 1.01        |
|    j0                   | 1.09        |
|    j1                   | 0.942       |
|    j2                   | 1.17        |
|    j3                   | 1.09        |
|    j4                   | 1.52        |
|    j5                   | 1.32        |
|    j6                   | 1.35        |
| time/                   |             |
|    fps                  | 526         |
|    iterations           | 45          |
|    time_elapsed         | 700         |
|    total_timesteps      | 368640      |
| train/                  |             |
|    approx_kl            | 0.027445285 |
|    clip_fraction        | 0.24        |
|    clip_range           | 0.2         |
|    entropy_loss         | -12.6       |
|    explained_variance   | 0.627       |
|    learning_rate        | 0.0003      |
|    loss                 | 3.01        |
|    n_updates            | 440         |
|    policy_gradient_loss | -0.0334     |
|    std                  | 1.19        |
|    value_loss           | 12.2        |
-----------------------------------------
Eval num_timesteps=374880, episode_reward=-12.50 +/- 13.63
Episode length: 217.45 +/- 139.87
-----------------------------------------
| eval/                   |             |
|    mean_ep_length       | 217         |
|    mean_reward          | -12.5       |
| manipularl/             |             |
|    collision_rate       | 0.28        |
|    grasp_curriculum     | 0.245       |
|    grasp_failure_rate   | 0.791       |
|    insert_depth_mean    | 0           |
|    obstacle_range_hi    | 2           |
|    obstacle_range_lo    | 1           |
|    success_rate         | 0.16        |
| std_per_dim/            |             |
|    grip                 | 1.01        |
|    j0                   | 1.09        |
|    j1                   | 0.944       |
|    j2                   | 1.18        |
|    j3                   | 1.1         |
|    j4                   | 1.52        |
|    j5                   | 1.32        |
|    j6                   | 1.35        |
| time/                   |             |
|    total_timesteps      | 374880      |
| train/                  |             |
|    approx_kl            | 0.023859605 |
|    clip_fraction        | 0.215       |
|    clip_range           | 0.2         |
|    entropy_loss         | -12.6       |
|    explained_variance   | 0.59        |
|    learning_rate        | 0.0003      |
|    loss                 | 4.25        |
|    n_updates            | 450         |
|    policy_gradient_loss | -0.0352     |
|    std                  | 1.19        |
|    value_loss           | 13          |
-----------------------------------------
------------------------------------
| manipularl/           |          |
|    collision_rate     | 0.29     |
|    grasp_curriculum   | 0.244    |
|    grasp_failure_rate | 0.816    |
|    insert_depth_mean  | 0        |
|    obstacle_range_hi  | 2        |
|    obstacle_range_lo  | 1        |
|    success_rate       | 0.15     |
| rollout/              |          |
|    ep_len_mean        | 241      |
|    ep_rew_mean        | -10.5    |
| std_per_dim/          |          |
|    grip               | 1.01     |
|    j0                 | 1.09     |
|    j1                 | 0.944    |
|    j2                 | 1.18     |
|    j3                 | 1.1      |
|    j4                 | 1.52     |
|    j5                 | 1.32     |
|    j6                 | 1.35     |
| time/                 |          |
|    fps                | 515      |
|    iterations         | 46       |
|    time_elapsed       | 731      |
|    total_timesteps    | 376832   |
------------------------------------
-----------------------------------------
| manipularl/             |             |
|    collision_rate       | 0.3         |
|    grasp_curriculum     | 0.242       |
|    grasp_failure_rate   | 0.802       |
|    insert_depth_mean    | 0           |
|    obstacle_range_hi    | 2           |
|    obstacle_range_lo    | 1           |
|    success_rate         | 0.13        |
| rollout/                |             |
|    ep_len_mean          | 242         |
|    ep_rew_mean          | -15         |
| std_per_dim/            |             |
|    grip                 | 1.01        |
|    j0                   | 1.09        |
|    j1                   | 0.942       |
|    j2                   | 1.18        |
|    j3                   | 1.11        |
|    j4                   | 1.52        |
|    j5                   | 1.32        |
|    j6                   | 1.36        |
| time/                   |             |
|    fps                  | 516         |
|    iterations           | 47          |
|    time_elapsed         | 745         |
|    total_timesteps      | 385024      |
| train/                  |             |
|    approx_kl            | 0.024035618 |
|    clip_fraction        | 0.203       |
|    clip_range           | 0.2         |
|    entropy_loss         | -12.7       |
|    explained_variance   | 0.472       |
|    learning_rate        | 0.0003      |
|    loss                 | 5.35        |
|    n_updates            | 460         |
|    policy_gradient_loss | -0.0344     |
|    std                  | 1.19        |
|    value_loss           | 14.7        |
-----------------------------------------
-----------------------------------------
| manipularl/             |             |
|    collision_rate       | 0.33        |
|    grasp_curriculum     | 0.24        |
|    grasp_failure_rate   | 0.773       |
|    insert_depth_mean    | 0           |
|    obstacle_range_hi    | 2           |
|    obstacle_range_lo    | 1           |
|    success_rate         | 0.09        |
| rollout/                |             |
|    ep_len_mean          | 242         |
|    ep_rew_mean          | -20.2       |
| std_per_dim/            |             |
|    grip                 | 1.02        |
|    j0                   | 1.1         |
|    j1                   | 0.941       |
|    j2                   | 1.18        |
|    j3                   | 1.11        |
|    j4                   | 1.52        |
|    j5                   | 1.33        |
|    j6                   | 1.36        |
| time/                   |             |
|    fps                  | 520         |
|    iterations           | 48          |
|    time_elapsed         | 755         |
|    total_timesteps      | 393216      |
| train/                  |             |
|    approx_kl            | 0.024139147 |
|    clip_fraction        | 0.207       |
|    clip_range           | 0.2         |
|    entropy_loss         | -12.7       |
|    explained_variance   | 0.455       |
|    learning_rate        | 0.0003      |
|    loss                 | 2.98        |
|    n_updates            | 470         |
|    policy_gradient_loss | -0.0315     |
|    std                  | 1.19        |
|    value_loss           | 10.9        |
-----------------------------------------
Eval num_timesteps=399872, episode_reward=-29.26 +/- 30.48
Episode length: 204.50 +/- 146.29
-----------------------------------------
| eval/                   |             |
|    mean_ep_length       | 204         |
|    mean_reward          | -29.3       |
| manipularl/             |             |
|    collision_rate       | 0.36        |
|    grasp_curriculum     | 0.238       |
|    grasp_failure_rate   | 0.759       |
|    insert_depth_mean    | 0           |
|    obstacle_range_hi    | 2           |
|    obstacle_range_lo    | 1           |
|    success_rate         | 0.1         |
| std_per_dim/            |             |
|    grip                 | 1.02        |
|    j0                   | 1.1         |
|    j1                   | 0.944       |
|    j2                   | 1.18        |
|    j3                   | 1.11        |
|    j4                   | 1.52        |
|    j5                   | 1.34        |
|    j6                   | 1.36        |
| time/                   |             |
|    total_timesteps      | 399872      |
| train/                  |             |
|    approx_kl            | 0.038443223 |
|    clip_fraction        | 0.26        |
|    clip_range           | 0.2         |
|    entropy_loss         | -12.7       |
|    explained_variance   | 0.567       |
|    learning_rate        | 0.0003      |
|    loss                 | 1.38        |
|    n_updates            | 480         |
|    policy_gradient_loss | -0.0388     |
|    std                  | 1.2         |
|    value_loss           | 5.81        |
-----------------------------------------
------------------------------------
| manipularl/           |          |
|    collision_rate     | 0.32     |
|    grasp_curriculum   | 0.238    |
|    grasp_failure_rate | 0.754    |
|    insert_depth_mean  | 0        |
|    obstacle_range_hi  | 2        |
|    obstacle_range_lo  | 1        |
|    success_rate       | 0.12     |
| rollout/              |          |
|    ep_len_mean        | 239      |
|    ep_rew_mean        | -17.6    |
| std_per_dim/          |          |
|    grip               | 1.02     |
|    j0                 | 1.1      |
|    j1                 | 0.944    |
|    j2                 | 1.18     |
|    j3                 | 1.11     |
|    j4                 | 1.52     |
|    j5                 | 1.34     |
|    j6                 | 1.36     |
| time/                 |          |
|    fps                | 516      |
|    iterations         | 49       |
|    time_elapsed       | 777      |
|    total_timesteps    | 401408   |
------------------------------------
-----------------------------------------
| manipularl/             |             |
|    collision_rate       | 0.2         |
|    grasp_curriculum     | 0.235       |
|    grasp_failure_rate   | 0.721       |
|    insert_depth_mean    | 0           |
|    obstacle_range_hi    | 2           |
|    obstacle_range_lo    | 1           |
|    success_rate         | 0.19        |
| rollout/                |             |
|    ep_len_mean          | 253         |
|    ep_rew_mean          | -10.6       |
| std_per_dim/            |             |
|    grip                 | 1.02        |
|    j0                   | 1.11        |
|    j1                   | 0.948       |
|    j2                   | 1.19        |
|    j3                   | 1.11        |
|    j4                   | 1.52        |
|    j5                   | 1.34        |
|    j6                   | 1.36        |
| time/                   |             |
|    fps                  | 517         |
|    iterations           | 50          |
|    time_elapsed         | 791         |
|    total_timesteps      | 409600      |
| train/                  |             |
|    approx_kl            | 0.024736095 |
|    clip_fraction        | 0.256       |
|    clip_range           | 0.2         |
|    entropy_loss         | -12.7       |
|    explained_variance   | 0.284       |
|    learning_rate        | 0.0003      |
|    loss                 | 6.92        |
|    n_updates            | 490         |
|    policy_gradient_loss | -0.0283     |
|    std                  | 1.2         |
|    value_loss           | 18.7        |
-----------------------------------------
----------------------------------------
| manipularl/             |            |
|    collision_rate       | 0.21       |
|    grasp_curriculum     | 0.233      |
|    grasp_failure_rate   | 0.684      |
|    insert_depth_mean    | 0          |
|    obstacle_range_hi    | 2          |
|    obstacle_range_lo    | 1          |
|    success_rate         | 0.25       |
| rollout/                |            |
|    ep_len_mean          | 241        |
|    ep_rew_mean          | -3.93      |
| std_per_dim/            |            |
|    grip                 | 1.02       |
|    j0                   | 1.11       |
|    j1                   | 0.948      |
|    j2                   | 1.19       |
|    j3                   | 1.11       |
|    j4                   | 1.52       |
|    j5                   | 1.34       |
|    j6                   | 1.37       |
| time/                   |            |
|    fps                  | 518        |
|    iterations           | 51         |
|    time_elapsed         | 805        |
|    total_timesteps      | 417792     |
| train/                  |            |
|    approx_kl            | 0.02487024 |
|    clip_fraction        | 0.187      |
|    clip_range           | 0.2        |
|    entropy_loss         | -12.7      |
|    explained_variance   | 0.543      |
|    learning_rate        | 0.0003     |
|    loss                 | 5.2        |
|    n_updates            | 500        |
|    policy_gradient_loss | -0.032     |
|    std                  | 1.2        |
|    value_loss           | 16.3       |
----------------------------------------
Eval num_timesteps=424864, episode_reward=-9.65 +/- 21.57
Episode length: 154.80 +/- 126.19
-----------------------------------------
| eval/                   |             |
|    mean_ep_length       | 155         |
|    mean_reward          | -9.65       |
| manipularl/             |             |
|    collision_rate       | 0.21        |
|    grasp_curriculum     | 0.231       |
|    grasp_failure_rate   | 0.626       |
|    insert_depth_mean    | 0           |
|    obstacle_range_hi    | 2           |
|    obstacle_range_lo    | 1           |
|    success_rate         | 0.34        |
| std_per_dim/            |             |
|    grip                 | 1.02        |
|    j0                   | 1.11        |
|    j1                   | 0.95        |
|    j2                   | 1.2         |
|    j3                   | 1.11        |
|    j4                   | 1.53        |
|    j5                   | 1.35        |
|    j6                   | 1.37        |
| time/                   |             |
|    total_timesteps      | 424864      |
| train/                  |             |
|    approx_kl            | 0.022599626 |
|    clip_fraction        | 0.234       |
|    clip_range           | 0.2         |
|    entropy_loss         | -12.7       |
|    explained_variance   | 0.59        |
|    learning_rate        | 0.0003      |
|    loss                 | 6.89        |
|    n_updates            | 510         |
|    policy_gradient_loss | -0.0355     |
|    std                  | 1.2         |
|    value_loss           | 21.4        |
-----------------------------------------
------------------------------------
| manipularl/           |          |
|    collision_rate     | 0.21     |
|    grasp_curriculum   | 0.231    |
|    grasp_failure_rate | 0.623    |
|    insert_depth_mean  | 0        |
|    obstacle_range_hi  | 2        |
|    obstacle_range_lo  | 1        |
|    success_rate       | 0.35     |
| rollout/              |          |
|    ep_len_mean        | 222      |
|    ep_rew_mean        | 3.78     |
| std_per_dim/          |          |
|    grip               | 1.02     |
|    j0                 | 1.11     |
|    j1                 | 0.95     |
|    j2                 | 1.2      |
|    j3                 | 1.11     |
|    j4                 | 1.53     |
|    j5                 | 1.35     |
|    j6                 | 1.37     |
| time/                 |          |
|    fps                | 513      |
|    iterations         | 52       |
|    time_elapsed       | 829      |
|    total_timesteps    | 425984   |
------------------------------------
-----------------------------------------
| manipularl/             |             |
|    collision_rate       | 0.22        |
|    grasp_curriculum     | 0.228       |
|    grasp_failure_rate   | 0.641       |
|    insert_depth_mean    | 0           |
|    obstacle_range_hi    | 2           |
|    obstacle_range_lo    | 1           |
|    success_rate         | 0.4         |
| rollout/                |             |
|    ep_len_mean          | 209         |
|    ep_rew_mean          | 8.8         |
| std_per_dim/            |             |
|    grip                 | 1.02        |
|    j0                   | 1.11        |
|    j1                   | 0.948       |
|    j2                   | 1.2         |
|    j3                   | 1.11        |
|    j4                   | 1.53        |
|    j5                   | 1.35        |
|    j6                   | 1.37        |
| time/                   |             |
|    fps                  | 517         |
|    iterations           | 53          |
|    time_elapsed         | 839         |
|    total_timesteps      | 434176      |
| train/                  |             |
|    approx_kl            | 0.022357523 |
|    clip_fraction        | 0.195       |
|    clip_range           | 0.2         |
|    entropy_loss         | -12.8       |
|    explained_variance   | 0.694       |
|    learning_rate        | 0.0003      |
|    loss                 | 9.8         |
|    n_updates            | 520         |
|    policy_gradient_loss | -0.0365     |
|    std                  | 1.21        |
|    value_loss           | 25.7        |
-----------------------------------------
-----------------------------------------
| manipularl/             |             |
|    collision_rate       | 0.19        |
|    grasp_curriculum     | 0.226       |
|    grasp_failure_rate   | 0.679       |
|    insert_depth_mean    | 0           |
|    obstacle_range_hi    | 2           |
|    obstacle_range_lo    | 1           |
|    success_rate         | 0.44        |
| rollout/                |             |
|    ep_len_mean          | 210         |
|    ep_rew_mean          | 10.9        |
| std_per_dim/            |             |
|    grip                 | 1.02        |
|    j0                   | 1.11        |
|    j1                   | 0.943       |
|    j2                   | 1.2         |
|    j3                   | 1.11        |
|    j4                   | 1.54        |
|    j5                   | 1.35        |
|    j6                   | 1.37        |
| time/                   |             |
|    fps                  | 520         |
|    iterations           | 54          |
|    time_elapsed         | 849         |
|    total_timesteps      | 442368      |
| train/                  |             |
|    approx_kl            | 0.022094252 |
|    clip_fraction        | 0.204       |
|    clip_range           | 0.2         |
|    entropy_loss         | -12.8       |
|    explained_variance   | 0.75        |
|    learning_rate        | 0.0003      |
|    loss                 | 6.38        |
|    n_updates            | 530         |
|    policy_gradient_loss | -0.041      |
|    std                  | 1.21        |
|    value_loss           | 21          |
-----------------------------------------
Eval num_timesteps=449856, episode_reward=5.76 +/- 33.59
Episode length: 223.75 +/- 130.69
-----------------------------------------
| eval/                   |             |
|    mean_ep_length       | 224         |
|    mean_reward          | 5.76        |
| manipularl/             |             |
|    collision_rate       | 0.19        |
|    grasp_curriculum     | 0.224       |
|    grasp_failure_rate   | 0.674       |
|    insert_depth_mean    | 0           |
|    obstacle_range_hi    | 2           |
|    obstacle_range_lo    | 1           |
|    success_rate         | 0.38        |
| std_per_dim/            |             |
|    grip                 | 1.02        |
|    j0                   | 1.12        |
|    j1                   | 0.947       |
|    j2                   | 1.21        |
|    j3                   | 1.12        |
|    j4                   | 1.55        |
|    j5                   | 1.35        |
|    j6                   | 1.38        |
| time/                   |             |
|    total_timesteps      | 449856      |
| train/                  |             |
|    approx_kl            | 0.023318484 |
|    clip_fraction        | 0.189       |
|    clip_range           | 0.2         |
|    entropy_loss         | -12.8       |
|    explained_variance   | 0.704       |
|    learning_rate        | 0.0003      |
|    loss                 | 7.7         |
|    n_updates            | 540         |
|    policy_gradient_loss | -0.0367     |
|    std                  | 1.21        |
|    value_loss           | 20.7        |
-----------------------------------------
New best mean reward!
------------------------------------
| manipularl/           |          |
|    collision_rate     | 0.2      |
|    grasp_curriculum   | 0.224    |
|    grasp_failure_rate | 0.678    |
|    insert_depth_mean  | 0        |
|    obstacle_range_hi  | 2        |
|    obstacle_range_lo  | 1        |
|    success_rate       | 0.36     |
| rollout/              |          |
|    ep_len_mean        | 226      |
|    ep_rew_mean        | 4.33     |
| std_per_dim/          |          |
|    grip               | 1.02     |
|    j0                 | 1.12     |
|    j1                 | 0.947    |
|    j2                 | 1.21     |
|    j3                 | 1.12     |
|    j4                 | 1.55     |
|    j5                 | 1.35     |
|    j6                 | 1.38     |
| time/                 |          |
|    fps                | 513      |
|    iterations         | 55       |
|    time_elapsed       | 876      |
|    total_timesteps    | 450560   |
------------------------------------
----------------------------------------
| manipularl/             |            |
|    collision_rate       | 0.2        |
|    grasp_curriculum     | 0.222      |
|    grasp_failure_rate   | 0.714      |
|    insert_depth_mean    | 0          |
|    obstacle_range_hi    | 2          |
|    obstacle_range_lo    | 1          |
|    success_rate         | 0.3        |
| rollout/                |            |
|    ep_len_mean          | 238        |
|    ep_rew_mean          | -2.8       |
| std_per_dim/            |            |
|    grip                 | 1.03       |
|    j0                   | 1.12       |
|    j1                   | 0.952      |
|    j2                   | 1.21       |
|    j3                   | 1.12       |
|    j4                   | 1.55       |
|    j5                   | 1.36       |
|    j6                   | 1.38       |
| time/                   |            |
|    fps                  | 515        |
|    iterations           | 56         |
|    time_elapsed         | 890        |
|    total_timesteps      | 458752     |
| train/                  |            |
|    approx_kl            | 0.02347987 |
|    clip_fraction        | 0.198      |
|    clip_range           | 0.2        |
|    entropy_loss         | -12.8      |
|    explained_variance   | 0.689      |
|    learning_rate        | 0.0003     |
|    loss                 | 6.22       |
|    n_updates            | 550        |
|    policy_gradient_loss | -0.0378    |
|    std                  | 1.21       |
|    value_loss           | 17.2       |
----------------------------------------
-----------------------------------------
| manipularl/             |             |
|    collision_rate       | 0.25        |
|    grasp_curriculum     | 0.219       |
|    grasp_failure_rate   | 0.736       |
|    insert_depth_mean    | 0           |
|    obstacle_range_hi    | 2           |
|    obstacle_range_lo    | 1           |
|    success_rate         | 0.27        |
| rollout/                |             |
|    ep_len_mean          | 227         |
|    ep_rew_mean          | -5.57       |
| std_per_dim/            |             |
|    grip                 | 1.03        |
|    j0                   | 1.12        |
|    j1                   | 0.957       |
|    j2                   | 1.22        |
|    j3                   | 1.12        |
|    j4                   | 1.55        |
|    j5                   | 1.36        |
|    j6                   | 1.38        |
| time/                   |             |
|    fps                  | 517         |
|    iterations           | 57          |
|    time_elapsed         | 901         |
|    total_timesteps      | 466944      |
| train/                  |             |
|    approx_kl            | 0.022869382 |
|    clip_fraction        | 0.188       |
|    clip_range           | 0.2         |
|    entropy_loss         | -12.8       |
|    explained_variance   | 0.685       |
|    learning_rate        | 0.0003      |
|    loss                 | 4.46        |
|    n_updates            | 560         |
|    policy_gradient_loss | -0.0335     |
|    std                  | 1.22        |
|    value_loss           | 17.2        |
-----------------------------------------
Eval num_timesteps=474848, episode_reward=-13.11 +/- 21.61
Episode length: 107.95 +/- 123.90
-----------------------------------------
| eval/                   |             |
|    mean_ep_length       | 108         |
|    mean_reward          | -13.1       |
| manipularl/             |             |
|    collision_rate       | 0.28        |
|    grasp_curriculum     | 0.217       |
|    grasp_failure_rate   | 0.718       |
|    insert_depth_mean    | 0           |
|    obstacle_range_hi    | 3           |
|    obstacle_range_lo    | 1           |
|    success_rate         | 0.28        |
| std_per_dim/            |             |
|    grip                 | 1.04        |
|    j0                   | 1.12        |
|    j1                   | 0.959       |
|    j2                   | 1.22        |
|    j3                   | 1.12        |
|    j4                   | 1.56        |
|    j5                   | 1.37        |
|    j6                   | 1.39        |
| time/                   |             |
|    total_timesteps      | 474848      |
| train/                  |             |
|    approx_kl            | 0.022122955 |
|    clip_fraction        | 0.214       |
|    clip_range           | 0.2         |
|    entropy_loss         | -12.8       |
|    explained_variance   | 0.66        |
|    learning_rate        | 0.0003      |
|    loss                 | 8.69        |
|    n_updates            | 570         |
|    policy_gradient_loss | -0.0365     |
|    std                  | 1.22        |
|    value_loss           | 21.8        |
-----------------------------------------
------------------------------------
| manipularl/           |          |
|    collision_rate     | 0.28     |
|    grasp_curriculum   | 0.217    |
|    grasp_failure_rate | 0.728    |
|    insert_depth_mean  | 0        |
|    obstacle_range_hi  | 3        |
|    obstacle_range_lo  | 1        |
|    success_rate       | 0.28     |
| rollout/              |          |
|    ep_len_mean        | 219      |
|    ep_rew_mean        | -5.87    |
| std_per_dim/          |          |
|    grip               | 1.04     |
|    j0                 | 1.12     |
|    j1                 | 0.959    |
|    j2                 | 1.22     |
|    j3                 | 1.12     |
|    j4                 | 1.56     |
|    j5                 | 1.37     |
|    j6                 | 1.39     |
| time/                 |          |
|    fps                | 519      |
|    iterations         | 58       |
|    time_elapsed       | 914      |
|    total_timesteps    | 475136   |
------------------------------------
----------------------------------------
| manipularl/             |            |
|    collision_rate       | 0.44       |
|    grasp_curriculum     | 0.215      |
|    grasp_failure_rate   | 0.768      |
|    insert_depth_mean    | 0          |
|    obstacle_range_hi    | 3          |
|    obstacle_range_lo    | 1          |
|    success_rate         | 0.26       |
| rollout/                |            |
|    ep_len_mean          | 181        |
|    ep_rew_mean          | -1.92      |
| std_per_dim/            |            |
|    grip                 | 1.04       |
|    j0                   | 1.12       |
|    j1                   | 0.959      |
|    j2                   | 1.23       |
|    j3                   | 1.12       |
|    j4                   | 1.56       |
|    j5                   | 1.37       |
|    j6                   | 1.39       |
| time/                   |            |
|    fps                  | 523        |
|    iterations           | 59         |
|    time_elapsed         | 923        |
|    total_timesteps      | 483328     |
| train/                  |            |
|    approx_kl            | 0.06126972 |
|    clip_fraction        | 0.199      |
|    clip_range           | 0.2        |
|    entropy_loss         | -12.9      |
|    explained_variance   | 0.651      |
|    learning_rate        | 0.0003     |
|    loss                 | 7.07       |
|    n_updates            | 580        |
|    policy_gradient_loss | -0.0373    |
|    std                  | 1.22       |
|    value_loss           | 22.7       |
----------------------------------------
----------------------------------------
| manipularl/             |            |
|    collision_rate       | 0.55       |
|    grasp_curriculum     | 0.212      |
|    grasp_failure_rate   | 0.804      |
|    insert_depth_mean    | 0          |
|    obstacle_range_hi    | 3          |
|    obstacle_range_lo    | 1          |
|    success_rate         | 0.23       |
| rollout/                |            |
|    ep_len_mean          | 143        |
|    ep_rew_mean          | 4.03       |
| std_per_dim/            |            |
|    grip                 | 1.04       |
|    j0                   | 1.12       |
|    j1                   | 0.959      |
|    j2                   | 1.23       |
|    j3                   | 1.12       |
|    j4                   | 1.56       |
|    j5                   | 1.37       |
|    j6                   | 1.4        |
| time/                   |            |
|    fps                  | 525        |
|    iterations           | 60         |
|    time_elapsed         | 935        |
|    total_timesteps      | 491520     |
| train/                  |            |
|    approx_kl            | 0.06578031 |
|    clip_fraction        | 0.268      |
|    clip_range           | 0.2        |
|    entropy_loss         | -12.9      |
|    explained_variance   | 0.588      |
|    learning_rate        | 0.0003     |
|    loss                 | 9.55       |
|    n_updates            | 590        |
|    policy_gradient_loss | -0.0344    |
|    std                  | 1.22       |
|    value_loss           | 28.6       |
----------------------------------------
-----------------------------------------
| manipularl/             |             |
|    collision_rate       | 0.56        |
|    grasp_curriculum     | 0.21        |
|    grasp_failure_rate   | 0.776       |
|    insert_depth_mean    | 0           |
|    obstacle_range_hi    | 3           |
|    obstacle_range_lo    | 1           |
|    success_rate         | 0.17        |
| rollout/                |             |
|    ep_len_mean          | 154         |
|    ep_rew_mean          | -1.27       |
| std_per_dim/            |             |
|    grip                 | 1.04        |
|    j0                   | 1.12        |
|    j1                   | 0.959       |
|    j2                   | 1.22        |
|    j3                   | 1.13        |
|    j4                   | 1.56        |
|    j5                   | 1.37        |
|    j6                   | 1.39        |
| time/                   |             |
|    fps                  | 526         |
|    iterations           | 61          |
|    time_elapsed         | 948         |
|    total_timesteps      | 499712      |
| train/                  |             |
|    approx_kl            | 0.045066796 |
|    clip_fraction        | 0.264       |
|    clip_range           | 0.2         |
|    entropy_loss         | -12.9       |
|    explained_variance   | 0.691       |
|    learning_rate        | 0.0003      |
|    loss                 | 7.03        |
|    n_updates            | 600         |
|    policy_gradient_loss | -0.0367     |
|    std                  | 1.22        |
|    value_loss           | 22.8        |
-----------------------------------------
Eval num_timesteps=499840, episode_reward=1.91 +/- 25.13
Episode length: 159.00 +/- 127.06
-----------------------------------------
| eval/                   |             |
|    mean_ep_length       | 159         |
|    mean_reward          | 1.91        |
| manipularl/             |             |
|    collision_rate       | 0.56        |
|    grasp_curriculum     | 0.21        |
|    grasp_failure_rate   | 0.776       |
|    insert_depth_mean    | 0           |
|    obstacle_range_hi    | 3           |
|    obstacle_range_lo    | 1           |
|    success_rate         | 0.17        |
| time/                   |             |
|    total_timesteps      | 499840      |
| train/                  |             |
|    approx_kl            | 0.035121392 |
|    clip_fraction        | 0.235       |
|    clip_range           | 0.2         |
|    entropy_loss         | -12.9       |
|    explained_variance   | 0.765       |
|    learning_rate        | 0.0003      |
|    loss                 | 3.7         |
|    n_updates            | 610         |
|    policy_gradient_loss | -0.0405     |
|    std                  | 1.22        |
|    value_loss           | 13          |
-----------------------------------------
------------------------------------
| manipularl/           |          |
|    collision_rate     | 0.54     |
|    grasp_curriculum   | 0.208    |
|    grasp_failure_rate | 0.76     |
|    insert_depth_mean  | 0        |
|    obstacle_range_hi  | 3        |
|    obstacle_range_lo  | 1        |
|    success_rate       | 0.11     |
| rollout/              |          |
|    ep_len_mean        | 181      |
|    ep_rew_mean        | -7.57    |
| std_per_dim/          |          |
|    grip               | 1.04     |
|    j0                 | 1.12     |
|    j1                 | 0.957    |
|    j2                 | 1.22     |
|    j3                 | 1.13     |
|    j4                 | 1.57     |
|    j5                 | 1.36     |
|    j6                 | 1.39     |
| time/                 |          |
|    fps                | 523      |
|    iterations         | 62       |
|    time_elapsed       | 970      |
|    total_timesteps    | 507904   |
------------------------------------
-----------------------------------------
| manipularl/             |             |
|    collision_rate       | 0.5         |
|    grasp_curriculum     | 0.205       |
|    grasp_failure_rate   | 0.713       |
|    insert_depth_mean    | 0           |
|    obstacle_range_hi    | 3           |
|    obstacle_range_lo    | 1           |
|    success_rate         | 0.06        |
| rollout/                |             |
|    ep_len_mean          | 202         |
|    ep_rew_mean          | -13.5       |
| std_per_dim/            |             |
|    grip                 | 1.05        |
|    j0                   | 1.13        |
|    j1                   | 0.963       |
|    j2                   | 1.22        |
|    j3                   | 1.13        |
|    j4                   | 1.57        |
|    j5                   | 1.37        |
|    j6                   | 1.4         |
| time/                   |             |
|    fps                  | 527         |
|    iterations           | 63          |
|    time_elapsed         | 979         |
|    total_timesteps      | 516096      |
| train/                  |             |
|    approx_kl            | 0.062181965 |
|    clip_fraction        | 0.307       |
|    clip_range           | 0.2         |
|    entropy_loss         | -12.9       |
|    explained_variance   | 0.761       |
|    learning_rate        | 0.0003      |
|    loss                 | 0.901       |
|    n_updates            | 620         |
|    policy_gradient_loss | -0.0454     |
|    std                  | 1.23        |
|    value_loss           | 4.98        |
-----------------------------------------
-----------------------------------------
| manipularl/             |             |
|    collision_rate       | 0.42        |
|    grasp_curriculum     | 0.203       |
|    grasp_failure_rate   | 0.737       |
|    insert_depth_mean    | 0           |
|    obstacle_range_hi    | 3           |
|    obstacle_range_lo    | 1           |
|    success_rate         | 0.08        |
| rollout/                |             |
|    ep_len_mean          | 222         |
|    ep_rew_mean          | -11.6       |
| std_per_dim/            |             |
|    grip                 | 1.05        |
|    j0                   | 1.13        |
|    j1                   | 0.971       |
|    j2                   | 1.23        |
|    j3                   | 1.13        |
|    j4                   | 1.59        |
|    j5                   | 1.37        |
|    j6                   | 1.4         |
| time/                   |             |
|    fps                  | 530         |
|    iterations           | 64          |
|    time_elapsed         | 987         |
|    total_timesteps      | 524288      |
| train/                  |             |
|    approx_kl            | 0.059012245 |
|    clip_fraction        | 0.345       |
|    clip_range           | 0.2         |
|    entropy_loss         | -12.9       |
|    explained_variance   | 0.79        |
|    learning_rate        | 0.0003      |
|    loss                 | 1.5         |
|    n_updates            | 630         |
|    policy_gradient_loss | -0.0412     |
|    std                  | 1.23        |
|    value_loss           | 5.04        |
-----------------------------------------
Eval num_timesteps=524832, episode_reward=-12.25 +/- 20.35
Episode length: 227.40 +/- 128.52
----------------------------------------
| eval/                   |            |
|    mean_ep_length       | 227        |
|    mean_reward          | -12.2      |
| manipularl/             |            |
|    collision_rate       | 0.42       |
|    grasp_curriculum     | 0.203      |
|    grasp_failure_rate   | 0.738      |
|    insert_depth_mean    | 0          |
|    obstacle_range_hi    | 3          |
|    obstacle_range_lo    | 1          |
|    success_rate         | 0.09       |
| time/                   |            |
|    total_timesteps      | 524832     |
| train/                  |            |
|    approx_kl            | 0.04254458 |
|    clip_fraction        | 0.296      |
|    clip_range           | 0.2        |
|    entropy_loss         | -12.9      |
|    explained_variance   | 0.728      |
|    learning_rate        | 0.0003     |
|    loss                 | 2.24       |
|    n_updates            | 640        |
|    policy_gradient_loss | -0.0405    |
|    std                  | 1.24       |
|    value_loss           | 7.76       |
----------------------------------------
------------------------------------
| manipularl/           |          |
|    collision_rate     | 0.33     |
|    grasp_curriculum   | 0.201    |
|    grasp_failure_rate | 0.685    |
|    insert_depth_mean  | 0        |
|    obstacle_range_hi  | 3        |
|    obstacle_range_lo  | 1        |
|    success_rate       | 0.11     |
| rollout/              |          |
|    ep_len_mean        | 243      |
|    ep_rew_mean        | -10.5    |
| std_per_dim/          |          |
|    grip               | 1.05     |
|    j0                 | 1.13     |
|    j1                 | 0.973    |
|    j2                 | 1.24     |
|    j3                 | 1.14     |
|    j4                 | 1.59     |
|    j5                 | 1.38     |
|    j6                 | 1.4      |
| time/                 |          |
|    fps                | 525      |
|    iterations         | 65       |
|    time_elapsed       | 1014     |
|    total_timesteps    | 532480   |
------------------------------------
-----------------------------------------
| manipularl/             |             |
|    collision_rate       | 0.29        |
|    grasp_curriculum     | 0.199       |
|    grasp_failure_rate   | 0.658       |
|    insert_depth_mean    | 0           |
|    obstacle_range_hi    | 3           |
|    obstacle_range_lo    | 1           |
|    success_rate         | 0.16        |
| rollout/                |             |
|    ep_len_mean          | 245         |
|    ep_rew_mean          | -6.52       |
| std_per_dim/            |             |
|    grip                 | 1.06        |
|    j0                   | 1.14        |
|    j1                   | 0.976       |
|    j2                   | 1.23        |
|    j3                   | 1.14        |
|    j4                   | 1.59        |
|    j5                   | 1.37        |
|    j6                   | 1.41        |
| time/                   |             |
|    fps                  | 526         |
|    iterations           | 66          |
|    time_elapsed         | 1026        |
|    total_timesteps      | 540672      |
| train/                  |             |
|    approx_kl            | 0.032190014 |
|    clip_fraction        | 0.258       |
|    clip_range           | 0.2         |
|    entropy_loss         | -13         |
|    explained_variance   | 0.691       |
|    learning_rate        | 0.0003      |
|    loss                 | 4.69        |
|    n_updates            | 650         |
|    policy_gradient_loss | -0.0405     |
|    std                  | 1.24        |
|    value_loss           | 11          |
-----------------------------------------
-----------------------------------------
| manipularl/             |             |
|    collision_rate       | 0.29        |
|    grasp_curriculum     | 0.196       |
|    grasp_failure_rate   | 0.687       |
|    insert_depth_mean    | 0           |
|    obstacle_range_hi    | 3           |
|    obstacle_range_lo    | 1           |
|    success_rate         | 0.15        |
| rollout/                |             |
|    ep_len_mean          | 249         |
|    ep_rew_mean          | -9.04       |
| std_per_dim/            |             |
|    grip                 | 1.06        |
|    j0                   | 1.14        |
|    j1                   | 0.977       |
|    j2                   | 1.24        |
|    j3                   | 1.14        |
|    j4                   | 1.6         |
|    j5                   | 1.38        |
|    j6                   | 1.42        |
| time/                   |             |
|    fps                  | 530         |
|    iterations           | 67          |
|    time_elapsed         | 1035        |
|    total_timesteps      | 548864      |
| train/                  |             |
|    approx_kl            | 0.043326817 |
|    clip_fraction        | 0.288       |
|    clip_range           | 0.2         |
|    entropy_loss         | -13         |
|    explained_variance   | 0.684       |
|    learning_rate        | 0.0003      |
|    loss                 | 2.66        |
|    n_updates            | 660         |
|    policy_gradient_loss | -0.0359     |
|    std                  | 1.24        |
|    value_loss           | 9.62        |
-----------------------------------------
Eval num_timesteps=549824, episode_reward=-2.30 +/- 26.93
Episode length: 173.75 +/- 146.04
----------------------------------------
| eval/                   |            |
|    mean_ep_length       | 174        |
|    mean_reward          | -2.3       |
| manipularl/             |            |
|    collision_rate       | 0.29       |
|    grasp_curriculum     | 0.196      |
|    grasp_failure_rate   | 0.692      |
|    insert_depth_mean    | 0          |
|    obstacle_range_hi    | 3          |
|    obstacle_range_lo    | 1          |
|    success_rate         | 0.15       |
| time/                   |            |
|    total_timesteps      | 549824     |
| train/                  |            |
|    approx_kl            | 0.03454099 |
|    clip_fraction        | 0.262      |
|    clip_range           | 0.2        |
|    entropy_loss         | -13        |
|    explained_variance   | 0.665      |
|    learning_rate        | 0.0003     |
|    loss                 | 1.72       |
|    n_updates            | 670        |
|    policy_gradient_loss | -0.0384    |
|    std                  | 1.25       |
|    value_loss           | 7.65       |
----------------------------------------
------------------------------------
| manipularl/           |          |
|    collision_rate     | 0.32     |
|    grasp_curriculum   | 0.194    |
|    grasp_failure_rate | 0.754    |
|    insert_depth_mean  | 0        |
|    obstacle_range_hi  | 3        |
|    obstacle_range_lo  | 1        |
|    success_rate       | 0.15     |
| rollout/              |          |
|    ep_len_mean        | 241      |
|    ep_rew_mean        | -9.36    |
| std_per_dim/          |          |
|    grip               | 1.07     |
|    j0                 | 1.14     |
|    j1                 | 0.983    |
|    j2                 | 1.23     |
|    j3                 | 1.15     |
|    j4                 | 1.6      |
|    j5                 | 1.38     |
|    j6                 | 1.42     |
| time/                 |          |
|    fps                | 528      |
|    iterations         | 68       |
|    time_elapsed       | 1054     |
|    total_timesteps    | 557056   |
------------------------------------
-----------------------------------------
| manipularl/             |             |
|    collision_rate       | 0.32        |
|    grasp_curriculum     | 0.192       |
|    grasp_failure_rate   | 0.771       |
|    insert_depth_mean    | 0           |
|    obstacle_range_hi    | 3           |
|    obstacle_range_lo    | 1           |
|    success_rate         | 0.17        |
| rollout/                |             |
|    ep_len_mean          | 244         |
|    ep_rew_mean          | -9.74       |
| std_per_dim/            |             |
|    grip                 | 1.06        |
|    j0                   | 1.14        |
|    j1                   | 0.986       |
|    j2                   | 1.24        |
|    j3                   | 1.15        |
|    j4                   | 1.61        |
|    j5                   | 1.39        |
|    j6                   | 1.43        |
| time/                   |             |
|    fps                  | 529         |
|    iterations           | 69          |
|    time_elapsed         | 1067        |
|    total_timesteps      | 565248      |
| train/                  |             |
|    approx_kl            | 0.031502537 |
|    clip_fraction        | 0.264       |
|    clip_range           | 0.2         |
|    entropy_loss         | -13         |
|    explained_variance   | 0.718       |
|    learning_rate        | 0.0003      |
|    loss                 | 3.01        |
|    n_updates            | 680         |
|    policy_gradient_loss | -0.0401     |
|    std                  | 1.25        |
|    value_loss           | 9.44        |
-----------------------------------------
----------------------------------------
| manipularl/             |            |
|    collision_rate       | 0.27       |
|    grasp_curriculum     | 0.189      |
|    grasp_failure_rate   | 0.747      |
|    insert_depth_mean    | 0          |
|    obstacle_range_hi    | 3          |
|    obstacle_range_lo    | 1          |
|    success_rate         | 0.21       |
| rollout/                |            |
|    ep_len_mean          | 247        |
|    ep_rew_mean          | -8.27      |
| std_per_dim/            |            |
|    grip                 | 1.07       |
|    j0                   | 1.14       |
|    j1                   | 0.992      |
|    j2                   | 1.24       |
|    j3                   | 1.16       |
|    j4                   | 1.62       |
|    j5                   | 1.4        |
|    j6                   | 1.43       |
| time/                   |            |
|    fps                  | 530        |
|    iterations           | 70         |
|    time_elapsed         | 1080       |
|    total_timesteps      | 573440     |
| train/                  |            |
|    approx_kl            | 0.02384444 |
|    clip_fraction        | 0.215      |
|    clip_range           | 0.2        |
|    entropy_loss         | -13.1      |
|    explained_variance   | 0.431      |
|    learning_rate        | 0.0003     |
|    loss                 | 4.48       |
|    n_updates            | 690        |
|    policy_gradient_loss | -0.0342    |
|    std                  | 1.26       |
|    value_loss           | 15.1       |
----------------------------------------
Eval num_timesteps=574816, episode_reward=-10.50 +/- 21.60
Episode length: 201.15 +/- 137.94
-----------------------------------------
| eval/                   |             |
|    mean_ep_length       | 201         |
|    mean_reward          | -10.5       |
| manipularl/             |             |
|    collision_rate       | 0.28        |
|    grasp_curriculum     | 0.189       |
|    grasp_failure_rate   | 0.743       |
|    insert_depth_mean    | 0           |
|    obstacle_range_hi    | 3           |
|    obstacle_range_lo    | 1           |
|    success_rate         | 0.19        |
| time/                   |             |
|    total_timesteps      | 574816      |
| train/                  |             |
|    approx_kl            | 0.029333562 |
|    clip_fraction        | 0.219       |
|    clip_range           | 0.2         |
|    entropy_loss         | -13.1       |
|    explained_variance   | 0.703       |
|    learning_rate        | 0.0003      |
|    loss                 | 2.6         |
|    n_updates            | 700         |
|    policy_gradient_loss | -0.0404     |
|    std                  | 1.26        |
|    value_loss           | 10.3        |
-----------------------------------------
------------------------------------
| manipularl/           |          |
|    collision_rate     | 0.28     |
|    grasp_curriculum   | 0.187    |
|    grasp_failure_rate | 0.741    |
|    insert_depth_mean  | 0        |
|    obstacle_range_hi  | 3        |
|    obstacle_range_lo  | 1        |
|    success_rate       | 0.22     |
| rollout/              |          |
|    ep_len_mean        | 244      |
|    ep_rew_mean        | -6.04    |
| std_per_dim/          |          |
|    grip               | 1.06     |
|    j0                 | 1.15     |
|    j1                 | 0.994    |
|    j2                 | 1.24     |
|    j3                 | 1.16     |
|    j4                 | 1.62     |
|    j5                 | 1.41     |
|    j6                 | 1.44     |
| time/                 |          |
|    fps                | 520      |
|    iterations         | 71       |
|    time_elapsed       | 1117     |
|    total_timesteps    | 581632   |
------------------------------------
-----------------------------------------
| manipularl/             |             |
|    collision_rate       | 0.23        |
|    grasp_curriculum     | 0.185       |
|    grasp_failure_rate   | 0.777       |
|    insert_depth_mean    | 0           |
|    obstacle_range_hi    | 3           |
|    obstacle_range_lo    | 1           |
|    success_rate         | 0.26        |
| rollout/                |             |
|    ep_len_mean          | 238         |
|    ep_rew_mean          | -1.65       |
| std_per_dim/            |             |
|    grip                 | 1.06        |
|    j0                   | 1.15        |
|    j1                   | 0.996       |
|    j2                   | 1.25        |
|    j3                   | 1.17        |
|    j4                   | 1.63        |
|    j5                   | 1.41        |
|    j6                   | 1.45        |
| time/                   |             |
|    fps                  | 522         |
|    iterations           | 72          |
|    time_elapsed         | 1128        |
|    total_timesteps      | 589824      |
| train/                  |             |
|    approx_kl            | 0.027622271 |
|    clip_fraction        | 0.239       |
|    clip_range           | 0.2         |
|    entropy_loss         | -13.1       |
|    explained_variance   | 0.755       |
|    learning_rate        | 0.0003      |
|    loss                 | 4.04        |
|    n_updates            | 710         |
|    policy_gradient_loss | -0.0397     |
|    std                  | 1.26        |
|    value_loss           | 11.9        |
-----------------------------------------
-----------------------------------------
| manipularl/             |             |
|    collision_rate       | 0.29        |
|    grasp_curriculum     | 0.183       |
|    grasp_failure_rate   | 0.776       |
|    insert_depth_mean    | 0           |
|    obstacle_range_hi    | 3           |
|    obstacle_range_lo    | 1           |
|    success_rate         | 0.24        |
| rollout/                |             |
|    ep_len_mean          | 224         |
|    ep_rew_mean          | -1.53       |
| std_per_dim/            |             |
|    grip                 | 1.06        |
|    j0                   | 1.15        |
|    j1                   | 0.997       |
|    j2                   | 1.25        |
|    j3                   | 1.17        |
|    j4                   | 1.62        |
|    j5                   | 1.41        |
|    j6                   | 1.45        |
| time/                   |             |
|    fps                  | 526         |
|    iterations           | 73          |
|    time_elapsed         | 1135        |
|    total_timesteps      | 598016      |
| train/                  |             |
|    approx_kl            | 0.028905055 |
|    clip_fraction        | 0.236       |
|    clip_range           | 0.2         |
|    entropy_loss         | -13.1       |
|    explained_variance   | 0.844       |
|    learning_rate        | 0.0003      |
|    loss                 | 3.32        |
|    n_updates            | 720         |
|    policy_gradient_loss | -0.043      |
|    std                  | 1.26        |
|    value_loss           | 11.2        |
-----------------------------------------
Eval num_timesteps=599808, episode_reward=-17.00 +/- 24.99
Episode length: 262.20 +/- 122.64
-----------------------------------------
| eval/                   |             |
|    mean_ep_length       | 262         |
|    mean_reward          | -17         |
| manipularl/             |             |
|    collision_rate       | 0.28        |
|    grasp_curriculum     | 0.182       |
|    grasp_failure_rate   | 0.793       |
|    insert_depth_mean    | 0           |
|    obstacle_range_hi    | 3           |
|    obstacle_range_lo    | 1           |
|    success_rate         | 0.2         |
| time/                   |             |
|    total_timesteps      | 599808      |
| train/                  |             |
|    approx_kl            | 0.027318487 |
|    clip_fraction        | 0.2         |
|    clip_range           | 0.2         |
|    entropy_loss         | -13.1       |
|    explained_variance   | 0.86        |
|    learning_rate        | 0.0003      |
|    loss                 | 2.51        |
|    n_updates            | 730         |
|    policy_gradient_loss | -0.0411     |
|    std                  | 1.27        |
|    value_loss           | 10.1        |
-----------------------------------------
------------------------------------
| manipularl/           |          |
|    collision_rate     | 0.36     |
|    grasp_curriculum   | 0.18     |
|    grasp_failure_rate | 0.803    |
|    insert_depth_mean  | 0        |
|    obstacle_range_hi  | 3        |
|    obstacle_range_lo  | 1        |
|    success_rate       | 0.2      |
| rollout/              |          |
|    ep_len_mean        | 206      |
|    ep_rew_mean        | -1.74    |
| std_per_dim/          |          |
|    grip               | 1.07     |
|    j0                 | 1.15     |
|    j1                 | 1        |
|    j2                 | 1.25     |
|    j3                 | 1.17     |
|    j4                 | 1.63     |
|    j5                 | 1.42     |
|    j6                 | 1.45     |
| time/                 |          |
|    fps                | 520      |
|    iterations         | 74       |
|    time_elapsed       | 1164     |
|    total_timesteps    | 606208   |
------------------------------------
-----------------------------------------
| manipularl/             |             |
|    collision_rate       | 0.39        |
|    grasp_curriculum     | 0.178       |
|    grasp_failure_rate   | 0.765       |
|    insert_depth_mean    | 0           |
|    obstacle_range_hi    | 3           |
|    obstacle_range_lo    | 1           |
|    success_rate         | 0.16        |
| rollout/                |             |
|    ep_len_mean          | 205         |
|    ep_rew_mean          | -4.89       |
| std_per_dim/            |             |
|    grip                 | 1.07        |
|    j0                   | 1.15        |
|    j1                   | 1           |
|    j2                   | 1.25        |
|    j3                   | 1.18        |
|    j4                   | 1.64        |
|    j5                   | 1.42        |
|    j6                   | 1.45        |
| time/                   |             |
|    fps                  | 522         |
|    iterations           | 75          |
|    time_elapsed         | 1176        |
|    total_timesteps      | 614400      |
| train/                  |             |
|    approx_kl            | 0.029808788 |
|    clip_fraction        | 0.264       |
|    clip_range           | 0.2         |
|    entropy_loss         | -13.2       |
|    explained_variance   | 0.867       |
|    learning_rate        | 0.0003      |
|    loss                 | 2.47        |
|    n_updates            | 740         |
|    policy_gradient_loss | -0.0437     |
|    std                  | 1.27        |
|    value_loss           | 8.89        |
-----------------------------------------
----------------------------------------
| manipularl/             |            |
|    collision_rate       | 0.43       |
|    grasp_curriculum     | 0.176      |
|    grasp_failure_rate   | 0.76       |
|    insert_depth_mean    | 0          |
|    obstacle_range_hi    | 3          |
|    obstacle_range_lo    | 1          |
|    success_rate         | 0.15       |
| rollout/                |            |
|    ep_len_mean          | 201        |
|    ep_rew_mean          | -5.01      |
| std_per_dim/            |            |
|    grip                 | 1.07       |
|    j0                   | 1.15       |
|    j1                   | 1.01       |
|    j2                   | 1.26       |
|    j3                   | 1.18       |
|    j4                   | 1.64       |
|    j5                   | 1.42       |
|    j6                   | 1.46       |
| time/                   |            |
|    fps                  | 523        |
|    iterations           | 76         |
|    time_elapsed         | 1188       |
|    total_timesteps      | 622592     |
| train/                  |            |
|    approx_kl            | 0.02510944 |
|    clip_fraction        | 0.218      |
|    clip_range           | 0.2        |
|    entropy_loss         | -13.2      |
|    explained_variance   | 0.884      |
|    learning_rate        | 0.0003     |
|    loss                 | 2.2        |
|    n_updates            | 750        |
|    policy_gradient_loss | -0.041     |
|    std                  | 1.27       |
|    value_loss           | 8.63       |
----------------------------------------
Eval num_timesteps=624800, episode_reward=-1.20 +/- 26.76
Episode length: 163.80 +/- 132.93
---------------------------------------
| eval/                   |           |
|    mean_ep_length       | 164       |
|    mean_reward          | -1.2      |
| manipularl/             |           |
|    collision_rate       | 0.41      |
|    grasp_curriculum     | 0.175     |
|    grasp_failure_rate   | 0.746     |
|    insert_depth_mean    | 0         |
|    obstacle_range_hi    | 3         |
|    obstacle_range_lo    | 1         |
|    success_rate         | 0.17      |
| std_per_dim/            |           |
|    grip                 | 1.08      |
|    j0                   | 1.15      |
|    j1                   | 1.01      |
|    j2                   | 1.26      |
|    j3                   | 1.18      |
|    j4                   | 1.65      |
|    j5                   | 1.43      |
|    j6                   | 1.46      |
| time/                   |           |
|    total_timesteps      | 624800    |
| train/                  |           |
|    approx_kl            | 0.0335671 |
|    clip_fraction        | 0.265     |
|    clip_range           | 0.2       |
|    entropy_loss         | -13.2     |
|    explained_variance   | 0.841     |
|    learning_rate        | 0.0003    |
|    loss                 | 3.54      |
|    n_updates            | 760       |
|    policy_gradient_loss | -0.0414   |
|    std                  | 1.28      |
|    value_loss           | 10.2      |
---------------------------------------
------------------------------------
| manipularl/           |          |
|    collision_rate     | 0.42     |
|    grasp_curriculum   | 0.173    |
|    grasp_failure_rate | 0.722    |
|    insert_depth_mean  | 0        |
|    obstacle_range_hi  | 3        |
|    obstacle_range_lo  | 1        |
|    success_rate       | 0.19     |
| rollout/              |          |
|    ep_len_mean        | 209      |
|    ep_rew_mean        | -4.54    |
| std_per_dim/          |          |
|    grip               | 1.08     |
|    j0                 | 1.15     |
|    j1                 | 1.01     |
|    j2                 | 1.26     |
|    j3                 | 1.18     |
|    j4                 | 1.65     |
|    j5                 | 1.43     |
|    j6                 | 1.46     |
| time/                 |          |
|    fps                | 521      |
|    iterations         | 77       |
|    time_elapsed       | 1210     |
|    total_timesteps    | 630784   |
------------------------------------
-----------------------------------------
| manipularl/             |             |
|    collision_rate       | 0.43        |
|    grasp_curriculum     | 0.171       |
|    grasp_failure_rate   | 0.682       |
|    insert_depth_mean    | 0           |
|    obstacle_range_hi    | 3           |
|    obstacle_range_lo    | 1           |
|    success_rate         | 0.2         |
| rollout/                |             |
|    ep_len_mean          | 211         |
|    ep_rew_mean          | -5.67       |
| std_per_dim/            |             |
|    grip                 | 1.08        |
|    j0                   | 1.16        |
|    j1                   | 1.01        |
|    j2                   | 1.27        |
|    j3                   | 1.18        |
|    j4                   | 1.65        |
|    j5                   | 1.43        |
|    j6                   | 1.47        |
| time/                   |             |
|    fps                  | 523         |
|    iterations           | 78          |
|    time_elapsed         | 1220        |
|    total_timesteps      | 638976      |
| train/                  |             |
|    approx_kl            | 0.026796602 |
|    clip_fraction        | 0.219       |
|    clip_range           | 0.2         |
|    entropy_loss         | -13.2       |
|    explained_variance   | 0.834       |
|    learning_rate        | 0.0003      |
|    loss                 | 2.94        |
|    n_updates            | 770         |
|    policy_gradient_loss | -0.0391     |
|    std                  | 1.28        |
|    value_loss           | 11.3        |
-----------------------------------------
-----------------------------------------
| manipularl/             |             |
|    collision_rate       | 0.44        |
|    grasp_curriculum     | 0.169       |
|    grasp_failure_rate   | 0.72        |
|    insert_depth_mean    | 0           |
|    obstacle_range_hi    | 3           |
|    obstacle_range_lo    | 1           |
|    success_rate         | 0.19        |
| rollout/                |             |
|    ep_len_mean          | 206         |
|    ep_rew_mean          | -5.95       |
| std_per_dim/            |             |
|    grip                 | 1.07        |
|    j0                   | 1.16        |
|    j1                   | 1           |
|    j2                   | 1.27        |
|    j3                   | 1.18        |
|    j4                   | 1.66        |
|    j5                   | 1.43        |
|    j6                   | 1.47        |
| time/                   |             |
|    fps                  | 526         |
|    iterations           | 79          |
|    time_elapsed         | 1229        |
|    total_timesteps      | 647168      |
| train/                  |             |
|    approx_kl            | 0.029492091 |
|    clip_fraction        | 0.239       |
|    clip_range           | 0.2         |
|    entropy_loss         | -13.2       |
|    explained_variance   | 0.844       |
|    learning_rate        | 0.0003      |
|    loss                 | 3.45        |
|    n_updates            | 780         |
|    policy_gradient_loss | -0.0418     |
|    std                  | 1.28        |
|    value_loss           | 12.5        |
-----------------------------------------
Eval num_timesteps=649792, episode_reward=-10.68 +/- 34.00
Episode length: 186.55 +/- 142.08
----------------------------------------
| eval/                   |            |
|    mean_ep_length       | 187        |
|    mean_reward          | -10.7      |
| manipularl/             |            |
|    collision_rate       | 0.41       |
|    grasp_curriculum     | 0.168      |
|    grasp_failure_rate   | 0.725      |
|    insert_depth_mean    | 0          |
|    obstacle_range_hi    | 3          |
|    obstacle_range_lo    | 1          |
|    success_rate         | 0.21       |
| std_per_dim/            |            |
|    grip                 | 1.07       |
|    j0                   | 1.16       |
|    j1                   | 1.01       |
|    j2                   | 1.28       |
|    j3                   | 1.18       |
|    j4                   | 1.66       |
|    j5                   | 1.43       |
|    j6                   | 1.47       |
| time/                   |            |
|    total_timesteps      | 649792     |
| train/                  |            |
|    approx_kl            | 0.03332601 |
|    clip_fraction        | 0.277      |
|    clip_range           | 0.2        |
|    entropy_loss         | -13.2      |
|    explained_variance   | 0.8        |
|    learning_rate        | 0.0003     |
|    loss                 | 4.34       |
|    n_updates            | 790        |
|    policy_gradient_loss | -0.0402    |
|    std                  | 1.28       |
|    value_loss           | 12.1       |
----------------------------------------
------------------------------------
| manipularl/           |          |
|    collision_rate     | 0.46     |
|    grasp_curriculum   | 0.166    |
|    grasp_failure_rate | 0.722    |
|    insert_depth_mean  | 0        |
|    obstacle_range_hi  | 3        |
|    obstacle_range_lo  | 1        |
|    success_rate       | 0.19     |
| rollout/              |          |
|    ep_len_mean        | 192      |
|    ep_rew_mean        | -3.86    |
| std_per_dim/          |          |
|    grip               | 1.07     |
|    j0                 | 1.16     |
|    j1                 | 1.01     |
|    j2                 | 1.28     |
|    j3                 | 1.18     |
|    j4                 | 1.66     |
|    j5                 | 1.43     |
|    j6                 | 1.47     |
| time/                 |          |
|    fps                | 522      |
|    iterations         | 80       |
|    time_elapsed       | 1253     |
|    total_timesteps    | 655360   |
------------------------------------
-----------------------------------------
| manipularl/             |             |
|    collision_rate       | 0.58        |
|    grasp_curriculum     | 0.164       |
|    grasp_failure_rate   | 0.727       |
|    insert_depth_mean    | 0           |
|    obstacle_range_hi    | 3           |
|    obstacle_range_lo    | 1           |
|    success_rate         | 0.12        |
| rollout/                |             |
|    ep_len_mean          | 190         |
|    ep_rew_mean          | -6.81       |
| std_per_dim/            |             |
|    grip                 | 1.07        |
|    j0                   | 1.16        |
|    j1                   | 1.01        |
|    j2                   | 1.28        |
|    j3                   | 1.18        |
|    j4                   | 1.66        |
|    j5                   | 1.44        |
|    j6                   | 1.48        |
| time/                   |             |
|    fps                  | 523         |
|    iterations           | 81          |
|    time_elapsed         | 1266        |
|    total_timesteps      | 663552      |
| train/                  |             |
|    approx_kl            | 0.030263692 |
|    clip_fraction        | 0.245       |
|    clip_range           | 0.2         |
|    entropy_loss         | -13.2       |
|    explained_variance   | 0.86        |
|    learning_rate        | 0.0003      |
|    loss                 | 2.75        |
|    n_updates            | 800         |
|    policy_gradient_loss | -0.042      |
|    std                  | 1.28        |
|    value_loss           | 9.95        |
-----------------------------------------
-----------------------------------------
| manipularl/             |             |
|    collision_rate       | 0.65        |
|    grasp_curriculum     | 0.162       |
|    grasp_failure_rate   | 0.721       |
|    insert_depth_mean    | 0           |
|    obstacle_range_hi    | 3           |
|    obstacle_range_lo    | 1           |
|    success_rate         | 0.08        |
| rollout/                |             |
|    ep_len_mean          | 186         |
|    ep_rew_mean          | -7.19       |
| std_per_dim/            |             |
|    grip                 | 1.07        |
|    j0                   | 1.16        |
|    j1                   | 1.02        |
|    j2                   | 1.28        |
|    j3                   | 1.18        |
|    j4                   | 1.66        |
|    j5                   | 1.44        |
|    j6                   | 1.49        |
| time/                   |             |
|    fps                  | 526         |
|    iterations           | 82          |
|    time_elapsed         | 1274        |
|    total_timesteps      | 671744      |
| train/                  |             |
|    approx_kl            | 0.039060812 |
|    clip_fraction        | 0.265       |
|    clip_range           | 0.2         |
|    entropy_loss         | -13.2       |
|    explained_variance   | 0.876       |
|    learning_rate        | 0.0003      |
|    loss                 | 1.08        |
|    n_updates            | 810         |
|    policy_gradient_loss | -0.0423     |
|    std                  | 1.29        |
|    value_loss           | 5.3         |
-----------------------------------------
Eval num_timesteps=674784, episode_reward=-1.55 +/- 37.21
Episode length: 191.85 +/- 137.81
-----------------------------------------
| eval/                   |             |
|    mean_ep_length       | 192         |
|    mean_reward          | -1.55       |
| manipularl/             |             |
|    collision_rate       | 0.63        |
|    grasp_curriculum     | 0.161       |
|    grasp_failure_rate   | 0.71        |
|    insert_depth_mean    | 0           |
|    obstacle_range_hi    | 3           |
|    obstacle_range_lo    | 1           |
|    success_rate         | 0.09        |
| std_per_dim/            |             |
|    grip                 | 1.08        |
|    j0                   | 1.17        |
|    j1                   | 1.02        |
|    j2                   | 1.28        |
|    j3                   | 1.18        |
|    j4                   | 1.66        |
|    j5                   | 1.44        |
|    j6                   | 1.49        |
| time/                   |             |
|    total_timesteps      | 674784      |
| train/                  |             |
|    approx_kl            | 0.028294116 |
|    clip_fraction        | 0.314       |
|    clip_range           | 0.2         |
|    entropy_loss         | -13.3       |
|    explained_variance   | 0.818       |
|    learning_rate        | 0.0003      |
|    loss                 | 2.68        |
|    n_updates            | 820         |
|    policy_gradient_loss | -0.0288     |
|    std                  | 1.29        |
|    value_loss           | 10.9        |
-----------------------------------------
------------------------------------
| manipularl/           |          |
|    collision_rate     | 0.57     |
|    grasp_curriculum   | 0.16     |
|    grasp_failure_rate | 0.713    |
|    insert_depth_mean  | 0        |
|    obstacle_range_hi  | 3        |
|    obstacle_range_lo  | 1        |
|    success_rate       | 0.13     |
| rollout/              |          |
|    ep_len_mean        | 196      |
|    ep_rew_mean        | -4.22    |
| std_per_dim/          |          |
|    grip               | 1.08     |
|    j0                 | 1.17     |
|    j1                 | 1.02     |
|    j2                 | 1.28     |
|    j3                 | 1.18     |
|    j4                 | 1.66     |
|    j5                 | 1.44     |
|    j6                 | 1.49     |
| time/                 |          |
|    fps                | 525      |
|    iterations         | 83       |
|    time_elapsed       | 1292     |
|    total_timesteps    | 679936   |
------------------------------------
-----------------------------------------
| manipularl/             |             |
|    collision_rate       | 0.4         |
|    grasp_curriculum     | 0.157       |
|    grasp_failure_rate   | 0.704       |
|    insert_depth_mean    | 0           |
|    obstacle_range_hi    | 3           |
|    obstacle_range_lo    | 1           |
|    success_rate         | 0.19        |
| rollout/                |             |
|    ep_len_mean          | 220         |
|    ep_rew_mean          | -2.42       |
| std_per_dim/            |             |
|    grip                 | 1.08        |
|    j0                   | 1.17        |
|    j1                   | 1.03        |
|    j2                   | 1.28        |
|    j3                   | 1.18        |
|    j4                   | 1.66        |
|    j5                   | 1.44        |
|    j6                   | 1.5         |
| time/                   |             |
|    fps                  | 527         |
|    iterations           | 84          |
|    time_elapsed         | 1304        |
|    total_timesteps      | 688128      |
| train/                  |             |
|    approx_kl            | 0.032041125 |
|    clip_fraction        | 0.245       |
|    clip_range           | 0.2         |
|    entropy_loss         | -13.3       |
|    explained_variance   | 0.855       |
|    learning_rate        | 0.0003      |
|    loss                 | 2.28        |
|    n_updates            | 830         |
|    policy_gradient_loss | -0.042      |
|    std                  | 1.29        |
|    value_loss           | 9.2         |
-----------------------------------------
----------------------------------------
| manipularl/             |            |
|    collision_rate       | 0.34       |
|    grasp_curriculum     | 0.155      |
|    grasp_failure_rate   | 0.745      |
|    insert_depth_mean    | 0          |
|    obstacle_range_hi    | 3          |
|    obstacle_range_lo    | 1          |
|    success_rate         | 0.2        |
| rollout/                |            |
|    ep_len_mean          | 235        |
|    ep_rew_mean          | -2.82      |
| std_per_dim/            |            |
|    grip                 | 1.08       |
|    j0                   | 1.18       |
|    j1                   | 1.03       |
|    j2                   | 1.28       |
|    j3                   | 1.18       |
|    j4                   | 1.66       |
|    j5                   | 1.44       |
|    j6                   | 1.51       |
| time/                   |            |
|    fps                  | 528        |
|    iterations           | 85         |
|    time_elapsed         | 1316       |
|    total_timesteps      | 696320     |
| train/                  |            |
|    approx_kl            | 0.02555795 |
|    clip_fraction        | 0.23       |
|    clip_range           | 0.2        |
|    entropy_loss         | -13.3      |
|    explained_variance   | 0.836      |
|    learning_rate        | 0.0003     |
|    loss                 | 3.57       |
|    n_updates            | 840        |
|    policy_gradient_loss | -0.0396    |
|    std                  | 1.3        |
|    value_loss           | 11.9       |
----------------------------------------
Eval num_timesteps=699776, episode_reward=-15.57 +/- 36.52
Episode length: 245.30 +/- 126.64
-----------------------------------------
| eval/                   |             |
|    mean_ep_length       | 245         |
|    mean_reward          | -15.6       |
| manipularl/             |             |
|    collision_rate       | 0.32        |
|    grasp_curriculum     | 0.154       |
|    grasp_failure_rate   | 0.767       |
|    insert_depth_mean    | 0           |
|    obstacle_range_hi    | 3           |
|    obstacle_range_lo    | 1           |
|    success_rate         | 0.2         |
| std_per_dim/            |             |
|    grip                 | 1.08        |
|    j0                   | 1.18        |
|    j1                   | 1.04        |
|    j2                   | 1.29        |
|    j3                   | 1.19        |
|    j4                   | 1.67        |
|    j5                   | 1.44        |
|    j6                   | 1.5         |
| time/                   |             |
|    total_timesteps      | 699776      |
| train/                  |             |
|    approx_kl            | 0.026742242 |
|    clip_fraction        | 0.232       |
|    clip_range           | 0.2         |
|    entropy_loss         | -13.3       |
|    explained_variance   | 0.767       |
|    learning_rate        | 0.0003      |
|    loss                 | 3.08        |
|    n_updates            | 850         |
|    policy_gradient_loss | -0.0412     |
|    std                  | 1.3         |
|    value_loss           | 12.5        |
-----------------------------------------
------------------------------------
| manipularl/           |          |
|    collision_rate     | 0.34     |
|    grasp_curriculum   | 0.153    |
|    grasp_failure_rate | 0.759    |
|    insert_depth_mean  | 0        |
|    obstacle_range_hi  | 3        |
|    obstacle_range_lo  | 1        |
|    success_rate       | 0.2      |
| rollout/              |          |
|    ep_len_mean        | 220      |
|    ep_rew_mean        | -1.73    |
| std_per_dim/          |          |
|    grip               | 1.08     |
|    j0                 | 1.18     |
|    j1                 | 1.04     |
|    j2                 | 1.29     |
|    j3                 | 1.19     |
|    j4                 | 1.67     |
|    j5                 | 1.44     |
|    j6                 | 1.5      |
| time/                 |          |
|    fps                | 525      |
|    iterations         | 86       |
|    time_elapsed       | 1340     |
|    total_timesteps    | 704512   |
------------------------------------
----------------------------------------
| manipularl/             |            |
|    collision_rate       | 0.4        |
|    grasp_curriculum     | 0.15       |
|    grasp_failure_rate   | 0.75       |
|    insert_depth_mean    | 0          |
|    obstacle_range_hi    | 3          |
|    obstacle_range_lo    | 1          |
|    success_rate         | 0.18       |
| rollout/                |            |
|    ep_len_mean          | 211        |
|    ep_rew_mean          | -2.33      |
| std_per_dim/            |            |
|    grip                 | 1.09       |
|    j0                   | 1.17       |
|    j1                   | 1.03       |
|    j2                   | 1.29       |
|    j3                   | 1.19       |
|    j4                   | 1.67       |
|    j5                   | 1.45       |
|    j6                   | 1.5        |
| time/                   |            |
|    fps                  | 528        |
|    iterations           | 87         |
|    time_elapsed         | 1349       |
|    total_timesteps      | 712704     |
| train/                  |            |
|    approx_kl            | 0.03399778 |
|    clip_fraction        | 0.278      |
|    clip_range           | 0.2        |
|    entropy_loss         | -13.3      |
|    explained_variance   | 0.854      |
|    learning_rate        | 0.0003     |
|    loss                 | 2.25       |
|    n_updates            | 860        |
|    policy_gradient_loss | -0.0464    |
|    std                  | 1.3        |
|    value_loss           | 8.04       |
----------------------------------------
-----------------------------------------
| manipularl/             |             |
|    collision_rate       | 0.43        |
|    grasp_curriculum     | 0.148       |
|    grasp_failure_rate   | 0.734       |
|    insert_depth_mean    | 0           |
|    obstacle_range_hi    | 3           |
|    obstacle_range_lo    | 1           |
|    success_rate         | 0.28        |
| rollout/                |             |
|    ep_len_mean          | 172         |
|    ep_rew_mean          | 5.15        |
| std_per_dim/            |             |
|    grip                 | 1.09        |
|    j0                   | 1.18        |
|    j1                   | 1.04        |
|    j2                   | 1.29        |
|    j3                   | 1.19        |
|    j4                   | 1.67        |
|    j5                   | 1.45        |
|    j6                   | 1.5         |
| time/                   |             |
|    fps                  | 529         |
|    iterations           | 88          |
|    time_elapsed         | 1361        |
|    total_timesteps      | 720896      |
| train/                  |             |
|    approx_kl            | 0.021637173 |
|    clip_fraction        | 0.216       |
|    clip_range           | 0.2         |
|    entropy_loss         | -13.4       |
|    explained_variance   | 0.829       |
|    learning_rate        | 0.0003      |
|    loss                 | 4.01        |
|    n_updates            | 870         |
|    policy_gradient_loss | -0.035      |
|    std                  | 1.3         |
|    value_loss           | 14.8        |
-----------------------------------------
Eval num_timesteps=724768, episode_reward=8.74 +/- 36.46
Episode length: 138.85 +/- 119.38
-----------------------------------------
| eval/                   |             |
|    mean_ep_length       | 139         |
|    mean_reward          | 8.74        |
| manipularl/             |             |
|    collision_rate       | 0.38        |
|    grasp_curriculum     | 0.147       |
|    grasp_failure_rate   | 0.714       |
|    insert_depth_mean    | 0           |
|    obstacle_range_hi    | 3           |
|    obstacle_range_lo    | 1           |
|    success_rate         | 0.3         |
| std_per_dim/            |             |
|    grip                 | 1.09        |
|    j0                   | 1.18        |
|    j1                   | 1.04        |
|    j2                   | 1.3         |
|    j3                   | 1.19        |
|    j4                   | 1.68        |
|    j5                   | 1.45        |
|    j6                   | 1.51        |
| time/                   |             |
|    total_timesteps      | 724768      |
| train/                  |             |
|    approx_kl            | 0.023843551 |
|    clip_fraction        | 0.2         |
|    clip_range           | 0.2         |
|    entropy_loss         | -13.4       |
|    explained_variance   | 0.748       |
|    learning_rate        | 0.0003      |
|    loss                 | 9.02        |
|    n_updates            | 880         |
|    policy_gradient_loss | -0.0356     |
|    std                  | 1.31        |
|    value_loss           | 26.7        |
-----------------------------------------
New best mean reward!
------------------------------------
| manipularl/           |          |
|    collision_rate     | 0.34     |
|    grasp_curriculum   | 0.146    |
|    grasp_failure_rate | 0.702    |
|    insert_depth_mean  | 0        |
|    obstacle_range_hi  | 3        |
|    obstacle_range_lo  | 1        |
|    success_rate       | 0.35     |
| rollout/              |          |
|    ep_len_mean        | 176      |
|    ep_rew_mean        | 8.35     |
| std_per_dim/          |          |
|    grip               | 1.09     |
|    j0                 | 1.18     |
|    j1                 | 1.04     |
|    j2                 | 1.3      |
|    j3                 | 1.19     |
|    j4                 | 1.68     |
|    j5                 | 1.45     |
|    j6                 | 1.51     |
| time/                 |          |
|    fps                | 528      |
|    iterations         | 89       |
|    time_elapsed       | 1380     |
|    total_timesteps    | 729088   |
------------------------------------
-----------------------------------------
| manipularl/             |             |
|    collision_rate       | 0.36        |
|    grasp_curriculum     | 0.144       |
|    grasp_failure_rate   | 0.714       |
|    insert_depth_mean    | 0           |
|    obstacle_range_hi    | 3           |
|    obstacle_range_lo    | 1           |
|    success_rate         | 0.29        |
| rollout/                |             |
|    ep_len_mean          | 192         |
|    ep_rew_mean          | 4.3         |
| std_per_dim/            |             |
|    grip                 | 1.09        |
|    j0                   | 1.18        |
|    j1                   | 1.03        |
|    j2                   | 1.3         |
|    j3                   | 1.2         |
|    j4                   | 1.7         |
|    j5                   | 1.47        |
|    j6                   | 1.51        |
| time/                   |             |
|    fps                  | 530         |
|    iterations           | 90          |
|    time_elapsed         | 1390        |
|    total_timesteps      | 737280      |
| train/                  |             |
|    approx_kl            | 0.021979224 |
|    clip_fraction        | 0.177       |
|    clip_range           | 0.2         |
|    entropy_loss         | -13.4       |
|    explained_variance   | 0.746       |
|    learning_rate        | 0.0003      |
|    loss                 | 8.21        |
|    n_updates            | 890         |
|    policy_gradient_loss | -0.0338     |
|    std                  | 1.31        |
|    value_loss           | 20.6        |
-----------------------------------------
-----------------------------------------
| manipularl/             |             |
|    collision_rate       | 0.3         |
|    grasp_curriculum     | 0.141       |
|    grasp_failure_rate   | 0.747       |
|    insert_depth_mean    | 0           |
|    obstacle_range_hi    | 3           |
|    obstacle_range_lo    | 1           |
|    success_rate         | 0.28        |
| rollout/                |             |
|    ep_len_mean          | 216         |
|    ep_rew_mean          | 2.84        |
| std_per_dim/            |             |
|    grip                 | 1.09        |
|    j0                   | 1.18        |
|    j1                   | 1.04        |
|    j2                   | 1.3         |
|    j3                   | 1.2         |
|    j4                   | 1.7         |
|    j5                   | 1.47        |
|    j6                   | 1.51        |
| time/                   |             |
|    fps                  | 532         |
|    iterations           | 91          |
|    time_elapsed         | 1400        |
|    total_timesteps      | 745472      |
| train/                  |             |
|    approx_kl            | 0.023977302 |
|    clip_fraction        | 0.21        |
|    clip_range           | 0.2         |
|    entropy_loss         | -13.4       |
|    explained_variance   | 0.771       |
|    learning_rate        | 0.0003      |
|    loss                 | 5.43        |
|    n_updates            | 900         |
|    policy_gradient_loss | -0.0375     |
|    std                  | 1.31        |
|    value_loss           | 15.8        |
-----------------------------------------
Eval num_timesteps=749760, episode_reward=-15.25 +/- 24.50
Episode length: 191.40 +/- 138.27
-----------------------------------------
| eval/                   |             |
|    mean_ep_length       | 191         |
|    mean_reward          | -15.2       |
| manipularl/             |             |
|    collision_rate       | 0.28        |
|    grasp_curriculum     | 0.14        |
|    grasp_failure_rate   | 0.763       |
|    insert_depth_mean    | 0           |
|    obstacle_range_hi    | 3           |
|    obstacle_range_lo    | 1           |
|    success_rate         | 0.25        |
| std_per_dim/            |             |
|    grip                 | 1.09        |
|    j0                   | 1.18        |
|    j1                   | 1.04        |
|    j2                   | 1.29        |
|    j3                   | 1.2         |
|    j4                   | 1.7         |
|    j5                   | 1.48        |
|    j6                   | 1.53        |
| time/                   |             |
|    total_timesteps      | 749760      |
| train/                  |             |
|    approx_kl            | 0.027653497 |
|    clip_fraction        | 0.238       |
|    clip_range           | 0.2         |
|    entropy_loss         | -13.4       |
|    explained_variance   | 0.784       |
|    learning_rate        | 0.0003      |
|    loss                 | 5.11        |
|    n_updates            | 910         |
|    policy_gradient_loss | -0.0401     |
|    std                  | 1.31        |
|    value_loss           | 16.4        |
-----------------------------------------
------------------------------------
| manipularl/           |          |
|    collision_rate     | 0.29     |
|    grasp_curriculum   | 0.139    |
|    grasp_failure_rate | 0.757    |
|    insert_depth_mean  | 0        |
|    obstacle_range_hi  | 3        |
|    obstacle_range_lo  | 1        |
|    success_rate       | 0.28     |
| rollout/              |          |
|    ep_len_mean        | 223      |
|    ep_rew_mean        | 2.33     |
| std_per_dim/          |          |
|    grip               | 1.09     |
|    j0                 | 1.18     |
|    j1                 | 1.04     |
|    j2                 | 1.29     |
|    j3                 | 1.2      |
|    j4                 | 1.7      |
|    j5                 | 1.48     |
|    j6                 | 1.53     |
| time/                 |          |
|    fps                | 525      |
|    iterations         | 92       |
|    time_elapsed       | 1433     |
|    total_timesteps    | 753664   |
------------------------------------
-----------------------------------------
| manipularl/             |             |
|    collision_rate       | 0.39        |
|    grasp_curriculum     | 0.137       |
|    grasp_failure_rate   | 0.746       |
|    insert_depth_mean    | 0           |
|    obstacle_range_hi    | 3           |
|    obstacle_range_lo    | 1           |
|    success_rate         | 0.23        |
| rollout/                |             |
|    ep_len_mean          | 217         |
|    ep_rew_mean          | -1.2        |
| std_per_dim/            |             |
|    grip                 | 1.09        |
|    j0                   | 1.18        |
|    j1                   | 1.05        |
|    j2                   | 1.29        |
|    j3                   | 1.2         |
|    j4                   | 1.71        |
|    j5                   | 1.48        |
|    j6                   | 1.54        |
| time/                   |             |
|    fps                  | 527         |
|    iterations           | 93          |
|    time_elapsed         | 1444        |
|    total_timesteps      | 761856      |
| train/                  |             |
|    approx_kl            | 0.031278443 |
|    clip_fraction        | 0.25        |
|    clip_range           | 0.2         |
|    entropy_loss         | -13.4       |
|    explained_variance   | 0.779       |
|    learning_rate        | 0.0003      |
|    loss                 | 4.49        |
|    n_updates            | 920         |
|    policy_gradient_loss | -0.0431     |
|    std                  | 1.32        |
|    value_loss           | 14.7        |
-----------------------------------------
----------------------------------------
| manipularl/             |            |
|    collision_rate       | 0.43       |
|    grasp_curriculum     | 0.134      |
|    grasp_failure_rate   | 0.744      |
|    insert_depth_mean    | 0          |
|    obstacle_range_hi    | 3          |
|    obstacle_range_lo    | 1          |
|    success_rate         | 0.2        |
| rollout/                |            |
|    ep_len_mean          | 212        |
|    ep_rew_mean          | -3.04      |
| std_per_dim/            |            |
|    grip                 | 1.09       |
|    j0                   | 1.18       |
|    j1                   | 1.05       |
|    j2                   | 1.3        |
|    j3                   | 1.2        |
|    j4                   | 1.72       |
|    j5                   | 1.49       |
|    j6                   | 1.54       |
| time/                   |            |
|    fps                  | 529        |
|    iterations           | 94         |
|    time_elapsed         | 1453       |
|    total_timesteps      | 770048     |
| train/                  |            |
|    approx_kl            | 0.03134429 |
|    clip_fraction        | 0.251      |
|    clip_range           | 0.2        |
|    entropy_loss         | -13.5      |
|    explained_variance   | 0.732      |
|    learning_rate        | 0.0003     |
|    loss                 | 3.31       |
|    n_updates            | 930        |
|    policy_gradient_loss | -0.0387    |
|    std                  | 1.32       |
|    value_loss           | 13.3       |
----------------------------------------
Eval num_timesteps=774752, episode_reward=-17.32 +/- 27.64
Episode length: 206.55 +/- 146.71
-----------------------------------------
| eval/                   |             |
|    mean_ep_length       | 207         |
|    mean_reward          | -17.3       |
| manipularl/             |             |
|    collision_rate       | 0.46        |
|    grasp_curriculum     | 0.133       |
|    grasp_failure_rate   | 0.731       |
|    insert_depth_mean    | 0           |
|    obstacle_range_hi    | 3           |
|    obstacle_range_lo    | 1           |
|    success_rate         | 0.17        |
| std_per_dim/            |             |
|    grip                 | 1.09        |
|    j0                   | 1.19        |
|    j1                   | 1.05        |
|    j2                   | 1.3         |
|    j3                   | 1.21        |
|    j4                   | 1.72        |
|    j5                   | 1.5         |
|    j6                   | 1.55        |
| time/                   |             |
|    total_timesteps      | 774752      |
| train/                  |             |
|    approx_kl            | 0.028051797 |
|    clip_fraction        | 0.247       |
|    clip_range           | 0.2         |
|    entropy_loss         | -13.5       |
|    explained_variance   | 0.773       |
|    learning_rate        | 0.0003      |
|    loss                 | 3.15        |
|    n_updates            | 940         |
|    policy_gradient_loss | -0.0379     |
|    std                  | 1.33        |
|    value_loss           | 10.6        |
-----------------------------------------
------------------------------------
| manipularl/           |          |
|    collision_rate     | 0.41     |
|    grasp_curriculum   | 0.132    |
|    grasp_failure_rate | 0.735    |
|    insert_depth_mean  | 0        |
|    obstacle_range_hi  | 3        |
|    obstacle_range_lo  | 1        |
|    success_rate       | 0.18     |
| rollout/              |          |
|    ep_len_mean        | 211      |
|    ep_rew_mean        | -3.51    |
| std_per_dim/          |          |
|    grip               | 1.09     |
|    j0                 | 1.19     |
|    j1                 | 1.05     |
|    j2                 | 1.3      |
|    j3                 | 1.21     |
|    j4                 | 1.72     |
|    j5                 | 1.5      |
|    j6                 | 1.55     |
| time/                 |          |
|    fps                | 528      |
|    iterations         | 95       |
|    time_elapsed       | 1471     |
|    total_timesteps    | 778240   |
------------------------------------
-----------------------------------------
| manipularl/             |             |
|    collision_rate       | 0.47        |
|    grasp_curriculum     | 0.13        |
|    grasp_failure_rate   | 0.751       |
|    insert_depth_mean    | 0           |
|    obstacle_range_hi    | 4           |
|    obstacle_range_lo    | 1           |
|    success_rate         | 0.16        |
| rollout/                |             |
|    ep_len_mean          | 209         |
|    ep_rew_mean          | -3.39       |
| std_per_dim/            |             |
|    grip                 | 1.09        |
|    j0                   | 1.19        |
|    j1                   | 1.05        |
|    j2                   | 1.3         |
|    j3                   | 1.22        |
|    j4                   | 1.72        |
|    j5                   | 1.51        |
|    j6                   | 1.57        |
| time/                   |             |
|    fps                  | 530         |
|    iterations           | 96          |
|    time_elapsed         | 1481        |
|    total_timesteps      | 786432      |
| train/                  |             |
|    approx_kl            | 0.038571373 |
|    clip_fraction        | 0.28        |
|    clip_range           | 0.2         |
|    entropy_loss         | -13.5       |
|    explained_variance   | 0.796       |
|    learning_rate        | 0.0003      |
|    loss                 | 1.83        |
|    n_updates            | 950         |
|    policy_gradient_loss | -0.0432     |
|    std                  | 1.33        |
|    value_loss           | 7.36        |
-----------------------------------------
----------------------------------------
| manipularl/             |            |
|    collision_rate       | 0.49       |
|    grasp_curriculum     | 0.128      |
|    grasp_failure_rate   | 0.774      |
|    insert_depth_mean    | 0          |
|    obstacle_range_hi    | 4          |
|    obstacle_range_lo    | 1          |
|    success_rate         | 0.13       |
| rollout/                |            |
|    ep_len_mean          | 211        |
|    ep_rew_mean          | -5.66      |
| std_per_dim/            |            |
|    grip                 | 1.1        |
|    j0                   | 1.2        |
|    j1                   | 1.06       |
|    j2                   | 1.31       |
|    j3                   | 1.23       |
|    j4                   | 1.72       |
|    j5                   | 1.51       |
|    j6                   | 1.57       |
| time/                   |            |
|    fps                  | 531        |
|    iterations           | 97         |
|    time_elapsed         | 1495       |
|    total_timesteps      | 794624     |
| train/                  |            |
|    approx_kl            | 0.10106293 |
|    clip_fraction        | 0.282      |
|    clip_range           | 0.2        |
|    entropy_loss         | -13.6      |
|    explained_variance   | 0.73       |
|    learning_rate        | 0.0003     |
|    loss                 | 1.68       |
|    n_updates            | 960        |
|    policy_gradient_loss | -0.0409    |
|    std                  | 1.34       |
|    value_loss           | 7.95       |
----------------------------------------
Eval num_timesteps=799744, episode_reward=-8.07 +/- 23.46
Episode length: 211.50 +/- 144.22
---------------------------------------
| eval/                   |           |
|    mean_ep_length       | 212       |
|    mean_reward          | -8.07     |
| manipularl/             |           |
|    collision_rate       | 0.5       |
|    grasp_curriculum     | 0.126     |
|    grasp_failure_rate   | 0.737     |
|    insert_depth_mean    | 0         |
|    obstacle_range_hi    | 4         |
|    obstacle_range_lo    | 1         |
|    success_rate         | 0.15      |
| std_per_dim/            |           |
|    grip                 | 1.11      |
|    j0                   | 1.2       |
|    j1                   | 1.07      |
|    j2                   | 1.31      |
|    j3                   | 1.23      |
|    j4                   | 1.73      |
|    j5                   | 1.52      |
|    j6                   | 1.57      |
| time/                   |           |
|    total_timesteps      | 799744    |
| train/                  |           |
|    approx_kl            | 0.1319578 |
|    clip_fraction        | 0.326     |
|    clip_range           | 0.2       |
|    entropy_loss         | -13.6     |
|    explained_variance   | 0.822     |
|    learning_rate        | 0.0003    |
|    loss                 | 1.27      |
|    n_updates            | 970       |
|    policy_gradient_loss | -0.0327   |
|    std                  | 1.34      |
|    value_loss           | 6.51      |
---------------------------------------
------------------------------------
| manipularl/           |          |
|    collision_rate     | 0.52     |
|    grasp_curriculum   | 0.125    |
|    grasp_failure_rate | 0.749    |
|    insert_depth_mean  | 0        |
|    obstacle_range_hi  | 4        |
|    obstacle_range_lo  | 1        |
|    success_rate       | 0.14     |
| rollout/              |          |
|    ep_len_mean        | 199      |
|    ep_rew_mean        | -5.35    |
| std_per_dim/          |          |
|    grip               | 1.11     |
|    j0                 | 1.2      |
|    j1                 | 1.07     |
|    j2                 | 1.31     |
|    j3                 | 1.23     |
|    j4                 | 1.73     |
|    j5                 | 1.52     |
|    j6                 | 1.57     |
| time/                 |          |
|    fps                | 528      |
|    iterations         | 98       |
|    time_elapsed       | 1518     |
|    total_timesteps    | 802816   |
------------------------------------
----------------------------------------
| manipularl/             |            |
|    collision_rate       | 0.59       |
|    grasp_curriculum     | 0.123      |
|    grasp_failure_rate   | 0.787      |
|    insert_depth_mean    | 0          |
|    obstacle_range_hi    | 4          |
|    obstacle_range_lo    | 1          |
|    success_rate         | 0.14       |
| rollout/                |            |
|    ep_len_mean          | 177        |
|    ep_rew_mean          | -4.06      |
| std_per_dim/            |            |
|    grip                 | 1.11       |
|    j0                   | 1.21       |
|    j1                   | 1.07       |
|    j2                   | 1.32       |
|    j3                   | 1.24       |
|    j4                   | 1.73       |
|    j5                   | 1.53       |
|    j6                   | 1.57       |
| time/                   |            |
|    fps                  | 531        |
|    iterations           | 99         |
|    time_elapsed         | 1526       |
|    total_timesteps      | 811008     |
| train/                  |            |
|    approx_kl            | 0.04631705 |
|    clip_fraction        | 0.333      |
|    clip_range           | 0.2        |
|    entropy_loss         | -13.6      |
|    explained_variance   | 0.83       |
|    learning_rate        | 0.0003     |
|    loss                 | 2.56       |
|    n_updates            | 980        |
|    policy_gradient_loss | -0.039     |
|    std                  | 1.35       |
|    value_loss           | 10.4       |
----------------------------------------
-----------------------------------------
| manipularl/             |             |
|    collision_rate       | 0.67        |
|    grasp_curriculum     | 0.121       |
|    grasp_failure_rate   | 0.813       |
|    insert_depth_mean    | 0           |
|    obstacle_range_hi    | 4           |
|    obstacle_range_lo    | 1           |
|    success_rate         | 0.15        |
| rollout/                |             |
|    ep_len_mean          | 146         |
|    ep_rew_mean          | -3.26       |
| std_per_dim/            |             |
|    grip                 | 1.11        |
|    j0                   | 1.21        |
|    j1                   | 1.07        |
|    j2                   | 1.33        |
|    j3                   | 1.24        |
|    j4                   | 1.73        |
|    j5                   | 1.53        |
|    j6                   | 1.57        |
| time/                   |             |
|    fps                  | 533         |
|    iterations           | 100         |
|    time_elapsed         | 1536        |
|    total_timesteps      | 819200      |
| train/                  |             |
|    approx_kl            | 0.045212053 |
|    clip_fraction        | 0.299       |
|    clip_range           | 0.2         |
|    entropy_loss         | -13.6       |
|    explained_variance   | 0.858       |
|    learning_rate        | 0.0003      |
|    loss                 | 1.44        |
|    n_updates            | 990         |
|    policy_gradient_loss | -0.042      |
|    std                  | 1.35        |
|    value_loss           | 7.2         |
-----------------------------------------
Eval num_timesteps=824736, episode_reward=-4.31 +/- 26.94
Episode length: 155.65 +/- 124.56
----------------------------------------
| eval/                   |            |
|    mean_ep_length       | 156        |
|    mean_reward          | -4.31      |
| manipularl/             |            |
|    collision_rate       | 0.68       |
|    grasp_curriculum     | 0.119      |
|    grasp_failure_rate   | 0.822      |
|    insert_depth_mean    | 0          |
|    obstacle_range_hi    | 4          |
|    obstacle_range_lo    | 1          |
|    success_rate         | 0.1        |
| std_per_dim/            |            |
|    grip                 | 1.11       |
|    j0                   | 1.21       |
|    j1                   | 1.07       |
|    j2                   | 1.34       |
|    j3                   | 1.25       |
|    j4                   | 1.73       |
|    j5                   | 1.53       |
|    j6                   | 1.58       |
| time/                   |            |
|    total_timesteps      | 824736     |
| train/                  |            |
|    approx_kl            | 0.03542603 |
|    clip_fraction        | 0.281      |
|    clip_range           | 0.2        |
|    entropy_loss         | -13.7      |
|    explained_variance   | 0.668      |
|    learning_rate        | 0.0003     |
|    loss                 | 5.37       |
|    n_updates            | 1000       |
|    policy_gradient_loss | -0.0345    |
|    std                  | 1.35       |
|    value_loss           | 15.9       |
----------------------------------------
------------------------------------
| manipularl/           |          |
|    collision_rate     | 0.68     |
|    grasp_curriculum   | 0.118    |
|    grasp_failure_rate | 0.809    |
|    insert_depth_mean  | 0        |
|    obstacle_range_hi  | 4        |
|    obstacle_range_lo  | 1        |
|    success_rate       | 0.09     |
| rollout/              |          |
|    ep_len_mean        | 168      |
|    ep_rew_mean        | -9.73    |
| std_per_dim/          |          |
|    grip               | 1.11     |
|    j0                 | 1.21     |
|    j1                 | 1.07     |
|    j2                 | 1.34     |
|    j3                 | 1.25     |
|    j4                 | 1.73     |
|    j5                 | 1.53     |
|    j6                 | 1.58     |
| time/                 |          |
|    fps                | 529      |
|    iterations         | 101      |
|    time_elapsed       | 1563     |
|    total_timesteps    | 827392   |
------------------------------------
-----------------------------------------
| manipularl/             |             |
|    collision_rate       | 0.53        |
|    grasp_curriculum     | 0.116       |
|    grasp_failure_rate   | 0.829       |
|    insert_depth_mean    | 0           |
|    obstacle_range_hi    | 4           |
|    obstacle_range_lo    | 1           |
|    success_rate         | 0.1         |
| rollout/                |             |
|    ep_len_mean          | 204         |
|    ep_rew_mean          | -10.8       |
| std_per_dim/            |             |
|    grip                 | 1.11        |
|    j0                   | 1.22        |
|    j1                   | 1.08        |
|    j2                   | 1.35        |
|    j3                   | 1.25        |
|    j4                   | 1.73        |
|    j5                   | 1.52        |
|    j6                   | 1.59        |
| time/                   |             |
|    fps                  | 531         |
|    iterations           | 102         |
|    time_elapsed         | 1572        |
|    total_timesteps      | 835584      |
| train/                  |             |
|    approx_kl            | 0.057527877 |
|    clip_fraction        | 0.367       |
|    clip_range           | 0.2         |
|    entropy_loss         | -13.7       |
|    explained_variance   | 0.824       |
|    learning_rate        | 0.0003      |
|    loss                 | 0.549       |
|    n_updates            | 1010        |
|    policy_gradient_loss | -0.05       |
|    std                  | 1.36        |
|    value_loss           | 3.11        |
-----------------------------------------
----------------------------------------
| manipularl/             |            |
|    collision_rate       | 0.45       |
|    grasp_curriculum     | 0.114      |
|    grasp_failure_rate   | 0.777      |
|    insert_depth_mean    | 0          |
|    obstacle_range_hi    | 4          |
|    obstacle_range_lo    | 1          |
|    success_rate         | 0.22       |
| rollout/                |            |
|    ep_len_mean          | 189        |
|    ep_rew_mean          | -0.756     |
| std_per_dim/            |            |
|    grip                 | 1.1        |
|    j0                   | 1.22       |
|    j1                   | 1.08       |
|    j2                   | 1.35       |
|    j3                   | 1.25       |
|    j4                   | 1.73       |
|    j5                   | 1.53       |
|    j6                   | 1.6        |
| time/                   |            |
|    fps                  | 534        |
|    iterations           | 103        |
|    time_elapsed         | 1577       |
|    total_timesteps      | 843776     |
| train/                  |            |
|    approx_kl            | 0.03845969 |
|    clip_fraction        | 0.305      |
|    clip_range           | 0.2        |
|    entropy_loss         | -13.7      |
|    explained_variance   | 0.719      |
|    learning_rate        | 0.0003     |
|    loss                 | 2.29       |
|    n_updates            | 1020       |
|    policy_gradient_loss | -0.0382    |
|    std                  | 1.36       |
|    value_loss           | 10.3       |
----------------------------------------
Eval num_timesteps=849728, episode_reward=-8.90 +/- 26.05
Episode length: 130.80 +/- 121.70
----------------------------------------
| eval/                   |            |
|    mean_ep_length       | 131        |
|    mean_reward          | -8.9       |
| manipularl/             |            |
|    collision_rate       | 0.4        |
|    grasp_curriculum     | 0.112      |
|    grasp_failure_rate   | 0.731      |
|    insert_depth_mean    | 0          |
|    obstacle_range_hi    | 4          |
|    obstacle_range_lo    | 1          |
|    success_rate         | 0.28       |
| std_per_dim/            |            |
|    grip                 | 1.11       |
|    j0                   | 1.22       |
|    j1                   | 1.08       |
|    j2                   | 1.35       |
|    j3                   | 1.26       |
|    j4                   | 1.73       |
|    j5                   | 1.52       |
|    j6                   | 1.6        |
| time/                   |            |
|    total_timesteps      | 849728     |
| train/                  |            |
|    approx_kl            | 0.02220647 |
|    clip_fraction        | 0.207      |
|    clip_range           | 0.2        |
|    entropy_loss         | -13.7      |
|    explained_variance   | 0.774      |
|    learning_rate        | 0.0003     |
|    loss                 | 7.06       |
|    n_updates            | 1030       |
|    policy_gradient_loss | -0.0337    |
|    std                  | 1.36       |
|    value_loss           | 21         |
----------------------------------------
------------------------------------
| manipularl/           |          |
|    collision_rate     | 0.39     |
|    grasp_curriculum   | 0.111    |
|    grasp_failure_rate | 0.721    |
|    insert_depth_mean  | 0        |
|    obstacle_range_hi  | 4        |
|    obstacle_range_lo  | 1        |
|    success_rate       | 0.3      |
| rollout/              |          |
|    ep_len_mean        | 180      |
|    ep_rew_mean        | 5.55     |
| std_per_dim/          |          |
|    grip               | 1.11     |
|    j0                 | 1.22     |
|    j1                 | 1.08     |
|    j2                 | 1.35     |
|    j3                 | 1.26     |
|    j4                 | 1.73     |
|    j5                 | 1.52     |
|    j6                 | 1.6      |
| time/                 |          |
|    fps                | 534      |
|    iterations         | 104      |
|    time_elapsed       | 1595     |
|    total_timesteps    | 851968   |
------------------------------------
----------------------------------------
| manipularl/             |            |
|    collision_rate       | 0.38       |
|    grasp_curriculum     | 0.109      |
|    grasp_failure_rate   | 0.727      |
|    insert_depth_mean    | 0          |
|    obstacle_range_hi    | 4          |
|    obstacle_range_lo    | 1          |
|    success_rate         | 0.29       |
| rollout/                |            |
|    ep_len_mean          | 185        |
|    ep_rew_mean          | 5.12       |
| std_per_dim/            |            |
|    grip                 | 1.1        |
|    j0                   | 1.21       |
|    j1                   | 1.08       |
|    j2                   | 1.35       |
|    j3                   | 1.26       |
|    j4                   | 1.73       |
|    j5                   | 1.52       |
|    j6                   | 1.6        |
| time/                   |            |
|    fps                  | 535        |
|    iterations           | 105        |
|    time_elapsed         | 1607       |
|    total_timesteps      | 860160     |
| train/                  |            |
|    approx_kl            | 0.02317821 |
|    clip_fraction        | 0.197      |
|    clip_range           | 0.2        |
|    entropy_loss         | -13.7      |
|    explained_variance   | 0.801      |
|    learning_rate        | 0.0003     |
|    loss                 | 5.65       |
|    n_updates            | 1040       |
|    policy_gradient_loss | -0.0393    |
|    std                  | 1.36       |
|    value_loss           | 19.2       |
----------------------------------------
-----------------------------------------
| manipularl/             |             |
|    collision_rate       | 0.38        |
|    grasp_curriculum     | 0.107       |
|    grasp_failure_rate   | 0.743       |
|    insert_depth_mean    | 0           |
|    obstacle_range_hi    | 4           |
|    obstacle_range_lo    | 1           |
|    success_rate         | 0.25        |
| rollout/                |             |
|    ep_len_mean          | 196         |
|    ep_rew_mean          | 2.66        |
| std_per_dim/            |             |
|    grip                 | 1.1         |
|    j0                   | 1.22        |
|    j1                   | 1.08        |
|    j2                   | 1.36        |
|    j3                   | 1.26        |
|    j4                   | 1.73        |
|    j5                   | 1.53        |
|    j6                   | 1.6         |
| time/                   |             |
|    fps                  | 535         |
|    iterations           | 106         |
|    time_elapsed         | 1620        |
|    total_timesteps      | 868352      |
| train/                  |             |
|    approx_kl            | 0.031756774 |
|    clip_fraction        | 0.227       |
|    clip_range           | 0.2         |
|    entropy_loss         | -13.7       |
|    explained_variance   | 0.808       |
|    learning_rate        | 0.0003      |
|    loss                 | 2.84        |
|    n_updates            | 1050        |
|    policy_gradient_loss | -0.0374     |
|    std                  | 1.36        |
|    value_loss           | 11.9        |
-----------------------------------------
Eval num_timesteps=874720, episode_reward=-3.62 +/- 36.32
Episode length: 176.50 +/- 134.67
----------------------------------------
| eval/                   |            |
|    mean_ep_length       | 176        |
|    mean_reward          | -3.62      |
| manipularl/             |            |
|    collision_rate       | 0.34       |
|    grasp_curriculum     | 0.105      |
|    grasp_failure_rate   | 0.75       |
|    insert_depth_mean    | 0          |
|    obstacle_range_hi    | 4          |
|    obstacle_range_lo    | 1          |
|    success_rate         | 0.23       |
| std_per_dim/            |            |
|    grip                 | 1.1        |
|    j0                   | 1.22       |
|    j1                   | 1.09       |
|    j2                   | 1.36       |
|    j3                   | 1.27       |
|    j4                   | 1.74       |
|    j5                   | 1.53       |
|    j6                   | 1.62       |
| time/                   |            |
|    total_timesteps      | 874720     |
| train/                  |            |
|    approx_kl            | 0.03181179 |
|    clip_fraction        | 0.267      |
|    clip_range           | 0.2        |
|    entropy_loss         | -13.7      |
|    explained_variance   | 0.726      |
|    learning_rate        | 0.0003     |
|    loss                 | 3.86       |
|    n_updates            | 1060       |
|    policy_gradient_loss | -0.0362    |
|    std                  | 1.36       |
|    value_loss           | 16.9       |
----------------------------------------
------------------------------------
| manipularl/           |          |
|    collision_rate     | 0.35     |
|    grasp_curriculum   | 0.105    |
|    grasp_failure_rate | 0.764    |
|    insert_depth_mean  | 0        |
|    obstacle_range_hi  | 4        |
|    obstacle_range_lo  | 1        |
|    success_rate       | 0.22     |
| rollout/              |          |
|    ep_len_mean        | 198      |
|    ep_rew_mean        | 2.04     |
| std_per_dim/          |          |
|    grip               | 1.1      |
|    j0                 | 1.22     |
|    j1                 | 1.09     |
|    j2                 | 1.36     |
|    j3                 | 1.27     |
|    j4                 | 1.74     |
|    j5                 | 1.53     |
|    j6                 | 1.62     |
| time/                 |          |
|    fps                | 531      |
|    iterations         | 107      |
|    time_elapsed       | 1649     |
|    total_timesteps    | 876544   |
------------------------------------
-----------------------------------------
| manipularl/             |             |
|    collision_rate       | 0.4         |
|    grasp_curriculum     | 0.102       |
|    grasp_failure_rate   | 0.79        |
|    insert_depth_mean    | 0           |
|    obstacle_range_hi    | 4           |
|    obstacle_range_lo    | 1           |
|    success_rate         | 0.21        |
| rollout/                |             |
|    ep_len_mean          | 180         |
|    ep_rew_mean          | 2.51        |
| std_per_dim/            |             |
|    grip                 | 1.1         |
|    j0                   | 1.23        |
|    j1                   | 1.08        |
|    j2                   | 1.37        |
|    j3                   | 1.27        |
|    j4                   | 1.74        |
|    j5                   | 1.54        |
|    j6                   | 1.62        |
| time/                   |             |
|    fps                  | 532         |
|    iterations           | 108         |
|    time_elapsed         | 1660        |
|    total_timesteps      | 884736      |
| train/                  |             |
|    approx_kl            | 0.035302892 |
|    clip_fraction        | 0.271       |
|    clip_range           | 0.2         |
|    entropy_loss         | -13.7       |
|    explained_variance   | 0.862       |
|    learning_rate        | 0.0003      |
|    loss                 | 2.8         |
|    n_updates            | 1070        |
|    policy_gradient_loss | -0.0435     |
|    std                  | 1.37        |
|    value_loss           | 10.5        |
-----------------------------------------
----------------------------------------
| manipularl/             |            |
|    collision_rate       | 0.38       |
|    grasp_curriculum     | 0.1        |
|    grasp_failure_rate   | 0.738      |
|    insert_depth_mean    | 0          |
|    obstacle_range_hi    | 4          |
|    obstacle_range_lo    | 1          |
|    success_rate         | 0.27       |
| rollout/                |            |
|    ep_len_mean          | 182        |
|    ep_rew_mean          | 4.62       |
| std_per_dim/            |            |
|    grip                 | 1.11       |
|    j0                   | 1.23       |
|    j1                   | 1.09       |
|    j2                   | 1.37       |
|    j3                   | 1.27       |
|    j4                   | 1.75       |
|    j5                   | 1.55       |
|    j6                   | 1.63       |
| time/                   |            |
|    fps                  | 533        |
|    iterations           | 109        |
|    time_elapsed         | 1672       |
|    total_timesteps      | 892928     |
| train/                  |            |
|    approx_kl            | 0.03689646 |
|    clip_fraction        | 0.271      |
|    clip_range           | 0.2        |
|    entropy_loss         | -13.8      |
|    explained_variance   | 0.802      |
|    learning_rate        | 0.0003     |
|    loss                 | 3.15       |
|    n_updates            | 1080       |
|    policy_gradient_loss | -0.0363    |
|    std                  | 1.37       |
|    value_loss           | 11.9       |
----------------------------------------
Eval num_timesteps=899712, episode_reward=-17.26 +/- 39.37
Episode length: 227.10 +/- 134.94
-----------------------------------------
| eval/                   |             |
|    mean_ep_length       | 227         |
|    mean_reward          | -17.3       |
| manipularl/             |             |
|    collision_rate       | 0.37        |
|    grasp_curriculum     | 0.0981      |
|    grasp_failure_rate   | 0.741       |
|    insert_depth_mean    | 0           |
|    obstacle_range_hi    | 4           |
|    obstacle_range_lo    | 1           |
|    success_rate         | 0.23        |
| std_per_dim/            |             |
|    grip                 | 1.11        |
|    j0                   | 1.24        |
|    j1                   | 1.09        |
|    j2                   | 1.37        |
|    j3                   | 1.27        |
|    j4                   | 1.75        |
|    j5                   | 1.55        |
|    j6                   | 1.64        |
| time/                   |             |
|    total_timesteps      | 899712      |
| train/                  |             |
|    approx_kl            | 0.026753971 |
|    clip_fraction        | 0.252       |
|    clip_range           | 0.2         |
|    entropy_loss         | -13.8       |
|    explained_variance   | 0.804       |
|    learning_rate        | 0.0003      |
|    loss                 | 4.27        |
|    n_updates            | 1090        |
|    policy_gradient_loss | -0.0371     |
|    std                  | 1.38        |
|    value_loss           | 15.9        |
-----------------------------------------
------------------------------------
| manipularl/           |          |
|    collision_rate     | 0.38     |
|    grasp_curriculum   | 0.0977   |
|    grasp_failure_rate | 0.74     |
|    insert_depth_mean  | 0        |
|    obstacle_range_hi  | 4        |
|    obstacle_range_lo  | 1        |
|    success_rate       | 0.25     |
| rollout/              |          |
|    ep_len_mean        | 187      |
|    ep_rew_mean        | 1.97     |
| std_per_dim/          |          |
|    grip               | 1.11     |
|    j0                 | 1.24     |
|    j1                 | 1.09     |
|    j2                 | 1.37     |
|    j3                 | 1.27     |
|    j4                 | 1.75     |
|    j5                 | 1.55     |
|    j6                 | 1.64     |
| time/                 |          |
|    fps                | 530      |
|    iterations         | 110      |
|    time_elapsed       | 1699     |
|    total_timesteps    | 901120   |
------------------------------------
----------------------------------------
| manipularl/             |            |
|    collision_rate       | 0.48       |
|    grasp_curriculum     | 0.0954     |
|    grasp_failure_rate   | 0.739      |
|    insert_depth_mean    | 0          |
|    obstacle_range_hi    | 4          |
|    obstacle_range_lo    | 1          |
|    success_rate         | 0.18       |
| rollout/                |            |
|    ep_len_mean          | 183        |
|    ep_rew_mean          | -4.28      |
| std_per_dim/            |            |
|    grip                 | 1.12       |
|    j0                   | 1.25       |
|    j1                   | 1.09       |
|    j2                   | 1.37       |
|    j3                   | 1.27       |
|    j4                   | 1.76       |
|    j5                   | 1.55       |
|    j6                   | 1.64       |
| time/                   |            |
|    fps                  | 532        |
|    iterations           | 111        |
|    time_elapsed         | 1707       |
|    total_timesteps      | 909312     |
| train/                  |            |
|    approx_kl            | 0.03988243 |
|    clip_fraction        | 0.276      |
|    clip_range           | 0.2        |
|    entropy_loss         | -13.8      |
|    explained_variance   | 0.91       |
|    learning_rate        | 0.0003     |
|    loss                 | 1.64       |
|    n_updates            | 1100       |
|    policy_gradient_loss | -0.0472    |
|    std                  | 1.38       |
|    value_loss           | 5.59       |
----------------------------------------
----------------------------------------
| manipularl/             |            |
|    collision_rate       | 0.48       |
|    grasp_curriculum     | 0.0931     |
|    grasp_failure_rate   | 0.724      |
|    insert_depth_mean    | 0          |
|    obstacle_range_hi    | 4          |
|    obstacle_range_lo    | 1          |
|    success_rate         | 0.21       |
| rollout/                |            |
|    ep_len_mean          | 177        |
|    ep_rew_mean          | -0.582     |
| std_per_dim/            |            |
|    grip                 | 1.12       |
|    j0                   | 1.25       |
|    j1                   | 1.09       |
|    j2                   | 1.38       |
|    j3                   | 1.28       |
|    j4                   | 1.76       |
|    j5                   | 1.55       |
|    j6                   | 1.65       |
| time/                   |            |
|    fps                  | 534        |
|    iterations           | 112        |
|    time_elapsed         | 1716       |
|    total_timesteps      | 917504     |
| train/                  |            |
|    approx_kl            | 0.02735436 |
|    clip_fraction        | 0.275      |
|    clip_range           | 0.2        |
|    entropy_loss         | -13.8      |
|    explained_variance   | 0.722      |
|    learning_rate        | 0.0003     |
|    loss                 | 5.65       |
|    n_updates            | 1110       |
|    policy_gradient_loss | -0.0351    |
|    std                  | 1.39       |
|    value_loss           | 16         |
----------------------------------------
Eval num_timesteps=924704, episode_reward=-8.68 +/- 12.55
Episode length: 147.25 +/- 136.32
-----------------------------------------
| eval/                   |             |
|    mean_ep_length       | 147         |
|    mean_reward          | -8.68       |
| manipularl/             |             |
|    collision_rate       | 0.51        |
|    grasp_curriculum     | 0.0911      |
|    grasp_failure_rate   | 0.696       |
|    insert_depth_mean    | 0           |
|    obstacle_range_hi    | 4           |
|    obstacle_range_lo    | 1           |
|    success_rate         | 0.2         |
| std_per_dim/            |             |
|    grip                 | 1.12        |
|    j0                   | 1.25        |
|    j1                   | 1.09        |
|    j2                   | 1.39        |
|    j3                   | 1.29        |
|    j4                   | 1.77        |
|    j5                   | 1.55        |
|    j6                   | 1.64        |
| time/                   |             |
|    total_timesteps      | 924704      |
| train/                  |             |
|    approx_kl            | 0.025571896 |
|    clip_fraction        | 0.209       |
|    clip_range           | 0.2         |
|    entropy_loss         | -13.9       |
|    explained_variance   | 0.692       |
|    learning_rate        | 0.0003      |
|    loss                 | 2.74        |
|    n_updates            | 1120        |
|    policy_gradient_loss | -0.0355     |
|    std                  | 1.39        |
|    value_loss           | 13.2        |
-----------------------------------------
------------------------------------
| manipularl/           |          |
|    collision_rate     | 0.5      |
|    grasp_curriculum   | 0.0908   |
|    grasp_failure_rate | 0.684    |
|    insert_depth_mean  | 0        |
|    obstacle_range_hi  | 4        |
|    obstacle_range_lo  | 1        |
|    success_rate       | 0.23     |
| rollout/              |          |
|    ep_len_mean        | 162      |
|    ep_rew_mean        | 3.64     |
| std_per_dim/          |          |
|    grip               | 1.12     |
|    j0                 | 1.25     |
|    j1                 | 1.09     |
|    j2                 | 1.39     |
|    j3                 | 1.29     |
|    j4                 | 1.77     |
|    j5                 | 1.55     |
|    j6                 | 1.64     |
| time/                 |          |
|    fps                | 531      |
|    iterations         | 113      |
|    time_elapsed       | 1740     |
|    total_timesteps    | 925696   |
------------------------------------
-----------------------------------------
| manipularl/             |             |
|    collision_rate       | 0.49        |
|    grasp_curriculum     | 0.0885      |
|    grasp_failure_rate   | 0.663       |
|    insert_depth_mean    | 0           |
|    obstacle_range_hi    | 4           |
|    obstacle_range_lo    | 1           |
|    success_rate         | 0.24        |
| rollout/                |             |
|    ep_len_mean          | 173         |
|    ep_rew_mean          | 3.16        |
| std_per_dim/            |             |
|    grip                 | 1.12        |
|    j0                   | 1.25        |
|    j1                   | 1.1         |
|    j2                   | 1.39        |
|    j3                   | 1.29        |
|    j4                   | 1.76        |
|    j5                   | 1.56        |
|    j6                   | 1.64        |
| time/                   |             |
|    fps                  | 532         |
|    iterations           | 114         |
|    time_elapsed         | 1752        |
|    total_timesteps      | 933888      |
| train/                  |             |
|    approx_kl            | 0.024423925 |
|    clip_fraction        | 0.22        |
|    clip_range           | 0.2         |
|    entropy_loss         | -13.9       |
|    explained_variance   | 0.758       |
|    learning_rate        | 0.0003      |
|    loss                 | 4.85        |
|    n_updates            | 1130        |
|    policy_gradient_loss | -0.0373     |
|    std                  | 1.39        |
|    value_loss           | 20.7        |
-----------------------------------------
-----------------------------------------
| manipularl/             |             |
|    collision_rate       | 0.47        |
|    grasp_curriculum     | 0.0862      |
|    grasp_failure_rate   | 0.685       |
|    insert_depth_mean    | 0           |
|    obstacle_range_hi    | 4           |
|    obstacle_range_lo    | 2           |
|    success_rate         | 0.22        |
| rollout/                |             |
|    ep_len_mean          | 191         |
|    ep_rew_mean          | -1.11       |
| std_per_dim/            |             |
|    grip                 | 1.13        |
|    j0                   | 1.25        |
|    j1                   | 1.1         |
|    j2                   | 1.39        |
|    j3                   | 1.3         |
|    j4                   | 1.77        |
|    j5                   | 1.57        |
|    j6                   | 1.64        |
| time/                   |             |
|    fps                  | 534         |
|    iterations           | 115         |
|    time_elapsed         | 1760        |
|    total_timesteps      | 942080      |
| train/                  |             |
|    approx_kl            | 0.029061964 |
|    clip_fraction        | 0.23        |
|    clip_range           | 0.2         |
|    entropy_loss         | -13.9       |
|    explained_variance   | 0.773       |
|    learning_rate        | 0.0003      |
|    loss                 | 2.99        |
|    n_updates            | 1140        |
|    policy_gradient_loss | -0.0407     |
|    std                  | 1.39        |
|    value_loss           | 13.9        |
-----------------------------------------
Eval num_timesteps=949696, episode_reward=2.66 +/- 27.99
Episode length: 139.65 +/- 119.89
-----------------------------------------
| eval/                   |             |
|    mean_ep_length       | 140         |
|    mean_reward          | 2.66        |
| manipularl/             |             |
|    collision_rate       | 0.44        |
|    grasp_curriculum     | 0.0841      |
|    grasp_failure_rate   | 0.712       |
|    insert_depth_mean    | 0           |
|    obstacle_range_hi    | 4           |
|    obstacle_range_lo    | 2           |
|    success_rate         | 0.19        |
| std_per_dim/            |             |
|    grip                 | 1.13        |
|    j0                   | 1.26        |
|    j1                   | 1.1         |
|    j2                   | 1.38        |
|    j3                   | 1.31        |
|    j4                   | 1.77        |
|    j5                   | 1.57        |
|    j6                   | 1.64        |
| time/                   |             |
|    total_timesteps      | 949696      |
| train/                  |             |
|    approx_kl            | 0.030401684 |
|    clip_fraction        | 0.231       |
|    clip_range           | 0.2         |
|    entropy_loss         | -13.9       |
|    explained_variance   | 0.828       |
|    learning_rate        | 0.0003      |
|    loss                 | 2.43        |
|    n_updates            | 1150        |
|    policy_gradient_loss | -0.0432     |
|    std                  | 1.39        |
|    value_loss           | 9.98        |
-----------------------------------------
------------------------------------
| manipularl/           |          |
|    collision_rate     | 0.45     |
|    grasp_curriculum   | 0.0839   |
|    grasp_failure_rate | 0.71     |
|    insert_depth_mean  | 0        |
|    obstacle_range_hi  | 4        |
|    obstacle_range_lo  | 2        |
|    success_rate       | 0.19     |
| rollout/              |          |
|    ep_len_mean        | 201      |
|    ep_rew_mean        | -4.15    |
| std_per_dim/          |          |
|    grip               | 1.13     |
|    j0                 | 1.26     |
|    j1                 | 1.1      |
|    j2                 | 1.38     |
|    j3                 | 1.31     |
|    j4                 | 1.77     |
|    j5                 | 1.57     |
|    j6                 | 1.64     |
| time/                 |          |
|    fps                | 534      |
|    iterations         | 116      |
|    time_elapsed       | 1776     |
|    total_timesteps    | 950272   |
------------------------------------
----------------------------------------
| manipularl/             |            |
|    collision_rate       | 0.49       |
|    grasp_curriculum     | 0.0816     |
|    grasp_failure_rate   | 0.74       |
|    insert_depth_mean    | 0          |
|    obstacle_range_hi    | 4          |
|    obstacle_range_lo    | 2          |
|    success_rate         | 0.18       |
| rollout/                |            |
|    ep_len_mean          | 191        |
|    ep_rew_mean          | -5.72      |
| std_per_dim/            |            |
|    grip                 | 1.13       |
|    j0                   | 1.26       |
|    j1                   | 1.1        |
|    j2                   | 1.39       |
|    j3                   | 1.31       |
|    j4                   | 1.77       |
|    j5                   | 1.57       |
|    j6                   | 1.65       |
| time/                   |            |
|    fps                  | 537        |
|    iterations           | 117        |
|    time_elapsed         | 1783       |
|    total_timesteps      | 958464     |
| train/                  |            |
|    approx_kl            | 0.02962308 |
|    clip_fraction        | 0.237      |
|    clip_range           | 0.2        |
|    entropy_loss         | -13.9      |
|    explained_variance   | 0.822      |
|    learning_rate        | 0.0003     |
|    loss                 | 3.42       |
|    n_updates            | 1160       |
|    policy_gradient_loss | -0.0375    |
|    std                  | 1.4        |
|    value_loss           | 12.8       |
----------------------------------------
-----------------------------------------
| manipularl/             |             |
|    collision_rate       | 0.46        |
|    grasp_curriculum     | 0.0793      |
|    grasp_failure_rate   | 0.762       |
|    insert_depth_mean    | 0           |
|    obstacle_range_hi    | 4           |
|    obstacle_range_lo    | 2           |
|    success_rate         | 0.21        |
| rollout/                |             |
|    ep_len_mean          | 186         |
|    ep_rew_mean          | -4.34       |
| std_per_dim/            |             |
|    grip                 | 1.13        |
|    j0                   | 1.26        |
|    j1                   | 1.1         |
|    j2                   | 1.39        |
|    j3                   | 1.32        |
|    j4                   | 1.78        |
|    j5                   | 1.57        |
|    j6                   | 1.66        |
| time/                   |             |
|    fps                  | 538         |
|    iterations           | 118         |
|    time_elapsed         | 1796        |
|    total_timesteps      | 966656      |
| train/                  |             |
|    approx_kl            | 0.034963656 |
|    clip_fraction        | 0.267       |
|    clip_range           | 0.2         |
|    entropy_loss         | -13.9       |
|    explained_variance   | 0.869       |
|    learning_rate        | 0.0003      |
|    loss                 | 2.72        |
|    n_updates            | 1170        |
|    policy_gradient_loss | -0.0397     |
|    std                  | 1.4         |
|    value_loss           | 10.2        |
-----------------------------------------
Eval num_timesteps=974688, episode_reward=3.56 +/- 30.22
Episode length: 168.65 +/- 124.43
-----------------------------------------
| eval/                   |             |
|    mean_ep_length       | 169         |
|    mean_reward          | 3.56        |
| manipularl/             |             |
|    collision_rate       | 0.48        |
|    grasp_curriculum     | 0.0771      |
|    grasp_failure_rate   | 0.783       |
|    insert_depth_mean    | 0           |
|    obstacle_range_hi    | 4           |
|    obstacle_range_lo    | 2           |
|    success_rate         | 0.2         |
| std_per_dim/            |             |
|    grip                 | 1.13        |
|    j0                   | 1.27        |
|    j1                   | 1.1         |
|    j2                   | 1.39        |
|    j3                   | 1.32        |
|    j4                   | 1.78        |
|    j5                   | 1.58        |
|    j6                   | 1.66        |
| time/                   |             |
|    total_timesteps      | 974688      |
| train/                  |             |
|    approx_kl            | 0.033560187 |
|    clip_fraction        | 0.276       |
|    clip_range           | 0.2         |
|    entropy_loss         | -14         |
|    explained_variance   | 0.851       |
|    learning_rate        | 0.0003      |
|    loss                 | 3.32        |
|    n_updates            | 1180        |
|    policy_gradient_loss | -0.0397     |
|    std                  | 1.4         |
|    value_loss           | 10.7        |
-----------------------------------------
------------------------------------
| manipularl/           |          |
|    collision_rate     | 0.48     |
|    grasp_curriculum   | 0.077    |
|    grasp_failure_rate | 0.783    |
|    insert_depth_mean  | 0        |
|    obstacle_range_hi  | 4        |
|    obstacle_range_lo  | 2        |
|    success_rate       | 0.2      |
| rollout/              |          |
|    ep_len_mean        | 191      |
|    ep_rew_mean        | -2.92    |
| std_per_dim/          |          |
|    grip               | 1.13     |
|    j0                 | 1.27     |
|    j1                 | 1.1      |
|    j2                 | 1.39     |
|    j3                 | 1.32     |
|    j4                 | 1.78     |
|    j5                 | 1.58     |
|    j6                 | 1.66     |
| time/                 |          |
|    fps                | 535      |
|    iterations         | 119      |
|    time_elapsed       | 1820     |
|    total_timesteps    | 974848   |
------------------------------------
-----------------------------------------
| manipularl/             |             |
|    collision_rate       | 0.47        |
|    grasp_curriculum     | 0.0747      |
|    grasp_failure_rate   | 0.802       |
|    insert_depth_mean    | 0           |
|    obstacle_range_hi    | 4           |
|    obstacle_range_lo    | 2           |
|    success_rate         | 0.18        |
| rollout/                |             |
|    ep_len_mean          | 195         |
|    ep_rew_mean          | -3.44       |
| std_per_dim/            |             |
|    grip                 | 1.14        |
|    j0                   | 1.27        |
|    j1                   | 1.11        |
|    j2                   | 1.4         |
|    j3                   | 1.33        |
|    j4                   | 1.78        |
|    j5                   | 1.58        |
|    j6                   | 1.66        |
| time/                   |             |
|    fps                  | 537         |
|    iterations           | 120         |
|    time_elapsed         | 1828        |
|    total_timesteps      | 983040      |
| train/                  |             |
|    approx_kl            | 0.047056727 |
|    clip_fraction        | 0.306       |
|    clip_range           | 0.2         |
|    entropy_loss         | -14         |
|    explained_variance   | 0.869       |
|    learning_rate        | 0.0003      |
|    loss                 | 2.03        |
|    n_updates            | 1190        |
|    policy_gradient_loss | -0.0441     |
|    std                  | 1.41        |
|    value_loss           | 7.44        |
-----------------------------------------
----------------------------------------
| manipularl/             |            |
|    collision_rate       | 0.47       |
|    grasp_curriculum     | 0.0725     |
|    grasp_failure_rate   | 0.805      |
|    insert_depth_mean    | 0          |
|    obstacle_range_hi    | 4          |
|    obstacle_range_lo    | 2          |
|    success_rate         | 0.17       |
| rollout/                |            |
|    ep_len_mean          | 205        |
|    ep_rew_mean          | -5.65      |
| std_per_dim/            |            |
|    grip                 | 1.14       |
|    j0                   | 1.27       |
|    j1                   | 1.11       |
|    j2                   | 1.41       |
|    j3                   | 1.33       |
|    j4                   | 1.79       |
|    j5                   | 1.58       |
|    j6                   | 1.67       |
| time/                   |            |
|    fps                  | 539        |
|    iterations           | 121        |
|    time_elapsed         | 1836       |
|    total_timesteps      | 991232     |
| train/                  |            |
|    approx_kl            | 0.03398851 |
|    clip_fraction        | 0.261      |
|    clip_range           | 0.2        |
|    entropy_loss         | -14        |
|    explained_variance   | 0.789      |
|    learning_rate        | 0.0003     |
|    loss                 | 2.69       |
|    n_updates            | 1200       |
|    policy_gradient_loss | -0.0393    |
|    std                  | 1.41       |
|    value_loss           | 9.37       |
----------------------------------------
-----------------------------------------
| manipularl/             |             |
|    collision_rate       | 0.4         |
|    grasp_curriculum     | 0.0702      |
|    grasp_failure_rate   | 0.745       |
|    insert_depth_mean    | 0           |
|    obstacle_range_hi    | 4           |
|    obstacle_range_lo    | 2           |
|    success_rate         | 0.25        |
| rollout/                |             |
|    ep_len_mean          | 195         |
|    ep_rew_mean          | 1.63        |
| std_per_dim/            |             |
|    grip                 | 1.14        |
|    j0                   | 1.28        |
|    j1                   | 1.11        |
|    j2                   | 1.42        |
|    j3                   | 1.34        |
|    j4                   | 1.8         |
|    j5                   | 1.59        |
|    j6                   | 1.68        |
| time/                   |             |
|    fps                  | 540         |
|    iterations           | 122         |
|    time_elapsed         | 1848        |
|    total_timesteps      | 999424      |
| train/                  |             |
|    approx_kl            | 0.036843702 |
|    clip_fraction        | 0.278       |
|    clip_range           | 0.2         |
|    entropy_loss         | -14         |
|    explained_variance   | 0.811       |
|    learning_rate        | 0.0003      |
|    loss                 | 1.93        |
|    n_updates            | 1210        |
|    policy_gradient_loss | -0.0395     |
|    std                  | 1.42        |
|    value_loss           | 9.56        |
-----------------------------------------
Eval num_timesteps=999680, episode_reward=-6.22 +/- 28.24
Episode length: 170.75 +/- 132.20
----------------------------------------
| eval/                   |            |
|    mean_ep_length       | 171        |
|    mean_reward          | -6.22      |
| manipularl/             |            |
|    collision_rate       | 0.4        |
|    grasp_curriculum     | 0.0701     |
|    grasp_failure_rate   | 0.727      |
|    insert_depth_mean    | 0          |
|    obstacle_range_hi    | 4          |
|    obstacle_range_lo    | 2          |
|    success_rate         | 0.26       |
| time/                   |            |
|    total_timesteps      | 999680     |
| train/                  |            |
|    approx_kl            | 0.02605978 |
|    clip_fraction        | 0.221      |
|    clip_range           | 0.2        |
|    entropy_loss         | -14.1      |
|    explained_variance   | 0.735      |
|    learning_rate        | 0.0003     |
|    loss                 | 3.96       |
|    n_updates            | 1220       |
|    policy_gradient_loss | -0.0319    |
|    std                  | 1.42       |
|    value_loss           | 16.2       |
----------------------------------------
------------------------------------
| manipularl/           |          |
|    collision_rate     | 0.4      |
|    grasp_curriculum   | 0.0679   |
|    grasp_failure_rate | 0.703    |
|    insert_depth_mean  | 0        |
|    obstacle_range_hi  | 4        |
|    obstacle_range_lo  | 2        |
|    success_rate       | 0.28     |
| rollout/              |          |
|    ep_len_mean        | 185      |
|    ep_rew_mean        | 6.4      |
| std_per_dim/          |          |
|    grip               | 1.14     |
|    j0                 | 1.29     |
|    j1                 | 1.11     |
|    j2                 | 1.42     |
|    j3                 | 1.34     |
|    j4                 | 1.81     |
|    j5                 | 1.59     |
|    j6                 | 1.68     |
| time/                 |          |
|    fps                | 535      |
|    iterations         | 123      |
|    time_elapsed       | 1880     |
|    total_timesteps    | 1007616  |
------------------------------------
-----------------------------------------
| manipularl/             |             |
|    collision_rate       | 0.48        |
|    grasp_curriculum     | 0.0656      |
|    grasp_failure_rate   | 0.709       |
|    insert_depth_mean    | 0           |
|    obstacle_range_hi    | 4           |
|    obstacle_range_lo    | 2           |
|    success_rate         | 0.24        |
| rollout/                |             |
|    ep_len_mean          | 190         |
|    ep_rew_mean          | 4.14        |
| std_per_dim/            |             |
|    grip                 | 1.15        |
|    j0                   | 1.29        |
|    j1                   | 1.11        |
|    j2                   | 1.42        |
|    j3                   | 1.34        |
|    j4                   | 1.8         |
|    j5                   | 1.59        |
|    j6                   | 1.69        |
| time/                   |             |
|    fps                  | 537         |
|    iterations           | 124         |
|    time_elapsed         | 1889        |
|    total_timesteps      | 1015808     |
| train/                  |             |
|    approx_kl            | 0.023024049 |
|    clip_fraction        | 0.228       |
|    clip_range           | 0.2         |
|    entropy_loss         | -14.1       |
|    explained_variance   | 0.715       |
|    learning_rate        | 0.0003      |
|    loss                 | 5.68        |
|    n_updates            | 1230        |
|    policy_gradient_loss | -0.0385     |
|    std                  | 1.42        |
|    value_loss           | 17.6        |
-----------------------------------------
-----------------------------------------
| manipularl/             |             |
|    collision_rate       | 0.44        |
|    grasp_curriculum     | 0.0633      |
|    grasp_failure_rate   | 0.717       |
|    insert_depth_mean    | 0           |
|    obstacle_range_hi    | 4           |
|    obstacle_range_lo    | 2           |
|    success_rate         | 0.3         |
| rollout/                |             |
|    ep_len_mean          | 187         |
|    ep_rew_mean          | 7.86        |
| std_per_dim/            |             |
|    grip                 | 1.15        |
|    j0                   | 1.29        |
|    j1                   | 1.12        |
|    j2                   | 1.43        |
|    j3                   | 1.34        |
|    j4                   | 1.81        |
|    j5                   | 1.6         |
|    j6                   | 1.69        |
| time/                   |             |
|    fps                  | 539         |
|    iterations           | 125         |
|    time_elapsed         | 1899        |
|    total_timesteps      | 1024000     |
| train/                  |             |
|    approx_kl            | 0.021750398 |
|    clip_fraction        | 0.182       |
|    clip_range           | 0.2         |
|    entropy_loss         | -14.1       |
|    explained_variance   | 0.71        |
|    learning_rate        | 0.0003      |
|    loss                 | 6.33        |
|    n_updates            | 1240        |
|    policy_gradient_loss | -0.0373     |
|    std                  | 1.43        |
|    value_loss           | 22.8        |
-----------------------------------------
Eval num_timesteps=1024672, episode_reward=-10.64 +/- 27.76
Episode length: 157.00 +/- 134.22
-----------------------------------------
| eval/                   |             |
|    mean_ep_length       | 157         |
|    mean_reward          | -10.6       |
| manipularl/             |             |
|    collision_rate       | 0.42        |
|    grasp_curriculum     | 0.0631      |
|    grasp_failure_rate   | 0.722       |
|    insert_depth_mean    | 0           |
|    obstacle_range_hi    | 4           |
|    obstacle_range_lo    | 2           |
|    success_rate         | 0.3         |
| time/                   |             |
|    total_timesteps      | 1024672     |
| train/                  |             |
|    approx_kl            | 0.027750272 |
|    clip_fraction        | 0.221       |
|    clip_range           | 0.2         |
|    entropy_loss         | -14.1       |
|    explained_variance   | 0.856       |
|    learning_rate        | 0.0003      |
|    loss                 | 4.45        |
|    n_updates            | 1250        |
|    policy_gradient_loss | -0.0415     |
|    std                  | 1.44        |
|    value_loss           | 14.7        |
-----------------------------------------
------------------------------------
| manipularl/           |          |
|    collision_rate     | 0.33     |
|    grasp_curriculum   | 0.061    |
|    grasp_failure_rate | 0.729    |
|    insert_depth_mean  | 0        |
|    obstacle_range_hi  | 4        |
|    obstacle_range_lo  | 2        |
|    success_rate       | 0.32     |
| rollout/              |          |
|    ep_len_mean        | 206      |
|    ep_rew_mean        | 7.08     |
| std_per_dim/          |          |
|    grip               | 1.15     |
|    j0                 | 1.29     |
|    j1                 | 1.13     |
|    j2                 | 1.44     |
|    j3                 | 1.35     |
|    j4                 | 1.82     |
|    j5                 | 1.61     |
|    j6                 | 1.69     |
| time/                 |          |
|    fps                | 537      |
|    iterations         | 126      |
|    time_elapsed       | 1921     |
|    total_timesteps    | 1032192  |
------------------------------------
-----------------------------------------
| manipularl/             |             |
|    collision_rate       | 0.3         |
|    grasp_curriculum     | 0.0587      |
|    grasp_failure_rate   | 0.738       |
|    insert_depth_mean    | 0           |
|    obstacle_range_hi    | 4           |
|    obstacle_range_lo    | 2           |
|    success_rate         | 0.37        |
| rollout/                |             |
|    ep_len_mean          | 194         |
|    ep_rew_mean          | 10.7        |
| std_per_dim/            |             |
|    grip                 | 1.16        |
|    j0                   | 1.29        |
|    j1                   | 1.13        |
|    j2                   | 1.45        |
|    j3                   | 1.35        |
|    j4                   | 1.82        |
|    j5                   | 1.61        |
|    j6                   | 1.7         |
| time/                   |             |
|    fps                  | 538         |
|    iterations           | 127         |
|    time_elapsed         | 1932        |
|    total_timesteps      | 1040384     |
| train/                  |             |
|    approx_kl            | 0.028638976 |
|    clip_fraction        | 0.231       |
|    clip_range           | 0.2         |
|    entropy_loss         | -14.1       |
|    explained_variance   | 0.867       |
|    learning_rate        | 0.0003      |
|    loss                 | 3.06        |
|    n_updates            | 1260        |
|    policy_gradient_loss | -0.044      |
|    std                  | 1.44        |
|    value_loss           | 11.4        |
-----------------------------------------
-----------------------------------------
| manipularl/             |             |
|    collision_rate       | 0.28        |
|    grasp_curriculum     | 0.0564      |
|    grasp_failure_rate   | 0.676       |
|    insert_depth_mean    | 0           |
|    obstacle_range_hi    | 4           |
|    obstacle_range_lo    | 2           |
|    success_rate         | 0.42        |
| rollout/                |             |
|    ep_len_mean          | 183         |
|    ep_rew_mean          | 14.2        |
| std_per_dim/            |             |
|    grip                 | 1.16        |
|    j0                   | 1.29        |
|    j1                   | 1.13        |
|    j2                   | 1.45        |
|    j3                   | 1.35        |
|    j4                   | 1.83        |
|    j5                   | 1.62        |
|    j6                   | 1.7         |
| time/                   |             |
|    fps                  | 540         |
|    iterations           | 128         |
|    time_elapsed         | 1940        |
|    total_timesteps      | 1048576     |
| train/                  |             |
|    approx_kl            | 0.027500264 |
|    clip_fraction        | 0.254       |
|    clip_range           | 0.2         |
|    entropy_loss         | -14.2       |
|    explained_variance   | 0.875       |
|    learning_rate        | 0.0003      |
|    loss                 | 4.86        |
|    n_updates            | 1270        |
|    policy_gradient_loss | -0.0389     |
|    std                  | 1.44        |
|    value_loss           | 15.7        |
-----------------------------------------
Eval num_timesteps=1049664, episode_reward=-1.55 +/- 35.49
Episode length: 165.25 +/- 126.13
-----------------------------------------
| eval/                   |             |
|    mean_ep_length       | 165         |
|    mean_reward          | -1.55       |
| manipularl/             |             |
|    collision_rate       | 0.31        |
|    grasp_curriculum     | 0.0561      |
|    grasp_failure_rate   | 0.668       |
|    insert_depth_mean    | 0           |
|    obstacle_range_hi    | 4           |
|    obstacle_range_lo    | 2           |
|    success_rate         | 0.41        |
| time/                   |             |
|    total_timesteps      | 1049664     |
| train/                  |             |
|    approx_kl            | 0.021118712 |
|    clip_fraction        | 0.216       |
|    clip_range           | 0.2         |
|    entropy_loss         | -14.2       |
|    explained_variance   | 0.795       |
|    learning_rate        | 0.0003      |
|    loss                 | 7.01        |
|    n_updates            | 1280        |
|    policy_gradient_loss | -0.0322     |
|    std                  | 1.44        |
|    value_loss           | 23.6        |
-----------------------------------------
------------------------------------
| manipularl/           |          |
|    collision_rate     | 0.28     |
|    grasp_curriculum   | 0.0541   |
|    grasp_failure_rate | 0.667    |
|    insert_depth_mean  | 0        |
|    obstacle_range_hi  | 4        |
|    obstacle_range_lo  | 2        |
|    success_rate       | 0.45     |
| rollout/              |          |
|    ep_len_mean        | 176      |
|    ep_rew_mean        | 17.1     |
| std_per_dim/          |          |
|    grip               | 1.16     |
|    j0                 | 1.29     |
|    j1                 | 1.13     |
|    j2                 | 1.45     |
|    j3                 | 1.36     |
|    j4                 | 1.83     |
|    j5                 | 1.63     |
|    j6                 | 1.7      |
| time/                 |          |
|    fps                | 536      |
|    iterations         | 129      |
|    time_elapsed       | 1971     |
|    total_timesteps    | 1056768  |
------------------------------------
-----------------------------------------
| manipularl/             |             |
|    collision_rate       | 0.24        |
|    grasp_curriculum     | 0.0518      |
|    grasp_failure_rate   | 0.738       |
|    insert_depth_mean    | 0           |
|    obstacle_range_hi    | 4           |
|    obstacle_range_lo    | 2           |
|    success_rate         | 0.45        |
| rollout/                |             |
|    ep_len_mean          | 183         |
|    ep_rew_mean          | 16.5        |
| std_per_dim/            |             |
|    grip                 | 1.15        |
|    j0                   | 1.3         |
|    j1                   | 1.13        |
|    j2                   | 1.45        |
|    j3                   | 1.36        |
|    j4                   | 1.84        |
|    j5                   | 1.63        |
|    j6                   | 1.7         |
| time/                   |             |
|    fps                  | 537         |
|    iterations           | 130         |
|    time_elapsed         | 1982        |
|    total_timesteps      | 1064960     |
| train/                  |             |
|    approx_kl            | 0.029421952 |
|    clip_fraction        | 0.228       |
|    clip_range           | 0.2         |
|    entropy_loss         | -14.2       |
|    explained_variance   | 0.872       |
|    learning_rate        | 0.0003      |
|    loss                 | 4.74        |
|    n_updates            | 1290        |
|    policy_gradient_loss | -0.0419     |
|    std                  | 1.44        |
|    value_loss           | 14.1        |
-----------------------------------------
----------------------------------------
| manipularl/             |            |
|    collision_rate       | 0.25       |
|    grasp_curriculum     | 0.0495     |
|    grasp_failure_rate   | 0.728      |
|    insert_depth_mean    | 0          |
|    obstacle_range_hi    | 4          |
|    obstacle_range_lo    | 2          |
|    success_rate         | 0.44       |
| rollout/                |            |
|    ep_len_mean          | 187        |
|    ep_rew_mean          | 15.1       |
| std_per_dim/            |            |
|    grip                 | 1.15       |
|    j0                   | 1.3        |
|    j1                   | 1.14       |
|    j2                   | 1.45       |
|    j3                   | 1.36       |
|    j4                   | 1.84       |
|    j5                   | 1.63       |
|    j6                   | 1.7        |
| time/                   |            |
|    fps                  | 537        |
|    iterations           | 131        |
|    time_elapsed         | 1995       |
|    total_timesteps      | 1073152    |
| train/                  |            |
|    approx_kl            | 0.02199807 |
|    clip_fraction        | 0.176      |
|    clip_range           | 0.2        |
|    entropy_loss         | -14.2      |
|    explained_variance   | 0.827      |
|    learning_rate        | 0.0003     |
|    loss                 | 5.04       |
|    n_updates            | 1300       |
|    policy_gradient_loss | -0.0355    |
|    std                  | 1.45       |
|    value_loss           | 18.9       |
----------------------------------------
Eval num_timesteps=1074656, episode_reward=3.07 +/- 34.59
Episode length: 159.70 +/- 130.69
-----------------------------------------
| eval/                   |             |
|    mean_ep_length       | 160         |
|    mean_reward          | 3.07        |
| manipularl/             |             |
|    collision_rate       | 0.26        |
|    grasp_curriculum     | 0.0491      |
|    grasp_failure_rate   | 0.716       |
|    insert_depth_mean    | 0           |
|    obstacle_range_hi    | 4           |
|    obstacle_range_lo    | 2           |
|    success_rate         | 0.45        |
| time/                   |             |
|    total_timesteps      | 1074656     |
| train/                  |             |
|    approx_kl            | 0.024376437 |
|    clip_fraction        | 0.207       |
|    clip_range           | 0.2         |
|    entropy_loss         | -14.2       |
|    explained_variance   | 0.797       |
|    learning_rate        | 0.0003      |
|    loss                 | 6.61        |
|    n_updates            | 1310        |
|    policy_gradient_loss | -0.0387     |
|    std                  | 1.45        |
|    value_loss           | 23          |
-----------------------------------------
------------------------------------
| manipularl/           |          |
|    collision_rate     | 0.39     |
|    grasp_curriculum   | 0.0472   |
|    grasp_failure_rate | 0.723    |
|    insert_depth_mean  | 0        |
|    obstacle_range_hi  | 4        |
|    obstacle_range_lo  | 2        |
|    success_rate       | 0.39     |
| rollout/              |          |
|    ep_len_mean        | 154      |
|    ep_rew_mean        | 14.2     |
| std_per_dim/          |          |
|    grip               | 1.16     |
|    j0                 | 1.31     |
|    j1                 | 1.14     |
|    j2                 | 1.45     |
|    j3                 | 1.37     |
|    j4                 | 1.84     |
|    j5                 | 1.62     |
|    j6                 | 1.7      |
| time/                 |          |
|    fps                | 537      |
|    iterations         | 132      |
|    time_elapsed       | 2013     |
|    total_timesteps    | 1081344  |
------------------------------------
----------------------------------------
| manipularl/             |            |
|    collision_rate       | 0.37       |
|    grasp_curriculum     | 0.0449     |
|    grasp_failure_rate   | 0.723      |
|    insert_depth_mean    | 0          |
|    obstacle_range_hi    | 4          |
|    obstacle_range_lo    | 2          |
|    success_rate         | 0.36       |
| rollout/                |            |
|    ep_len_mean          | 164        |
|    ep_rew_mean          | 10.9       |
| std_per_dim/            |            |
|    grip                 | 1.16       |
|    j0                   | 1.3        |
|    j1                   | 1.14       |
|    j2                   | 1.45       |
|    j3                   | 1.37       |
|    j4                   | 1.85       |
|    j5                   | 1.63       |
|    j6                   | 1.7        |
| time/                   |            |
|    fps                  | 538        |
|    iterations           | 133        |
|    time_elapsed         | 2023       |
|    total_timesteps      | 1089536    |
| train/                  |            |
|    approx_kl            | 0.02398656 |
|    clip_fraction        | 0.183      |
|    clip_range           | 0.2        |
|    entropy_loss         | -14.2      |
|    explained_variance   | 0.753      |
|    learning_rate        | 0.0003     |
|    loss                 | 5.88       |
|    n_updates            | 1320       |
|    policy_gradient_loss | -0.0372    |
|    std                  | 1.45       |
|    value_loss           | 23.3       |
----------------------------------------
----------------------------------------
| manipularl/             |            |
|    collision_rate       | 0.46       |
|    grasp_curriculum     | 0.0426     |
|    grasp_failure_rate   | 0.723      |
|    insert_depth_mean    | 0          |
|    obstacle_range_hi    | 5          |
|    obstacle_range_lo    | 2          |
|    success_rate         | 0.35       |
| rollout/                |            |
|    ep_len_mean          | 152        |
|    ep_rew_mean          | 10.6       |
| std_per_dim/            |            |
|    grip                 | 1.16       |
|    j0                   | 1.31       |
|    j1                   | 1.14       |
|    j2                   | 1.45       |
|    j3                   | 1.37       |
|    j4                   | 1.85       |
|    j5                   | 1.64       |
|    j6                   | 1.7        |
| time/                   |            |
|    fps                  | 538        |
|    iterations           | 134        |
|    time_elapsed         | 2036       |
|    total_timesteps      | 1097728    |
| train/                  |            |
|    approx_kl            | 0.02290272 |
|    clip_fraction        | 0.204      |
|    clip_range           | 0.2        |
|    entropy_loss         | -14.2      |
|    explained_variance   | 0.768      |
|    learning_rate        | 0.0003     |
|    loss                 | 7.63       |
|    n_updates            | 1330       |
|    policy_gradient_loss | -0.0366    |
|    std                  | 1.45       |
|    value_loss           | 24.6       |
----------------------------------------
Eval num_timesteps=1099648, episode_reward=1.92 +/- 35.40
Episode length: 197.55 +/- 119.59
-----------------------------------------
| eval/                   |             |
|    mean_ep_length       | 198         |
|    mean_reward          | 1.92        |
| manipularl/             |             |
|    collision_rate       | 0.5         |
|    grasp_curriculum     | 0.0421      |
|    grasp_failure_rate   | 0.725       |
|    insert_depth_mean    | 0           |
|    obstacle_range_hi    | 5           |
|    obstacle_range_lo    | 2           |
|    success_rate         | 0.33        |
| time/                   |             |
|    total_timesteps      | 1099648     |
| train/                  |             |
|    approx_kl            | 0.051642325 |
|    clip_fraction        | 0.225       |
|    clip_range           | 0.2         |
|    entropy_loss         | -14.2       |
|    explained_variance   | 0.834       |
|    learning_rate        | 0.0003      |
|    loss                 | 4.54        |
|    n_updates            | 1340        |
|    policy_gradient_loss | -0.0435     |
|    std                  | 1.46        |
|    value_loss           | 19          |
-----------------------------------------
------------------------------------
| manipularl/           |          |
|    collision_rate     | 0.5      |
|    grasp_curriculum   | 0.0403   |
|    grasp_failure_rate | 0.724    |
|    insert_depth_mean  | 0        |
|    obstacle_range_hi  | 5        |
|    obstacle_range_lo  | 2        |
|    success_rate       | 0.38     |
| rollout/              |          |
|    ep_len_mean        | 131      |
|    ep_rew_mean        | 13.9     |
| std_per_dim/          |          |
|    grip               | 1.16     |
|    j0                 | 1.31     |
|    j1                 | 1.14     |
|    j2                 | 1.45     |
|    j3                 | 1.38     |
|    j4                 | 1.85     |
|    j5                 | 1.65     |
|    j6                 | 1.71     |
| time/                 |          |
|    fps                | 534      |
|    iterations         | 135      |
|    time_elapsed       | 2069     |
|    total_timesteps    | 1105920  |
------------------------------------
-----------------------------------------
| manipularl/             |             |
|    collision_rate       | 0.54        |
|    grasp_curriculum     | 0.038       |
|    grasp_failure_rate   | 0.779       |
|    insert_depth_mean    | 0           |
|    obstacle_range_hi    | 5           |
|    obstacle_range_lo    | 2           |
|    success_rate         | 0.35        |
| rollout/                |             |
|    ep_len_mean          | 113         |
|    ep_rew_mean          | 13.9        |
| std_per_dim/            |             |
|    grip                 | 1.15        |
|    j0                   | 1.31        |
|    j1                   | 1.14        |
|    j2                   | 1.45        |
|    j3                   | 1.38        |
|    j4                   | 1.86        |
|    j5                   | 1.65        |
|    j6                   | 1.72        |
| time/                   |             |
|    fps                  | 535         |
|    iterations           | 136         |
|    time_elapsed         | 2078        |
|    total_timesteps      | 1114112     |
| train/                  |             |
|    approx_kl            | 0.088616125 |
|    clip_fraction        | 0.252       |
|    clip_range           | 0.2         |
|    entropy_loss         | -14.3       |
|    explained_variance   | 0.795       |
|    learning_rate        | 0.0003      |
|    loss                 | 7.82        |
|    n_updates            | 1350        |
|    policy_gradient_loss | -0.0367     |
|    std                  | 1.46        |
|    value_loss           | 24.3        |
-----------------------------------------
-----------------------------------------
| manipularl/             |             |
|    collision_rate       | 0.57        |
|    grasp_curriculum     | 0.0358      |
|    grasp_failure_rate   | 0.81        |
|    insert_depth_mean    | 0           |
|    obstacle_range_hi    | 5           |
|    obstacle_range_lo    | 2           |
|    success_rate         | 0.33        |
| rollout/                |             |
|    ep_len_mean          | 103         |
|    ep_rew_mean          | 13.6        |
| std_per_dim/            |             |
|    grip                 | 1.15        |
|    j0                   | 1.31        |
|    j1                   | 1.14        |
|    j2                   | 1.45        |
|    j3                   | 1.38        |
|    j4                   | 1.86        |
|    j5                   | 1.66        |
|    j6                   | 1.72        |
| time/                   |             |
|    fps                  | 536         |
|    iterations           | 137         |
|    time_elapsed         | 2090        |
|    total_timesteps      | 1122304     |
| train/                  |             |
|    approx_kl            | 0.028130498 |
|    clip_fraction        | 0.212       |
|    clip_range           | 0.2         |
|    entropy_loss         | -14.3       |
|    explained_variance   | 0.807       |
|    learning_rate        | 0.0003      |
|    loss                 | 6.67        |
|    n_updates            | 1360        |
|    policy_gradient_loss | -0.0347     |
|    std                  | 1.46        |
|    value_loss           | 25.5        |
-----------------------------------------
Eval num_timesteps=1124640, episode_reward=8.03 +/- 31.16
Episode length: 184.20 +/- 130.01
-----------------------------------------
| eval/                   |             |
|    mean_ep_length       | 184         |
|    mean_reward          | 8.03        |
| manipularl/             |             |
|    collision_rate       | 0.57        |
|    grasp_curriculum     | 0.0351      |
|    grasp_failure_rate   | 0.816       |
|    insert_depth_mean    | 0           |
|    obstacle_range_hi    | 5           |
|    obstacle_range_lo    | 2           |
|    success_rate         | 0.33        |
| std_per_dim/            |             |
|    grip                 | 1.15        |
|    j0                   | 1.31        |
|    j1                   | 1.15        |
|    j2                   | 1.45        |
|    j3                   | 1.38        |
|    j4                   | 1.86        |
|    j5                   | 1.66        |
|    j6                   | 1.72        |
| time/                   |             |
|    total_timesteps      | 1124640     |
| train/                  |             |
|    approx_kl            | 0.055382468 |
|    clip_fraction        | 0.278       |
|    clip_range           | 0.2         |
|    entropy_loss         | -14.3       |
|    explained_variance   | 0.809       |
|    learning_rate        | 0.0003      |
|    loss                 | 6.47        |
|    n_updates            | 1370        |
|    policy_gradient_loss | -0.0395     |
|    std                  | 1.46        |
|    value_loss           | 23.6        |
-----------------------------------------
------------------------------------
| manipularl/           |          |
|    collision_rate     | 0.62     |
|    grasp_curriculum   | 0.0335   |
|    grasp_failure_rate | 0.802    |
|    insert_depth_mean  | 0        |
|    obstacle_range_hi  | 5        |
|    obstacle_range_lo  | 2        |
|    success_rate       | 0.28     |
| rollout/              |          |
|    ep_len_mean        | 102      |
|    ep_rew_mean        | 10.1     |
| std_per_dim/          |          |
|    grip               | 1.15     |
|    j0                 | 1.31     |
|    j1                 | 1.15     |
|    j2                 | 1.45     |
|    j3                 | 1.38     |
|    j4                 | 1.86     |
|    j5                 | 1.66     |
|    j6                 | 1.72     |
| time/                 |          |
|    fps                | 535      |
|    iterations         | 138      |
|    time_elapsed       | 2112     |
|    total_timesteps    | 1130496  |
------------------------------------
-----------------------------------------
| manipularl/             |             |
|    collision_rate       | 0.63        |
|    grasp_curriculum     | 0.0312      |
|    grasp_failure_rate   | 0.781       |
|    insert_depth_mean    | 0           |
|    obstacle_range_hi    | 5           |
|    obstacle_range_lo    | 2           |
|    success_rate         | 0.25        |
| rollout/                |             |
|    ep_len_mean          | 125         |
|    ep_rew_mean          | 7.09        |
| std_per_dim/            |             |
|    grip                 | 1.15        |
|    j0                   | 1.31        |
|    j1                   | 1.15        |
|    j2                   | 1.46        |
|    j3                   | 1.37        |
|    j4                   | 1.86        |
|    j5                   | 1.66        |
|    j6                   | 1.73        |
| time/                   |             |
|    fps                  | 536         |
|    iterations           | 139         |
|    time_elapsed         | 2121        |
|    total_timesteps      | 1138688     |
| train/                  |             |
|    approx_kl            | 0.042635545 |
|    clip_fraction        | 0.295       |
|    clip_range           | 0.2         |
|    entropy_loss         | -14.3       |
|    explained_variance   | 0.833       |
|    learning_rate        | 0.0003      |
|    loss                 | 5.57        |
|    n_updates            | 1380        |
|    policy_gradient_loss | -0.0469     |
|    std                  | 1.46        |
|    value_loss           | 18.9        |
-----------------------------------------
----------------------------------------
| manipularl/             |            |
|    collision_rate       | 0.62       |
|    grasp_curriculum     | 0.0289     |
|    grasp_failure_rate   | 0.833      |
|    insert_depth_mean    | 0          |
|    obstacle_range_hi    | 5          |
|    obstacle_range_lo    | 2          |
|    success_rate         | 0.29       |
| rollout/                |            |
|    ep_len_mean          | 116        |
|    ep_rew_mean          | 11.2       |
| std_per_dim/            |            |
|    grip                 | 1.15       |
|    j0                   | 1.31       |
|    j1                   | 1.15       |
|    j2                   | 1.46       |
|    j3                   | 1.38       |
|    j4                   | 1.86       |
|    j5                   | 1.66       |
|    j6                   | 1.73       |
| time/                   |            |
|    fps                  | 538        |
|    iterations           | 140        |
|    time_elapsed         | 2129       |
|    total_timesteps      | 1146880    |
| train/                  |            |
|    approx_kl            | 0.03934723 |
|    clip_fraction        | 0.259      |
|    clip_range           | 0.2        |
|    entropy_loss         | -14.3      |
|    explained_variance   | 0.848      |
|    learning_rate        | 0.0003     |
|    loss                 | 5.29       |
|    n_updates            | 1390       |
|    policy_gradient_loss | -0.041     |
|    std                  | 1.46       |
|    value_loss           | 17.8       |
----------------------------------------
Eval num_timesteps=1149632, episode_reward=21.87 +/- 34.60
Episode length: 135.00 +/- 121.54
-----------------------------------------
| eval/                   |             |
|    mean_ep_length       | 135         |
|    mean_reward          | 21.9        |
| manipularl/             |             |
|    collision_rate       | 0.63        |
|    grasp_curriculum     | 0.0281      |
|    grasp_failure_rate   | 0.84        |
|    insert_depth_mean    | 0           |
|    obstacle_range_hi    | 5           |
|    obstacle_range_lo    | 2           |
|    success_rate         | 0.27        |
| std_per_dim/            |             |
|    grip                 | 1.15        |
|    j0                   | 1.31        |
|    j1                   | 1.15        |
|    j2                   | 1.46        |
|    j3                   | 1.38        |
|    j4                   | 1.86        |
|    j5                   | 1.67        |
|    j6                   | 1.73        |
| time/                   |             |
|    total_timesteps      | 1149632     |
| train/                  |             |
|    approx_kl            | 0.030475434 |
|    clip_fraction        | 0.254       |
|    clip_range           | 0.2         |
|    entropy_loss         | -14.3       |
|    explained_variance   | 0.807       |
|    learning_rate        | 0.0003      |
|    loss                 | 7.8         |
|    n_updates            | 1400        |
|    policy_gradient_loss | -0.0409     |
|    std                  | 1.46        |
|    value_loss           | 24.1        |
-----------------------------------------
New best mean reward!
------------------------------------
| manipularl/           |          |
|    collision_rate     | 0.57     |
|    grasp_curriculum   | 0.0266   |
|    grasp_failure_rate | 0.837    |
|    insert_depth_mean  | 0        |
|    obstacle_range_hi  | 5        |
|    obstacle_range_lo  | 2        |
|    success_rate       | 0.25     |
| rollout/              |          |
|    ep_len_mean        | 135      |
|    ep_rew_mean        | 7.46     |
| std_per_dim/          |          |
|    grip               | 1.15     |
|    j0                 | 1.31     |
|    j1                 | 1.15     |
|    j2                 | 1.46     |
|    j3                 | 1.38     |
|    j4                 | 1.86     |
|    j5                 | 1.67     |
|    j6                 | 1.73     |
| time/                 |          |
|    fps                | 537      |
|    iterations         | 141      |
|    time_elapsed       | 2150     |
|    total_timesteps    | 1155072  |
------------------------------------
----------------------------------------
| manipularl/             |            |
|    collision_rate       | 0.56       |
|    grasp_curriculum     | 0.0243     |
|    grasp_failure_rate   | 0.839      |
|    insert_depth_mean    | 0          |
|    obstacle_range_hi    | 5          |
|    obstacle_range_lo    | 2          |
|    success_rate         | 0.19       |
| rollout/                |            |
|    ep_len_mean          | 152        |
|    ep_rew_mean          | 2.21       |
| std_per_dim/            |            |
|    grip                 | 1.15       |
|    j0                   | 1.32       |
|    j1                   | 1.15       |
|    j2                   | 1.46       |
|    j3                   | 1.39       |
|    j4                   | 1.87       |
|    j5                   | 1.66       |
|    j6                   | 1.73       |
| time/                   |            |
|    fps                  | 537        |
|    iterations           | 142        |
|    time_elapsed         | 2163       |
|    total_timesteps      | 1163264    |
| train/                  |            |
|    approx_kl            | 0.04677643 |
|    clip_fraction        | 0.285      |
|    clip_range           | 0.2        |
|    entropy_loss         | -14.3      |
|    explained_variance   | 0.824      |
|    learning_rate        | 0.0003     |
|    loss                 | 3.51       |
|    n_updates            | 1410       |
|    policy_gradient_loss | -0.0441    |
|    std                  | 1.46       |
|    value_loss           | 14.2       |
----------------------------------------
-----------------------------------------
| manipularl/             |             |
|    collision_rate       | 0.55        |
|    grasp_curriculum     | 0.022       |
|    grasp_failure_rate   | 0.856       |
|    insert_depth_mean    | 0           |
|    obstacle_range_hi    | 5           |
|    obstacle_range_lo    | 2           |
|    success_rate         | 0.2         |
| rollout/                |             |
|    ep_len_mean          | 145         |
|    ep_rew_mean          | 3.38        |
| std_per_dim/            |             |
|    grip                 | 1.15        |
|    j0                   | 1.33        |
|    j1                   | 1.15        |
|    j2                   | 1.47        |
|    j3                   | 1.39        |
|    j4                   | 1.87        |
|    j5                   | 1.68        |
|    j6                   | 1.73        |
| time/                   |             |
|    fps                  | 538         |
|    iterations           | 143         |
|    time_elapsed         | 2174        |
|    total_timesteps      | 1171456     |
| train/                  |             |
|    approx_kl            | 0.050378803 |
|    clip_fraction        | 0.319       |
|    clip_range           | 0.2         |
|    entropy_loss         | -14.3       |
|    explained_variance   | 0.786       |
|    learning_rate        | 0.0003      |
|    loss                 | 2.15        |
|    n_updates            | 1420        |
|    policy_gradient_loss | -0.0408     |
|    std                  | 1.47        |
|    value_loss           | 12.4        |
-----------------------------------------
Eval num_timesteps=1174624, episode_reward=4.90 +/- 33.04
Episode length: 148.60 +/- 110.07
-----------------------------------------
| eval/                   |             |
|    mean_ep_length       | 149         |
|    mean_reward          | 4.9         |
| manipularl/             |             |
|    collision_rate       | 0.57        |
|    grasp_curriculum     | 0.0211      |
|    grasp_failure_rate   | 0.842       |
|    insert_depth_mean    | 0           |
|    obstacle_range_hi    | 5           |
|    obstacle_range_lo    | 2           |
|    success_rate         | 0.18        |
| std_per_dim/            |             |
|    grip                 | 1.15        |
|    j0                   | 1.33        |
|    j1                   | 1.15        |
|    j2                   | 1.47        |
|    j3                   | 1.39        |
|    j4                   | 1.88        |
|    j5                   | 1.69        |
|    j6                   | 1.74        |
| time/                   |             |
|    total_timesteps      | 1174624     |
| train/                  |             |
|    approx_kl            | 0.045721404 |
|    clip_fraction        | 0.332       |
|    clip_range           | 0.2         |
|    entropy_loss         | -14.3       |
|    explained_variance   | 0.824       |
|    learning_rate        | 0.0003      |
|    loss                 | 2.32        |
|    n_updates            | 1430        |
|    policy_gradient_loss | -0.0462     |
|    std                  | 1.48        |
|    value_loss           | 12.6        |
-----------------------------------------
------------------------------------
| manipularl/           |          |
|    collision_rate     | 0.54     |
|    grasp_curriculum   | 0.0197   |
|    grasp_failure_rate | 0.845    |
|    insert_depth_mean  | 0        |
|    obstacle_range_hi  | 5        |
|    obstacle_range_lo  | 2        |
|    success_rate       | 0.2      |
| rollout/              |          |
|    ep_len_mean        | 152      |
|    ep_rew_mean        | 4.2      |
| std_per_dim/          |          |
|    grip               | 1.15     |
|    j0                 | 1.33     |
|    j1                 | 1.15     |
|    j2                 | 1.47     |
|    j3                 | 1.39     |
|    j4                 | 1.88     |
|    j5                 | 1.69     |
|    j6                 | 1.74     |
| time/                 |          |
|    fps                | 538      |
|    iterations         | 144      |
|    time_elapsed       | 2191     |
|    total_timesteps    | 1179648  |
------------------------------------
----------------------------------------
| manipularl/             |            |
|    collision_rate       | 0.5        |
|    grasp_curriculum     | 0.0174     |
|    grasp_failure_rate   | 0.81       |
|    insert_depth_mean    | 0          |
|    obstacle_range_hi    | 5          |
|    obstacle_range_lo    | 2          |
|    success_rate         | 0.23       |
| rollout/                |            |
|    ep_len_mean          | 162        |
|    ep_rew_mean          | 5.17       |
| std_per_dim/            |            |
|    grip                 | 1.15       |
|    j0                   | 1.34       |
|    j1                   | 1.16       |
|    j2                   | 1.47       |
|    j3                   | 1.4        |
|    j4                   | 1.88       |
|    j5                   | 1.69       |
|    j6                   | 1.74       |
| time/                   |            |
|    fps                  | 540        |
|    iterations           | 145        |
|    time_elapsed         | 2198       |
|    total_timesteps      | 1187840    |
| train/                  |            |
|    approx_kl            | 0.04749974 |
|    clip_fraction        | 0.315      |
|    clip_range           | 0.2        |
|    entropy_loss         | -14.4      |
|    explained_variance   | 0.798      |
|    learning_rate        | 0.0003     |
|    loss                 | 3.16       |
|    n_updates            | 1440       |
|    policy_gradient_loss | -0.0418    |
|    std                  | 1.48       |
|    value_loss           | 13.1       |
----------------------------------------
-----------------------------------------
| manipularl/             |             |
|    collision_rate       | 0.53        |
|    grasp_curriculum     | 0.0151      |
|    grasp_failure_rate   | 0.766       |
|    insert_depth_mean    | 0           |
|    obstacle_range_hi    | 5           |
|    obstacle_range_lo    | 2           |
|    success_rate         | 0.34        |
| rollout/                |             |
|    ep_len_mean          | 127         |
|    ep_rew_mean          | 14.3        |
| std_per_dim/            |             |
|    grip                 | 1.15        |
|    j0                   | 1.34        |
|    j1                   | 1.16        |
|    j2                   | 1.47        |
|    j3                   | 1.4         |
|    j4                   | 1.89        |
|    j5                   | 1.7         |
|    j6                   | 1.74        |
| time/                   |             |
|    fps                  | 541         |
|    iterations           | 146         |
|    time_elapsed         | 2207        |
|    total_timesteps      | 1196032     |
| train/                  |             |
|    approx_kl            | 0.028608344 |
|    clip_fraction        | 0.248       |
|    clip_range           | 0.2         |
|    entropy_loss         | -14.4       |
|    explained_variance   | 0.819       |
|    learning_rate        | 0.0003      |
|    loss                 | 4.1         |
|    n_updates            | 1450        |
|    policy_gradient_loss | -0.0395     |
|    std                  | 1.48        |
|    value_loss           | 20.5        |
-----------------------------------------
Eval num_timesteps=1199616, episode_reward=4.54 +/- 27.79
Episode length: 150.25 +/- 102.29
-----------------------------------------
| eval/                   |             |
|    mean_ep_length       | 150         |
|    mean_reward          | 4.54        |
| manipularl/             |             |
|    collision_rate       | 0.47        |
|    grasp_curriculum     | 0.0141      |
|    grasp_failure_rate   | 0.762       |
|    insert_depth_mean    | 0           |
|    obstacle_range_hi    | 5           |
|    obstacle_range_lo    | 2           |
|    success_rate         | 0.37        |
| std_per_dim/            |             |
|    grip                 | 1.15        |
|    j0                   | 1.35        |
|    j1                   | 1.16        |
|    j2                   | 1.48        |
|    j3                   | 1.4         |
|    j4                   | 1.88        |
|    j5                   | 1.7         |
|    j6                   | 1.75        |
| time/                   |             |
|    total_timesteps      | 1199616     |
| train/                  |             |
|    approx_kl            | 0.027258921 |
|    clip_fraction        | 0.251       |
|    clip_range           | 0.2         |
|    entropy_loss         | -14.4       |
|    explained_variance   | 0.772       |
|    learning_rate        | 0.0003      |
|    loss                 | 8.73        |
|    n_updates            | 1460        |
|    policy_gradient_loss | -0.0394     |
|    std                  | 1.49        |
|    value_loss           | 29.3        |
-----------------------------------------
------------------------------------
| manipularl/           |          |
|    collision_rate     | 0.48     |
|    grasp_curriculum   | 0.0128   |
|    grasp_failure_rate | 0.787    |
|    insert_depth_mean  | 0        |
|    obstacle_range_hi  | 5        |
|    obstacle_range_lo  | 2        |
|    success_rate       | 0.35     |
| rollout/              |          |
|    ep_len_mean        | 142      |
|    ep_rew_mean        | 12.2     |
| std_per_dim/          |          |
|    grip               | 1.15     |
|    j0                 | 1.35     |
|    j1                 | 1.16     |
|    j2                 | 1.48     |
|    j3                 | 1.4      |
|    j4                 | 1.88     |
|    j5                 | 1.7      |
|    j6                 | 1.75     |
| time/                 |          |
|    fps                | 540      |
|    iterations         | 147      |
|    time_elapsed       | 2227     |
|    total_timesteps    | 1204224  |
------------------------------------
----------------------------------------
| manipularl/             |            |
|    collision_rate       | 0.4        |
|    grasp_curriculum     | 0.0105     |
|    grasp_failure_rate   | 0.785      |
|    insert_depth_mean    | 0          |
|    obstacle_range_hi    | 5          |
|    obstacle_range_lo    | 2          |
|    success_rate         | 0.43       |
| rollout/                |            |
|    ep_len_mean          | 144        |
|    ep_rew_mean          | 18.6       |
| std_per_dim/            |            |
|    grip                 | 1.15       |
|    j0                   | 1.34       |
|    j1                   | 1.17       |
|    j2                   | 1.49       |
|    j3                   | 1.4        |
|    j4                   | 1.88       |
|    j5                   | 1.71       |
|    j6                   | 1.75       |
| time/                   |            |
|    fps                  | 541        |
|    iterations           | 148        |
|    time_elapsed         | 2239       |
|    total_timesteps      | 1212416    |
| train/                  |            |
|    approx_kl            | 0.03579297 |
|    clip_fraction        | 0.266      |
|    clip_range           | 0.2        |
|    entropy_loss         | -14.4      |
|    explained_variance   | 0.863      |
|    learning_rate        | 0.0003     |
|    loss                 | 4.57       |
|    n_updates            | 1470       |
|    policy_gradient_loss | -0.0452    |
|    std                  | 1.49       |
|    value_loss           | 14.1       |
----------------------------------------
-----------------------------------------
| manipularl/             |             |
|    collision_rate       | 0.46        |
|    grasp_curriculum     | 0.00823     |
|    grasp_failure_rate   | 0.813       |
|    insert_depth_mean    | 0           |
|    obstacle_range_hi    | 5           |
|    obstacle_range_lo    | 2           |
|    success_rate         | 0.39        |
| rollout/                |             |
|    ep_len_mean          | 128         |
|    ep_rew_mean          | 19          |
| std_per_dim/            |             |
|    grip                 | 1.15        |
|    j0                   | 1.35        |
|    j1                   | 1.17        |
|    j2                   | 1.49        |
|    j3                   | 1.39        |
|    j4                   | 1.88        |
|    j5                   | 1.71        |
|    j6                   | 1.75        |
| time/                   |             |
|    fps                  | 542         |
|    iterations           | 149         |
|    time_elapsed         | 2251        |
|    total_timesteps      | 1220608     |
| train/                  |             |
|    approx_kl            | 0.028607674 |
|    clip_fraction        | 0.233       |
|    clip_range           | 0.2         |
|    entropy_loss         | -14.4       |
|    explained_variance   | 0.803       |
|    learning_rate        | 0.0003      |
|    loss                 | 9.15        |
|    n_updates            | 1480        |
|    policy_gradient_loss | -0.0435     |
|    std                  | 1.49        |
|    value_loss           | 26.6        |
-----------------------------------------
Eval num_timesteps=1224608, episode_reward=14.06 +/- 41.48
Episode length: 174.15 +/- 134.61
----------------------------------------
| eval/                   |            |
|    mean_ep_length       | 174        |
|    mean_reward          | 14.1       |
| manipularl/             |            |
|    collision_rate       | 0.43       |
|    grasp_curriculum     | 0.00711    |
|    grasp_failure_rate   | 0.81       |
|    insert_depth_mean    | 0          |
|    obstacle_range_hi    | 5          |
|    obstacle_range_lo    | 2          |
|    success_rate         | 0.39       |
| std_per_dim/            |            |
|    grip                 | 1.15       |
|    j0                   | 1.35       |
|    j1                   | 1.17       |
|    j2                   | 1.49       |
|    j3                   | 1.39       |
|    j4                   | 1.88       |
|    j5                   | 1.72       |
|    j6                   | 1.75       |
| time/                   |            |
|    total_timesteps      | 1224608    |
| train/                  |            |
|    approx_kl            | 0.03830026 |
|    clip_fraction        | 0.253      |
|    clip_range           | 0.2        |
|    entropy_loss         | -14.4      |
|    explained_variance   | 0.888      |
|    learning_rate        | 0.0003     |
|    loss                 | 2.77       |
|    n_updates            | 1490       |
|    policy_gradient_loss | -0.0507    |
|    std                  | 1.49       |
|    value_loss           | 12.1       |
----------------------------------------
------------------------------------
| manipularl/           |          |
|    collision_rate     | 0.44     |
|    grasp_curriculum   | 0.00594  |
|    grasp_failure_rate | 0.819    |
|    insert_depth_mean  | 0        |
|    obstacle_range_hi  | 5        |
|    obstacle_range_lo  | 2        |
|    success_rate       | 0.34     |
| rollout/              |          |
|    ep_len_mean        | 148      |
|    ep_rew_mean        | 13.5     |
| std_per_dim/          |          |
|    grip               | 1.15     |
|    j0                 | 1.35     |
|    j1                 | 1.17     |
|    j2                 | 1.49     |
|    j3                 | 1.39     |
|    j4                 | 1.88     |
|    j5                 | 1.72     |
|    j6                 | 1.75     |
| time/                 |          |
|    fps                | 534      |
|    iterations         | 150      |
|    time_elapsed       | 2299     |
|    total_timesteps    | 1228800  |
------------------------------------
-----------------------------------------
| manipularl/             |             |
|    collision_rate       | 0.46        |
|    grasp_curriculum     | 0.00364     |
|    grasp_failure_rate   | 0.796       |
|    insert_depth_mean    | 0           |
|    obstacle_range_hi    | 5           |
|    obstacle_range_lo    | 2           |
|    success_rate         | 0.27        |
| rollout/                |             |
|    ep_len_mean          | 168         |
|    ep_rew_mean          | 8.63        |
| std_per_dim/            |             |
|    grip                 | 1.15        |
|    j0                   | 1.35        |
|    j1                   | 1.17        |
|    j2                   | 1.49        |
|    j3                   | 1.4         |
|    j4                   | 1.88        |
|    j5                   | 1.73        |
|    j6                   | 1.75        |
| time/                   |             |
|    fps                  | 536         |
|    iterations           | 151         |
|    time_elapsed         | 2307        |
|    total_timesteps      | 1236992     |
| train/                  |             |
|    approx_kl            | 0.036601815 |
|    clip_fraction        | 0.281       |
|    clip_range           | 0.2         |
|    entropy_loss         | -14.4       |
|    explained_variance   | 0.879       |
|    learning_rate        | 0.0003      |
|    loss                 | 4.28        |
|    n_updates            | 1500        |
|    policy_gradient_loss | -0.0477     |
|    std                  | 1.49        |
|    value_loss           | 14.2        |
-----------------------------------------
----------------------------------------
| manipularl/             |            |
|    collision_rate       | 0.58       |
|    grasp_curriculum     | 0.00135    |
|    grasp_failure_rate   | 0.776      |
|    insert_depth_mean    | 0          |
|    obstacle_range_hi    | 5          |
|    obstacle_range_lo    | 2          |
|    success_rate         | 0.2        |
| rollout/                |            |
|    ep_len_mean          | 165        |
|    ep_rew_mean          | 4.91       |
| std_per_dim/            |            |
|    grip                 | 1.15       |
|    j0                   | 1.35       |
|    j1                   | 1.17       |
|    j2                   | 1.49       |
|    j3                   | 1.4        |
|    j4                   | 1.89       |
|    j5                   | 1.74       |
|    j6                   | 1.75       |
| time/                   |            |
|    fps                  | 537        |
|    iterations           | 152        |
|    time_elapsed         | 2316       |
|    total_timesteps      | 1245184    |
| train/                  |            |
|    approx_kl            | 0.03925106 |
|    clip_fraction        | 0.295      |
|    clip_range           | 0.2        |
|    entropy_loss         | -14.4      |
|    explained_variance   | 0.879      |
|    learning_rate        | 0.0003     |
|    loss                 | 1.99       |
|    n_updates            | 1510       |
|    policy_gradient_loss | -0.0486    |
|    std                  | 1.49       |
|    value_loss           | 10.1       |
----------------------------------------
Eval num_timesteps=1249600, episode_reward=8.91 +/- 28.82
Episode length: 163.60 +/- 129.49
----------------------------------------
| eval/                   |            |
|    mean_ep_length       | 164        |
|    mean_reward          | 8.91       |
| manipularl/             |            |
|    collision_rate       | 0.56       |
|    grasp_curriculum     | 0.000116   |
|    grasp_failure_rate   | 0.774      |
|    insert_depth_mean    | 0          |
|    obstacle_range_hi    | 5          |
|    obstacle_range_lo    | 2          |
|    success_rate         | 0.23       |
| std_per_dim/            |            |
|    grip                 | 1.15       |
|    j0                   | 1.36       |
|    j1                   | 1.17       |
|    j2                   | 1.5        |
|    j3                   | 1.41       |
|    j4                   | 1.9        |
|    j5                   | 1.74       |
|    j6                   | 1.75       |
| time/                   |            |
|    total_timesteps      | 1249600    |
| train/                  |            |
|    approx_kl            | 0.04307819 |
|    clip_fraction        | 0.316      |
|    clip_range           | 0.2        |
|    entropy_loss         | -14.5      |
|    explained_variance   | 0.867      |
|    learning_rate        | 0.0003     |
|    loss                 | 2.01       |
|    n_updates            | 1520       |
|    policy_gradient_loss | -0.0487    |
|    std                  | 1.5        |
|    value_loss           | 9.68       |
----------------------------------------
------------------------------------
| manipularl/           |          |
|    collision_rate     | 0.58     |
|    grasp_curriculum   | 0        |
|    grasp_failure_rate | 0.775    |
|    insert_depth_mean  | 0        |
|    obstacle_range_hi  | 5        |
|    obstacle_range_lo  | 2        |
|    success_rate       | 0.2      |
| rollout/              |          |
|    ep_len_mean        | 154      |
|    ep_rew_mean        | 4.92     |
| std_per_dim/          |          |
|    grip               | 1.15     |
|    j0                 | 1.36     |
|    j1                 | 1.17     |
|    j2                 | 1.5      |
|    j3                 | 1.41     |
|    j4                 | 1.9      |
|    j5                 | 1.74     |
|    j6                 | 1.75     |
| time/                 |          |
|    fps                | 537      |
|    iterations         | 153      |
|    time_elapsed       | 2333     |
|    total_timesteps    | 1253376  |
------------------------------------
-----------------------------------------
| manipularl/             |             |
|    collision_rate       | 0.53        |
|    grasp_curriculum     | 0           |
|    grasp_failure_rate   | 0.757       |
|    insert_depth_mean    | 0           |
|    obstacle_range_hi    | 5           |
|    obstacle_range_lo    | 2           |
|    success_rate         | 0.27        |
| rollout/                |             |
|    ep_len_mean          | 141         |
|    ep_rew_mean          | 9.59        |
| std_per_dim/            |             |
|    grip                 | 1.16        |
|    j0                   | 1.36        |
|    j1                   | 1.17        |
|    j2                   | 1.5         |
|    j3                   | 1.42        |
|    j4                   | 1.91        |
|    j5                   | 1.75        |
|    j6                   | 1.76        |
| time/                   |             |
|    fps                  | 537         |
|    iterations           | 154         |
|    time_elapsed         | 2347        |
|    total_timesteps      | 1261568     |
| train/                  |             |
|    approx_kl            | 0.040496904 |
|    clip_fraction        | 0.312       |
|    clip_range           | 0.2         |
|    entropy_loss         | -14.5       |
|    explained_variance   | 0.841       |
|    learning_rate        | 0.0003      |
|    loss                 | 2.97        |
|    n_updates            | 1530        |
|    policy_gradient_loss | -0.0428     |
|    std                  | 1.5         |
|    value_loss           | 13.7        |
-----------------------------------------
-----------------------------------------
| manipularl/             |             |
|    collision_rate       | 0.55        |
|    grasp_curriculum     | 0           |
|    grasp_failure_rate   | 0.781       |
|    insert_depth_mean    | 0           |
|    obstacle_range_hi    | 5           |
|    obstacle_range_lo    | 2           |
|    success_rate         | 0.27        |
| rollout/                |             |
|    ep_len_mean          | 142         |
|    ep_rew_mean          | 7.75        |
| std_per_dim/            |             |
|    grip                 | 1.16        |
|    j0                   | 1.37        |
|    j1                   | 1.18        |
|    j2                   | 1.5         |
|    j3                   | 1.42        |
|    j4                   | 1.91        |
|    j5                   | 1.76        |
|    j6                   | 1.76        |
| time/                   |             |
|    fps                  | 537         |
|    iterations           | 155         |
|    time_elapsed         | 2362        |
|    total_timesteps      | 1269760     |
| train/                  |             |
|    approx_kl            | 0.026691422 |
|    clip_fraction        | 0.227       |
|    clip_range           | 0.2         |
|    entropy_loss         | -14.5       |
|    explained_variance   | 0.757       |
|    learning_rate        | 0.0003      |
|    loss                 | 6.77        |
|    n_updates            | 1540        |
|    policy_gradient_loss | -0.0383     |
|    std                  | 1.51        |
|    value_loss           | 22.2        |
-----------------------------------------
Eval num_timesteps=1274592, episode_reward=2.25 +/- 27.09
Episode length: 209.40 +/- 131.27
-----------------------------------------
| eval/                   |             |
|    mean_ep_length       | 209         |
|    mean_reward          | 2.25        |
| manipularl/             |             |
|    collision_rate       | 0.54        |
|    grasp_curriculum     | 0           |
|    grasp_failure_rate   | 0.783       |
|    insert_depth_mean    | 0           |
|    obstacle_range_hi    | 5           |
|    obstacle_range_lo    | 2           |
|    success_rate         | 0.3         |
| std_per_dim/            |             |
|    grip                 | 1.16        |
|    j0                   | 1.37        |
|    j1                   | 1.19        |
|    j2                   | 1.51        |
|    j3                   | 1.43        |
|    j4                   | 1.92        |
|    j5                   | 1.77        |
|    j6                   | 1.76        |
| time/                   |             |
|    total_timesteps      | 1274592     |
| train/                  |             |
|    approx_kl            | 0.035869643 |
|    clip_fraction        | 0.245       |
|    clip_range           | 0.2         |
|    entropy_loss         | -14.5       |
|    explained_variance   | 0.87        |
|    learning_rate        | 0.0003      |
|    loss                 | 2.99        |
|    n_updates            | 1550        |
|    policy_gradient_loss | -0.0472     |
|    std                  | 1.51        |
|    value_loss           | 12.6        |
-----------------------------------------
------------------------------------
| manipularl/           |          |
|    collision_rate     | 0.53     |
|    grasp_curriculum   | 0        |
|    grasp_failure_rate | 0.768    |
|    insert_depth_mean  | 0        |
|    obstacle_range_hi  | 5        |
|    obstacle_range_lo  | 2        |
|    success_rate       | 0.26     |
| rollout/              |          |
|    ep_len_mean        | 149      |
|    ep_rew_mean        | 7.65     |
| std_per_dim/          |          |
|    grip               | 1.16     |
|    j0                 | 1.37     |
|    j1                 | 1.19     |
|    j2                 | 1.51     |
|    j3                 | 1.43     |
|    j4                 | 1.92     |
|    j5                 | 1.77     |
|    j6                 | 1.76     |
| time/                 |          |
|    fps                | 529      |
|    iterations         | 156      |
|    time_elapsed       | 2414     |
|    total_timesteps    | 1277952  |
------------------------------------
-----------------------------------------
| manipularl/             |             |
|    collision_rate       | 0.5         |
|    grasp_curriculum     | 0           |
|    grasp_failure_rate   | 0.794       |
|    insert_depth_mean    | 0           |
|    obstacle_range_hi    | 5           |
|    obstacle_range_lo    | 2           |
|    success_rate         | 0.34        |
| rollout/                |             |
|    ep_len_mean          | 135         |
|    ep_rew_mean          | 11.6        |
| std_per_dim/            |             |
|    grip                 | 1.16        |
|    j0                   | 1.37        |
|    j1                   | 1.19        |
|    j2                   | 1.5         |
|    j3                   | 1.42        |
|    j4                   | 1.92        |
|    j5                   | 1.78        |
|    j6                   | 1.77        |
| time/                   |             |
|    fps                  | 529         |
|    iterations           | 157         |
|    time_elapsed         | 2428        |
|    total_timesteps      | 1286144     |
| train/                  |             |
|    approx_kl            | 0.026118122 |
|    clip_fraction        | 0.23        |
|    clip_range           | 0.2         |
|    entropy_loss         | -14.5       |
|    explained_variance   | 0.801       |
|    learning_rate        | 0.0003      |
|    loss                 | 4.7         |
|    n_updates            | 1560        |
|    policy_gradient_loss | -0.0402     |
|    std                  | 1.52        |
|    value_loss           | 18          |
-----------------------------------------
-----------------------------------------
| manipularl/             |             |
|    collision_rate       | 0.47        |
|    grasp_curriculum     | 0           |
|    grasp_failure_rate   | 0.784       |
|    insert_depth_mean    | 0           |
|    obstacle_range_hi    | 5           |
|    obstacle_range_lo    | 2           |
|    success_rate         | 0.37        |
| rollout/                |             |
|    ep_len_mean          | 146         |
|    ep_rew_mean          | 11.6        |
| std_per_dim/            |             |
|    grip                 | 1.16        |
|    j0                   | 1.37        |
|    j1                   | 1.19        |
|    j2                   | 1.5         |
|    j3                   | 1.42        |
|    j4                   | 1.93        |
|    j5                   | 1.79        |
|    j6                   | 1.77        |
| time/                   |             |
|    fps                  | 530         |
|    iterations           | 158         |
|    time_elapsed         | 2440        |
|    total_timesteps      | 1294336     |
| train/                  |             |
|    approx_kl            | 0.027267598 |
|    clip_fraction        | 0.224       |
|    clip_range           | 0.2         |
|    entropy_loss         | -14.6       |
|    explained_variance   | 0.839       |
|    learning_rate        | 0.0003      |
|    loss                 | 4.75        |
|    n_updates            | 1570        |
|    policy_gradient_loss | -0.0465     |
|    std                  | 1.52        |
|    value_loss           | 20.7        |
-----------------------------------------
Eval num_timesteps=1299584, episode_reward=24.35 +/- 34.26
Episode length: 160.45 +/- 121.55
-----------------------------------------
| eval/                   |             |
|    mean_ep_length       | 160         |
|    mean_reward          | 24.4        |
| manipularl/             |             |
|    collision_rate       | 0.44        |
|    grasp_curriculum     | 0           |
|    grasp_failure_rate   | 0.794       |
|    insert_depth_mean    | 0           |
|    obstacle_range_hi    | 5           |
|    obstacle_range_lo    | 2           |
|    success_rate         | 0.36        |
| std_per_dim/            |             |
|    grip                 | 1.16        |
|    j0                   | 1.38        |
|    j1                   | 1.19        |
|    j2                   | 1.51        |
|    j3                   | 1.42        |
|    j4                   | 1.93        |
|    j5                   | 1.79        |
|    j6                   | 1.77        |
| time/                   |             |
|    total_timesteps      | 1299584     |
| train/                  |             |
|    approx_kl            | 0.027685009 |
|    clip_fraction        | 0.213       |
|    clip_range           | 0.2         |
|    entropy_loss         | -14.6       |
|    explained_variance   | 0.829       |
|    learning_rate        | 0.0003      |
|    loss                 | 4.92        |
|    n_updates            | 1580        |
|    policy_gradient_loss | -0.044      |
|    std                  | 1.52        |
|    value_loss           | 19.1        |
-----------------------------------------
New best mean reward!
------------------------------------
| manipularl/           |          |
|    collision_rate     | 0.45     |
|    grasp_curriculum   | 0        |
|    grasp_failure_rate | 0.804    |
|    insert_depth_mean  | 0        |
|    obstacle_range_hi  | 5        |
|    obstacle_range_lo  | 2        |
|    success_rate       | 0.35     |
| rollout/              |          |
|    ep_len_mean        | 153      |
|    ep_rew_mean        | 10.9     |
| std_per_dim/          |          |
|    grip               | 1.16     |
|    j0                 | 1.38     |
|    j1                 | 1.19     |
|    j2                 | 1.51     |
|    j3                 | 1.42     |
|    j4                 | 1.93     |
|    j5                 | 1.79     |
|    j6                 | 1.77     |
| time/                 |          |
|    fps                | 527      |
|    iterations         | 159      |
|    time_elapsed       | 2469     |
|    total_timesteps    | 1302528  |
------------------------------------
-----------------------------------------
| manipularl/             |             |
|    collision_rate       | 0.43        |
|    grasp_curriculum     | 0           |
|    grasp_failure_rate   | 0.784       |
|    insert_depth_mean    | 0           |
|    obstacle_range_hi    | 5           |
|    obstacle_range_lo    | 2           |
|    success_rate         | 0.36        |
| rollout/                |             |
|    ep_len_mean          | 161         |
|    ep_rew_mean          | 9.53        |
| std_per_dim/            |             |
|    grip                 | 1.16        |
|    j0                   | 1.38        |
|    j1                   | 1.2         |
|    j2                   | 1.5         |
|    j3                   | 1.43        |
|    j4                   | 1.93        |
|    j5                   | 1.8         |
|    j6                   | 1.77        |
| time/                   |             |
|    fps                  | 529         |
|    iterations           | 160         |
|    time_elapsed         | 2476        |
|    total_timesteps      | 1310720     |
| train/                  |             |
|    approx_kl            | 0.028420886 |
|    clip_fraction        | 0.212       |
|    clip_range           | 0.2         |
|    entropy_loss         | -14.6       |
|    explained_variance   | 0.822       |
|    learning_rate        | 0.0003      |
|    loss                 | 6.28        |
|    n_updates            | 1590        |
|    policy_gradient_loss | -0.0428     |
|    std                  | 1.52        |
|    value_loss           | 21.8        |
-----------------------------------------
----------------------------------------
| manipularl/             |            |
|    collision_rate       | 0.38       |
|    grasp_curriculum     | 0          |
|    grasp_failure_rate   | 0.746      |
|    insert_depth_mean    | 0          |
|    obstacle_range_hi    | 5          |
|    obstacle_range_lo    | 2          |
|    success_rate         | 0.48       |
| rollout/                |            |
|    ep_len_mean          | 147        |
|    ep_rew_mean          | 18.3       |
| std_per_dim/            |            |
|    grip                 | 1.16       |
|    j0                   | 1.38       |
|    j1                   | 1.19       |
|    j2                   | 1.51       |
|    j3                   | 1.43       |
|    j4                   | 1.94       |
|    j5                   | 1.81       |
|    j6                   | 1.78       |
| time/                   |            |
|    fps                  | 530        |
|    iterations           | 161        |
|    time_elapsed         | 2486       |
|    total_timesteps      | 1318912    |
| train/                  |            |
|    approx_kl            | 0.02371718 |
|    clip_fraction        | 0.186      |
|    clip_range           | 0.2        |
|    entropy_loss         | -14.6      |
|    explained_variance   | 0.797      |
|    learning_rate        | 0.0003     |
|    loss                 | 6.71       |
|    n_updates            | 1600       |
|    policy_gradient_loss | -0.0346    |
|    std                  | 1.53       |
|    value_loss           | 24.3       |
----------------------------------------
Eval num_timesteps=1324576, episode_reward=17.36 +/- 39.28
Episode length: 131.00 +/- 106.89
-----------------------------------------
| eval/                   |             |
|    mean_ep_length       | 131         |
|    mean_reward          | 17.4        |
| manipularl/             |             |
|    collision_rate       | 0.35        |
|    grasp_curriculum     | 0           |
|    grasp_failure_rate   | 0.779       |
|    insert_depth_mean    | 0           |
|    obstacle_range_hi    | 5           |
|    obstacle_range_lo    | 2           |
|    success_rate         | 0.52        |
| std_per_dim/            |             |
|    grip                 | 1.16        |
|    j0                   | 1.38        |
|    j1                   | 1.19        |
|    j2                   | 1.51        |
|    j3                   | 1.43        |
|    j4                   | 1.94        |
|    j5                   | 1.81        |
|    j6                   | 1.78        |
| time/                   |             |
|    total_timesteps      | 1324576     |
| train/                  |             |
|    approx_kl            | 0.025346236 |
|    clip_fraction        | 0.205       |
|    clip_range           | 0.2         |
|    entropy_loss         | -14.6       |
|    explained_variance   | 0.816       |
|    learning_rate        | 0.0003      |
|    loss                 | 8.51        |
|    n_updates            | 1610        |
|    policy_gradient_loss | -0.0425     |
|    std                  | 1.53        |
|    value_loss           | 27.5        |
-----------------------------------------
------------------------------------
| manipularl/           |          |
|    collision_rate     | 0.38     |
|    grasp_curriculum   | 0        |
|    grasp_failure_rate | 0.791    |
|    insert_depth_mean  | 0        |
|    obstacle_range_hi  | 5        |
|    obstacle_range_lo  | 2        |
|    success_rate       | 0.49     |
| rollout/              |          |
|    ep_len_mean        | 135      |
|    ep_rew_mean        | 21.5     |
| std_per_dim/          |          |
|    grip               | 1.16     |
|    j0                 | 1.38     |
|    j1                 | 1.19     |
|    j2                 | 1.51     |
|    j3                 | 1.43     |
|    j4                 | 1.94     |
|    j5                 | 1.81     |
|    j6                 | 1.78     |
| time/                 |          |
|    fps                | 527      |
|    iterations         | 162      |
|    time_elapsed       | 2516     |
|    total_timesteps    | 1327104  |
------------------------------------
-----------------------------------------
| manipularl/             |             |
|    collision_rate       | 0.5         |
|    grasp_curriculum     | 0           |
|    grasp_failure_rate   | 0.792       |
|    insert_depth_mean    | 0           |
|    obstacle_range_hi    | 5           |
|    obstacle_range_lo    | 2           |
|    success_rate         | 0.39        |
| rollout/                |             |
|    ep_len_mean          | 130         |
|    ep_rew_mean          | 14.5        |
| std_per_dim/            |             |
|    grip                 | 1.16        |
|    j0                   | 1.38        |
|    j1                   | 1.19        |
|    j2                   | 1.51        |
|    j3                   | 1.43        |
|    j4                   | 1.94        |
|    j5                   | 1.81        |
|    j6                   | 1.78        |
| time/                   |             |
|    fps                  | 528         |
|    iterations           | 163         |
|    time_elapsed         | 2525        |
|    total_timesteps      | 1335296     |
| train/                  |             |
|    approx_kl            | 0.025924826 |
|    clip_fraction        | 0.21        |
|    clip_range           | 0.2         |
|    entropy_loss         | -14.6       |
|    explained_variance   | 0.757       |
|    learning_rate        | 0.0003      |
|    loss                 | 8.9         |
|    n_updates            | 1620        |
|    policy_gradient_loss | -0.0439     |
|    std                  | 1.52        |
|    value_loss           | 32.1        |
-----------------------------------------
-----------------------------------------
| manipularl/             |             |
|    collision_rate       | 0.59        |
|    grasp_curriculum     | 0           |
|    grasp_failure_rate   | 0.78        |
|    insert_depth_mean    | 0           |
|    obstacle_range_hi    | 5           |
|    obstacle_range_lo    | 2           |
|    success_rate         | 0.3         |
| rollout/                |             |
|    ep_len_mean          | 118         |
|    ep_rew_mean          | 11.4        |
| std_per_dim/            |             |
|    grip                 | 1.16        |
|    j0                   | 1.38        |
|    j1                   | 1.18        |
|    j2                   | 1.52        |
|    j3                   | 1.43        |
|    j4                   | 1.93        |
|    j5                   | 1.82        |
|    j6                   | 1.78        |
| time/                   |             |
|    fps                  | 530         |
|    iterations           | 164         |
|    time_elapsed         | 2533        |
|    total_timesteps      | 1343488     |
| train/                  |             |
|    approx_kl            | 0.024471445 |
|    clip_fraction        | 0.185       |
|    clip_range           | 0.2         |
|    entropy_loss         | -14.6       |
|    explained_variance   | 0.835       |
|    learning_rate        | 0.0003      |
|    loss                 | 5.75        |
|    n_updates            | 1630        |
|    policy_gradient_loss | -0.0399     |
|    std                  | 1.53        |
|    value_loss           | 24.3        |
-----------------------------------------
